Using cpu device
Wrapping the env in a DummyVecEnv.
Logging to experiments/RL/course_project/runs/walk_all_algos_300k/tensorboard/a2c/A2C_1
--------------------------------------
| rollout/              |            |
|    ep_len_mean        | 161        |
|    ep_rew_mean        | 2.31       |
| time/                 |            |
|    fps                | 755        |
|    iterations         | 100        |
|    time_elapsed       | 0          |
|    total_timesteps    | 500        |
| train/                |            |
|    entropy_loss       | -21.2      |
|    explained_variance | -2.7432032 |
|    learning_rate      | 0.0007     |
|    n_updates          | 99         |
|    policy_loss        | -0.94      |
|    std                | 0.993      |
|    value_loss         | 0.00225    |
--------------------------------------
-------------------------------------
| rollout/              |           |
|    ep_len_mean        | 168       |
|    ep_rew_mean        | 3.8       |
| time/                 |           |
|    fps                | 804       |
|    iterations         | 200       |
|    time_elapsed       | 1         |
|    total_timesteps    | 1000      |
| train/                |           |
|    entropy_loss       | -21.1     |
|    explained_variance | 0.7941249 |
|    learning_rate      | 0.0007    |
|    n_updates          | 199       |
|    policy_loss        | 0.712     |
|    std                | 0.99      |
|    value_loss         | 0.0105    |
-------------------------------------
-------------------------------------
| rollout/              |           |
|    ep_len_mean        | 178       |
|    ep_rew_mean        | 4.94      |
| time/                 |           |
|    fps                | 814       |
|    iterations         | 300       |
|    time_elapsed       | 1         |
|    total_timesteps    | 1500      |
| train/                |           |
|    entropy_loss       | -21.2     |
|    explained_variance | -4.583735 |
|    learning_rate      | 0.0007    |
|    n_updates          | 299       |
|    policy_loss        | 0.182     |
|    std                | 0.993     |
|    value_loss         | 9.86e-05  |
-------------------------------------
--------------------------------------
| rollout/              |            |
|    ep_len_mean        | 181        |
|    ep_rew_mean        | 5.12       |
| time/                 |            |
|    fps                | 813        |
|    iterations         | 400        |
|    time_elapsed       | 2          |
|    total_timesteps    | 2000       |
| train/                |            |
|    entropy_loss       | -21.2      |
|    explained_variance | 0.65313816 |
|    learning_rate      | 0.0007     |
|    n_updates          | 399        |
|    policy_loss        | -5.62      |
|    std                | 0.992      |
|    value_loss         | 0.121      |
--------------------------------------
--------------------------------------
| rollout/              |            |
|    ep_len_mean        | 184        |
|    ep_rew_mean        | 5.37       |
| time/                 |            |
|    fps                | 815        |
|    iterations         | 500        |
|    time_elapsed       | 3          |
|    total_timesteps    | 2500       |
| train/                |            |
|    entropy_loss       | -21.2      |
|    explained_variance | 0.82970107 |
|    learning_rate      | 0.0007     |
|    n_updates          | 499        |
|    policy_loss        | -0.0995    |
|    std                | 0.992      |
|    value_loss         | 3.03e-05   |
--------------------------------------
--------------------------------------
| rollout/              |            |
|    ep_len_mean        | 185        |
|    ep_rew_mean        | 5.03       |
| time/                 |            |
|    fps                | 808        |
|    iterations         | 600        |
|    time_elapsed       | 3          |
|    total_timesteps    | 3000       |
| train/                |            |
|    entropy_loss       | -21.1      |
|    explained_variance | -50.559437 |
|    learning_rate      | 0.0007     |
|    n_updates          | 599        |
|    policy_loss        | 0.275      |
|    std                | 0.989      |
|    value_loss         | 0.000282   |
--------------------------------------
--------------------------------------
| rollout/              |            |
|    ep_len_mean        | 184        |
|    ep_rew_mean        | 4.85       |
| time/                 |            |
|    fps                | 807        |
|    iterations         | 700        |
|    time_elapsed       | 4          |
|    total_timesteps    | 3500       |
| train/                |            |
|    entropy_loss       | -21.1      |
|    explained_variance | -4.5132093 |
|    learning_rate      | 0.0007     |
|    n_updates          | 699        |
|    policy_loss        | -3.94      |
|    std                | 0.988      |
|    value_loss         | 0.0449     |
--------------------------------------
---------------------------------------
| rollout/              |             |
|    ep_len_mean        | 184         |
|    ep_rew_mean        | 4.74        |
| time/                 |             |
|    fps                | 818         |
|    iterations         | 800         |
|    time_elapsed       | 4           |
|    total_timesteps    | 4000        |
| train/                |             |
|    entropy_loss       | -21.1       |
|    explained_variance | -0.90082514 |
|    learning_rate      | 0.0007      |
|    n_updates          | 799         |
|    policy_loss        | -17.7       |
|    std                | 0.985       |
|    value_loss         | 0.705       |
---------------------------------------
--------------------------------------
| rollout/              |            |
|    ep_len_mean        | 182        |
|    ep_rew_mean        | 4.64       |
| time/                 |            |
|    fps                | 821        |
|    iterations         | 900        |
|    time_elapsed       | 5          |
|    total_timesteps    | 4500       |
| train/                |            |
|    entropy_loss       | -21.1      |
|    explained_variance | -104.69334 |
|    learning_rate      | 0.0007     |
|    n_updates          | 899        |
|    policy_loss        | 43.3       |
|    std                | 0.986      |
|    value_loss         | 6.62       |
--------------------------------------
--------------------------------------
| rollout/              |            |
|    ep_len_mean        | 181        |
|    ep_rew_mean        | 4.56       |
| time/                 |            |
|    fps                | 822        |
|    iterations         | 1000       |
|    time_elapsed       | 6          |
|    total_timesteps    | 5000       |
| train/                |            |
|    entropy_loss       | -21        |
|    explained_variance | 0.98206675 |
|    learning_rate      | 0.0007     |
|    n_updates          | 999        |
|    policy_loss        | 0.029      |
|    std                | 0.984      |
|    value_loss         | 2.4e-06    |
--------------------------------------
--------------------------------------
| rollout/              |            |
|    ep_len_mean        | 180        |
|    ep_rew_mean        | 4.37       |
| time/                 |            |
|    fps                | 824        |
|    iterations         | 1100       |
|    time_elapsed       | 6          |
|    total_timesteps    | 5500       |
| train/                |            |
|    entropy_loss       | -21        |
|    explained_variance | 0.84355724 |
|    learning_rate      | 0.0007     |
|    n_updates          | 1099       |
|    policy_loss        | -0.0392    |
|    std                | 0.984      |
|    value_loss         | 5.4e-06    |
--------------------------------------
-------------------------------------
| rollout/              |           |
|    ep_len_mean        | 179       |
|    ep_rew_mean        | 4.18      |
| time/                 |           |
|    fps                | 815       |
|    iterations         | 1200      |
|    time_elapsed       | 7         |
|    total_timesteps    | 6000      |
| train/                |           |
|    entropy_loss       | -21.1     |
|    explained_variance | 0.5009117 |
|    learning_rate      | 0.0007    |
|    n_updates          | 1199      |
|    policy_loss        | -0.119    |
|    std                | 0.986     |
|    value_loss         | 4.52e-05  |
-------------------------------------
-------------------------------------
| rollout/              |           |
|    ep_len_mean        | 178       |
|    ep_rew_mean        | 4.02      |
| time/                 |           |
|    fps                | 809       |
|    iterations         | 1300      |
|    time_elapsed       | 8         |
|    total_timesteps    | 6500      |
| train/                |           |
|    entropy_loss       | -21.1     |
|    explained_variance | 0.6831468 |
|    learning_rate      | 0.0007    |
|    n_updates          | 1299      |
|    policy_loss        | -0.141    |
|    std                | 0.986     |
|    value_loss         | 4.68e-05  |
-------------------------------------
--------------------------------------
| rollout/              |            |
|    ep_len_mean        | 176        |
|    ep_rew_mean        | 3.78       |
| time/                 |            |
|    fps                | 807        |
|    iterations         | 1400       |
|    time_elapsed       | 8          |
|    total_timesteps    | 7000       |
| train/                |            |
|    entropy_loss       | -21        |
|    explained_variance | -5.0720873 |
|    learning_rate      | 0.0007     |
|    n_updates          | 1399       |
|    policy_loss        | -11.3      |
|    std                | 0.984      |
|    value_loss         | 0.388      |
--------------------------------------
--------------------------------------
| rollout/              |            |
|    ep_len_mean        | 174        |
|    ep_rew_mean        | 3.56       |
| time/                 |            |
|    fps                | 806        |
|    iterations         | 1500       |
|    time_elapsed       | 9          |
|    total_timesteps    | 7500       |
| train/                |            |
|    entropy_loss       | -21        |
|    explained_variance | -33.149315 |
|    learning_rate      | 0.0007     |
|    n_updates          | 1499       |
|    policy_loss        | -0.288     |
|    std                | 0.983      |
|    value_loss         | 0.00035    |
--------------------------------------
--------------------------------------
| rollout/              |            |
|    ep_len_mean        | 174        |
|    ep_rew_mean        | 3.49       |
| time/                 |            |
|    fps                | 794        |
|    iterations         | 1600       |
|    time_elapsed       | 10         |
|    total_timesteps    | 8000       |
| train/                |            |
|    entropy_loss       | -21.1      |
|    explained_variance | -269863.28 |
|    learning_rate      | 0.0007     |
|    n_updates          | 1599       |
|    policy_loss        | -1.02      |
|    std                | 0.985      |
|    value_loss         | 0.00834    |
--------------------------------------
--------------------------------------
| rollout/              |            |
|    ep_len_mean        | 173        |
|    ep_rew_mean        | 3.41       |
| time/                 |            |
|    fps                | 783        |
|    iterations         | 1700       |
|    time_elapsed       | 10         |
|    total_timesteps    | 8500       |
| train/                |            |
|    entropy_loss       | -21.1      |
|    explained_variance | -27.034239 |
|    learning_rate      | 0.0007     |
|    n_updates          | 1699       |
|    policy_loss        | 9.92       |
|    std                | 0.987      |
|    value_loss         | 0.716      |
--------------------------------------
--------------------------------------
| rollout/              |            |
|    ep_len_mean        | 173        |
|    ep_rew_mean        | 3.36       |
| time/                 |            |
|    fps                | 778        |
|    iterations         | 1800       |
|    time_elapsed       | 11         |
|    total_timesteps    | 9000       |
| train/                |            |
|    entropy_loss       | -21.1      |
|    explained_variance | -1.7944384 |
|    learning_rate      | 0.0007     |
|    n_updates          | 1799       |
|    policy_loss        | 10.6       |
|    std                | 0.988      |
|    value_loss         | 0.545      |
--------------------------------------
--------------------------------------
| rollout/              |            |
|    ep_len_mean        | 173        |
|    ep_rew_mean        | 3.31       |
| time/                 |            |
|    fps                | 771        |
|    iterations         | 1900       |
|    time_elapsed       | 12         |
|    total_timesteps    | 9500       |
| train/                |            |
|    entropy_loss       | -21.1      |
|    explained_variance | -14.448329 |
|    learning_rate      | 0.0007     |
|    n_updates          | 1899       |
|    policy_loss        | 5.69       |
|    std                | 0.988      |
|    value_loss         | 0.901      |
--------------------------------------
--------------------------------------
| rollout/              |            |
|    ep_len_mean        | 172        |
|    ep_rew_mean        | 3.27       |
| time/                 |            |
|    fps                | 760        |
|    iterations         | 2000       |
|    time_elapsed       | 13         |
|    total_timesteps    | 10000      |
| train/                |            |
|    entropy_loss       | -21.2      |
|    explained_variance | -99.784424 |
|    learning_rate      | 0.0007     |
|    n_updates          | 1999       |
|    policy_loss        | 42.5       |
|    std                | 0.992      |
|    value_loss         | 5.75       |
--------------------------------------
--------------------------------------
| rollout/              |            |
|    ep_len_mean        | 171        |
|    ep_rew_mean        | 3.28       |
| time/                 |            |
|    fps                | 748        |
|    iterations         | 2100       |
|    time_elapsed       | 14         |
|    total_timesteps    | 10500      |
| train/                |            |
|    entropy_loss       | -21.2      |
|    explained_variance | -0.8768244 |
|    learning_rate      | 0.0007     |
|    n_updates          | 2099       |
|    policy_loss        | 0.18       |
|    std                | 0.993      |
|    value_loss         | 9.68e-05   |
--------------------------------------
--------------------------------------
| rollout/              |            |
|    ep_len_mean        | 172        |
|    ep_rew_mean        | 3.27       |
| time/                 |            |
|    fps                | 742        |
|    iterations         | 2200       |
|    time_elapsed       | 14         |
|    total_timesteps    | 11000      |
| train/                |            |
|    entropy_loss       | -21.1      |
|    explained_variance | -109.26108 |
|    learning_rate      | 0.0007     |
|    n_updates          | 2199       |
|    policy_loss        | 13.9       |
|    std                | 0.99       |
|    value_loss         | 2.24       |
--------------------------------------
--------------------------------------
| rollout/              |            |
|    ep_len_mean        | 172        |
|    ep_rew_mean        | 3.26       |
| time/                 |            |
|    fps                | 733        |
|    iterations         | 2300       |
|    time_elapsed       | 15         |
|    total_timesteps    | 11500      |
| train/                |            |
|    entropy_loss       | -21.1      |
|    explained_variance | -138.36336 |
|    learning_rate      | 0.0007     |
|    n_updates          | 2299       |
|    policy_loss        | 10.2       |
|    std                | 0.989      |
|    value_loss         | 0.364      |
--------------------------------------
--------------------------------------
| rollout/              |            |
|    ep_len_mean        | 172        |
|    ep_rew_mean        | 3.28       |
| time/                 |            |
|    fps                | 725        |
|    iterations         | 2400       |
|    time_elapsed       | 16         |
|    total_timesteps    | 12000      |
| train/                |            |
|    entropy_loss       | -21.1      |
|    explained_variance | -0.5931325 |
|    learning_rate      | 0.0007     |
|    n_updates          | 2399       |
|    policy_loss        | -5.87      |
|    std                | 0.987      |
|    value_loss         | 0.109      |
--------------------------------------
-------------------------------------
| rollout/              |           |
|    ep_len_mean        | 171       |
|    ep_rew_mean        | 3.26      |
| time/                 |           |
|    fps                | 721       |
|    iterations         | 2500      |
|    time_elapsed       | 17        |
|    total_timesteps    | 12500     |
| train/                |           |
|    entropy_loss       | -21.1     |
|    explained_variance | -67.21545 |
|    learning_rate      | 0.0007    |
|    n_updates          | 2499      |
|    policy_loss        | -2.08     |
|    std                | 0.988     |
|    value_loss         | 0.0133    |
-------------------------------------
-------------------------------------
| rollout/              |           |
|    ep_len_mean        | 171       |
|    ep_rew_mean        | 3.18      |
| time/                 |           |
|    fps                | 708       |
|    iterations         | 2600      |
|    time_elapsed       | 18        |
|    total_timesteps    | 13000     |
| train/                |           |
|    entropy_loss       | -21.1     |
|    explained_variance | 0.4780568 |
|    learning_rate      | 0.0007    |
|    n_updates          | 2599      |
|    policy_loss        | -6.59     |
|    std                | 0.99      |
|    value_loss         | 0.191     |
-------------------------------------
----------------------------------------
| rollout/              |              |
|    ep_len_mean        | 172          |
|    ep_rew_mean        | 3.14         |
| time/                 |              |
|    fps                | 676          |
|    iterations         | 2700         |
|    time_elapsed       | 19           |
|    total_timesteps    | 13500        |
| train/                |              |
|    entropy_loss       | -21.1        |
|    explained_variance | -0.026010275 |
|    learning_rate      | 0.0007       |
|    n_updates          | 2699         |
|    policy_loss        | 0.121        |
|    std                | 0.986        |
|    value_loss         | 4.92e-05     |
----------------------------------------
--------------------------------------
| rollout/              |            |
|    ep_len_mean        | 172        |
|    ep_rew_mean        | 3.17       |
| time/                 |            |
|    fps                | 649        |
|    iterations         | 2800       |
|    time_elapsed       | 21         |
|    total_timesteps    | 14000      |
| train/                |            |
|    entropy_loss       | -21.1      |
|    explained_variance | 0.95785624 |
|    learning_rate      | 0.0007     |
|    n_updates          | 2799       |
|    policy_loss        | -0.00469   |
|    std                | 0.988      |
|    value_loss         | 1.61e-07   |
--------------------------------------
--------------------------------------
| rollout/              |            |
|    ep_len_mean        | 173        |
|    ep_rew_mean        | 3.22       |
| time/                 |            |
|    fps                | 623        |
|    iterations         | 2900       |
|    time_elapsed       | 23         |
|    total_timesteps    | 14500      |
| train/                |            |
|    entropy_loss       | -21.1      |
|    explained_variance | -41.367424 |
|    learning_rate      | 0.0007     |
|    n_updates          | 2899       |
|    policy_loss        | -9.65      |
|    std                | 0.988      |
|    value_loss         | 0.245      |
--------------------------------------
------------------------------------
| rollout/              |          |
|    ep_len_mean        | 173      |
|    ep_rew_mean        | 3.29     |
| time/                 |          |
|    fps                | 616      |
|    iterations         | 3000     |
|    time_elapsed       | 24       |
|    total_timesteps    | 15000    |
| train/                |          |
|    entropy_loss       | -21      |
|    explained_variance | 0.974604 |
|    learning_rate      | 0.0007   |
|    n_updates          | 2999     |
|    policy_loss        | 0.0615   |
|    std                | 0.984    |
|    value_loss         | 8.53e-06 |
------------------------------------
-------------------------------------
| rollout/              |           |
|    ep_len_mean        | 174       |
|    ep_rew_mean        | 3.36      |
| time/                 |           |
|    fps                | 616       |
|    iterations         | 3100      |
|    time_elapsed       | 25        |
|    total_timesteps    | 15500     |
| train/                |           |
|    entropy_loss       | -21       |
|    explained_variance | -220.7545 |
|    learning_rate      | 0.0007    |
|    n_updates          | 3099      |
|    policy_loss        | -0.15     |
|    std                | 0.983     |
|    value_loss         | 0.000125  |
-------------------------------------
-------------------------------------
| rollout/              |           |
|    ep_len_mean        | 174       |
|    ep_rew_mean        | 3.44      |
| time/                 |           |
|    fps                | 614       |
|    iterations         | 3200      |
|    time_elapsed       | 26        |
|    total_timesteps    | 16000     |
| train/                |           |
|    entropy_loss       | -21       |
|    explained_variance | 0.3081479 |
|    learning_rate      | 0.0007    |
|    n_updates          | 3199      |
|    policy_loss        | 21.4      |
|    std                | 0.984     |
|    value_loss         | 1.2       |
-------------------------------------
--------------------------------------
| rollout/              |            |
|    ep_len_mean        | 175        |
|    ep_rew_mean        | 3.47       |
| time/                 |            |
|    fps                | 611        |
|    iterations         | 3300       |
|    time_elapsed       | 26         |
|    total_timesteps    | 16500      |
| train/                |            |
|    entropy_loss       | -21        |
|    explained_variance | 0.94972175 |
|    learning_rate      | 0.0007     |
|    n_updates          | 3299       |
|    policy_loss        | -0.0796    |
|    std                | 0.985      |
|    value_loss         | 1.65e-05   |
--------------------------------------
--------------------------------------
| rollout/              |            |
|    ep_len_mean        | 175        |
|    ep_rew_mean        | 3.5        |
| time/                 |            |
|    fps                | 608        |
|    iterations         | 3400       |
|    time_elapsed       | 27         |
|    total_timesteps    | 17000      |
| train/                |            |
|    entropy_loss       | -21.1      |
|    explained_variance | -2.5451806 |
|    learning_rate      | 0.0007     |
|    n_updates          | 3399       |
|    policy_loss        | 0.171      |
|    std                | 0.987      |
|    value_loss         | 7.5e-05    |
--------------------------------------
-------------------------------------
| rollout/              |           |
|    ep_len_mean        | 175       |
|    ep_rew_mean        | 3.52      |
| time/                 |           |
|    fps                | 603       |
|    iterations         | 3500      |
|    time_elapsed       | 28        |
|    total_timesteps    | 17500     |
| train/                |           |
|    entropy_loss       | -21.1     |
|    explained_variance | 0.9835102 |
|    learning_rate      | 0.0007    |
|    n_updates          | 3499      |
|    policy_loss        | 2.83      |
|    std                | 0.988     |
|    value_loss         | 0.0177    |
-------------------------------------
--------------------------------------
| rollout/              |            |
|    ep_len_mean        | 177        |
|    ep_rew_mean        | 3.67       |
| time/                 |            |
|    fps                | 597        |
|    iterations         | 3600       |
|    time_elapsed       | 30         |
|    total_timesteps    | 18000      |
| train/                |            |
|    entropy_loss       | -21.1      |
|    explained_variance | 0.07152271 |
|    learning_rate      | 0.0007     |
|    n_updates          | 3599       |
|    policy_loss        | 0.478      |
|    std                | 0.989      |
|    value_loss         | 0.000547   |
--------------------------------------
-------------------------------------
| rollout/              |           |
|    ep_len_mean        | 177       |
|    ep_rew_mean        | 3.62      |
| time/                 |           |
|    fps                | 593       |
|    iterations         | 3700      |
|    time_elapsed       | 31        |
|    total_timesteps    | 18500     |
| train/                |           |
|    entropy_loss       | -21.1     |
|    explained_variance | 0.7987151 |
|    learning_rate      | 0.0007    |
|    n_updates          | 3699      |
|    policy_loss        | -0.227    |
|    std                | 0.989     |
|    value_loss         | 0.000125  |
-------------------------------------
-------------------------------------
| rollout/              |           |
|    ep_len_mean        | 177       |
|    ep_rew_mean        | 3.59      |
| time/                 |           |
|    fps                | 584       |
|    iterations         | 3800      |
|    time_elapsed       | 32        |
|    total_timesteps    | 19000     |
| train/                |           |
|    entropy_loss       | -21.1     |
|    explained_variance | -0.208817 |
|    learning_rate      | 0.0007    |
|    n_updates          | 3799      |
|    policy_loss        | -0.075    |
|    std                | 0.988     |
|    value_loss         | 1.59e-05  |
-------------------------------------
--------------------------------------
| rollout/              |            |
|    ep_len_mean        | 177        |
|    ep_rew_mean        | 3.59       |
| time/                 |            |
|    fps                | 570        |
|    iterations         | 3900       |
|    time_elapsed       | 34         |
|    total_timesteps    | 19500      |
| train/                |            |
|    entropy_loss       | -21.1      |
|    explained_variance | -0.4355296 |
|    learning_rate      | 0.0007     |
|    n_updates          | 3899       |
|    policy_loss        | -8.82      |
|    std                | 0.988      |
|    value_loss         | 0.18       |
--------------------------------------
--------------------------------------
| rollout/              |            |
|    ep_len_mean        | 178        |
|    ep_rew_mean        | 3.64       |
| time/                 |            |
|    fps                | 557        |
|    iterations         | 4000       |
|    time_elapsed       | 35         |
|    total_timesteps    | 20000      |
| train/                |            |
|    entropy_loss       | -21.1      |
|    explained_variance | -23.101278 |
|    learning_rate      | 0.0007     |
|    n_updates          | 3999       |
|    policy_loss        | 0.186      |
|    std                | 0.988      |
|    value_loss         | 9.05e-05   |
--------------------------------------
-------------------------------------
| rollout/              |           |
|    ep_len_mean        | 178       |
|    ep_rew_mean        | 3.63      |
| time/                 |           |
|    fps                | 546       |
|    iterations         | 4100      |
|    time_elapsed       | 37        |
|    total_timesteps    | 20500     |
| train/                |           |
|    entropy_loss       | -21.1     |
|    explained_variance | 0.5738051 |
|    learning_rate      | 0.0007    |
|    n_updates          | 4099      |
|    policy_loss        | 9.1       |
|    std                | 0.991     |
|    value_loss         | 0.221     |
-------------------------------------
-------------------------------------
| rollout/              |           |
|    ep_len_mean        | 178       |
|    ep_rew_mean        | 3.65      |
| time/                 |           |
|    fps                | 543       |
|    iterations         | 4200      |
|    time_elapsed       | 38        |
|    total_timesteps    | 21000     |
| train/                |           |
|    entropy_loss       | -21.1     |
|    explained_variance | 0.9506956 |
|    learning_rate      | 0.0007    |
|    n_updates          | 4199      |
|    policy_loss        | 0.0288    |
|    std                | 0.989     |
|    value_loss         | 2.07e-06  |
-------------------------------------
-------------------------------------
| rollout/              |           |
|    ep_len_mean        | 178       |
|    ep_rew_mean        | 3.59      |
| time/                 |           |
|    fps                | 541       |
|    iterations         | 4300      |
|    time_elapsed       | 39        |
|    total_timesteps    | 21500     |
| train/                |           |
|    entropy_loss       | -21       |
|    explained_variance | -1200.772 |
|    learning_rate      | 0.0007    |
|    n_updates          | 4299      |
|    policy_loss        | -4.28     |
|    std                | 0.985     |
|    value_loss         | 0.0476    |
-------------------------------------
---------------------------------------
| rollout/              |             |
|    ep_len_mean        | 178         |
|    ep_rew_mean        | 3.56        |
| time/                 |             |
|    fps                | 538         |
|    iterations         | 4400        |
|    time_elapsed       | 40          |
|    total_timesteps    | 22000       |
| train/                |             |
|    entropy_loss       | -21         |
|    explained_variance | -0.68109334 |
|    learning_rate      | 0.0007      |
|    n_updates          | 4399        |
|    policy_loss        | -0.274      |
|    std                | 0.985       |
|    value_loss         | 0.000217    |
---------------------------------------
-------------------------------------
| rollout/              |           |
|    ep_len_mean        | 179       |
|    ep_rew_mean        | 3.51      |
| time/                 |           |
|    fps                | 535       |
|    iterations         | 4500      |
|    time_elapsed       | 42        |
|    total_timesteps    | 22500     |
| train/                |           |
|    entropy_loss       | -21       |
|    explained_variance | 0.9980055 |
|    learning_rate      | 0.0007    |
|    n_updates          | 4499      |
|    policy_loss        | -0.0151   |
|    std                | 0.982     |
|    value_loss         | 5.23e-07  |
-------------------------------------
--------------------------------------
| rollout/              |            |
|    ep_len_mean        | 179        |
|    ep_rew_mean        | 3.47       |
| time/                 |            |
|    fps                | 530        |
|    iterations         | 4600       |
|    time_elapsed       | 43         |
|    total_timesteps    | 23000      |
| train/                |            |
|    entropy_loss       | -21        |
|    explained_variance | -538.53534 |
|    learning_rate      | 0.0007     |
|    n_updates          | 4599       |
|    policy_loss        | -0.326     |
|    std                | 0.984      |
|    value_loss         | 0.000382   |
--------------------------------------
-------------------------------------
| rollout/              |           |
|    ep_len_mean        | 180       |
|    ep_rew_mean        | 3.47      |
| time/                 |           |
|    fps                | 528       |
|    iterations         | 4700      |
|    time_elapsed       | 44        |
|    total_timesteps    | 23500     |
| train/                |           |
|    entropy_loss       | -21.1     |
|    explained_variance | -0.535198 |
|    learning_rate      | 0.0007    |
|    n_updates          | 4699      |
|    policy_loss        | -6.08     |
|    std                | 0.987     |
|    value_loss         | 0.181     |
-------------------------------------
--------------------------------------
| rollout/              |            |
|    ep_len_mean        | 180        |
|    ep_rew_mean        | 3.5        |
| time/                 |            |
|    fps                | 517        |
|    iterations         | 4800       |
|    time_elapsed       | 46         |
|    total_timesteps    | 24000      |
| train/                |            |
|    entropy_loss       | -21.1      |
|    explained_variance | -62.852882 |
|    learning_rate      | 0.0007     |
|    n_updates          | 4799       |
|    policy_loss        | -0.15      |
|    std                | 0.988      |
|    value_loss         | 6.95e-05   |
--------------------------------------
--------------------------------------
| rollout/              |            |
|    ep_len_mean        | 181        |
|    ep_rew_mean        | 3.44       |
| time/                 |            |
|    fps                | 506        |
|    iterations         | 4900       |
|    time_elapsed       | 48         |
|    total_timesteps    | 24500      |
| train/                |            |
|    entropy_loss       | -21.1      |
|    explained_variance | -3231.7295 |
|    learning_rate      | 0.0007     |
|    n_updates          | 4899       |
|    policy_loss        | -0.878     |
|    std                | 0.991      |
|    value_loss         | 0.00854    |
--------------------------------------
-------------------------------------
| rollout/              |           |
|    ep_len_mean        | 182       |
|    ep_rew_mean        | 3.45      |
| time/                 |           |
|    fps                | 496       |
|    iterations         | 5000      |
|    time_elapsed       | 50        |
|    total_timesteps    | 25000     |
| train/                |           |
|    entropy_loss       | -21.2     |
|    explained_variance | 0.6913895 |
|    learning_rate      | 0.0007    |
|    n_updates          | 4999      |
|    policy_loss        | 2.15      |
|    std                | 0.993     |
|    value_loss         | 0.0237    |
-------------------------------------
--------------------------------------
| rollout/              |            |
|    ep_len_mean        | 182        |
|    ep_rew_mean        | 3.46       |
| time/                 |            |
|    fps                | 484        |
|    iterations         | 5100       |
|    time_elapsed       | 52         |
|    total_timesteps    | 25500      |
| train/                |            |
|    entropy_loss       | -21.2      |
|    explained_variance | 0.99596334 |
|    learning_rate      | 0.0007     |
|    n_updates          | 5099       |
|    policy_loss        | 0.0139     |
|    std                | 0.993      |
|    value_loss         | 4.49e-07   |
--------------------------------------
--------------------------------------
| rollout/              |            |
|    ep_len_mean        | 183        |
|    ep_rew_mean        | 3.47       |
| time/                 |            |
|    fps                | 480        |
|    iterations         | 5200       |
|    time_elapsed       | 54         |
|    total_timesteps    | 26000      |
| train/                |            |
|    entropy_loss       | -21.2      |
|    explained_variance | 0.11740267 |
|    learning_rate      | 0.0007     |
|    n_updates          | 5199       |
|    policy_loss        | -0.297     |
|    std                | 0.995      |
|    value_loss         | 0.000233   |
--------------------------------------
--------------------------------------
| rollout/              |            |
|    ep_len_mean        | 183        |
|    ep_rew_mean        | 3.42       |
| time/                 |            |
|    fps                | 478        |
|    iterations         | 5300       |
|    time_elapsed       | 55         |
|    total_timesteps    | 26500      |
| train/                |            |
|    entropy_loss       | -21.2      |
|    explained_variance | -4.5887895 |
|    learning_rate      | 0.0007     |
|    n_updates          | 5299       |
|    policy_loss        | -1.22      |
|    std                | 0.993      |
|    value_loss         | 0.00319    |
--------------------------------------
--------------------------------------
| rollout/              |            |
|    ep_len_mean        | 184        |
|    ep_rew_mean        | 3.44       |
| time/                 |            |
|    fps                | 476        |
|    iterations         | 5400       |
|    time_elapsed       | 56         |
|    total_timesteps    | 27000      |
| train/                |            |
|    entropy_loss       | -21.2      |
|    explained_variance | 0.96618736 |
|    learning_rate      | 0.0007     |
|    n_updates          | 5399       |
|    policy_loss        | -0.0591    |
|    std                | 0.993      |
|    value_loss         | 7.85e-06   |
--------------------------------------
-------------------------------------
| rollout/              |           |
|    ep_len_mean        | 184       |
|    ep_rew_mean        | 3.43      |
| time/                 |           |
|    fps                | 475       |
|    iterations         | 5500      |
|    time_elapsed       | 57        |
|    total_timesteps    | 27500     |
| train/                |           |
|    entropy_loss       | -21.2     |
|    explained_variance | 0.8432145 |
|    learning_rate      | 0.0007    |
|    n_updates          | 5499      |
|    policy_loss        | -0.116    |
|    std                | 0.995     |
|    value_loss         | 3.38e-05  |
-------------------------------------
-------------------------------------
| rollout/              |           |
|    ep_len_mean        | 185       |
|    ep_rew_mean        | 3.45      |
| time/                 |           |
|    fps                | 471       |
|    iterations         | 5600      |
|    time_elapsed       | 59        |
|    total_timesteps    | 28000     |
| train/                |           |
|    entropy_loss       | -21.2     |
|    explained_variance | -46.74459 |
|    learning_rate      | 0.0007    |
|    n_updates          | 5599      |
|    policy_loss        | -0.839    |
|    std                | 0.992     |
|    value_loss         | 0.00203   |
-------------------------------------
-------------------------------------
| rollout/              |           |
|    ep_len_mean        | 185       |
|    ep_rew_mean        | 3.46      |
| time/                 |           |
|    fps                | 465       |
|    iterations         | 5700      |
|    time_elapsed       | 61        |
|    total_timesteps    | 28500     |
| train/                |           |
|    entropy_loss       | -21.1     |
|    explained_variance | 0.9556884 |
|    learning_rate      | 0.0007    |
|    n_updates          | 5699      |
|    policy_loss        | -0.464    |
|    std                | 0.989     |
|    value_loss         | 0.00072   |
-------------------------------------
---------------------------------------
| rollout/              |             |
|    ep_len_mean        | 186         |
|    ep_rew_mean        | 3.43        |
| time/                 |             |
|    fps                | 462         |
|    iterations         | 5800        |
|    time_elapsed       | 62          |
|    total_timesteps    | 29000       |
| train/                |             |
|    entropy_loss       | -21.1       |
|    explained_variance | -0.61729574 |
|    learning_rate      | 0.0007      |
|    n_updates          | 5799        |
|    policy_loss        | -1.07       |
|    std                | 0.986       |
|    value_loss         | 0.0516      |
---------------------------------------
-------------------------------------
| rollout/              |           |
|    ep_len_mean        | 186       |
|    ep_rew_mean        | 3.46      |
| time/                 |           |
|    fps                | 459       |
|    iterations         | 5900      |
|    time_elapsed       | 64        |
|    total_timesteps    | 29500     |
| train/                |           |
|    entropy_loss       | -21       |
|    explained_variance | 0.9440186 |
|    learning_rate      | 0.0007    |
|    n_updates          | 5899      |
|    policy_loss        | 0.0632    |
|    std                | 0.984     |
|    value_loss         | 9.75e-06  |
-------------------------------------
-------------------------------------
| rollout/              |           |
|    ep_len_mean        | 186       |
|    ep_rew_mean        | 3.48      |
| time/                 |           |
|    fps                | 455       |
|    iterations         | 6000      |
|    time_elapsed       | 65        |
|    total_timesteps    | 30000     |
| train/                |           |
|    entropy_loss       | -21       |
|    explained_variance | -0.764313 |
|    learning_rate      | 0.0007    |
|    n_updates          | 5999      |
|    policy_loss        | -0.252    |
|    std                | 0.982     |
|    value_loss         | 0.000191  |
-------------------------------------
--------------------------------------
| rollout/              |            |
|    ep_len_mean        | 186        |
|    ep_rew_mean        | 3.46       |
| time/                 |            |
|    fps                | 434        |
|    iterations         | 6100       |
|    time_elapsed       | 70         |
|    total_timesteps    | 30500      |
| train/                |            |
|    entropy_loss       | -21        |
|    explained_variance | -0.1373055 |
|    learning_rate      | 0.0007     |
|    n_updates          | 6099       |
|    policy_loss        | -0.182     |
|    std                | 0.982      |
|    value_loss         | 7.68e-05   |
--------------------------------------
--------------------------------------
| rollout/              |            |
|    ep_len_mean        | 187        |
|    ep_rew_mean        | 3.5        |
| time/                 |            |
|    fps                | 403        |
|    iterations         | 6200       |
|    time_elapsed       | 76         |
|    total_timesteps    | 31000      |
| train/                |            |
|    entropy_loss       | -21        |
|    explained_variance | -17.281588 |
|    learning_rate      | 0.0007     |
|    n_updates          | 6199       |
|    policy_loss        | 0.718      |
|    std                | 0.979      |
|    value_loss         | 0.00143    |
--------------------------------------
--------------------------------------
| rollout/              |            |
|    ep_len_mean        | 187        |
|    ep_rew_mean        | 3.53       |
| time/                 |            |
|    fps                | 386        |
|    iterations         | 6300       |
|    time_elapsed       | 81         |
|    total_timesteps    | 31500      |
| train/                |            |
|    entropy_loss       | -21        |
|    explained_variance | 0.82666135 |
|    learning_rate      | 0.0007     |
|    n_updates          | 6299       |
|    policy_loss        | 2.69       |
|    std                | 0.979      |
|    value_loss         | 0.0199     |
--------------------------------------
--------------------------------------
| rollout/              |            |
|    ep_len_mean        | 186        |
|    ep_rew_mean        | 3.58       |
| time/                 |            |
|    fps                | 369        |
|    iterations         | 6400       |
|    time_elapsed       | 86         |
|    total_timesteps    | 32000      |
| train/                |            |
|    entropy_loss       | -20.9      |
|    explained_variance | -1000.3226 |
|    learning_rate      | 0.0007     |
|    n_updates          | 6399       |
|    policy_loss        | -3.66      |
|    std                | 0.978      |
|    value_loss         | 0.0342     |
--------------------------------------
--------------------------------------
| rollout/              |            |
|    ep_len_mean        | 186        |
|    ep_rew_mean        | 3.56       |
| time/                 |            |
|    fps                | 366        |
|    iterations         | 6500       |
|    time_elapsed       | 88         |
|    total_timesteps    | 32500      |
| train/                |            |
|    entropy_loss       | -20.9      |
|    explained_variance | -30.699266 |
|    learning_rate      | 0.0007     |
|    n_updates          | 6499       |
|    policy_loss        | 3.04       |
|    std                | 0.974      |
|    value_loss         | 0.533      |
--------------------------------------
--------------------------------------
| rollout/              |            |
|    ep_len_mean        | 185        |
|    ep_rew_mean        | 3.51       |
| time/                 |            |
|    fps                | 366        |
|    iterations         | 6600       |
|    time_elapsed       | 90         |
|    total_timesteps    | 33000      |
| train/                |            |
|    entropy_loss       | -20.9      |
|    explained_variance | -3.3713279 |
|    learning_rate      | 0.0007     |
|    n_updates          | 6599       |
|    policy_loss        | -3.11      |
|    std                | 0.973      |
|    value_loss         | 0.0405     |
--------------------------------------
--------------------------------------
| rollout/              |            |
|    ep_len_mean        | 184        |
|    ep_rew_mean        | 3.45       |
| time/                 |            |
|    fps                | 366        |
|    iterations         | 6700       |
|    time_elapsed       | 91         |
|    total_timesteps    | 33500      |
| train/                |            |
|    entropy_loss       | -20.9      |
|    explained_variance | 0.98533964 |
|    learning_rate      | 0.0007     |
|    n_updates          | 6699       |
|    policy_loss        | 2.23       |
|    std                | 0.974      |
|    value_loss         | 0.0118     |
--------------------------------------
--------------------------------------
| rollout/              |            |
|    ep_len_mean        | 184        |
|    ep_rew_mean        | 3.36       |
| time/                 |            |
|    fps                | 366        |
|    iterations         | 6800       |
|    time_elapsed       | 92         |
|    total_timesteps    | 34000      |
| train/                |            |
|    entropy_loss       | -20.9      |
|    explained_variance | -87.980125 |
|    learning_rate      | 0.0007     |
|    n_updates          | 6799       |
|    policy_loss        | 8.77       |
|    std                | 0.974      |
|    value_loss         | 0.243      |
--------------------------------------
-------------------------------------
| rollout/              |           |
|    ep_len_mean        | 182       |
|    ep_rew_mean        | 3.2       |
| time/                 |           |
|    fps                | 367       |
|    iterations         | 6900      |
|    time_elapsed       | 93        |
|    total_timesteps    | 34500     |
| train/                |           |
|    entropy_loss       | -20.9     |
|    explained_variance | -9.188192 |
|    learning_rate      | 0.0007    |
|    n_updates          | 6899      |
|    policy_loss        | -0.439    |
|    std                | 0.977     |
|    value_loss         | 0.000448  |
-------------------------------------
--------------------------------------
| rollout/              |            |
|    ep_len_mean        | 182        |
|    ep_rew_mean        | 3.15       |
| time/                 |            |
|    fps                | 368        |
|    iterations         | 7000       |
|    time_elapsed       | 94         |
|    total_timesteps    | 35000      |
| train/                |            |
|    entropy_loss       | -20.9      |
|    explained_variance | -1.2982693 |
|    learning_rate      | 0.0007     |
|    n_updates          | 6999       |
|    policy_loss        | 0.113      |
|    std                | 0.978      |
|    value_loss         | 3.9e-05    |
--------------------------------------
-------------------------------------
| rollout/              |           |
|    ep_len_mean        | 180       |
|    ep_rew_mean        | 3.06      |
| time/                 |           |
|    fps                | 369       |
|    iterations         | 7100      |
|    time_elapsed       | 96        |
|    total_timesteps    | 35500     |
| train/                |           |
|    entropy_loss       | -20.9     |
|    explained_variance | 0.7376895 |
|    learning_rate      | 0.0007    |
|    n_updates          | 7099      |
|    policy_loss        | 0.0611    |
|    std                | 0.978     |
|    value_loss         | 1.06e-05  |
-------------------------------------
---------------------------------------
| rollout/              |             |
|    ep_len_mean        | 178         |
|    ep_rew_mean        | 2.85        |
| time/                 |             |
|    fps                | 370         |
|    iterations         | 7200        |
|    time_elapsed       | 97          |
|    total_timesteps    | 36000       |
| train/                |             |
|    entropy_loss       | -20.9       |
|    explained_variance | -0.26986957 |
|    learning_rate      | 0.0007      |
|    n_updates          | 7199        |
|    policy_loss        | -0.158      |
|    std                | 0.978       |
|    value_loss         | 0.00148     |
---------------------------------------
-------------------------------------
| rollout/              |           |
|    ep_len_mean        | 177       |
|    ep_rew_mean        | 2.76      |
| time/                 |           |
|    fps                | 371       |
|    iterations         | 7300      |
|    time_elapsed       | 98        |
|    total_timesteps    | 36500     |
| train/                |           |
|    entropy_loss       | -20.9     |
|    explained_variance | 0.2833578 |
|    learning_rate      | 0.0007    |
|    n_updates          | 7299      |
|    policy_loss        | -0.0895   |
|    std                | 0.975     |
|    value_loss         | 2.38e-05  |
-------------------------------------
-------------------------------------
| rollout/              |           |
|    ep_len_mean        | 176       |
|    ep_rew_mean        | 2.65      |
| time/                 |           |
|    fps                | 372       |
|    iterations         | 7400      |
|    time_elapsed       | 99        |
|    total_timesteps    | 37000     |
| train/                |           |
|    entropy_loss       | -20.9     |
|    explained_variance | 0.9308686 |
|    learning_rate      | 0.0007    |
|    n_updates          | 7399      |
|    policy_loss        | -0.0109   |
|    std                | 0.974     |
|    value_loss         | 4.37e-07  |
-------------------------------------
-------------------------------------
| rollout/              |           |
|    ep_len_mean        | 174       |
|    ep_rew_mean        | 2.55      |
| time/                 |           |
|    fps                | 373       |
|    iterations         | 7500      |
|    time_elapsed       | 100       |
|    total_timesteps    | 37500     |
| train/                |           |
|    entropy_loss       | -20.9     |
|    explained_variance | 0.9858857 |
|    learning_rate      | 0.0007    |
|    n_updates          | 7499      |
|    policy_loss        | 0.143     |
|    std                | 0.972     |
|    value_loss         | 0.000441  |
-------------------------------------
-------------------------------------
| rollout/              |           |
|    ep_len_mean        | 172       |
|    ep_rew_mean        | 2.44      |
| time/                 |           |
|    fps                | 373       |
|    iterations         | 7600      |
|    time_elapsed       | 101       |
|    total_timesteps    | 38000     |
| train/                |           |
|    entropy_loss       | -20.8     |
|    explained_variance | -1.995621 |
|    learning_rate      | 0.0007    |
|    n_updates          | 7599      |
|    policy_loss        | -0.139    |
|    std                | 0.972     |
|    value_loss         | 4.18e-05  |
-------------------------------------
--------------------------------------
| rollout/              |            |
|    ep_len_mean        | 171        |
|    ep_rew_mean        | 2.43       |
| time/                 |            |
|    fps                | 373        |
|    iterations         | 7700       |
|    time_elapsed       | 103        |
|    total_timesteps    | 38500      |
| train/                |            |
|    entropy_loss       | -20.8      |
|    explained_variance | 0.70841527 |
|    learning_rate      | 0.0007     |
|    n_updates          | 7699       |
|    policy_loss        | -0.0656    |
|    std                | 0.97       |
|    value_loss         | 1.11e-05   |
--------------------------------------
--------------------------------------
| rollout/              |            |
|    ep_len_mean        | 170        |
|    ep_rew_mean        | 2.41       |
| time/                 |            |
|    fps                | 373        |
|    iterations         | 7800       |
|    time_elapsed       | 104        |
|    total_timesteps    | 39000      |
| train/                |            |
|    entropy_loss       | -20.9      |
|    explained_variance | -11.415121 |
|    learning_rate      | 0.0007     |
|    n_updates          | 7799       |
|    policy_loss        | 23.5       |
|    std                | 0.973      |
|    value_loss         | 1.14       |
--------------------------------------
--------------------------------------
| rollout/              |            |
|    ep_len_mean        | 169        |
|    ep_rew_mean        | 2.39       |
| time/                 |            |
|    fps                | 373        |
|    iterations         | 7900       |
|    time_elapsed       | 105        |
|    total_timesteps    | 39500      |
| train/                |            |
|    entropy_loss       | -20.9      |
|    explained_variance | -12.967187 |
|    learning_rate      | 0.0007     |
|    n_updates          | 7899       |
|    policy_loss        | -0.347     |
|    std                | 0.976      |
|    value_loss         | 0.000336   |
--------------------------------------
--------------------------------------
| rollout/              |            |
|    ep_len_mean        | 168        |
|    ep_rew_mean        | 2.38       |
| time/                 |            |
|    fps                | 373        |
|    iterations         | 8000       |
|    time_elapsed       | 106        |
|    total_timesteps    | 40000      |
| train/                |            |
|    entropy_loss       | -20.9      |
|    explained_variance | 0.17750365 |
|    learning_rate      | 0.0007     |
|    n_updates          | 7999       |
|    policy_loss        | 0.0813     |
|    std                | 0.979      |
|    value_loss         | 1.77e-05   |
--------------------------------------
-------------------------------------
| rollout/              |           |
|    ep_len_mean        | 166       |
|    ep_rew_mean        | 2.35      |
| time/                 |           |
|    fps                | 374       |
|    iterations         | 8100      |
|    time_elapsed       | 108       |
|    total_timesteps    | 40500     |
| train/                |           |
|    entropy_loss       | -20.9     |
|    explained_variance | 0.8640537 |
|    learning_rate      | 0.0007    |
|    n_updates          | 8099      |
|    policy_loss        | 0.0344    |
|    std                | 0.978     |
|    value_loss         | 3.45e-06  |
-------------------------------------
------------------------------------
| rollout/              |          |
|    ep_len_mean        | 165      |
|    ep_rew_mean        | 2.38     |
| time/                 |          |
|    fps                | 374      |
|    iterations         | 8200     |
|    time_elapsed       | 109      |
|    total_timesteps    | 41000    |
| train/                |          |
|    entropy_loss       | -20.9    |
|    explained_variance | -17.5386 |
|    learning_rate      | 0.0007   |
|    n_updates          | 8199     |
|    policy_loss        | 18.1     |
|    std                | 0.976    |
|    value_loss         | 0.923    |
------------------------------------
---------------------------------------
| rollout/              |             |
|    ep_len_mean        | 165         |
|    ep_rew_mean        | 2.39        |
| time/                 |             |
|    fps                | 374         |
|    iterations         | 8300        |
|    time_elapsed       | 110         |
|    total_timesteps    | 41500       |
| train/                |             |
|    entropy_loss       | -20.9       |
|    explained_variance | 0.058454692 |
|    learning_rate      | 0.0007      |
|    n_updates          | 8299        |
|    policy_loss        | 6.73        |
|    std                | 0.975       |
|    value_loss         | 0.123       |
---------------------------------------
-------------------------------------
| rollout/              |           |
|    ep_len_mean        | 165       |
|    ep_rew_mean        | 2.48      |
| time/                 |           |
|    fps                | 374       |
|    iterations         | 8400      |
|    time_elapsed       | 112       |
|    total_timesteps    | 42000     |
| train/                |           |
|    entropy_loss       | -20.9     |
|    explained_variance | 0.8367562 |
|    learning_rate      | 0.0007    |
|    n_updates          | 8399      |
|    policy_loss        | 3.77      |
|    std                | 0.975     |
|    value_loss         | 0.0833    |
-------------------------------------
--------------------------------------
| rollout/              |            |
|    ep_len_mean        | 164        |
|    ep_rew_mean        | 2.56       |
| time/                 |            |
|    fps                | 373        |
|    iterations         | 8500       |
|    time_elapsed       | 113        |
|    total_timesteps    | 42500      |
| train/                |            |
|    entropy_loss       | -20.9      |
|    explained_variance | -129.38306 |
|    learning_rate      | 0.0007     |
|    n_updates          | 8499       |
|    policy_loss        | 55.9       |
|    std                | 0.975      |
|    value_loss         | 6.68       |
--------------------------------------
-------------------------------------
| rollout/              |           |
|    ep_len_mean        | 164       |
|    ep_rew_mean        | 2.67      |
| time/                 |           |
|    fps                | 373       |
|    iterations         | 8600      |
|    time_elapsed       | 114       |
|    total_timesteps    | 43000     |
| train/                |           |
|    entropy_loss       | -20.8     |
|    explained_variance | 0.7399799 |
|    learning_rate      | 0.0007    |
|    n_updates          | 8599      |
|    policy_loss        | -0.189    |
|    std                | 0.972     |
|    value_loss         | 8.36e-05  |
-------------------------------------
--------------------------------------
| rollout/              |            |
|    ep_len_mean        | 164        |
|    ep_rew_mean        | 2.77       |
| time/                 |            |
|    fps                | 373        |
|    iterations         | 8700       |
|    time_elapsed       | 116        |
|    total_timesteps    | 43500      |
| train/                |            |
|    entropy_loss       | -20.8      |
|    explained_variance | -4.3492236 |
|    learning_rate      | 0.0007     |
|    n_updates          | 8699       |
|    policy_loss        | -0.124     |
|    std                | 0.972      |
|    value_loss         | 3.72e-05   |
--------------------------------------
------------------------------------
| rollout/              |          |
|    ep_len_mean        | 164      |
|    ep_rew_mean        | 2.93     |
| time/                 |          |
|    fps                | 372      |
|    iterations         | 8800     |
|    time_elapsed       | 118      |
|    total_timesteps    | 44000    |
| train/                |          |
|    entropy_loss       | -20.8    |
|    explained_variance | -81.763  |
|    learning_rate      | 0.0007   |
|    n_updates          | 8799     |
|    policy_loss        | 1.3      |
|    std                | 0.973    |
|    value_loss         | 0.00546  |
------------------------------------
------------------------------------
| rollout/              |          |
|    ep_len_mean        | 163      |
|    ep_rew_mean        | 2.95     |
| time/                 |          |
|    fps                | 372      |
|    iterations         | 8900     |
|    time_elapsed       | 119      |
|    total_timesteps    | 44500    |
| train/                |          |
|    entropy_loss       | -20.8    |
|    explained_variance | -932.867 |
|    learning_rate      | 0.0007   |
|    n_updates          | 8899     |
|    policy_loss        | -0.644   |
|    std                | 0.971    |
|    value_loss         | 0.00112  |
------------------------------------
--------------------------------------
| rollout/              |            |
|    ep_len_mean        | 163        |
|    ep_rew_mean        | 2.94       |
| time/                 |            |
|    fps                | 371        |
|    iterations         | 9000       |
|    time_elapsed       | 121        |
|    total_timesteps    | 45000      |
| train/                |            |
|    entropy_loss       | -20.8      |
|    explained_variance | -54.640438 |
|    learning_rate      | 0.0007     |
|    n_updates          | 8999       |
|    policy_loss        | 0.269      |
|    std                | 0.971      |
|    value_loss         | 0.000247   |
--------------------------------------
-------------------------------------
| rollout/              |           |
|    ep_len_mean        | 162       |
|    ep_rew_mean        | 2.89      |
| time/                 |           |
|    fps                | 370       |
|    iterations         | 9100      |
|    time_elapsed       | 122       |
|    total_timesteps    | 45500     |
| train/                |           |
|    entropy_loss       | -20.8     |
|    explained_variance | 0.8692676 |
|    learning_rate      | 0.0007    |
|    n_updates          | 9099      |
|    policy_loss        | -0.0489   |
|    std                | 0.971     |
|    value_loss         | 8.29e-06  |
-------------------------------------
-------------------------------------
| rollout/              |           |
|    ep_len_mean        | 161       |
|    ep_rew_mean        | 2.82      |
| time/                 |           |
|    fps                | 370       |
|    iterations         | 9200      |
|    time_elapsed       | 124       |
|    total_timesteps    | 46000     |
| train/                |           |
|    entropy_loss       | -20.8     |
|    explained_variance | 0.9912768 |
|    learning_rate      | 0.0007    |
|    n_updates          | 9199      |
|    policy_loss        | -0.01     |
|    std                | 0.97      |
|    value_loss         | 3.48e-07  |
-------------------------------------
-------------------------------------
| rollout/              |           |
|    ep_len_mean        | 161       |
|    ep_rew_mean        | 2.77      |
| time/                 |           |
|    fps                | 370       |
|    iterations         | 9300      |
|    time_elapsed       | 125       |
|    total_timesteps    | 46500     |
| train/                |           |
|    entropy_loss       | -20.8     |
|    explained_variance | 0.9056219 |
|    learning_rate      | 0.0007    |
|    n_updates          | 9299      |
|    policy_loss        | -0.0628   |
|    std                | 0.968     |
|    value_loss         | 1.06e-05  |
-------------------------------------
--------------------------------------
| rollout/              |            |
|    ep_len_mean        | 161        |
|    ep_rew_mean        | 2.72       |
| time/                 |            |
|    fps                | 369        |
|    iterations         | 9400       |
|    time_elapsed       | 127        |
|    total_timesteps    | 47000      |
| train/                |            |
|    entropy_loss       | -20.8      |
|    explained_variance | 0.29255062 |
|    learning_rate      | 0.0007     |
|    n_updates          | 9399       |
|    policy_loss        | 4.86       |
|    std                | 0.97       |
|    value_loss         | 0.0632     |
--------------------------------------
--------------------------------------
| rollout/              |            |
|    ep_len_mean        | 160        |
|    ep_rew_mean        | 2.64       |
| time/                 |            |
|    fps                | 369        |
|    iterations         | 9500       |
|    time_elapsed       | 128        |
|    total_timesteps    | 47500      |
| train/                |            |
|    entropy_loss       | -20.8      |
|    explained_variance | -326.59976 |
|    learning_rate      | 0.0007     |
|    n_updates          | 9499       |
|    policy_loss        | 0.166      |
|    std                | 0.969      |
|    value_loss         | 0.000262   |
--------------------------------------
------------------------------------
| rollout/              |          |
|    ep_len_mean        | 160      |
|    ep_rew_mean        | 2.65     |
| time/                 |          |
|    fps                | 369      |
|    iterations         | 9600     |
|    time_elapsed       | 130      |
|    total_timesteps    | 48000    |
| train/                |          |
|    entropy_loss       | -20.9    |
|    explained_variance | 0.992448 |
|    learning_rate      | 0.0007   |
|    n_updates          | 9599     |
|    policy_loss        | -0.00774 |
|    std                | 0.973    |
|    value_loss         | 2.25e-07 |
------------------------------------
-------------------------------------
| rollout/              |           |
|    ep_len_mean        | 159       |
|    ep_rew_mean        | 2.62      |
| time/                 |           |
|    fps                | 369       |
|    iterations         | 9700      |
|    time_elapsed       | 131       |
|    total_timesteps    | 48500     |
| train/                |           |
|    entropy_loss       | -20.8     |
|    explained_variance | 0.2329241 |
|    learning_rate      | 0.0007    |
|    n_updates          | 9699      |
|    policy_loss        | 0.0655    |
|    std                | 0.972     |
|    value_loss         | 1.18e-05  |
-------------------------------------
------------------------------------
| rollout/              |          |
|    ep_len_mean        | 159      |
|    ep_rew_mean        | 2.58     |
| time/                 |          |
|    fps                | 369      |
|    iterations         | 9800     |
|    time_elapsed       | 132      |
|    total_timesteps    | 49000    |
| train/                |          |
|    entropy_loss       | -20.8    |
|    explained_variance | 0.897399 |
|    learning_rate      | 0.0007   |
|    n_updates          | 9799     |
|    policy_loss        | -0.0366  |
|    std                | 0.971    |
|    value_loss         | 4.75e-06 |
------------------------------------
--------------------------------------
| rollout/              |            |
|    ep_len_mean        | 159        |
|    ep_rew_mean        | 2.57       |
| time/                 |            |
|    fps                | 370        |
|    iterations         | 9900       |
|    time_elapsed       | 133        |
|    total_timesteps    | 49500      |
| train/                |            |
|    entropy_loss       | -20.8      |
|    explained_variance | 0.98841107 |
|    learning_rate      | 0.0007     |
|    n_updates          | 9899       |
|    policy_loss        | 0.0106     |
|    std                | 0.973      |
|    value_loss         | 3.79e-07   |
--------------------------------------
-------------------------------------
| rollout/              |           |
|    ep_len_mean        | 159       |
|    ep_rew_mean        | 2.57      |
| time/                 |           |
|    fps                | 370       |
|    iterations         | 10000     |
|    time_elapsed       | 134       |
|    total_timesteps    | 50000     |
| train/                |           |
|    entropy_loss       | -20.8     |
|    explained_variance | 0.9580639 |
|    learning_rate      | 0.0007    |
|    n_updates          | 9999      |
|    policy_loss        | 1.21      |
|    std                | 0.973     |
|    value_loss         | 0.00388   |
-------------------------------------
--------------------------------------
| rollout/              |            |
|    ep_len_mean        | 159        |
|    ep_rew_mean        | 2.56       |
| time/                 |            |
|    fps                | 370        |
|    iterations         | 10100      |
|    time_elapsed       | 136        |
|    total_timesteps    | 50500      |
| train/                |            |
|    entropy_loss       | -20.8      |
|    explained_variance | 0.34006566 |
|    learning_rate      | 0.0007     |
|    n_updates          | 10099      |
|    policy_loss        | -1.82      |
|    std                | 0.971      |
|    value_loss         | 0.0172     |
--------------------------------------
--------------------------------------
| rollout/              |            |
|    ep_len_mean        | 159        |
|    ep_rew_mean        | 2.56       |
| time/                 |            |
|    fps                | 371        |
|    iterations         | 10200      |
|    time_elapsed       | 137        |
|    total_timesteps    | 51000      |
| train/                |            |
|    entropy_loss       | -20.8      |
|    explained_variance | -3.2973566 |
|    learning_rate      | 0.0007     |
|    n_updates          | 10199      |
|    policy_loss        | -0.0378    |
|    std                | 0.97       |
|    value_loss         | 6.61e-06   |
--------------------------------------
-------------------------------------
| rollout/              |           |
|    ep_len_mean        | 159       |
|    ep_rew_mean        | 2.58      |
| time/                 |           |
|    fps                | 371       |
|    iterations         | 10300     |
|    time_elapsed       | 138       |
|    total_timesteps    | 51500     |
| train/                |           |
|    entropy_loss       | -20.8     |
|    explained_variance | -93.02614 |
|    learning_rate      | 0.0007    |
|    n_updates          | 10299     |
|    policy_loss        | 0.46      |
|    std                | 0.97      |
|    value_loss         | 0.000547  |
-------------------------------------
-------------------------------------
| rollout/              |           |
|    ep_len_mean        | 159       |
|    ep_rew_mean        | 2.59      |
| time/                 |           |
|    fps                | 372       |
|    iterations         | 10400     |
|    time_elapsed       | 139       |
|    total_timesteps    | 52000     |
| train/                |           |
|    entropy_loss       | -20.8     |
|    explained_variance | 0.6957325 |
|    learning_rate      | 0.0007    |
|    n_updates          | 10399     |
|    policy_loss        | -0.0589   |
|    std                | 0.967     |
|    value_loss         | 1.06e-05  |
-------------------------------------
--------------------------------------
| rollout/              |            |
|    ep_len_mean        | 160        |
|    ep_rew_mean        | 2.56       |
| time/                 |            |
|    fps                | 372        |
|    iterations         | 10500      |
|    time_elapsed       | 140        |
|    total_timesteps    | 52500      |
| train/                |            |
|    entropy_loss       | -20.8      |
|    explained_variance | 0.60839665 |
|    learning_rate      | 0.0007     |
|    n_updates          | 10499      |
|    policy_loss        | -0.0515    |
|    std                | 0.969      |
|    value_loss         | 8.07e-06   |
--------------------------------------
--------------------------------------
| rollout/              |            |
|    ep_len_mean        | 160        |
|    ep_rew_mean        | 2.55       |
| time/                 |            |
|    fps                | 373        |
|    iterations         | 10600      |
|    time_elapsed       | 141        |
|    total_timesteps    | 53000      |
| train/                |            |
|    entropy_loss       | -20.8      |
|    explained_variance | 0.99935645 |
|    learning_rate      | 0.0007     |
|    n_updates          | 10599      |
|    policy_loss        | -0.00876   |
|    std                | 0.97       |
|    value_loss         | 2.26e-07   |
--------------------------------------
--------------------------------------
| rollout/              |            |
|    ep_len_mean        | 160        |
|    ep_rew_mean        | 2.55       |
| time/                 |            |
|    fps                | 373        |
|    iterations         | 10700      |
|    time_elapsed       | 143        |
|    total_timesteps    | 53500      |
| train/                |            |
|    entropy_loss       | -20.8      |
|    explained_variance | 0.90484875 |
|    learning_rate      | 0.0007     |
|    n_updates          | 10699      |
|    policy_loss        | -0.052     |
|    std                | 0.97       |
|    value_loss         | 8.5e-06    |
--------------------------------------
-------------------------------------
| rollout/              |           |
|    ep_len_mean        | 160       |
|    ep_rew_mean        | 2.55      |
| time/                 |           |
|    fps                | 373       |
|    iterations         | 10800     |
|    time_elapsed       | 144       |
|    total_timesteps    | 54000     |
| train/                |           |
|    entropy_loss       | -20.8     |
|    explained_variance | 0.9525223 |
|    learning_rate      | 0.0007    |
|    n_updates          | 10799     |
|    policy_loss        | 0.678     |
|    std                | 0.971     |
|    value_loss         | 0.00147   |
-------------------------------------
-------------------------------------
| rollout/              |           |
|    ep_len_mean        | 161       |
|    ep_rew_mean        | 2.55      |
| time/                 |           |
|    fps                | 373       |
|    iterations         | 10900     |
|    time_elapsed       | 145       |
|    total_timesteps    | 54500     |
| train/                |           |
|    entropy_loss       | -20.8     |
|    explained_variance | -4.273943 |
|    learning_rate      | 0.0007    |
|    n_updates          | 10899     |
|    policy_loss        | 0.0956    |
|    std                | 0.971     |
|    value_loss         | 3.17e-05  |
-------------------------------------
------------------------------------
| rollout/              |          |
|    ep_len_mean        | 161      |
|    ep_rew_mean        | 2.56     |
| time/                 |          |
|    fps                | 373      |
|    iterations         | 11000    |
|    time_elapsed       | 147      |
|    total_timesteps    | 55000    |
| train/                |          |
|    entropy_loss       | -20.8    |
|    explained_variance | 0.985512 |
|    learning_rate      | 0.0007   |
|    n_updates          | 10999    |
|    policy_loss        | 0.0342   |
|    std                | 0.971    |
|    value_loss         | 2.79e-06 |
------------------------------------
--------------------------------------
| rollout/              |            |
|    ep_len_mean        | 161        |
|    ep_rew_mean        | 2.58       |
| time/                 |            |
|    fps                | 374        |
|    iterations         | 11100      |
|    time_elapsed       | 148        |
|    total_timesteps    | 55500      |
| train/                |            |
|    entropy_loss       | -20.8      |
|    explained_variance | 0.39193475 |
|    learning_rate      | 0.0007     |
|    n_updates          | 11099      |
|    policy_loss        | 0.0673     |
|    std                | 0.968      |
|    value_loss         | 1.28e-05   |
--------------------------------------
--------------------------------------
| rollout/              |            |
|    ep_len_mean        | 161        |
|    ep_rew_mean        | 2.63       |
| time/                 |            |
|    fps                | 374        |
|    iterations         | 11200      |
|    time_elapsed       | 149        |
|    total_timesteps    | 56000      |
| train/                |            |
|    entropy_loss       | -20.7      |
|    explained_variance | 0.99413115 |
|    learning_rate      | 0.0007     |
|    n_updates          | 11199      |
|    policy_loss        | -0.0049    |
|    std                | 0.966      |
|    value_loss         | 9.2e-08    |
--------------------------------------
-------------------------------------
| rollout/              |           |
|    ep_len_mean        | 162       |
|    ep_rew_mean        | 2.72      |
| time/                 |           |
|    fps                | 375       |
|    iterations         | 11300     |
|    time_elapsed       | 150       |
|    total_timesteps    | 56500     |
| train/                |           |
|    entropy_loss       | -20.7     |
|    explained_variance | 0.9562705 |
|    learning_rate      | 0.0007    |
|    n_updates          | 11299     |
|    policy_loss        | 0.05      |
|    std                | 0.966     |
|    value_loss         | 7.27e-06  |
-------------------------------------
-------------------------------------
| rollout/              |           |
|    ep_len_mean        | 162       |
|    ep_rew_mean        | 2.84      |
| time/                 |           |
|    fps                | 374       |
|    iterations         | 11400     |
|    time_elapsed       | 152       |
|    total_timesteps    | 57000     |
| train/                |           |
|    entropy_loss       | -20.7     |
|    explained_variance | 0.9907554 |
|    learning_rate      | 0.0007    |
|    n_updates          | 11399     |
|    policy_loss        | 0.0381    |
|    std                | 0.965     |
|    value_loss         | 3.38e-06  |
-------------------------------------
--------------------------------------
| rollout/              |            |
|    ep_len_mean        | 162        |
|    ep_rew_mean        | 3          |
| time/                 |            |
|    fps                | 374        |
|    iterations         | 11500      |
|    time_elapsed       | 153        |
|    total_timesteps    | 57500      |
| train/                |            |
|    entropy_loss       | -20.7      |
|    explained_variance | 0.98145324 |
|    learning_rate      | 0.0007     |
|    n_updates          | 11499      |
|    policy_loss        | 0.0371     |
|    std                | 0.965      |
|    value_loss         | 4.09e-06   |
--------------------------------------
-------------------------------------
| rollout/              |           |
|    ep_len_mean        | 162       |
|    ep_rew_mean        | 3.1       |
| time/                 |           |
|    fps                | 375       |
|    iterations         | 11600     |
|    time_elapsed       | 154       |
|    total_timesteps    | 58000     |
| train/                |           |
|    entropy_loss       | -20.7     |
|    explained_variance | 0.9966249 |
|    learning_rate      | 0.0007    |
|    n_updates          | 11599     |
|    policy_loss        | 0.0133    |
|    std                | 0.967     |
|    value_loss         | 5.35e-07  |
-------------------------------------
------------------------------------
| rollout/              |          |
|    ep_len_mean        | 162      |
|    ep_rew_mean        | 3.17     |
| time/                 |          |
|    fps                | 375      |
|    iterations         | 11700    |
|    time_elapsed       | 155      |
|    total_timesteps    | 58500    |
| train/                |          |
|    entropy_loss       | -20.8    |
|    explained_variance | 0.988996 |
|    learning_rate      | 0.0007   |
|    n_updates          | 11699    |
|    policy_loss        | 0.0224   |
|    std                | 0.968    |
|    value_loss         | 1.52e-06 |
------------------------------------
-------------------------------------
| rollout/              |           |
|    ep_len_mean        | 162       |
|    ep_rew_mean        | 3.23      |
| time/                 |           |
|    fps                | 376       |
|    iterations         | 11800     |
|    time_elapsed       | 156       |
|    total_timesteps    | 59000     |
| train/                |           |
|    entropy_loss       | -20.8     |
|    explained_variance | 0.9921408 |
|    learning_rate      | 0.0007    |
|    n_updates          | 11799     |
|    policy_loss        | 0.015     |
|    std                | 0.969     |
|    value_loss         | 7.84e-07  |
-------------------------------------
--------------------------------------
| rollout/              |            |
|    ep_len_mean        | 162        |
|    ep_rew_mean        | 3.27       |
| time/                 |            |
|    fps                | 375        |
|    iterations         | 11900      |
|    time_elapsed       | 158        |
|    total_timesteps    | 59500      |
| train/                |            |
|    entropy_loss       | -20.8      |
|    explained_variance | 0.82690537 |
|    learning_rate      | 0.0007     |
|    n_updates          | 11899      |
|    policy_loss        | -0.0782    |
|    std                | 0.968      |
|    value_loss         | 1.82e-05   |
--------------------------------------
------------------------------------
| rollout/              |          |
|    ep_len_mean        | 161      |
|    ep_rew_mean        | 3.2      |
| time/                 |          |
|    fps                | 376      |
|    iterations         | 12000    |
|    time_elapsed       | 159      |
|    total_timesteps    | 60000    |
| train/                |          |
|    entropy_loss       | -20.8    |
|    explained_variance | 0.998845 |
|    learning_rate      | 0.0007   |
|    n_updates          | 11999    |
|    policy_loss        | -0.00343 |
|    std                | 0.968    |
|    value_loss         | 7.46e-08 |
------------------------------------
--------------------------------------
| rollout/              |            |
|    ep_len_mean        | 161        |
|    ep_rew_mean        | 3.18       |
| time/                 |            |
|    fps                | 376        |
|    iterations         | 12100      |
|    time_elapsed       | 160        |
|    total_timesteps    | 60500      |
| train/                |            |
|    entropy_loss       | -20.7      |
|    explained_variance | 0.96480227 |
|    learning_rate      | 0.0007     |
|    n_updates          | 12099      |
|    policy_loss        | 0.0502     |
|    std                | 0.966      |
|    value_loss         | 6.89e-06   |
--------------------------------------
--------------------------------------
| rollout/              |            |
|    ep_len_mean        | 161        |
|    ep_rew_mean        | 3.31       |
| time/                 |            |
|    fps                | 376        |
|    iterations         | 12200      |
|    time_elapsed       | 161        |
|    total_timesteps    | 61000      |
| train/                |            |
|    entropy_loss       | -20.7      |
|    explained_variance | 0.97907376 |
|    learning_rate      | 0.0007     |
|    n_updates          | 12199      |
|    policy_loss        | 0.0462     |
|    std                | 0.964      |
|    value_loss         | 6.31e-06   |
--------------------------------------
-------------------------------------
| rollout/              |           |
|    ep_len_mean        | 161       |
|    ep_rew_mean        | 3.42      |
| time/                 |           |
|    fps                | 377       |
|    iterations         | 12300     |
|    time_elapsed       | 163       |
|    total_timesteps    | 61500     |
| train/                |           |
|    entropy_loss       | -20.7     |
|    explained_variance | 0.9148393 |
|    learning_rate      | 0.0007    |
|    n_updates          | 12299     |
|    policy_loss        | -0.121    |
|    std                | 0.964     |
|    value_loss         | 4.04e-05  |
-------------------------------------
------------------------------------
| rollout/              |          |
|    ep_len_mean        | 161      |
|    ep_rew_mean        | 3.5      |
| time/                 |          |
|    fps                | 377      |
|    iterations         | 12400    |
|    time_elapsed       | 164      |
|    total_timesteps    | 62000    |
| train/                |          |
|    entropy_loss       | -20.7    |
|    explained_variance | 0.76102  |
|    learning_rate      | 0.0007   |
|    n_updates          | 12399    |
|    policy_loss        | -0.601   |
|    std                | 0.964    |
|    value_loss         | 0.0208   |
------------------------------------
-------------------------------------
| rollout/              |           |
|    ep_len_mean        | 161       |
|    ep_rew_mean        | 3.63      |
| time/                 |           |
|    fps                | 377       |
|    iterations         | 12500     |
|    time_elapsed       | 165       |
|    total_timesteps    | 62500     |
| train/                |           |
|    entropy_loss       | -20.7     |
|    explained_variance | 0.9984443 |
|    learning_rate      | 0.0007    |
|    n_updates          | 12499     |
|    policy_loss        | -0.377    |
|    std                | 0.964     |
|    value_loss         | 0.000338  |
-------------------------------------
--------------------------------------
| rollout/              |            |
|    ep_len_mean        | 161        |
|    ep_rew_mean        | 3.71       |
| time/                 |            |
|    fps                | 377        |
|    iterations         | 12600      |
|    time_elapsed       | 166        |
|    total_timesteps    | 63000      |
| train/                |            |
|    entropy_loss       | -20.7      |
|    explained_variance | -7.4122963 |
|    learning_rate      | 0.0007     |
|    n_updates          | 12599      |
|    policy_loss        | -0.482     |
|    std                | 0.963      |
|    value_loss         | 0.000671   |
--------------------------------------
--------------------------------------
| rollout/              |            |
|    ep_len_mean        | 161        |
|    ep_rew_mean        | 3.76       |
| time/                 |            |
|    fps                | 379        |
|    iterations         | 12700      |
|    time_elapsed       | 167        |
|    total_timesteps    | 63500      |
| train/                |            |
|    entropy_loss       | -20.7      |
|    explained_variance | 0.30192322 |
|    learning_rate      | 0.0007     |
|    n_updates          | 12699      |
|    policy_loss        | -0.143     |
|    std                | 0.966      |
|    value_loss         | 5.37e-05   |
--------------------------------------
---------------------------------------
| rollout/              |             |
|    ep_len_mean        | 161         |
|    ep_rew_mean        | 3.82        |
| time/                 |             |
|    fps                | 380         |
|    iterations         | 12800       |
|    time_elapsed       | 168         |
|    total_timesteps    | 64000       |
| train/                |             |
|    entropy_loss       | -20.7       |
|    explained_variance | -0.24592185 |
|    learning_rate      | 0.0007      |
|    n_updates          | 12799       |
|    policy_loss        | -0.111      |
|    std                | 0.967       |
|    value_loss         | 3.7e-05     |
---------------------------------------
-------------------------------------
| rollout/              |           |
|    ep_len_mean        | 162       |
|    ep_rew_mean        | 3.9       |
| time/                 |           |
|    fps                | 381       |
|    iterations         | 12900     |
|    time_elapsed       | 169       |
|    total_timesteps    | 64500     |
| train/                |           |
|    entropy_loss       | -20.7     |
|    explained_variance | 0.9961864 |
|    learning_rate      | 0.0007    |
|    n_updates          | 12899     |
|    policy_loss        | 0.0136    |
|    std                | 0.966     |
|    value_loss         | 4.16e-07  |
-------------------------------------
--------------------------------------
| rollout/              |            |
|    ep_len_mean        | 162        |
|    ep_rew_mean        | 4.03       |
| time/                 |            |
|    fps                | 382        |
|    iterations         | 13000      |
|    time_elapsed       | 169        |
|    total_timesteps    | 65000      |
| train/                |            |
|    entropy_loss       | -20.7      |
|    explained_variance | 0.46152395 |
|    learning_rate      | 0.0007     |
|    n_updates          | 12999      |
|    policy_loss        | 0.0979     |
|    std                | 0.965      |
|    value_loss         | 3.07e-05   |
--------------------------------------
--------------------------------------
| rollout/              |            |
|    ep_len_mean        | 162        |
|    ep_rew_mean        | 4.16       |
| time/                 |            |
|    fps                | 383        |
|    iterations         | 13100      |
|    time_elapsed       | 170        |
|    total_timesteps    | 65500      |
| train/                |            |
|    entropy_loss       | -20.6      |
|    explained_variance | 0.96272206 |
|    learning_rate      | 0.0007     |
|    n_updates          | 13099      |
|    policy_loss        | -0.0396    |
|    std                | 0.962      |
|    value_loss         | 4.73e-06   |
--------------------------------------
--------------------------------------
| rollout/              |            |
|    ep_len_mean        | 163        |
|    ep_rew_mean        | 4.31       |
| time/                 |            |
|    fps                | 385        |
|    iterations         | 13200      |
|    time_elapsed       | 171        |
|    total_timesteps    | 66000      |
| train/                |            |
|    entropy_loss       | -20.7      |
|    explained_variance | -2.0301192 |
|    learning_rate      | 0.0007     |
|    n_updates          | 13199      |
|    policy_loss        | -0.37      |
|    std                | 0.963      |
|    value_loss         | 0.000315   |
--------------------------------------
--------------------------------------
| rollout/              |            |
|    ep_len_mean        | 163        |
|    ep_rew_mean        | 4.41       |
| time/                 |            |
|    fps                | 386        |
|    iterations         | 13300      |
|    time_elapsed       | 172        |
|    total_timesteps    | 66500      |
| train/                |            |
|    entropy_loss       | -20.6      |
|    explained_variance | -1.0341246 |
|    learning_rate      | 0.0007     |
|    n_updates          | 13299      |
|    policy_loss        | 0.142      |
|    std                | 0.961      |
|    value_loss         | 7.67e-05   |
--------------------------------------
--------------------------------------
| rollout/              |            |
|    ep_len_mean        | 163        |
|    ep_rew_mean        | 4.53       |
| time/                 |            |
|    fps                | 386        |
|    iterations         | 13400      |
|    time_elapsed       | 173        |
|    total_timesteps    | 67000      |
| train/                |            |
|    entropy_loss       | -20.6      |
|    explained_variance | 0.87571585 |
|    learning_rate      | 0.0007     |
|    n_updates          | 13399      |
|    policy_loss        | -0.0536    |
|    std                | 0.96       |
|    value_loss         | 9.86e-06   |
--------------------------------------
--------------------------------------
| rollout/              |            |
|    ep_len_mean        | 163        |
|    ep_rew_mean        | 4.63       |
| time/                 |            |
|    fps                | 387        |
|    iterations         | 13500      |
|    time_elapsed       | 173        |
|    total_timesteps    | 67500      |
| train/                |            |
|    entropy_loss       | -20.6      |
|    explained_variance | 0.18900102 |
|    learning_rate      | 0.0007     |
|    n_updates          | 13499      |
|    policy_loss        | -0.0621    |
|    std                | 0.959      |
|    value_loss         | 1.34e-05   |
--------------------------------------
--------------------------------------
| rollout/              |            |
|    ep_len_mean        | 163        |
|    ep_rew_mean        | 4.78       |
| time/                 |            |
|    fps                | 389        |
|    iterations         | 13600      |
|    time_elapsed       | 174        |
|    total_timesteps    | 68000      |
| train/                |            |
|    entropy_loss       | -20.6      |
|    explained_variance | -1.8797295 |
|    learning_rate      | 0.0007     |
|    n_updates          | 13599      |
|    policy_loss        | -0.225     |
|    std                | 0.958      |
|    value_loss         | 0.000125   |
--------------------------------------
--------------------------------------
| rollout/              |            |
|    ep_len_mean        | 164        |
|    ep_rew_mean        | 4.91       |
| time/                 |            |
|    fps                | 390        |
|    iterations         | 13700      |
|    time_elapsed       | 175        |
|    total_timesteps    | 68500      |
| train/                |            |
|    entropy_loss       | -20.5      |
|    explained_variance | -2.4524925 |
|    learning_rate      | 0.0007     |
|    n_updates          | 13699      |
|    policy_loss        | 0.0855     |
|    std                | 0.955      |
|    value_loss         | 2.49e-05   |
--------------------------------------
--------------------------------------
| rollout/              |            |
|    ep_len_mean        | 164        |
|    ep_rew_mean        | 5.04       |
| time/                 |            |
|    fps                | 391        |
|    iterations         | 13800      |
|    time_elapsed       | 176        |
|    total_timesteps    | 69000      |
| train/                |            |
|    entropy_loss       | -20.5      |
|    explained_variance | -12.074991 |
|    learning_rate      | 0.0007     |
|    n_updates          | 13799      |
|    policy_loss        | 0.264      |
|    std                | 0.955      |
|    value_loss         | 0.000276   |
--------------------------------------
--------------------------------------
| rollout/              |            |
|    ep_len_mean        | 164        |
|    ep_rew_mean        | 5.19       |
| time/                 |            |
|    fps                | 392        |
|    iterations         | 13900      |
|    time_elapsed       | 177        |
|    total_timesteps    | 69500      |
| train/                |            |
|    entropy_loss       | -20.6      |
|    explained_variance | -1304.7672 |
|    learning_rate      | 0.0007     |
|    n_updates          | 13899      |
|    policy_loss        | 0.419      |
|    std                | 0.955      |
|    value_loss         | 0.00377    |
--------------------------------------
--------------------------------------
| rollout/              |            |
|    ep_len_mean        | 165        |
|    ep_rew_mean        | 5.29       |
| time/                 |            |
|    fps                | 393        |
|    iterations         | 14000      |
|    time_elapsed       | 177        |
|    total_timesteps    | 70000      |
| train/                |            |
|    entropy_loss       | -20.5      |
|    explained_variance | -20.060236 |
|    learning_rate      | 0.0007     |
|    n_updates          | 13999      |
|    policy_loss        | 0.327      |
|    std                | 0.953      |
|    value_loss         | 0.000377   |
--------------------------------------
--------------------------------------
| rollout/              |            |
|    ep_len_mean        | 165        |
|    ep_rew_mean        | 5.35       |
| time/                 |            |
|    fps                | 394        |
|    iterations         | 14100      |
|    time_elapsed       | 178        |
|    total_timesteps    | 70500      |
| train/                |            |
|    entropy_loss       | -20.5      |
|    explained_variance | -2.0062318 |
|    learning_rate      | 0.0007     |
|    n_updates          | 14099      |
|    policy_loss        | 0.215      |
|    std                | 0.952      |
|    value_loss         | 0.000109   |
--------------------------------------
--------------------------------------
| rollout/              |            |
|    ep_len_mean        | 165        |
|    ep_rew_mean        | 5.37       |
| time/                 |            |
|    fps                | 395        |
|    iterations         | 14200      |
|    time_elapsed       | 179        |
|    total_timesteps    | 71000      |
| train/                |            |
|    entropy_loss       | -20.5      |
|    explained_variance | 0.92057157 |
|    learning_rate      | 0.0007     |
|    n_updates          | 14199      |
|    policy_loss        | -0.0894    |
|    std                | 0.954      |
|    value_loss         | 1.86e-05   |
--------------------------------------
--------------------------------------
| rollout/              |            |
|    ep_len_mean        | 165        |
|    ep_rew_mean        | 5.44       |
| time/                 |            |
|    fps                | 396        |
|    iterations         | 14300      |
|    time_elapsed       | 180        |
|    total_timesteps    | 71500      |
| train/                |            |
|    entropy_loss       | -20.5      |
|    explained_variance | 0.44059825 |
|    learning_rate      | 0.0007     |
|    n_updates          | 14299      |
|    policy_loss        | 0.0663     |
|    std                | 0.955      |
|    value_loss         | 9.66e-06   |
--------------------------------------
-------------------------------------
| rollout/              |           |
|    ep_len_mean        | 165       |
|    ep_rew_mean        | 5.42      |
| time/                 |           |
|    fps                | 398       |
|    iterations         | 14400     |
|    time_elapsed       | 180       |
|    total_timesteps    | 72000     |
| train/                |           |
|    entropy_loss       | -20.6     |
|    explained_variance | 0.8764772 |
|    learning_rate      | 0.0007    |
|    n_updates          | 14399     |
|    policy_loss        | -0.069    |
|    std                | 0.957     |
|    value_loss         | 1.32e-05  |
-------------------------------------
--------------------------------------
| rollout/              |            |
|    ep_len_mean        | 165        |
|    ep_rew_mean        | 5.4        |
| time/                 |            |
|    fps                | 399        |
|    iterations         | 14500      |
|    time_elapsed       | 181        |
|    total_timesteps    | 72500      |
| train/                |            |
|    entropy_loss       | -20.5      |
|    explained_variance | 0.99307275 |
|    learning_rate      | 0.0007     |
|    n_updates          | 14499      |
|    policy_loss        | -0.0202    |
|    std                | 0.954      |
|    value_loss         | 1.29e-06   |
--------------------------------------
--------------------------------------
| rollout/              |            |
|    ep_len_mean        | 165        |
|    ep_rew_mean        | 5.33       |
| time/                 |            |
|    fps                | 400        |
|    iterations         | 14600      |
|    time_elapsed       | 182        |
|    total_timesteps    | 73000      |
| train/                |            |
|    entropy_loss       | -20.5      |
|    explained_variance | -104.36073 |
|    learning_rate      | 0.0007     |
|    n_updates          | 14599      |
|    policy_loss        | 26.7       |
|    std                | 0.954      |
|    value_loss         | 1.89       |
--------------------------------------
-------------------------------------
| rollout/              |           |
|    ep_len_mean        | 164       |
|    ep_rew_mean        | 5.19      |
| time/                 |           |
|    fps                | 401       |
|    iterations         | 14700     |
|    time_elapsed       | 183       |
|    total_timesteps    | 73500     |
| train/                |           |
|    entropy_loss       | -20.5     |
|    explained_variance | 0.9516181 |
|    learning_rate      | 0.0007    |
|    n_updates          | 14699     |
|    policy_loss        | 2.44      |
|    std                | 0.954     |
|    value_loss         | 0.0128    |
-------------------------------------
--------------------------------------
| rollout/              |            |
|    ep_len_mean        | 164        |
|    ep_rew_mean        | 5.14       |
| time/                 |            |
|    fps                | 402        |
|    iterations         | 14800      |
|    time_elapsed       | 184        |
|    total_timesteps    | 74000      |
| train/                |            |
|    entropy_loss       | -20.5      |
|    explained_variance | 0.25887066 |
|    learning_rate      | 0.0007     |
|    n_updates          | 14799      |
|    policy_loss        | -5.06      |
|    std                | 0.953      |
|    value_loss         | 0.0831     |
--------------------------------------
-------------------------------------
| rollout/              |           |
|    ep_len_mean        | 164       |
|    ep_rew_mean        | 5.15      |
| time/                 |           |
|    fps                | 403       |
|    iterations         | 14900     |
|    time_elapsed       | 184       |
|    total_timesteps    | 74500     |
| train/                |           |
|    entropy_loss       | -20.5     |
|    explained_variance | -28.21532 |
|    learning_rate      | 0.0007    |
|    n_updates          | 14899     |
|    policy_loss        | 12.1      |
|    std                | 0.955     |
|    value_loss         | 0.525     |
-------------------------------------
-------------------------------------
| rollout/              |           |
|    ep_len_mean        | 165       |
|    ep_rew_mean        | 5.13      |
| time/                 |           |
|    fps                | 404       |
|    iterations         | 15000     |
|    time_elapsed       | 185       |
|    total_timesteps    | 75000     |
| train/                |           |
|    entropy_loss       | -20.5     |
|    explained_variance | 0.9928685 |
|    learning_rate      | 0.0007    |
|    n_updates          | 14999     |
|    policy_loss        | -0.0425   |
|    std                | 0.954     |
|    value_loss         | 5.34e-06  |
-------------------------------------
-------------------------------------
| rollout/              |           |
|    ep_len_mean        | 165       |
|    ep_rew_mean        | 5.09      |
| time/                 |           |
|    fps                | 405       |
|    iterations         | 15100     |
|    time_elapsed       | 186       |
|    total_timesteps    | 75500     |
| train/                |           |
|    entropy_loss       | -20.5     |
|    explained_variance | 0.9879661 |
|    learning_rate      | 0.0007    |
|    n_updates          | 15099     |
|    policy_loss        | -0.0611   |
|    std                | 0.955     |
|    value_loss         | 8.53e-06  |
-------------------------------------
--------------------------------------
| rollout/              |            |
|    ep_len_mean        | 165        |
|    ep_rew_mean        | 5.09       |
| time/                 |            |
|    fps                | 406        |
|    iterations         | 15200      |
|    time_elapsed       | 187        |
|    total_timesteps    | 76000      |
| train/                |            |
|    entropy_loss       | -20.5      |
|    explained_variance | -376.72003 |
|    learning_rate      | 0.0007     |
|    n_updates          | 15199      |
|    policy_loss        | 36.8       |
|    std                | 0.955      |
|    value_loss         | 6.48       |
--------------------------------------
--------------------------------------
| rollout/              |            |
|    ep_len_mean        | 165        |
|    ep_rew_mean        | 5.01       |
| time/                 |            |
|    fps                | 407        |
|    iterations         | 15300      |
|    time_elapsed       | 187        |
|    total_timesteps    | 76500      |
| train/                |            |
|    entropy_loss       | -20.5      |
|    explained_variance | 0.98400486 |
|    learning_rate      | 0.0007     |
|    n_updates          | 15299      |
|    policy_loss        | -0.927     |
|    std                | 0.954      |
|    value_loss         | 0.00219    |
--------------------------------------
-------------------------------------
| rollout/              |           |
|    ep_len_mean        | 164       |
|    ep_rew_mean        | 4.88      |
| time/                 |           |
|    fps                | 408       |
|    iterations         | 15400     |
|    time_elapsed       | 188       |
|    total_timesteps    | 77000     |
| train/                |           |
|    entropy_loss       | -20.5     |
|    explained_variance | 0.5979844 |
|    learning_rate      | 0.0007    |
|    n_updates          | 15399     |
|    policy_loss        | 1.05      |
|    std                | 0.952     |
|    value_loss         | 0.0344    |
-------------------------------------
--------------------------------------
| rollout/              |            |
|    ep_len_mean        | 164        |
|    ep_rew_mean        | 4.78       |
| time/                 |            |
|    fps                | 409        |
|    iterations         | 15500      |
|    time_elapsed       | 189        |
|    total_timesteps    | 77500      |
| train/                |            |
|    entropy_loss       | -20.5      |
|    explained_variance | -7.6105185 |
|    learning_rate      | 0.0007     |
|    n_updates          | 15499      |
|    policy_loss        | -0.239     |
|    std                | 0.952      |
|    value_loss         | 0.00017    |
--------------------------------------
-------------------------------------
| rollout/              |           |
|    ep_len_mean        | 164       |
|    ep_rew_mean        | 4.78      |
| time/                 |           |
|    fps                | 410       |
|    iterations         | 15600     |
|    time_elapsed       | 189       |
|    total_timesteps    | 78000     |
| train/                |           |
|    entropy_loss       | -20.5     |
|    explained_variance | 0.8743272 |
|    learning_rate      | 0.0007    |
|    n_updates          | 15599     |
|    policy_loss        | 0.0513    |
|    std                | 0.95      |
|    value_loss         | 8.28e-06  |
-------------------------------------
-------------------------------------
| rollout/              |           |
|    ep_len_mean        | 164       |
|    ep_rew_mean        | 4.76      |
| time/                 |           |
|    fps                | 411       |
|    iterations         | 15700     |
|    time_elapsed       | 190       |
|    total_timesteps    | 78500     |
| train/                |           |
|    entropy_loss       | -20.5     |
|    explained_variance | 0.8880124 |
|    learning_rate      | 0.0007    |
|    n_updates          | 15699     |
|    policy_loss        | -0.0338   |
|    std                | 0.951     |
|    value_loss         | 4.6e-06   |
-------------------------------------
--------------------------------------
| rollout/              |            |
|    ep_len_mean        | 164        |
|    ep_rew_mean        | 4.71       |
| time/                 |            |
|    fps                | 412        |
|    iterations         | 15800      |
|    time_elapsed       | 191        |
|    total_timesteps    | 79000      |
| train/                |            |
|    entropy_loss       | -20.4      |
|    explained_variance | 0.98831755 |
|    learning_rate      | 0.0007     |
|    n_updates          | 15799      |
|    policy_loss        | 0.00291    |
|    std                | 0.949      |
|    value_loss         | 3.39e-07   |
--------------------------------------
-------------------------------------
| rollout/              |           |
|    ep_len_mean        | 165       |
|    ep_rew_mean        | 4.75      |
| time/                 |           |
|    fps                | 413       |
|    iterations         | 15900     |
|    time_elapsed       | 192       |
|    total_timesteps    | 79500     |
| train/                |           |
|    entropy_loss       | -20.4     |
|    explained_variance | 0.9987737 |
|    learning_rate      | 0.0007    |
|    n_updates          | 15899     |
|    policy_loss        | -0.0179   |
|    std                | 0.944     |
|    value_loss         | 6.85e-07  |
-------------------------------------
-------------------------------------
| rollout/              |           |
|    ep_len_mean        | 165       |
|    ep_rew_mean        | 4.84      |
| time/                 |           |
|    fps                | 414       |
|    iterations         | 16000     |
|    time_elapsed       | 193       |
|    total_timesteps    | 80000     |
| train/                |           |
|    entropy_loss       | -20.3     |
|    explained_variance | 0.9945333 |
|    learning_rate      | 0.0007    |
|    n_updates          | 15999     |
|    policy_loss        | 0.0188    |
|    std                | 0.941     |
|    value_loss         | 9.56e-07  |
-------------------------------------
-------------------------------------
| rollout/              |           |
|    ep_len_mean        | 165       |
|    ep_rew_mean        | 4.93      |
| time/                 |           |
|    fps                | 415       |
|    iterations         | 16100     |
|    time_elapsed       | 193       |
|    total_timesteps    | 80500     |
| train/                |           |
|    entropy_loss       | -20.3     |
|    explained_variance | 0.9474518 |
|    learning_rate      | 0.0007    |
|    n_updates          | 16099     |
|    policy_loss        | 0.054     |
|    std                | 0.942     |
|    value_loss         | 9.27e-06  |
-------------------------------------
--------------------------------------
| rollout/              |            |
|    ep_len_mean        | 165        |
|    ep_rew_mean        | 4.95       |
| time/                 |            |
|    fps                | 416        |
|    iterations         | 16200      |
|    time_elapsed       | 194        |
|    total_timesteps    | 81000      |
| train/                |            |
|    entropy_loss       | -20.3      |
|    explained_variance | 0.80092347 |
|    learning_rate      | 0.0007     |
|    n_updates          | 16199      |
|    policy_loss        | -0.0114    |
|    std                | 0.941      |
|    value_loss         | 4.15e-06   |
--------------------------------------
--------------------------------------
| rollout/              |            |
|    ep_len_mean        | 165        |
|    ep_rew_mean        | 4.96       |
| time/                 |            |
|    fps                | 416        |
|    iterations         | 16300      |
|    time_elapsed       | 195        |
|    total_timesteps    | 81500      |
| train/                |            |
|    entropy_loss       | -20.3      |
|    explained_variance | -1.1911118 |
|    learning_rate      | 0.0007     |
|    n_updates          | 16299      |
|    policy_loss        | 0.000177   |
|    std                | 0.94       |
|    value_loss         | 6.64e-06   |
--------------------------------------
--------------------------------------
| rollout/              |            |
|    ep_len_mean        | 165        |
|    ep_rew_mean        | 4.95       |
| time/                 |            |
|    fps                | 416        |
|    iterations         | 16400      |
|    time_elapsed       | 196        |
|    total_timesteps    | 82000      |
| train/                |            |
|    entropy_loss       | -20.3      |
|    explained_variance | -39.214985 |
|    learning_rate      | 0.0007     |
|    n_updates          | 16399      |
|    policy_loss        | 0.452      |
|    std                | 0.937      |
|    value_loss         | 0.000703   |
--------------------------------------
--------------------------------------
| rollout/              |            |
|    ep_len_mean        | 165        |
|    ep_rew_mean        | 4.92       |
| time/                 |            |
|    fps                | 416        |
|    iterations         | 16500      |
|    time_elapsed       | 198        |
|    total_timesteps    | 82500      |
| train/                |            |
|    entropy_loss       | -20.2      |
|    explained_variance | -0.6184025 |
|    learning_rate      | 0.0007     |
|    n_updates          | 16499      |
|    policy_loss        | -0.14      |
|    std                | 0.935      |
|    value_loss         | 5.8e-05    |
--------------------------------------
-------------------------------------
| rollout/              |           |
|    ep_len_mean        | 165       |
|    ep_rew_mean        | 4.96      |
| time/                 |           |
|    fps                | 415       |
|    iterations         | 16600     |
|    time_elapsed       | 199       |
|    total_timesteps    | 83000     |
| train/                |           |
|    entropy_loss       | -20.2     |
|    explained_variance | -386.2134 |
|    learning_rate      | 0.0007    |
|    n_updates          | 16599     |
|    policy_loss        | -0.361    |
|    std                | 0.934     |
|    value_loss         | 0.00226   |
-------------------------------------
--------------------------------------
| rollout/              |            |
|    ep_len_mean        | 165        |
|    ep_rew_mean        | 4.99       |
| time/                 |            |
|    fps                | 415        |
|    iterations         | 16700      |
|    time_elapsed       | 200        |
|    total_timesteps    | 83500      |
| train/                |            |
|    entropy_loss       | -20.1      |
|    explained_variance | -1.0325699 |
|    learning_rate      | 0.0007     |
|    n_updates          | 16699      |
|    policy_loss        | -1.64      |
|    std                | 0.931      |
|    value_loss         | 0.00808    |
--------------------------------------
-------------------------------------
| rollout/              |           |
|    ep_len_mean        | 166       |
|    ep_rew_mean        | 5.03      |
| time/                 |           |
|    fps                | 415       |
|    iterations         | 16800     |
|    time_elapsed       | 201       |
|    total_timesteps    | 84000     |
| train/                |           |
|    entropy_loss       | -20.2     |
|    explained_variance | 0.9926016 |
|    learning_rate      | 0.0007    |
|    n_updates          | 16799     |
|    policy_loss        | 0.452     |
|    std                | 0.934     |
|    value_loss         | 0.000627  |
-------------------------------------
--------------------------------------
| rollout/              |            |
|    ep_len_mean        | 165        |
|    ep_rew_mean        | 5.04       |
| time/                 |            |
|    fps                | 416        |
|    iterations         | 16900      |
|    time_elapsed       | 202        |
|    total_timesteps    | 84500      |
| train/                |            |
|    entropy_loss       | -20.2      |
|    explained_variance | 0.98305583 |
|    learning_rate      | 0.0007     |
|    n_updates          | 16899      |
|    policy_loss        | 0.84       |
|    std                | 0.932      |
|    value_loss         | 0.004      |
--------------------------------------
-------------------------------------
| rollout/              |           |
|    ep_len_mean        | 165       |
|    ep_rew_mean        | 5.06      |
| time/                 |           |
|    fps                | 417       |
|    iterations         | 17000     |
|    time_elapsed       | 203       |
|    total_timesteps    | 85000     |
| train/                |           |
|    entropy_loss       | -20.2     |
|    explained_variance | 0.9417301 |
|    learning_rate      | 0.0007    |
|    n_updates          | 16999     |
|    policy_loss        | -3.59     |
|    std                | 0.932     |
|    value_loss         | 0.0491    |
-------------------------------------
-------------------------------------
| rollout/              |           |
|    ep_len_mean        | 166       |
|    ep_rew_mean        | 5.1       |
| time/                 |           |
|    fps                | 418       |
|    iterations         | 17100     |
|    time_elapsed       | 204       |
|    total_timesteps    | 85500     |
| train/                |           |
|    entropy_loss       | -20.2     |
|    explained_variance | 0.9634919 |
|    learning_rate      | 0.0007    |
|    n_updates          | 17099     |
|    policy_loss        | -0.0668   |
|    std                | 0.933     |
|    value_loss         | 1.61e-05  |
-------------------------------------
--------------------------------------
| rollout/              |            |
|    ep_len_mean        | 166        |
|    ep_rew_mean        | 5.1        |
| time/                 |            |
|    fps                | 419        |
|    iterations         | 17200      |
|    time_elapsed       | 205        |
|    total_timesteps    | 86000      |
| train/                |            |
|    entropy_loss       | -20.2      |
|    explained_variance | 0.99857867 |
|    learning_rate      | 0.0007     |
|    n_updates          | 17199      |
|    policy_loss        | -0.0321    |
|    std                | 0.933      |
|    value_loss         | 2.81e-06   |
--------------------------------------
--------------------------------------
| rollout/              |            |
|    ep_len_mean        | 166        |
|    ep_rew_mean        | 5.14       |
| time/                 |            |
|    fps                | 419        |
|    iterations         | 17300      |
|    time_elapsed       | 206        |
|    total_timesteps    | 86500      |
| train/                |            |
|    entropy_loss       | -20.2      |
|    explained_variance | 0.99968237 |
|    learning_rate      | 0.0007     |
|    n_updates          | 17299      |
|    policy_loss        | 0.00601    |
|    std                | 0.933      |
|    value_loss         | 8.46e-08   |
--------------------------------------
--------------------------------------
| rollout/              |            |
|    ep_len_mean        | 166        |
|    ep_rew_mean        | 5.19       |
| time/                 |            |
|    fps                | 420        |
|    iterations         | 17400      |
|    time_elapsed       | 206        |
|    total_timesteps    | 87000      |
| train/                |            |
|    entropy_loss       | -20.2      |
|    explained_variance | 0.98284674 |
|    learning_rate      | 0.0007     |
|    n_updates          | 17399      |
|    policy_loss        | 0.042      |
|    std                | 0.933      |
|    value_loss         | 5.77e-06   |
--------------------------------------
--------------------------------------
| rollout/              |            |
|    ep_len_mean        | 166        |
|    ep_rew_mean        | 5.32       |
| time/                 |            |
|    fps                | 421        |
|    iterations         | 17500      |
|    time_elapsed       | 207        |
|    total_timesteps    | 87500      |
| train/                |            |
|    entropy_loss       | -20.2      |
|    explained_variance | 0.99467427 |
|    learning_rate      | 0.0007     |
|    n_updates          | 17499      |
|    policy_loss        | 0.0324     |
|    std                | 0.933      |
|    value_loss         | 2.96e-06   |
--------------------------------------
--------------------------------------
| rollout/              |            |
|    ep_len_mean        | 166        |
|    ep_rew_mean        | 5.41       |
| time/                 |            |
|    fps                | 422        |
|    iterations         | 17600      |
|    time_elapsed       | 208        |
|    total_timesteps    | 88000      |
| train/                |            |
|    entropy_loss       | -20.2      |
|    explained_variance | 0.90909356 |
|    learning_rate      | 0.0007     |
|    n_updates          | 17599      |
|    policy_loss        | 0.0652     |
|    std                | 0.933      |
|    value_loss         | 1.3e-05    |
--------------------------------------
-------------------------------------
| rollout/              |           |
|    ep_len_mean        | 167       |
|    ep_rew_mean        | 5.52      |
| time/                 |           |
|    fps                | 423       |
|    iterations         | 17700     |
|    time_elapsed       | 209       |
|    total_timesteps    | 88500     |
| train/                |           |
|    entropy_loss       | -20.1     |
|    explained_variance | 0.8344309 |
|    learning_rate      | 0.0007    |
|    n_updates          | 17699     |
|    policy_loss        | 0.0998    |
|    std                | 0.931     |
|    value_loss         | 2.24e-05  |
-------------------------------------
--------------------------------------
| rollout/              |            |
|    ep_len_mean        | 167        |
|    ep_rew_mean        | 5.65       |
| time/                 |            |
|    fps                | 423        |
|    iterations         | 17800      |
|    time_elapsed       | 210        |
|    total_timesteps    | 89000      |
| train/                |            |
|    entropy_loss       | -20.1      |
|    explained_variance | 0.09793502 |
|    learning_rate      | 0.0007     |
|    n_updates          | 17799      |
|    policy_loss        | 0.044      |
|    std                | 0.93       |
|    value_loss         | 1.89e-05   |
--------------------------------------
--------------------------------------
| rollout/              |            |
|    ep_len_mean        | 168        |
|    ep_rew_mean        | 5.76       |
| time/                 |            |
|    fps                | 423        |
|    iterations         | 17900      |
|    time_elapsed       | 211        |
|    total_timesteps    | 89500      |
| train/                |            |
|    entropy_loss       | -20.1      |
|    explained_variance | -3.1344242 |
|    learning_rate      | 0.0007     |
|    n_updates          | 17899      |
|    policy_loss        | -0.365     |
|    std                | 0.93       |
|    value_loss         | 0.000364   |
--------------------------------------
--------------------------------------
| rollout/              |            |
|    ep_len_mean        | 168        |
|    ep_rew_mean        | 5.91       |
| time/                 |            |
|    fps                | 423        |
|    iterations         | 18000      |
|    time_elapsed       | 212        |
|    total_timesteps    | 90000      |
| train/                |            |
|    entropy_loss       | -20.2      |
|    explained_variance | -0.3739177 |
|    learning_rate      | 0.0007     |
|    n_updates          | 17999      |
|    policy_loss        | -2.33      |
|    std                | 0.931      |
|    value_loss         | 0.0147     |
--------------------------------------
------------------------------------
| rollout/              |          |
|    ep_len_mean        | 168      |
|    ep_rew_mean        | 6        |
| time/                 |          |
|    fps                | 424      |
|    iterations         | 18100    |
|    time_elapsed       | 213      |
|    total_timesteps    | 90500    |
| train/                |          |
|    entropy_loss       | -20.1    |
|    explained_variance | 0.949938 |
|    learning_rate      | 0.0007   |
|    n_updates          | 18099    |
|    policy_loss        | -1.27    |
|    std                | 0.93     |
|    value_loss         | 0.0041   |
------------------------------------
-------------------------------------
| rollout/              |           |
|    ep_len_mean        | 168       |
|    ep_rew_mean        | 6.02      |
| time/                 |           |
|    fps                | 425       |
|    iterations         | 18200     |
|    time_elapsed       | 214       |
|    total_timesteps    | 91000     |
| train/                |           |
|    entropy_loss       | -20.1     |
|    explained_variance | 0.9974485 |
|    learning_rate      | 0.0007    |
|    n_updates          | 18199     |
|    policy_loss        | 0.157     |
|    std                | 0.929     |
|    value_loss         | 0.000103  |
-------------------------------------
-------------------------------------
| rollout/              |           |
|    ep_len_mean        | 168       |
|    ep_rew_mean        | 5.98      |
| time/                 |           |
|    fps                | 425       |
|    iterations         | 18300     |
|    time_elapsed       | 214       |
|    total_timesteps    | 91500     |
| train/                |           |
|    entropy_loss       | -20.1     |
|    explained_variance | 0.9936603 |
|    learning_rate      | 0.0007    |
|    n_updates          | 18299     |
|    policy_loss        | -5.44     |
|    std                | 0.929     |
|    value_loss         | 0.0648    |
-------------------------------------
-------------------------------------
| rollout/              |           |
|    ep_len_mean        | 168       |
|    ep_rew_mean        | 6.01      |
| time/                 |           |
|    fps                | 426       |
|    iterations         | 18400     |
|    time_elapsed       | 215       |
|    total_timesteps    | 92000     |
| train/                |           |
|    entropy_loss       | -20.1     |
|    explained_variance | 0.9962164 |
|    learning_rate      | 0.0007    |
|    n_updates          | 18399     |
|    policy_loss        | -0.0156   |
|    std                | 0.929     |
|    value_loss         | 8.66e-07  |
-------------------------------------
--------------------------------------
| rollout/              |            |
|    ep_len_mean        | 168        |
|    ep_rew_mean        | 6.05       |
| time/                 |            |
|    fps                | 427        |
|    iterations         | 18500      |
|    time_elapsed       | 216        |
|    total_timesteps    | 92500      |
| train/                |            |
|    entropy_loss       | -20.1      |
|    explained_variance | 0.99934745 |
|    learning_rate      | 0.0007     |
|    n_updates          | 18499      |
|    policy_loss        | 0.0074     |
|    std                | 0.93       |
|    value_loss         | 1.96e-07   |
--------------------------------------
-------------------------------------
| rollout/              |           |
|    ep_len_mean        | 169       |
|    ep_rew_mean        | 6.14      |
| time/                 |           |
|    fps                | 427       |
|    iterations         | 18600     |
|    time_elapsed       | 217       |
|    total_timesteps    | 93000     |
| train/                |           |
|    entropy_loss       | -20.1     |
|    explained_variance | 0.9935325 |
|    learning_rate      | 0.0007    |
|    n_updates          | 18599     |
|    policy_loss        | 0.0153    |
|    std                | 0.929     |
|    value_loss         | 1.37e-06  |
-------------------------------------
-------------------------------------
| rollout/              |           |
|    ep_len_mean        | 169       |
|    ep_rew_mean        | 6.25      |
| time/                 |           |
|    fps                | 428       |
|    iterations         | 18700     |
|    time_elapsed       | 218       |
|    total_timesteps    | 93500     |
| train/                |           |
|    entropy_loss       | -20.1     |
|    explained_variance | 0.9367639 |
|    learning_rate      | 0.0007    |
|    n_updates          | 18699     |
|    policy_loss        | 0.0761    |
|    std                | 0.928     |
|    value_loss         | 1.75e-05  |
-------------------------------------
-------------------------------------
| rollout/              |           |
|    ep_len_mean        | 169       |
|    ep_rew_mean        | 6.4       |
| time/                 |           |
|    fps                | 428       |
|    iterations         | 18800     |
|    time_elapsed       | 219       |
|    total_timesteps    | 94000     |
| train/                |           |
|    entropy_loss       | -20.1     |
|    explained_variance | 0.9250498 |
|    learning_rate      | 0.0007    |
|    n_updates          | 18799     |
|    policy_loss        | 0.0676    |
|    std                | 0.926     |
|    value_loss         | 1.4e-05   |
-------------------------------------
-------------------------------------
| rollout/              |           |
|    ep_len_mean        | 170       |
|    ep_rew_mean        | 6.47      |
| time/                 |           |
|    fps                | 426       |
|    iterations         | 18900     |
|    time_elapsed       | 221       |
|    total_timesteps    | 94500     |
| train/                |           |
|    entropy_loss       | -20.1     |
|    explained_variance | 0.9979373 |
|    learning_rate      | 0.0007    |
|    n_updates          | 18899     |
|    policy_loss        | 0.00788   |
|    std                | 0.927     |
|    value_loss         | 2.12e-07  |
-------------------------------------
-------------------------------------
| rollout/              |           |
|    ep_len_mean        | 170       |
|    ep_rew_mean        | 6.5       |
| time/                 |           |
|    fps                | 426       |
|    iterations         | 19000     |
|    time_elapsed       | 222       |
|    total_timesteps    | 95000     |
| train/                |           |
|    entropy_loss       | -20.1     |
|    explained_variance | 0.9494606 |
|    learning_rate      | 0.0007    |
|    n_updates          | 18999     |
|    policy_loss        | 0.0721    |
|    std                | 0.927     |
|    value_loss         | 1.44e-05  |
-------------------------------------
-------------------------------------
| rollout/              |           |
|    ep_len_mean        | 170       |
|    ep_rew_mean        | 6.56      |
| time/                 |           |
|    fps                | 427       |
|    iterations         | 19100     |
|    time_elapsed       | 223       |
|    total_timesteps    | 95500     |
| train/                |           |
|    entropy_loss       | -20.1     |
|    explained_variance | 0.7987843 |
|    learning_rate      | 0.0007    |
|    n_updates          | 19099     |
|    policy_loss        | 0.107     |
|    std                | 0.93      |
|    value_loss         | 3.28e-05  |
-------------------------------------
-------------------------------------
| rollout/              |           |
|    ep_len_mean        | 170       |
|    ep_rew_mean        | 6.59      |
| time/                 |           |
|    fps                | 427       |
|    iterations         | 19200     |
|    time_elapsed       | 224       |
|    total_timesteps    | 96000     |
| train/                |           |
|    entropy_loss       | -20.2     |
|    explained_variance | 0.9836512 |
|    learning_rate      | 0.0007    |
|    n_updates          | 19199     |
|    policy_loss        | 0.0166    |
|    std                | 0.932     |
|    value_loss         | 1.4e-06   |
-------------------------------------
--------------------------------------
| rollout/              |            |
|    ep_len_mean        | 170        |
|    ep_rew_mean        | 6.54       |
| time/                 |            |
|    fps                | 428        |
|    iterations         | 19300      |
|    time_elapsed       | 225        |
|    total_timesteps    | 96500      |
| train/                |            |
|    entropy_loss       | -20.1      |
|    explained_variance | 0.98872757 |
|    learning_rate      | 0.0007     |
|    n_updates          | 19299      |
|    policy_loss        | -0.0336    |
|    std                | 0.93       |
|    value_loss         | 3.45e-06   |
--------------------------------------
--------------------------------------
| rollout/              |            |
|    ep_len_mean        | 170        |
|    ep_rew_mean        | 6.49       |
| time/                 |            |
|    fps                | 429        |
|    iterations         | 19400      |
|    time_elapsed       | 225        |
|    total_timesteps    | 97000      |
| train/                |            |
|    entropy_loss       | -20.2      |
|    explained_variance | 0.98236513 |
|    learning_rate      | 0.0007     |
|    n_updates          | 19399      |
|    policy_loss        | -0.0367    |
|    std                | 0.932      |
|    value_loss         | 4e-06      |
--------------------------------------
--------------------------------------
| rollout/              |            |
|    ep_len_mean        | 169        |
|    ep_rew_mean        | 6.45       |
| time/                 |            |
|    fps                | 429        |
|    iterations         | 19500      |
|    time_elapsed       | 226        |
|    total_timesteps    | 97500      |
| train/                |            |
|    entropy_loss       | -20.2      |
|    explained_variance | 0.99964917 |
|    learning_rate      | 0.0007     |
|    n_updates          | 19499      |
|    policy_loss        | -0.00433   |
|    std                | 0.932      |
|    value_loss         | 7.88e-08   |
--------------------------------------
-------------------------------------
| rollout/              |           |
|    ep_len_mean        | 169       |
|    ep_rew_mean        | 6.46      |
| time/                 |           |
|    fps                | 430       |
|    iterations         | 19600     |
|    time_elapsed       | 227       |
|    total_timesteps    | 98000     |
| train/                |           |
|    entropy_loss       | -20.1     |
|    explained_variance | 0.9172177 |
|    learning_rate      | 0.0007    |
|    n_updates          | 19599     |
|    policy_loss        | -0.201    |
|    std                | 0.929     |
|    value_loss         | 0.000127  |
-------------------------------------
------------------------------------
| rollout/              |          |
|    ep_len_mean        | 169      |
|    ep_rew_mean        | 6.42     |
| time/                 |          |
|    fps                | 430      |
|    iterations         | 19700    |
|    time_elapsed       | 228      |
|    total_timesteps    | 98500    |
| train/                |          |
|    entropy_loss       | -20.1    |
|    explained_variance | -0.83682 |
|    learning_rate      | 0.0007   |
|    n_updates          | 19699    |
|    policy_loss        | -8.21    |
|    std                | 0.93     |
|    value_loss         | 0.143    |
------------------------------------
--------------------------------------
| rollout/              |            |
|    ep_len_mean        | 169        |
|    ep_rew_mean        | 6.44       |
| time/                 |            |
|    fps                | 431        |
|    iterations         | 19800      |
|    time_elapsed       | 229        |
|    total_timesteps    | 99000      |
| train/                |            |
|    entropy_loss       | -20.1      |
|    explained_variance | -418.00095 |
|    learning_rate      | 0.0007     |
|    n_updates          | 19799      |
|    policy_loss        | 39.6       |
|    std                | 0.929      |
|    value_loss         | 6.92       |
--------------------------------------
--------------------------------------
| rollout/              |            |
|    ep_len_mean        | 169        |
|    ep_rew_mean        | 6.43       |
| time/                 |            |
|    fps                | 432        |
|    iterations         | 19900      |
|    time_elapsed       | 230        |
|    total_timesteps    | 99500      |
| train/                |            |
|    entropy_loss       | -20.1      |
|    explained_variance | 0.96374714 |
|    learning_rate      | 0.0007     |
|    n_updates          | 19899      |
|    policy_loss        | -0.072     |
|    std                | 0.929      |
|    value_loss         | 1.88e-05   |
--------------------------------------
-------------------------------------
| rollout/              |           |
|    ep_len_mean        | 169       |
|    ep_rew_mean        | 6.42      |
| time/                 |           |
|    fps                | 432       |
|    iterations         | 20000     |
|    time_elapsed       | 230       |
|    total_timesteps    | 100000    |
| train/                |           |
|    entropy_loss       | -20.2     |
|    explained_variance | 0.9720538 |
|    learning_rate      | 0.0007    |
|    n_updates          | 19999     |
|    policy_loss        | -0.0961   |
|    std                | 0.931     |
|    value_loss         | 2.55e-05  |
-------------------------------------
-------------------------------------
| rollout/              |           |
|    ep_len_mean        | 169       |
|    ep_rew_mean        | 6.42      |
| time/                 |           |
|    fps                | 433       |
|    iterations         | 20100     |
|    time_elapsed       | 231       |
|    total_timesteps    | 100500    |
| train/                |           |
|    entropy_loss       | -20.1     |
|    explained_variance | 0.9893037 |
|    learning_rate      | 0.0007    |
|    n_updates          | 20099     |
|    policy_loss        | -0.0235   |
|    std                | 0.93      |
|    value_loss         | 1.93e-06  |
-------------------------------------
--------------------------------------
| rollout/              |            |
|    ep_len_mean        | 169        |
|    ep_rew_mean        | 6.4        |
| time/                 |            |
|    fps                | 434        |
|    iterations         | 20200      |
|    time_elapsed       | 232        |
|    total_timesteps    | 101000     |
| train/                |            |
|    entropy_loss       | -20.1      |
|    explained_variance | 0.96984035 |
|    learning_rate      | 0.0007     |
|    n_updates          | 20199      |
|    policy_loss        | 0.0468     |
|    std                | 0.929      |
|    value_loss         | 7.97e-06   |
--------------------------------------
--------------------------------------
| rollout/              |            |
|    ep_len_mean        | 169        |
|    ep_rew_mean        | 6.34       |
| time/                 |            |
|    fps                | 434        |
|    iterations         | 20300      |
|    time_elapsed       | 233        |
|    total_timesteps    | 101500     |
| train/                |            |
|    entropy_loss       | -20.1      |
|    explained_variance | 0.99179906 |
|    learning_rate      | 0.0007     |
|    n_updates          | 20299      |
|    policy_loss        | -0.0569    |
|    std                | 0.929      |
|    value_loss         | 9.46e-06   |
--------------------------------------
--------------------------------------
| rollout/              |            |
|    ep_len_mean        | 169        |
|    ep_rew_mean        | 6.31       |
| time/                 |            |
|    fps                | 435        |
|    iterations         | 20400      |
|    time_elapsed       | 234        |
|    total_timesteps    | 102000     |
| train/                |            |
|    entropy_loss       | -20.1      |
|    explained_variance | 0.99002784 |
|    learning_rate      | 0.0007     |
|    n_updates          | 20399      |
|    policy_loss        | -0.0597    |
|    std                | 0.927      |
|    value_loss         | 8.65e-06   |
--------------------------------------
-------------------------------------
| rollout/              |           |
|    ep_len_mean        | 169       |
|    ep_rew_mean        | 6.31      |
| time/                 |           |
|    fps                | 436       |
|    iterations         | 20500     |
|    time_elapsed       | 234       |
|    total_timesteps    | 102500    |
| train/                |           |
|    entropy_loss       | -20.1     |
|    explained_variance | 0.9859702 |
|    learning_rate      | 0.0007    |
|    n_updates          | 20499     |
|    policy_loss        | 0.0263    |
|    std                | 0.927     |
|    value_loss         | 2.21e-06  |
-------------------------------------
--------------------------------------
| rollout/              |            |
|    ep_len_mean        | 169        |
|    ep_rew_mean        | 6.32       |
| time/                 |            |
|    fps                | 436        |
|    iterations         | 20600      |
|    time_elapsed       | 235        |
|    total_timesteps    | 103000     |
| train/                |            |
|    entropy_loss       | -20.1      |
|    explained_variance | 0.81399274 |
|    learning_rate      | 0.0007     |
|    n_updates          | 20599      |
|    policy_loss        | -0.0949    |
|    std                | 0.929      |
|    value_loss         | 2.7e-05    |
--------------------------------------
------------------------------------
| rollout/              |          |
|    ep_len_mean        | 169      |
|    ep_rew_mean        | 6.33     |
| time/                 |          |
|    fps                | 436      |
|    iterations         | 20700    |
|    time_elapsed       | 236      |
|    total_timesteps    | 103500   |
| train/                |          |
|    entropy_loss       | -20.1    |
|    explained_variance | 0.967642 |
|    learning_rate      | 0.0007   |
|    n_updates          | 20699    |
|    policy_loss        | -0.0429  |
|    std                | 0.929    |
|    value_loss         | 5.64e-06 |
------------------------------------
--------------------------------------
| rollout/              |            |
|    ep_len_mean        | 169        |
|    ep_rew_mean        | 6.31       |
| time/                 |            |
|    fps                | 437        |
|    iterations         | 20800      |
|    time_elapsed       | 237        |
|    total_timesteps    | 104000     |
| train/                |            |
|    entropy_loss       | -20.1      |
|    explained_variance | -1.2031965 |
|    learning_rate      | 0.0007     |
|    n_updates          | 20799      |
|    policy_loss        | 0.273      |
|    std                | 0.928      |
|    value_loss         | 0.000158   |
--------------------------------------
--------------------------------------
| rollout/              |            |
|    ep_len_mean        | 169        |
|    ep_rew_mean        | 6.3        |
| time/                 |            |
|    fps                | 437        |
|    iterations         | 20900      |
|    time_elapsed       | 238        |
|    total_timesteps    | 104500     |
| train/                |            |
|    entropy_loss       | -20.1      |
|    explained_variance | 0.83149374 |
|    learning_rate      | 0.0007     |
|    n_updates          | 20899      |
|    policy_loss        | -0.0895    |
|    std                | 0.927      |
|    value_loss         | 2.49e-05   |
--------------------------------------
--------------------------------------
| rollout/              |            |
|    ep_len_mean        | 168        |
|    ep_rew_mean        | 6.27       |
| time/                 |            |
|    fps                | 438        |
|    iterations         | 21000      |
|    time_elapsed       | 239        |
|    total_timesteps    | 105000     |
| train/                |            |
|    entropy_loss       | -20.1      |
|    explained_variance | 0.89082325 |
|    learning_rate      | 0.0007     |
|    n_updates          | 20999      |
|    policy_loss        | 0.0801     |
|    std                | 0.926      |
|    value_loss         | 1.9e-05    |
--------------------------------------
--------------------------------------
| rollout/              |            |
|    ep_len_mean        | 168        |
|    ep_rew_mean        | 6.27       |
| time/                 |            |
|    fps                | 438        |
|    iterations         | 21100      |
|    time_elapsed       | 240        |
|    total_timesteps    | 105500     |
| train/                |            |
|    entropy_loss       | -20.1      |
|    explained_variance | 0.96211183 |
|    learning_rate      | 0.0007     |
|    n_updates          | 21099      |
|    policy_loss        | 0.0527     |
|    std                | 0.926      |
|    value_loss         | 9.04e-06   |
--------------------------------------
--------------------------------------
| rollout/              |            |
|    ep_len_mean        | 168        |
|    ep_rew_mean        | 6.27       |
| time/                 |            |
|    fps                | 439        |
|    iterations         | 21200      |
|    time_elapsed       | 241        |
|    total_timesteps    | 106000     |
| train/                |            |
|    entropy_loss       | -20        |
|    explained_variance | 0.99250644 |
|    learning_rate      | 0.0007     |
|    n_updates          | 21199      |
|    policy_loss        | 0.0402     |
|    std                | 0.924      |
|    value_loss         | 3.48e-06   |
--------------------------------------
--------------------------------------
| rollout/              |            |
|    ep_len_mean        | 168        |
|    ep_rew_mean        | 6.29       |
| time/                 |            |
|    fps                | 440        |
|    iterations         | 21300      |
|    time_elapsed       | 242        |
|    total_timesteps    | 106500     |
| train/                |            |
|    entropy_loss       | -20        |
|    explained_variance | 0.91778517 |
|    learning_rate      | 0.0007     |
|    n_updates          | 21299      |
|    policy_loss        | 0.0589     |
|    std                | 0.924      |
|    value_loss         | 8.43e-06   |
--------------------------------------
-------------------------------------
| rollout/              |           |
|    ep_len_mean        | 168       |
|    ep_rew_mean        | 6.26      |
| time/                 |           |
|    fps                | 440       |
|    iterations         | 21400     |
|    time_elapsed       | 242       |
|    total_timesteps    | 107000    |
| train/                |           |
|    entropy_loss       | -20       |
|    explained_variance | 0.9966828 |
|    learning_rate      | 0.0007    |
|    n_updates          | 21399     |
|    policy_loss        | 0.0144    |
|    std                | 0.922     |
|    value_loss         | 5.95e-07  |
-------------------------------------
--------------------------------------
| rollout/              |            |
|    ep_len_mean        | 168        |
|    ep_rew_mean        | 6.23       |
| time/                 |            |
|    fps                | 441        |
|    iterations         | 21500      |
|    time_elapsed       | 243        |
|    total_timesteps    | 107500     |
| train/                |            |
|    entropy_loss       | -20        |
|    explained_variance | 0.89565355 |
|    learning_rate      | 0.0007     |
|    n_updates          | 21499      |
|    policy_loss        | 0.0747     |
|    std                | 0.922      |
|    value_loss         | 1.66e-05   |
--------------------------------------
--------------------------------------
| rollout/              |            |
|    ep_len_mean        | 168        |
|    ep_rew_mean        | 6.18       |
| time/                 |            |
|    fps                | 441        |
|    iterations         | 21600      |
|    time_elapsed       | 244        |
|    total_timesteps    | 108000     |
| train/                |            |
|    entropy_loss       | -20        |
|    explained_variance | 0.41545534 |
|    learning_rate      | 0.0007     |
|    n_updates          | 21599      |
|    policy_loss        | 0.135      |
|    std                | 0.921      |
|    value_loss         | 6.61e-05   |
--------------------------------------
-------------------------------------
| rollout/              |           |
|    ep_len_mean        | 167       |
|    ep_rew_mean        | 6.12      |
| time/                 |           |
|    fps                | 442       |
|    iterations         | 21700     |
|    time_elapsed       | 245       |
|    total_timesteps    | 108500    |
| train/                |           |
|    entropy_loss       | -20       |
|    explained_variance | 0.9480387 |
|    learning_rate      | 0.0007    |
|    n_updates          | 21699     |
|    policy_loss        | -0.0879   |
|    std                | 0.921     |
|    value_loss         | 2.25e-05  |
-------------------------------------
--------------------------------------
| rollout/              |            |
|    ep_len_mean        | 167        |
|    ep_rew_mean        | 6.1        |
| time/                 |            |
|    fps                | 443        |
|    iterations         | 21800      |
|    time_elapsed       | 245        |
|    total_timesteps    | 109000     |
| train/                |            |
|    entropy_loss       | -20        |
|    explained_variance | 0.97676444 |
|    learning_rate      | 0.0007     |
|    n_updates          | 21799      |
|    policy_loss        | 0.0391     |
|    std                | 0.922      |
|    value_loss         | 5.23e-06   |
--------------------------------------
--------------------------------------
| rollout/              |            |
|    ep_len_mean        | 167        |
|    ep_rew_mean        | 6.11       |
| time/                 |            |
|    fps                | 443        |
|    iterations         | 21900      |
|    time_elapsed       | 246        |
|    total_timesteps    | 109500     |
| train/                |            |
|    entropy_loss       | -20        |
|    explained_variance | -2.7966888 |
|    learning_rate      | 0.0007     |
|    n_updates          | 21899      |
|    policy_loss        | 0.165      |
|    std                | 0.919      |
|    value_loss         | 0.000138   |
--------------------------------------
-------------------------------------
| rollout/              |           |
|    ep_len_mean        | 168       |
|    ep_rew_mean        | 6.15      |
| time/                 |           |
|    fps                | 444       |
|    iterations         | 22000     |
|    time_elapsed       | 247       |
|    total_timesteps    | 110000    |
| train/                |           |
|    entropy_loss       | -20       |
|    explained_variance | 0.9117422 |
|    learning_rate      | 0.0007    |
|    n_updates          | 21999     |
|    policy_loss        | -3.92     |
|    std                | 0.919     |
|    value_loss         | 0.0555    |
-------------------------------------
-------------------------------------
| rollout/              |           |
|    ep_len_mean        | 168       |
|    ep_rew_mean        | 6.26      |
| time/                 |           |
|    fps                | 444       |
|    iterations         | 22100     |
|    time_elapsed       | 248       |
|    total_timesteps    | 110500    |
| train/                |           |
|    entropy_loss       | -20       |
|    explained_variance | 0.8174735 |
|    learning_rate      | 0.0007    |
|    n_updates          | 22099     |
|    policy_loss        | -0.0785   |
|    std                | 0.92      |
|    value_loss         | 2.29e-05  |
-------------------------------------
--------------------------------------
| rollout/              |            |
|    ep_len_mean        | 169        |
|    ep_rew_mean        | 6.32       |
| time/                 |            |
|    fps                | 444        |
|    iterations         | 22200      |
|    time_elapsed       | 249        |
|    total_timesteps    | 111000     |
| train/                |            |
|    entropy_loss       | -19.9      |
|    explained_variance | -420.37744 |
|    learning_rate      | 0.0007     |
|    n_updates          | 22199      |
|    policy_loss        | -0.531     |
|    std                | 0.918      |
|    value_loss         | 0.00712    |
--------------------------------------
-------------------------------------
| rollout/              |           |
|    ep_len_mean        | 169       |
|    ep_rew_mean        | 6.37      |
| time/                 |           |
|    fps                | 444       |
|    iterations         | 22300     |
|    time_elapsed       | 250       |
|    total_timesteps    | 111500    |
| train/                |           |
|    entropy_loss       | -19.9     |
|    explained_variance | 0.9419809 |
|    learning_rate      | 0.0007    |
|    n_updates          | 22299     |
|    policy_loss        | 4.4       |
|    std                | 0.916     |
|    value_loss         | 0.0814    |
-------------------------------------
---------------------------------------
| rollout/              |             |
|    ep_len_mean        | 170         |
|    ep_rew_mean        | 6.46        |
| time/                 |             |
|    fps                | 445         |
|    iterations         | 22400       |
|    time_elapsed       | 251         |
|    total_timesteps    | 112000      |
| train/                |             |
|    entropy_loss       | -19.9       |
|    explained_variance | -0.79144514 |
|    learning_rate      | 0.0007      |
|    n_updates          | 22399       |
|    policy_loss        | 0.228       |
|    std                | 0.917       |
|    value_loss         | 0.000152    |
---------------------------------------
--------------------------------------
| rollout/              |            |
|    ep_len_mean        | 171        |
|    ep_rew_mean        | 6.58       |
| time/                 |            |
|    fps                | 445        |
|    iterations         | 22500      |
|    time_elapsed       | 252        |
|    total_timesteps    | 112500     |
| train/                |            |
|    entropy_loss       | -20        |
|    explained_variance | 0.18554789 |
|    learning_rate      | 0.0007     |
|    n_updates          | 22499      |
|    policy_loss        | -2.07      |
|    std                | 0.92       |
|    value_loss         | 0.0165     |
--------------------------------------
-------------------------------------
| rollout/              |           |
|    ep_len_mean        | 171       |
|    ep_rew_mean        | 6.76      |
| time/                 |           |
|    fps                | 446       |
|    iterations         | 22600     |
|    time_elapsed       | 253       |
|    total_timesteps    | 113000    |
| train/                |           |
|    entropy_loss       | -20       |
|    explained_variance | 0.9755581 |
|    learning_rate      | 0.0007    |
|    n_updates          | 22599     |
|    policy_loss        | 0.0233    |
|    std                | 0.919     |
|    value_loss         | 2.13e-06  |
-------------------------------------
--------------------------------------
| rollout/              |            |
|    ep_len_mean        | 172        |
|    ep_rew_mean        | 6.93       |
| time/                 |            |
|    fps                | 446        |
|    iterations         | 22700      |
|    time_elapsed       | 254        |
|    total_timesteps    | 113500     |
| train/                |            |
|    entropy_loss       | -20        |
|    explained_variance | -0.6515578 |
|    learning_rate      | 0.0007     |
|    n_updates          | 22699      |
|    policy_loss        | 0.125      |
|    std                | 0.92       |
|    value_loss         | 0.000102   |
--------------------------------------
--------------------------------------
| rollout/              |            |
|    ep_len_mean        | 173        |
|    ep_rew_mean        | 7.03       |
| time/                 |            |
|    fps                | 447        |
|    iterations         | 22800      |
|    time_elapsed       | 254        |
|    total_timesteps    | 114000     |
| train/                |            |
|    entropy_loss       | -20        |
|    explained_variance | -2755.5564 |
|    learning_rate      | 0.0007     |
|    n_updates          | 22799      |
|    policy_loss        | 101        |
|    std                | 0.922      |
|    value_loss         | 38.4       |
--------------------------------------
--------------------------------------
| rollout/              |            |
|    ep_len_mean        | 174        |
|    ep_rew_mean        | 7.22       |
| time/                 |            |
|    fps                | 446        |
|    iterations         | 22900      |
|    time_elapsed       | 256        |
|    total_timesteps    | 114500     |
| train/                |            |
|    entropy_loss       | -20        |
|    explained_variance | -2.6776898 |
|    learning_rate      | 0.0007     |
|    n_updates          | 22899      |
|    policy_loss        | 0.746      |
|    std                | 0.924      |
|    value_loss         | 0.00136    |
--------------------------------------
--------------------------------------
| rollout/              |            |
|    ep_len_mean        | 175        |
|    ep_rew_mean        | 7.31       |
| time/                 |            |
|    fps                | 447        |
|    iterations         | 23000      |
|    time_elapsed       | 257        |
|    total_timesteps    | 115000     |
| train/                |            |
|    entropy_loss       | -20        |
|    explained_variance | -24.859161 |
|    learning_rate      | 0.0007     |
|    n_updates          | 22999      |
|    policy_loss        | 3.95       |
|    std                | 0.922      |
|    value_loss         | 0.0706     |
--------------------------------------
--------------------------------------
| rollout/              |            |
|    ep_len_mean        | 176        |
|    ep_rew_mean        | 7.44       |
| time/                 |            |
|    fps                | 447        |
|    iterations         | 23100      |
|    time_elapsed       | 258        |
|    total_timesteps    | 115500     |
| train/                |            |
|    entropy_loss       | -20        |
|    explained_variance | 0.99933785 |
|    learning_rate      | 0.0007     |
|    n_updates          | 23099      |
|    policy_loss        | 0.00456    |
|    std                | 0.924      |
|    value_loss         | 8.17e-08   |
--------------------------------------
------------------------------------
| rollout/              |          |
|    ep_len_mean        | 176      |
|    ep_rew_mean        | 7.54     |
| time/                 |          |
|    fps                | 448      |
|    iterations         | 23200    |
|    time_elapsed       | 258      |
|    total_timesteps    | 116000   |
| train/                |          |
|    entropy_loss       | -20      |
|    explained_variance | 0.814155 |
|    learning_rate      | 0.0007   |
|    n_updates          | 23199    |
|    policy_loss        | 1.34     |
|    std                | 0.92     |
|    value_loss         | 0.00701  |
------------------------------------
-------------------------------------
| rollout/              |           |
|    ep_len_mean        | 177       |
|    ep_rew_mean        | 7.62      |
| time/                 |           |
|    fps                | 448       |
|    iterations         | 23300     |
|    time_elapsed       | 259       |
|    total_timesteps    | 116500    |
| train/                |           |
|    entropy_loss       | -20       |
|    explained_variance | 0.9844396 |
|    learning_rate      | 0.0007    |
|    n_updates          | 23299     |
|    policy_loss        | -0.0973   |
|    std                | 0.92      |
|    value_loss         | 2.9e-05   |
-------------------------------------
-------------------------------------
| rollout/              |           |
|    ep_len_mean        | 178       |
|    ep_rew_mean        | 7.7       |
| time/                 |           |
|    fps                | 449       |
|    iterations         | 23400     |
|    time_elapsed       | 260       |
|    total_timesteps    | 117000    |
| train/                |           |
|    entropy_loss       | -20       |
|    explained_variance | -9.804261 |
|    learning_rate      | 0.0007    |
|    n_updates          | 23399     |
|    policy_loss        | 0.321     |
|    std                | 0.922     |
|    value_loss         | 0.000526  |
-------------------------------------
-------------------------------------
| rollout/              |           |
|    ep_len_mean        | 178       |
|    ep_rew_mean        | 7.77      |
| time/                 |           |
|    fps                | 449       |
|    iterations         | 23500     |
|    time_elapsed       | 261       |
|    total_timesteps    | 117500    |
| train/                |           |
|    entropy_loss       | -20       |
|    explained_variance | 0.9575375 |
|    learning_rate      | 0.0007    |
|    n_updates          | 23499     |
|    policy_loss        | 4.33      |
|    std                | 0.922     |
|    value_loss         | 0.0671    |
-------------------------------------
--------------------------------------
| rollout/              |            |
|    ep_len_mean        | 179        |
|    ep_rew_mean        | 7.83       |
| time/                 |            |
|    fps                | 450        |
|    iterations         | 23600      |
|    time_elapsed       | 262        |
|    total_timesteps    | 118000     |
| train/                |            |
|    entropy_loss       | -20        |
|    explained_variance | 0.68029714 |
|    learning_rate      | 0.0007     |
|    n_updates          | 23599      |
|    policy_loss        | 0.168      |
|    std                | 0.925      |
|    value_loss         | 8.34e-05   |
--------------------------------------
---------------------------------------
| rollout/              |             |
|    ep_len_mean        | 179         |
|    ep_rew_mean        | 7.95        |
| time/                 |             |
|    fps                | 450         |
|    iterations         | 23700       |
|    time_elapsed       | 262         |
|    total_timesteps    | 118500      |
| train/                |             |
|    entropy_loss       | -20         |
|    explained_variance | -0.22402608 |
|    learning_rate      | 0.0007      |
|    n_updates          | 23699       |
|    policy_loss        | 6.08        |
|    std                | 0.923       |
|    value_loss         | 0.0885      |
---------------------------------------
-------------------------------------
| rollout/              |           |
|    ep_len_mean        | 180       |
|    ep_rew_mean        | 8.06      |
| time/                 |           |
|    fps                | 451       |
|    iterations         | 23800     |
|    time_elapsed       | 263       |
|    total_timesteps    | 119000    |
| train/                |           |
|    entropy_loss       | -20       |
|    explained_variance | 0.9937647 |
|    learning_rate      | 0.0007    |
|    n_updates          | 23799     |
|    policy_loss        | 0.000109  |
|    std                | 0.925     |
|    value_loss         | 1.12e-06  |
-------------------------------------
-------------------------------------
| rollout/              |           |
|    ep_len_mean        | 181       |
|    ep_rew_mean        | 8.26      |
| time/                 |           |
|    fps                | 451       |
|    iterations         | 23900     |
|    time_elapsed       | 264       |
|    total_timesteps    | 119500    |
| train/                |           |
|    entropy_loss       | -20.1     |
|    explained_variance | 0.6356086 |
|    learning_rate      | 0.0007    |
|    n_updates          | 23899     |
|    policy_loss        | 0.0664    |
|    std                | 0.929     |
|    value_loss         | 1.07e-05  |
-------------------------------------
-------------------------------------
| rollout/              |           |
|    ep_len_mean        | 181       |
|    ep_rew_mean        | 8.35      |
| time/                 |           |
|    fps                | 452       |
|    iterations         | 24000     |
|    time_elapsed       | 265       |
|    total_timesteps    | 120000    |
| train/                |           |
|    entropy_loss       | -20.1     |
|    explained_variance | 0.8519136 |
|    learning_rate      | 0.0007    |
|    n_updates          | 23999     |
|    policy_loss        | -7.96     |
|    std                | 0.929     |
|    value_loss         | 0.25      |
-------------------------------------
-------------------------------------
| rollout/              |           |
|    ep_len_mean        | 182       |
|    ep_rew_mean        | 8.48      |
| time/                 |           |
|    fps                | 452       |
|    iterations         | 24100     |
|    time_elapsed       | 266       |
|    total_timesteps    | 120500    |
| train/                |           |
|    entropy_loss       | -20.1     |
|    explained_variance | 0.7511138 |
|    learning_rate      | 0.0007    |
|    n_updates          | 24099     |
|    policy_loss        | -0.171    |
|    std                | 0.927     |
|    value_loss         | 8.48e-05  |
-------------------------------------
-------------------------------------
| rollout/              |           |
|    ep_len_mean        | 182       |
|    ep_rew_mean        | 8.56      |
| time/                 |           |
|    fps                | 452       |
|    iterations         | 24200     |
|    time_elapsed       | 267       |
|    total_timesteps    | 121000    |
| train/                |           |
|    entropy_loss       | -20       |
|    explained_variance | 0.9334432 |
|    learning_rate      | 0.0007    |
|    n_updates          | 24199     |
|    policy_loss        | -0.537    |
|    std                | 0.927     |
|    value_loss         | 0.00145   |
-------------------------------------
-------------------------------------
| rollout/              |           |
|    ep_len_mean        | 183       |
|    ep_rew_mean        | 8.67      |
| time/                 |           |
|    fps                | 453       |
|    iterations         | 24300     |
|    time_elapsed       | 268       |
|    total_timesteps    | 121500    |
| train/                |           |
|    entropy_loss       | -20       |
|    explained_variance | 0.9980782 |
|    learning_rate      | 0.0007    |
|    n_updates          | 24299     |
|    policy_loss        | -0.00963  |
|    std                | 0.926     |
|    value_loss         | 4.82e-07  |
-------------------------------------
-------------------------------------
| rollout/              |           |
|    ep_len_mean        | 184       |
|    ep_rew_mean        | 8.8       |
| time/                 |           |
|    fps                | 453       |
|    iterations         | 24400     |
|    time_elapsed       | 268       |
|    total_timesteps    | 122000    |
| train/                |           |
|    entropy_loss       | -20       |
|    explained_variance | 0.8535561 |
|    learning_rate      | 0.0007    |
|    n_updates          | 24399     |
|    policy_loss        | 0.714     |
|    std                | 0.925     |
|    value_loss         | 0.00203   |
-------------------------------------
-------------------------------------
| rollout/              |           |
|    ep_len_mean        | 184       |
|    ep_rew_mean        | 8.87      |
| time/                 |           |
|    fps                | 453       |
|    iterations         | 24500     |
|    time_elapsed       | 270       |
|    total_timesteps    | 122500    |
| train/                |           |
|    entropy_loss       | -20.1     |
|    explained_variance | 0.9870556 |
|    learning_rate      | 0.0007    |
|    n_updates          | 24499     |
|    policy_loss        | -0.104    |
|    std                | 0.928     |
|    value_loss         | 3.3e-05   |
-------------------------------------
------------------------------------
| rollout/              |          |
|    ep_len_mean        | 185      |
|    ep_rew_mean        | 8.97     |
| time/                 |          |
|    fps                | 453      |
|    iterations         | 24600    |
|    time_elapsed       | 271      |
|    total_timesteps    | 123000   |
| train/                |          |
|    entropy_loss       | -20      |
|    explained_variance | 0.716183 |
|    learning_rate      | 0.0007   |
|    n_updates          | 24599    |
|    policy_loss        | 0.0827   |
|    std                | 0.925    |
|    value_loss         | 3.22e-05 |
------------------------------------
--------------------------------------
| rollout/              |            |
|    ep_len_mean        | 186        |
|    ep_rew_mean        | 9.05       |
| time/                 |            |
|    fps                | 453        |
|    iterations         | 24700      |
|    time_elapsed       | 272        |
|    total_timesteps    | 123500     |
| train/                |            |
|    entropy_loss       | -20        |
|    explained_variance | 0.91223204 |
|    learning_rate      | 0.0007     |
|    n_updates          | 24699      |
|    policy_loss        | 3.49       |
|    std                | 0.926      |
|    value_loss         | 0.0624     |
--------------------------------------
-------------------------------------
| rollout/              |           |
|    ep_len_mean        | 186       |
|    ep_rew_mean        | 9.12      |
| time/                 |           |
|    fps                | 453       |
|    iterations         | 24800     |
|    time_elapsed       | 273       |
|    total_timesteps    | 124000    |
| train/                |           |
|    entropy_loss       | -20       |
|    explained_variance | 0.9927742 |
|    learning_rate      | 0.0007    |
|    n_updates          | 24799     |
|    policy_loss        | 0.0524    |
|    std                | 0.926     |
|    value_loss         | 7.81e-06  |
-------------------------------------
--------------------------------------
| rollout/              |            |
|    ep_len_mean        | 187        |
|    ep_rew_mean        | 9.22       |
| time/                 |            |
|    fps                | 453        |
|    iterations         | 24900      |
|    time_elapsed       | 274        |
|    total_timesteps    | 124500     |
| train/                |            |
|    entropy_loss       | -20        |
|    explained_variance | -1554.6615 |
|    learning_rate      | 0.0007     |
|    n_updates          | 24899      |
|    policy_loss        | -5.62      |
|    std                | 0.925      |
|    value_loss         | 0.122      |
--------------------------------------
--------------------------------------
| rollout/              |            |
|    ep_len_mean        | 187        |
|    ep_rew_mean        | 9.26       |
| time/                 |            |
|    fps                | 453        |
|    iterations         | 25000      |
|    time_elapsed       | 275        |
|    total_timesteps    | 125000     |
| train/                |            |
|    entropy_loss       | -20        |
|    explained_variance | 0.08060753 |
|    learning_rate      | 0.0007     |
|    n_updates          | 24999      |
|    policy_loss        | 10.6       |
|    std                | 0.924      |
|    value_loss         | 0.393      |
--------------------------------------
--------------------------------------
| rollout/              |            |
|    ep_len_mean        | 188        |
|    ep_rew_mean        | 9.33       |
| time/                 |            |
|    fps                | 454        |
|    iterations         | 25100      |
|    time_elapsed       | 276        |
|    total_timesteps    | 125500     |
| train/                |            |
|    entropy_loss       | -20        |
|    explained_variance | 0.98322004 |
|    learning_rate      | 0.0007     |
|    n_updates          | 25099      |
|    policy_loss        | -0.0593    |
|    std                | 0.922      |
|    value_loss         | 1.23e-05   |
--------------------------------------
-------------------------------------
| rollout/              |           |
|    ep_len_mean        | 188       |
|    ep_rew_mean        | 9.44      |
| time/                 |           |
|    fps                | 454       |
|    iterations         | 25200     |
|    time_elapsed       | 276       |
|    total_timesteps    | 126000    |
| train/                |           |
|    entropy_loss       | -20       |
|    explained_variance | 0.9763802 |
|    learning_rate      | 0.0007    |
|    n_updates          | 25199     |
|    policy_loss        | -0.0527   |
|    std                | 0.922     |
|    value_loss         | 9.76e-06  |
-------------------------------------
------------------------------------
| rollout/              |          |
|    ep_len_mean        | 189      |
|    ep_rew_mean        | 9.56     |
| time/                 |          |
|    fps                | 455      |
|    iterations         | 25300    |
|    time_elapsed       | 277      |
|    total_timesteps    | 126500   |
| train/                |          |
|    entropy_loss       | -20      |
|    explained_variance | -6.68498 |
|    learning_rate      | 0.0007   |
|    n_updates          | 25299    |
|    policy_loss        | 0.747    |
|    std                | 0.923    |
|    value_loss         | 0.00175  |
------------------------------------
------------------------------------
| rollout/              |          |
|    ep_len_mean        | 189      |
|    ep_rew_mean        | 9.66     |
| time/                 |          |
|    fps                | 455      |
|    iterations         | 25400    |
|    time_elapsed       | 278      |
|    total_timesteps    | 127000   |
| train/                |          |
|    entropy_loss       | -19.9    |
|    explained_variance | 0.923467 |
|    learning_rate      | 0.0007   |
|    n_updates          | 25399    |
|    policy_loss        | 0.656    |
|    std                | 0.922    |
|    value_loss         | 0.00164  |
------------------------------------
-------------------------------------
| rollout/              |           |
|    ep_len_mean        | 190       |
|    ep_rew_mean        | 9.78      |
| time/                 |           |
|    fps                | 455       |
|    iterations         | 25500     |
|    time_elapsed       | 279       |
|    total_timesteps    | 127500    |
| train/                |           |
|    entropy_loss       | -19.9     |
|    explained_variance | 0.9715228 |
|    learning_rate      | 0.0007    |
|    n_updates          | 25499     |
|    policy_loss        | 0.152     |
|    std                | 0.92      |
|    value_loss         | 6.53e-05  |
-------------------------------------
--------------------------------------
| rollout/              |            |
|    ep_len_mean        | 190        |
|    ep_rew_mean        | 9.92       |
| time/                 |            |
|    fps                | 456        |
|    iterations         | 25600      |
|    time_elapsed       | 280        |
|    total_timesteps    | 128000     |
| train/                |            |
|    entropy_loss       | -19.9      |
|    explained_variance | 0.51203907 |
|    learning_rate      | 0.0007     |
|    n_updates          | 25599      |
|    policy_loss        | -0.439     |
|    std                | 0.921      |
|    value_loss         | 0.000584   |
--------------------------------------
-------------------------------------
| rollout/              |           |
|    ep_len_mean        | 191       |
|    ep_rew_mean        | 9.98      |
| time/                 |           |
|    fps                | 456       |
|    iterations         | 25700     |
|    time_elapsed       | 281       |
|    total_timesteps    | 128500    |
| train/                |           |
|    entropy_loss       | -19.9     |
|    explained_variance | 0.3384788 |
|    learning_rate      | 0.0007    |
|    n_updates          | 25699     |
|    policy_loss        | 98.8      |
|    std                | 0.921     |
|    value_loss         | 23.4      |
-------------------------------------
--------------------------------------
| rollout/              |            |
|    ep_len_mean        | 191        |
|    ep_rew_mean        | 10         |
| time/                 |            |
|    fps                | 457        |
|    iterations         | 25800      |
|    time_elapsed       | 282        |
|    total_timesteps    | 129000     |
| train/                |            |
|    entropy_loss       | -19.9      |
|    explained_variance | 0.91887635 |
|    learning_rate      | 0.0007     |
|    n_updates          | 25799      |
|    policy_loss        | 0.062      |
|    std                | 0.92       |
|    value_loss         | 2.11e-05   |
--------------------------------------
-------------------------------------
| rollout/              |           |
|    ep_len_mean        | 191       |
|    ep_rew_mean        | 9.99      |
| time/                 |           |
|    fps                | 457       |
|    iterations         | 25900     |
|    time_elapsed       | 282       |
|    total_timesteps    | 129500    |
| train/                |           |
|    entropy_loss       | -20       |
|    explained_variance | 0.9330415 |
|    learning_rate      | 0.0007    |
|    n_updates          | 25899     |
|    policy_loss        | -0.0142   |
|    std                | 0.924     |
|    value_loss         | 0.00153   |
-------------------------------------
-------------------------------------
| rollout/              |           |
|    ep_len_mean        | 191       |
|    ep_rew_mean        | 10        |
| time/                 |           |
|    fps                | 458       |
|    iterations         | 26000     |
|    time_elapsed       | 283       |
|    total_timesteps    | 130000    |
| train/                |           |
|    entropy_loss       | -20       |
|    explained_variance | 0.8688602 |
|    learning_rate      | 0.0007    |
|    n_updates          | 25999     |
|    policy_loss        | 0.132     |
|    std                | 0.927     |
|    value_loss         | 6.35e-05  |
-------------------------------------
--------------------------------------
| rollout/              |            |
|    ep_len_mean        | 191        |
|    ep_rew_mean        | 10         |
| time/                 |            |
|    fps                | 458        |
|    iterations         | 26100      |
|    time_elapsed       | 284        |
|    total_timesteps    | 130500     |
| train/                |            |
|    entropy_loss       | -20        |
|    explained_variance | -19.633804 |
|    learning_rate      | 0.0007     |
|    n_updates          | 26099      |
|    policy_loss        | -1.88      |
|    std                | 0.925      |
|    value_loss         | 0.0106     |
--------------------------------------
-------------------------------------
| rollout/              |           |
|    ep_len_mean        | 191       |
|    ep_rew_mean        | 10.1      |
| time/                 |           |
|    fps                | 459       |
|    iterations         | 26200     |
|    time_elapsed       | 285       |
|    total_timesteps    | 131000    |
| train/                |           |
|    entropy_loss       | -20       |
|    explained_variance | 0.9990213 |
|    learning_rate      | 0.0007    |
|    n_updates          | 26199     |
|    policy_loss        | -0.0135   |
|    std                | 0.925     |
|    value_loss         | 7.27e-07  |
-------------------------------------
-------------------------------------
| rollout/              |           |
|    ep_len_mean        | 191       |
|    ep_rew_mean        | 9.98      |
| time/                 |           |
|    fps                | 459       |
|    iterations         | 26300     |
|    time_elapsed       | 285       |
|    total_timesteps    | 131500    |
| train/                |           |
|    entropy_loss       | -20       |
|    explained_variance | 0.9579134 |
|    learning_rate      | 0.0007    |
|    n_updates          | 26299     |
|    policy_loss        | -0.109    |
|    std                | 0.927     |
|    value_loss         | 3.26e-05  |
-------------------------------------
--------------------------------------
| rollout/              |            |
|    ep_len_mean        | 191        |
|    ep_rew_mean        | 9.87       |
| time/                 |            |
|    fps                | 460        |
|    iterations         | 26400      |
|    time_elapsed       | 286        |
|    total_timesteps    | 132000     |
| train/                |            |
|    entropy_loss       | -20.1      |
|    explained_variance | 0.94195545 |
|    learning_rate      | 0.0007     |
|    n_updates          | 26399      |
|    policy_loss        | -0.173     |
|    std                | 0.928      |
|    value_loss         | 9.17e-05   |
--------------------------------------
---------------------------------------
| rollout/              |             |
|    ep_len_mean        | 190         |
|    ep_rew_mean        | 9.82        |
| time/                 |             |
|    fps                | 460         |
|    iterations         | 26500       |
|    time_elapsed       | 287         |
|    total_timesteps    | 132500      |
| train/                |             |
|    entropy_loss       | -20         |
|    explained_variance | -0.44060314 |
|    learning_rate      | 0.0007      |
|    n_updates          | 26499       |
|    policy_loss        | 9.86        |
|    std                | 0.924       |
|    value_loss         | 0.342       |
---------------------------------------
-------------------------------------
| rollout/              |           |
|    ep_len_mean        | 190       |
|    ep_rew_mean        | 9.8       |
| time/                 |           |
|    fps                | 461       |
|    iterations         | 26600     |
|    time_elapsed       | 288       |
|    total_timesteps    | 133000    |
| train/                |           |
|    entropy_loss       | -20       |
|    explained_variance | 0.9238401 |
|    learning_rate      | 0.0007    |
|    n_updates          | 26599     |
|    policy_loss        | 0.187     |
|    std                | 0.924     |
|    value_loss         | 0.00011   |
-------------------------------------
-------------------------------------
| rollout/              |           |
|    ep_len_mean        | 190       |
|    ep_rew_mean        | 9.74      |
| time/                 |           |
|    fps                | 461       |
|    iterations         | 26700     |
|    time_elapsed       | 289       |
|    total_timesteps    | 133500    |
| train/                |           |
|    entropy_loss       | -20       |
|    explained_variance | 0.9993246 |
|    learning_rate      | 0.0007    |
|    n_updates          | 26699     |
|    policy_loss        | 0.0156    |
|    std                | 0.923     |
|    value_loss         | 6.66e-07  |
-------------------------------------
--------------------------------------
| rollout/              |            |
|    ep_len_mean        | 189        |
|    ep_rew_mean        | 9.63       |
| time/                 |            |
|    fps                | 462        |
|    iterations         | 26800      |
|    time_elapsed       | 289        |
|    total_timesteps    | 134000     |
| train/                |            |
|    entropy_loss       | -20        |
|    explained_variance | 0.14402437 |
|    learning_rate      | 0.0007     |
|    n_updates          | 26799      |
|    policy_loss        | 0.119      |
|    std                | 0.924      |
|    value_loss         | 5.17e-05   |
--------------------------------------
-------------------------------------
| rollout/              |           |
|    ep_len_mean        | 189       |
|    ep_rew_mean        | 9.57      |
| time/                 |           |
|    fps                | 462       |
|    iterations         | 26900     |
|    time_elapsed       | 290       |
|    total_timesteps    | 134500    |
| train/                |           |
|    entropy_loss       | -20       |
|    explained_variance | 0.9531898 |
|    learning_rate      | 0.0007    |
|    n_updates          | 26899     |
|    policy_loss        | 0.853     |
|    std                | 0.924     |
|    value_loss         | 0.00238   |
-------------------------------------
-------------------------------------
| rollout/              |           |
|    ep_len_mean        | 188       |
|    ep_rew_mean        | 9.49      |
| time/                 |           |
|    fps                | 463       |
|    iterations         | 27000     |
|    time_elapsed       | 291       |
|    total_timesteps    | 135000    |
| train/                |           |
|    entropy_loss       | -20       |
|    explained_variance | 0.6952766 |
|    learning_rate      | 0.0007    |
|    n_updates          | 26999     |
|    policy_loss        | -1.88     |
|    std                | 0.925     |
|    value_loss         | 0.0105    |
-------------------------------------
--------------------------------------
| rollout/              |            |
|    ep_len_mean        | 188        |
|    ep_rew_mean        | 9.42       |
| time/                 |            |
|    fps                | 463        |
|    iterations         | 27100      |
|    time_elapsed       | 292        |
|    total_timesteps    | 135500     |
| train/                |            |
|    entropy_loss       | -20        |
|    explained_variance | 0.97467166 |
|    learning_rate      | 0.0007     |
|    n_updates          | 27099      |
|    policy_loss        | -0.108     |
|    std                | 0.925      |
|    value_loss         | 3.79e-05   |
--------------------------------------
-------------------------------------
| rollout/              |           |
|    ep_len_mean        | 188       |
|    ep_rew_mean        | 9.34      |
| time/                 |           |
|    fps                | 464       |
|    iterations         | 27200     |
|    time_elapsed       | 292       |
|    total_timesteps    | 136000    |
| train/                |           |
|    entropy_loss       | -20       |
|    explained_variance | 0.9580872 |
|    learning_rate      | 0.0007    |
|    n_updates          | 27199     |
|    policy_loss        | 0.123     |
|    std                | 0.923     |
|    value_loss         | 4.91e-05  |
-------------------------------------
--------------------------------------
| rollout/              |            |
|    ep_len_mean        | 187        |
|    ep_rew_mean        | 9.26       |
| time/                 |            |
|    fps                | 464        |
|    iterations         | 27300      |
|    time_elapsed       | 293        |
|    total_timesteps    | 136500     |
| train/                |            |
|    entropy_loss       | -20        |
|    explained_variance | 0.49298233 |
|    learning_rate      | 0.0007     |
|    n_updates          | 27299      |
|    policy_loss        | -0.22      |
|    std                | 0.924      |
|    value_loss         | 0.00015    |
--------------------------------------
--------------------------------------
| rollout/              |            |
|    ep_len_mean        | 187        |
|    ep_rew_mean        | 9.1        |
| time/                 |            |
|    fps                | 465        |
|    iterations         | 27400      |
|    time_elapsed       | 294        |
|    total_timesteps    | 137000     |
| train/                |            |
|    entropy_loss       | -20        |
|    explained_variance | 0.64224166 |
|    learning_rate      | 0.0007     |
|    n_updates          | 27399      |
|    policy_loss        | 0.215      |
|    std                | 0.923      |
|    value_loss         | 0.000132   |
--------------------------------------
--------------------------------------
| rollout/              |            |
|    ep_len_mean        | 186        |
|    ep_rew_mean        | 8.91       |
| time/                 |            |
|    fps                | 465        |
|    iterations         | 27500      |
|    time_elapsed       | 295        |
|    total_timesteps    | 137500     |
| train/                |            |
|    entropy_loss       | -20        |
|    explained_variance | 0.83546793 |
|    learning_rate      | 0.0007     |
|    n_updates          | 27499      |
|    policy_loss        | -0.0635    |
|    std                | 0.922      |
|    value_loss         | 2.49e-05   |
--------------------------------------
---------------------------------------
| rollout/              |             |
|    ep_len_mean        | 185         |
|    ep_rew_mean        | 8.72        |
| time/                 |             |
|    fps                | 466         |
|    iterations         | 27600       |
|    time_elapsed       | 295         |
|    total_timesteps    | 138000      |
| train/                |             |
|    entropy_loss       | -19.9       |
|    explained_variance | -0.12921822 |
|    learning_rate      | 0.0007      |
|    n_updates          | 27599       |
|    policy_loss        | 0.367       |
|    std                | 0.921       |
|    value_loss         | 0.000312    |
---------------------------------------
--------------------------------------
| rollout/              |            |
|    ep_len_mean        | 184        |
|    ep_rew_mean        | 8.61       |
| time/                 |            |
|    fps                | 466        |
|    iterations         | 27700      |
|    time_elapsed       | 296        |
|    total_timesteps    | 138500     |
| train/                |            |
|    entropy_loss       | -20        |
|    explained_variance | 0.44902444 |
|    learning_rate      | 0.0007     |
|    n_updates          | 27699      |
|    policy_loss        | -0.192     |
|    std                | 0.922      |
|    value_loss         | 0.00016    |
--------------------------------------
--------------------------------------
| rollout/              |            |
|    ep_len_mean        | 184        |
|    ep_rew_mean        | 8.48       |
| time/                 |            |
|    fps                | 467        |
|    iterations         | 27800      |
|    time_elapsed       | 297        |
|    total_timesteps    | 139000     |
| train/                |            |
|    entropy_loss       | -20        |
|    explained_variance | 0.99632835 |
|    learning_rate      | 0.0007     |
|    n_updates          | 27799      |
|    policy_loss        | -0.197     |
|    std                | 0.924      |
|    value_loss         | 0.000121   |
--------------------------------------
-------------------------------------
| rollout/              |           |
|    ep_len_mean        | 183       |
|    ep_rew_mean        | 8.36      |
| time/                 |           |
|    fps                | 467       |
|    iterations         | 27900     |
|    time_elapsed       | 298       |
|    total_timesteps    | 139500    |
| train/                |           |
|    entropy_loss       | -20       |
|    explained_variance | 0.9753787 |
|    learning_rate      | 0.0007    |
|    n_updates          | 27899     |
|    policy_loss        | 2.9       |
|    std                | 0.923     |
|    value_loss         | 0.0345    |
-------------------------------------
-------------------------------------
| rollout/              |           |
|    ep_len_mean        | 183       |
|    ep_rew_mean        | 8.23      |
| time/                 |           |
|    fps                | 468       |
|    iterations         | 28000     |
|    time_elapsed       | 298       |
|    total_timesteps    | 140000    |
| train/                |           |
|    entropy_loss       | -20       |
|    explained_variance | 0.9991775 |
|    learning_rate      | 0.0007    |
|    n_updates          | 27999     |
|    policy_loss        | -0.0329   |
|    std                | 0.923     |
|    value_loss         | 3.1e-06   |
-------------------------------------
-------------------------------------
| rollout/              |           |
|    ep_len_mean        | 182       |
|    ep_rew_mean        | 8.14      |
| time/                 |           |
|    fps                | 468       |
|    iterations         | 28100     |
|    time_elapsed       | 299       |
|    total_timesteps    | 140500    |
| train/                |           |
|    entropy_loss       | -20       |
|    explained_variance | 0.9726304 |
|    learning_rate      | 0.0007    |
|    n_updates          | 28099     |
|    policy_loss        | 0.0855    |
|    std                | 0.925     |
|    value_loss         | 2.71e-05  |
-------------------------------------
--------------------------------------
| rollout/              |            |
|    ep_len_mean        | 182        |
|    ep_rew_mean        | 8.09       |
| time/                 |            |
|    fps                | 468        |
|    iterations         | 28200      |
|    time_elapsed       | 300        |
|    total_timesteps    | 141000     |
| train/                |            |
|    entropy_loss       | -20        |
|    explained_variance | 0.94416296 |
|    learning_rate      | 0.0007     |
|    n_updates          | 28199      |
|    policy_loss        | -0.0906    |
|    std                | 0.923      |
|    value_loss         | 2.72e-05   |
--------------------------------------
-------------------------------------
| rollout/              |           |
|    ep_len_mean        | 182       |
|    ep_rew_mean        | 8.08      |
| time/                 |           |
|    fps                | 468       |
|    iterations         | 28300     |
|    time_elapsed       | 301       |
|    total_timesteps    | 141500    |
| train/                |           |
|    entropy_loss       | -20       |
|    explained_variance | 0.7118858 |
|    learning_rate      | 0.0007    |
|    n_updates          | 28299     |
|    policy_loss        | 0.866     |
|    std                | 0.923     |
|    value_loss         | 0.00201   |
-------------------------------------
-------------------------------------
| rollout/              |           |
|    ep_len_mean        | 182       |
|    ep_rew_mean        | 8.05      |
| time/                 |           |
|    fps                | 469       |
|    iterations         | 28400     |
|    time_elapsed       | 302       |
|    total_timesteps    | 142000    |
| train/                |           |
|    entropy_loss       | -20       |
|    explained_variance | 0.9504737 |
|    learning_rate      | 0.0007    |
|    n_updates          | 28399     |
|    policy_loss        | -0.0957   |
|    std                | 0.921     |
|    value_loss         | 2.97e-05  |
-------------------------------------
--------------------------------------
| rollout/              |            |
|    ep_len_mean        | 182        |
|    ep_rew_mean        | 8.02       |
| time/                 |            |
|    fps                | 469        |
|    iterations         | 28500      |
|    time_elapsed       | 303        |
|    total_timesteps    | 142500     |
| train/                |            |
|    entropy_loss       | -19.9      |
|    explained_variance | -2.1816745 |
|    learning_rate      | 0.0007     |
|    n_updates          | 28499      |
|    policy_loss        | -0.175     |
|    std                | 0.919      |
|    value_loss         | 0.000163   |
--------------------------------------
-------------------------------------
| rollout/              |           |
|    ep_len_mean        | 182       |
|    ep_rew_mean        | 7.99      |
| time/                 |           |
|    fps                | 469       |
|    iterations         | 28600     |
|    time_elapsed       | 304       |
|    total_timesteps    | 143000    |
| train/                |           |
|    entropy_loss       | -19.9     |
|    explained_variance | 0.6579795 |
|    learning_rate      | 0.0007    |
|    n_updates          | 28599     |
|    policy_loss        | 12.4      |
|    std                | 0.917     |
|    value_loss         | 0.412     |
-------------------------------------
-------------------------------------
| rollout/              |           |
|    ep_len_mean        | 182       |
|    ep_rew_mean        | 7.91      |
| time/                 |           |
|    fps                | 470       |
|    iterations         | 28700     |
|    time_elapsed       | 305       |
|    total_timesteps    | 143500    |
| train/                |           |
|    entropy_loss       | -19.9     |
|    explained_variance | 0.9985144 |
|    learning_rate      | 0.0007    |
|    n_updates          | 28699     |
|    policy_loss        | 0.0336    |
|    std                | 0.92      |
|    value_loss         | 2.51e-06  |
-------------------------------------
-------------------------------------
| rollout/              |           |
|    ep_len_mean        | 182       |
|    ep_rew_mean        | 7.87      |
| time/                 |           |
|    fps                | 470       |
|    iterations         | 28800     |
|    time_elapsed       | 305       |
|    total_timesteps    | 144000    |
| train/                |           |
|    entropy_loss       | -19.9     |
|    explained_variance | 0.9777715 |
|    learning_rate      | 0.0007    |
|    n_updates          | 28799     |
|    policy_loss        | 0.0973    |
|    std                | 0.918     |
|    value_loss         | 3.4e-05   |
-------------------------------------
-------------------------------------
| rollout/              |           |
|    ep_len_mean        | 181       |
|    ep_rew_mean        | 7.82      |
| time/                 |           |
|    fps                | 471       |
|    iterations         | 28900     |
|    time_elapsed       | 306       |
|    total_timesteps    | 144500    |
| train/                |           |
|    entropy_loss       | -19.9     |
|    explained_variance | 0.9433235 |
|    learning_rate      | 0.0007    |
|    n_updates          | 28899     |
|    policy_loss        | -0.0835   |
|    std                | 0.916     |
|    value_loss         | 2.57e-05  |
-------------------------------------
-------------------------------------
| rollout/              |           |
|    ep_len_mean        | 181       |
|    ep_rew_mean        | 7.76      |
| time/                 |           |
|    fps                | 471       |
|    iterations         | 29000     |
|    time_elapsed       | 307       |
|    total_timesteps    | 145000    |
| train/                |           |
|    entropy_loss       | -19.9     |
|    explained_variance | 0.9790821 |
|    learning_rate      | 0.0007    |
|    n_updates          | 28999     |
|    policy_loss        | 0.103     |
|    std                | 0.916     |
|    value_loss         | 3.14e-05  |
-------------------------------------
--------------------------------------
| rollout/              |            |
|    ep_len_mean        | 180        |
|    ep_rew_mean        | 7.72       |
| time/                 |            |
|    fps                | 471        |
|    iterations         | 29100      |
|    time_elapsed       | 308        |
|    total_timesteps    | 145500     |
| train/                |            |
|    entropy_loss       | -19.9      |
|    explained_variance | 0.56646883 |
|    learning_rate      | 0.0007     |
|    n_updates          | 29099      |
|    policy_loss        | 30.4       |
|    std                | 0.915      |
|    value_loss         | 2.41       |
--------------------------------------
---------------------------------------
| rollout/              |             |
|    ep_len_mean        | 178         |
|    ep_rew_mean        | 7.57        |
| time/                 |             |
|    fps                | 472         |
|    iterations         | 29200       |
|    time_elapsed       | 309         |
|    total_timesteps    | 146000      |
| train/                |             |
|    entropy_loss       | -19.8       |
|    explained_variance | -0.47592187 |
|    learning_rate      | 0.0007      |
|    n_updates          | 29199       |
|    policy_loss        | -6.36       |
|    std                | 0.914       |
|    value_loss         | 0.255       |
---------------------------------------
--------------------------------------
| rollout/              |            |
|    ep_len_mean        | 177        |
|    ep_rew_mean        | 7.4        |
| time/                 |            |
|    fps                | 472        |
|    iterations         | 29300      |
|    time_elapsed       | 310        |
|    total_timesteps    | 146500     |
| train/                |            |
|    entropy_loss       | -19.8      |
|    explained_variance | 0.88422626 |
|    learning_rate      | 0.0007     |
|    n_updates          | 29299      |
|    policy_loss        | 0.124      |
|    std                | 0.913      |
|    value_loss         | 3.93e-05   |
--------------------------------------
-------------------------------------
| rollout/              |           |
|    ep_len_mean        | 176       |
|    ep_rew_mean        | 7.24      |
| time/                 |           |
|    fps                | 473       |
|    iterations         | 29400     |
|    time_elapsed       | 310       |
|    total_timesteps    | 147000    |
| train/                |           |
|    entropy_loss       | -19.9     |
|    explained_variance | 0.8668685 |
|    learning_rate      | 0.0007    |
|    n_updates          | 29399     |
|    policy_loss        | -0.143    |
|    std                | 0.915     |
|    value_loss         | 5.68e-05  |
-------------------------------------
--------------------------------------
| rollout/              |            |
|    ep_len_mean        | 175        |
|    ep_rew_mean        | 7.08       |
| time/                 |            |
|    fps                | 473        |
|    iterations         | 29500      |
|    time_elapsed       | 311        |
|    total_timesteps    | 147500     |
| train/                |            |
|    entropy_loss       | -19.8      |
|    explained_variance | 0.95381945 |
|    learning_rate      | 0.0007     |
|    n_updates          | 29499      |
|    policy_loss        | -0.0887    |
|    std                | 0.913      |
|    value_loss         | 2.52e-05   |
--------------------------------------
-------------------------------------
| rollout/              |           |
|    ep_len_mean        | 174       |
|    ep_rew_mean        | 6.95      |
| time/                 |           |
|    fps                | 474       |
|    iterations         | 29600     |
|    time_elapsed       | 312       |
|    total_timesteps    | 148000    |
| train/                |           |
|    entropy_loss       | -19.8     |
|    explained_variance | 0.5104567 |
|    learning_rate      | 0.0007    |
|    n_updates          | 29599     |
|    policy_loss        | -13       |
|    std                | 0.914     |
|    value_loss         | 0.461     |
-------------------------------------
-------------------------------------
| rollout/              |           |
|    ep_len_mean        | 172       |
|    ep_rew_mean        | 6.76      |
| time/                 |           |
|    fps                | 474       |
|    iterations         | 29700     |
|    time_elapsed       | 312       |
|    total_timesteps    | 148500    |
| train/                |           |
|    entropy_loss       | -19.8     |
|    explained_variance | 0.4033594 |
|    learning_rate      | 0.0007    |
|    n_updates          | 29699     |
|    policy_loss        | 0.208     |
|    std                | 0.914     |
|    value_loss         | 0.000136  |
-------------------------------------
------------------------------------
| rollout/              |          |
|    ep_len_mean        | 172      |
|    ep_rew_mean        | 6.68     |
| time/                 |          |
|    fps                | 475      |
|    iterations         | 29800    |
|    time_elapsed       | 313      |
|    total_timesteps    | 149000   |
| train/                |          |
|    entropy_loss       | -19.8    |
|    explained_variance | 0.970574 |
|    learning_rate      | 0.0007   |
|    n_updates          | 29799    |
|    policy_loss        | -0.0329  |
|    std                | 0.914    |
|    value_loss         | 3.36e-06 |
------------------------------------
-------------------------------------
| rollout/              |           |
|    ep_len_mean        | 171       |
|    ep_rew_mean        | 6.53      |
| time/                 |           |
|    fps                | 475       |
|    iterations         | 29900     |
|    time_elapsed       | 314       |
|    total_timesteps    | 149500    |
| train/                |           |
|    entropy_loss       | -19.9     |
|    explained_variance | 0.9338407 |
|    learning_rate      | 0.0007    |
|    n_updates          | 29899     |
|    policy_loss        | -0.12     |
|    std                | 0.915     |
|    value_loss         | 2.96e-05  |
-------------------------------------
--------------------------------------
| rollout/              |            |
|    ep_len_mean        | 170        |
|    ep_rew_mean        | 6.42       |
| time/                 |            |
|    fps                | 476        |
|    iterations         | 30000      |
|    time_elapsed       | 315        |
|    total_timesteps    | 150000     |
| train/                |            |
|    entropy_loss       | -19.9      |
|    explained_variance | -768.57336 |
|    learning_rate      | 0.0007     |
|    n_updates          | 29999      |
|    policy_loss        | 46.8       |
|    std                | 0.918      |
|    value_loss         | 8.15       |
--------------------------------------
--------------------------------------
| rollout/              |            |
|    ep_len_mean        | 169        |
|    ep_rew_mean        | 6.36       |
| time/                 |            |
|    fps                | 476        |
|    iterations         | 30100      |
|    time_elapsed       | 315        |
|    total_timesteps    | 150500     |
| train/                |            |
|    entropy_loss       | -19.9      |
|    explained_variance | 0.97045827 |
|    learning_rate      | 0.0007     |
|    n_updates          | 30099      |
|    policy_loss        | 4.97       |
|    std                | 0.917      |
|    value_loss         | 0.0698     |
--------------------------------------
-------------------------------------
| rollout/              |           |
|    ep_len_mean        | 170       |
|    ep_rew_mean        | 6.39      |
| time/                 |           |
|    fps                | 476       |
|    iterations         | 30200     |
|    time_elapsed       | 316       |
|    total_timesteps    | 151000    |
| train/                |           |
|    entropy_loss       | -19.9     |
|    explained_variance | 0.6936611 |
|    learning_rate      | 0.0007    |
|    n_updates          | 30199     |
|    policy_loss        | -0.215    |
|    std                | 0.918     |
|    value_loss         | 0.000145  |
-------------------------------------
-------------------------------------
| rollout/              |           |
|    ep_len_mean        | 170       |
|    ep_rew_mean        | 6.48      |
| time/                 |           |
|    fps                | 477       |
|    iterations         | 30300     |
|    time_elapsed       | 317       |
|    total_timesteps    | 151500    |
| train/                |           |
|    entropy_loss       | -19.9     |
|    explained_variance | 0.7583847 |
|    learning_rate      | 0.0007    |
|    n_updates          | 30299     |
|    policy_loss        | 5.71      |
|    std                | 0.92      |
|    value_loss         | 0.145     |
-------------------------------------
--------------------------------------
| rollout/              |            |
|    ep_len_mean        | 171        |
|    ep_rew_mean        | 6.56       |
| time/                 |            |
|    fps                | 477        |
|    iterations         | 30400      |
|    time_elapsed       | 318        |
|    total_timesteps    | 152000     |
| train/                |            |
|    entropy_loss       | -19.9      |
|    explained_variance | -1.6670296 |
|    learning_rate      | 0.0007     |
|    n_updates          | 30399      |
|    policy_loss        | -0.561     |
|    std                | 0.92       |
|    value_loss         | 0.000885   |
--------------------------------------
--------------------------------------
| rollout/              |            |
|    ep_len_mean        | 171        |
|    ep_rew_mean        | 6.63       |
| time/                 |            |
|    fps                | 477        |
|    iterations         | 30500      |
|    time_elapsed       | 319        |
|    total_timesteps    | 152500     |
| train/                |            |
|    entropy_loss       | -19.9      |
|    explained_variance | 0.32989758 |
|    learning_rate      | 0.0007     |
|    n_updates          | 30499      |
|    policy_loss        | 105        |
|    std                | 0.921      |
|    value_loss         | 25.8       |
--------------------------------------
--------------------------------------
| rollout/              |            |
|    ep_len_mean        | 172        |
|    ep_rew_mean        | 6.67       |
| time/                 |            |
|    fps                | 478        |
|    iterations         | 30600      |
|    time_elapsed       | 320        |
|    total_timesteps    | 153000     |
| train/                |            |
|    entropy_loss       | -19.9      |
|    explained_variance | 0.22384214 |
|    learning_rate      | 0.0007     |
|    n_updates          | 30599      |
|    policy_loss        | -0.167     |
|    std                | 0.918      |
|    value_loss         | 0.000121   |
--------------------------------------
-------------------------------------
| rollout/              |           |
|    ep_len_mean        | 172       |
|    ep_rew_mean        | 6.77      |
| time/                 |           |
|    fps                | 477       |
|    iterations         | 30700     |
|    time_elapsed       | 321       |
|    total_timesteps    | 153500    |
| train/                |           |
|    entropy_loss       | -19.9     |
|    explained_variance | 0.9893459 |
|    learning_rate      | 0.0007    |
|    n_updates          | 30699     |
|    policy_loss        | 2.81      |
|    std                | 0.915     |
|    value_loss         | 0.0285    |
-------------------------------------
-------------------------------------
| rollout/              |           |
|    ep_len_mean        | 173       |
|    ep_rew_mean        | 6.88      |
| time/                 |           |
|    fps                | 476       |
|    iterations         | 30800     |
|    time_elapsed       | 323       |
|    total_timesteps    | 154000    |
| train/                |           |
|    entropy_loss       | -19.8     |
|    explained_variance | 0.9959996 |
|    learning_rate      | 0.0007    |
|    n_updates          | 30799     |
|    policy_loss        | 0.00106   |
|    std                | 0.914     |
|    value_loss         | 4.69e-07  |
-------------------------------------
-------------------------------------
| rollout/              |           |
|    ep_len_mean        | 174       |
|    ep_rew_mean        | 6.97      |
| time/                 |           |
|    fps                | 475       |
|    iterations         | 30900     |
|    time_elapsed       | 324       |
|    total_timesteps    | 154500    |
| train/                |           |
|    entropy_loss       | -19.9     |
|    explained_variance | 0.9780865 |
|    learning_rate      | 0.0007    |
|    n_updates          | 30899     |
|    policy_loss        | 0.00624   |
|    std                | 0.917     |
|    value_loss         | 0.000682  |
-------------------------------------
-------------------------------------
| rollout/              |           |
|    ep_len_mean        | 175       |
|    ep_rew_mean        | 7.14      |
| time/                 |           |
|    fps                | 474       |
|    iterations         | 31000     |
|    time_elapsed       | 326       |
|    total_timesteps    | 155000    |
| train/                |           |
|    entropy_loss       | -19.9     |
|    explained_variance | 0.7319523 |
|    learning_rate      | 0.0007    |
|    n_updates          | 30999     |
|    policy_loss        | -0.229    |
|    std                | 0.917     |
|    value_loss         | 0.00019   |
-------------------------------------
-------------------------------------
| rollout/              |           |
|    ep_len_mean        | 175       |
|    ep_rew_mean        | 7.22      |
| time/                 |           |
|    fps                | 473       |
|    iterations         | 31100     |
|    time_elapsed       | 328       |
|    total_timesteps    | 155500    |
| train/                |           |
|    entropy_loss       | -19.9     |
|    explained_variance | 0.9926347 |
|    learning_rate      | 0.0007    |
|    n_updates          | 31099     |
|    policy_loss        | 0.635     |
|    std                | 0.917     |
|    value_loss         | 0.00419   |
-------------------------------------
--------------------------------------
| rollout/              |            |
|    ep_len_mean        | 176        |
|    ep_rew_mean        | 7.34       |
| time/                 |            |
|    fps                | 473        |
|    iterations         | 31200      |
|    time_elapsed       | 329        |
|    total_timesteps    | 156000     |
| train/                |            |
|    entropy_loss       | -19.9      |
|    explained_variance | 0.99409235 |
|    learning_rate      | 0.0007     |
|    n_updates          | 31199      |
|    policy_loss        | -0.0508    |
|    std                | 0.917      |
|    value_loss         | 6.74e-06   |
--------------------------------------
-------------------------------------
| rollout/              |           |
|    ep_len_mean        | 177       |
|    ep_rew_mean        | 7.43      |
| time/                 |           |
|    fps                | 473       |
|    iterations         | 31300     |
|    time_elapsed       | 330       |
|    total_timesteps    | 156500    |
| train/                |           |
|    entropy_loss       | -19.9     |
|    explained_variance | 0.9844162 |
|    learning_rate      | 0.0007    |
|    n_updates          | 31299     |
|    policy_loss        | 2.5       |
|    std                | 0.916     |
|    value_loss         | 0.0216    |
-------------------------------------
--------------------------------------
| rollout/              |            |
|    ep_len_mean        | 177        |
|    ep_rew_mean        | 7.54       |
| time/                 |            |
|    fps                | 474        |
|    iterations         | 31400      |
|    time_elapsed       | 331        |
|    total_timesteps    | 157000     |
| train/                |            |
|    entropy_loss       | -19.9      |
|    explained_variance | 0.99912363 |
|    learning_rate      | 0.0007     |
|    n_updates          | 31399      |
|    policy_loss        | 0.0376     |
|    std                | 0.916      |
|    value_loss         | 3.22e-06   |
--------------------------------------
--------------------------------------
| rollout/              |            |
|    ep_len_mean        | 178        |
|    ep_rew_mean        | 7.62       |
| time/                 |            |
|    fps                | 474        |
|    iterations         | 31500      |
|    time_elapsed       | 332        |
|    total_timesteps    | 157500     |
| train/                |            |
|    entropy_loss       | -19.9      |
|    explained_variance | 0.99768084 |
|    learning_rate      | 0.0007     |
|    n_updates          | 31499      |
|    policy_loss        | 0.0967     |
|    std                | 0.915      |
|    value_loss         | 5.24e-05   |
--------------------------------------
-------------------------------------
| rollout/              |           |
|    ep_len_mean        | 178       |
|    ep_rew_mean        | 7.7       |
| time/                 |           |
|    fps                | 474       |
|    iterations         | 31600     |
|    time_elapsed       | 332       |
|    total_timesteps    | 158000    |
| train/                |           |
|    entropy_loss       | -19.9     |
|    explained_variance | 0.9925323 |
|    learning_rate      | 0.0007    |
|    n_updates          | 31599     |
|    policy_loss        | -0.0399   |
|    std                | 0.917     |
|    value_loss         | 5.14e-06  |
-------------------------------------
--------------------------------------
| rollout/              |            |
|    ep_len_mean        | 179        |
|    ep_rew_mean        | 7.78       |
| time/                 |            |
|    fps                | 474        |
|    iterations         | 31700      |
|    time_elapsed       | 333        |
|    total_timesteps    | 158500     |
| train/                |            |
|    entropy_loss       | -19.9      |
|    explained_variance | 0.53320724 |
|    learning_rate      | 0.0007     |
|    n_updates          | 31699      |
|    policy_loss        | -8.99      |
|    std                | 0.915      |
|    value_loss         | 0.374      |
--------------------------------------
-------------------------------------
| rollout/              |           |
|    ep_len_mean        | 179       |
|    ep_rew_mean        | 7.81      |
| time/                 |           |
|    fps                | 475       |
|    iterations         | 31800     |
|    time_elapsed       | 334       |
|    total_timesteps    | 159000    |
| train/                |           |
|    entropy_loss       | -19.9     |
|    explained_variance | 0.9967052 |
|    learning_rate      | 0.0007    |
|    n_updates          | 31799     |
|    policy_loss        | -0.0712   |
|    std                | 0.915     |
|    value_loss         | 1.41e-05  |
-------------------------------------
-------------------------------------
| rollout/              |           |
|    ep_len_mean        | 180       |
|    ep_rew_mean        | 7.85      |
| time/                 |           |
|    fps                | 475       |
|    iterations         | 31900     |
|    time_elapsed       | 335       |
|    total_timesteps    | 159500    |
| train/                |           |
|    entropy_loss       | -19.8     |
|    explained_variance | -11.92668 |
|    learning_rate      | 0.0007    |
|    n_updates          | 31899     |
|    policy_loss        | 1.04      |
|    std                | 0.912     |
|    value_loss         | 0.00357   |
-------------------------------------
--------------------------------------
| rollout/              |            |
|    ep_len_mean        | 180        |
|    ep_rew_mean        | 7.86       |
| time/                 |            |
|    fps                | 475        |
|    iterations         | 32000      |
|    time_elapsed       | 336        |
|    total_timesteps    | 160000     |
| train/                |            |
|    entropy_loss       | -19.8      |
|    explained_variance | -46.243923 |
|    learning_rate      | 0.0007     |
|    n_updates          | 31999      |
|    policy_loss        | -2.34      |
|    std                | 0.911      |
|    value_loss         | 0.0138     |
--------------------------------------
--------------------------------------
| rollout/              |            |
|    ep_len_mean        | 180        |
|    ep_rew_mean        | 7.93       |
| time/                 |            |
|    fps                | 476        |
|    iterations         | 32100      |
|    time_elapsed       | 337        |
|    total_timesteps    | 160500     |
| train/                |            |
|    entropy_loss       | -19.8      |
|    explained_variance | 0.90526986 |
|    learning_rate      | 0.0007     |
|    n_updates          | 32099      |
|    policy_loss        | -0.137     |
|    std                | 0.911      |
|    value_loss         | 5.98e-05   |
--------------------------------------
-------------------------------------
| rollout/              |           |
|    ep_len_mean        | 180       |
|    ep_rew_mean        | 7.97      |
| time/                 |           |
|    fps                | 476       |
|    iterations         | 32200     |
|    time_elapsed       | 338       |
|    total_timesteps    | 161000    |
| train/                |           |
|    entropy_loss       | -19.8     |
|    explained_variance | 0.9873356 |
|    learning_rate      | 0.0007    |
|    n_updates          | 32199     |
|    policy_loss        | -0.456    |
|    std                | 0.91      |
|    value_loss         | 0.000654  |
-------------------------------------
-------------------------------------
| rollout/              |           |
|    ep_len_mean        | 180       |
|    ep_rew_mean        | 8.06      |
| time/                 |           |
|    fps                | 476       |
|    iterations         | 32300     |
|    time_elapsed       | 339       |
|    total_timesteps    | 161500    |
| train/                |           |
|    entropy_loss       | -19.8     |
|    explained_variance | 0.9831589 |
|    learning_rate      | 0.0007    |
|    n_updates          | 32299     |
|    policy_loss        | -0.0505   |
|    std                | 0.911     |
|    value_loss         | 9.85e-06  |
-------------------------------------
-------------------------------------
| rollout/              |           |
|    ep_len_mean        | 181       |
|    ep_rew_mean        | 8.1       |
| time/                 |           |
|    fps                | 476       |
|    iterations         | 32400     |
|    time_elapsed       | 340       |
|    total_timesteps    | 162000    |
| train/                |           |
|    entropy_loss       | -19.8     |
|    explained_variance | 0.9931279 |
|    learning_rate      | 0.0007    |
|    n_updates          | 32399     |
|    policy_loss        | 0.155     |
|    std                | 0.909     |
|    value_loss         | 0.00016   |
-------------------------------------
--------------------------------------
| rollout/              |            |
|    ep_len_mean        | 182        |
|    ep_rew_mean        | 8.16       |
| time/                 |            |
|    fps                | 476        |
|    iterations         | 32500      |
|    time_elapsed       | 340        |
|    total_timesteps    | 162500     |
| train/                |            |
|    entropy_loss       | -19.8      |
|    explained_variance | 0.96729267 |
|    learning_rate      | 0.0007     |
|    n_updates          | 32499      |
|    policy_loss        | -0.107     |
|    std                | 0.909      |
|    value_loss         | 3.18e-05   |
--------------------------------------
----------------------------------------
| rollout/              |              |
|    ep_len_mean        | 182          |
|    ep_rew_mean        | 8.23         |
| time/                 |              |
|    fps                | 476          |
|    iterations         | 32600        |
|    time_elapsed       | 341          |
|    total_timesteps    | 163000       |
| train/                |              |
|    entropy_loss       | -19.8        |
|    explained_variance | -0.021002531 |
|    learning_rate      | 0.0007       |
|    n_updates          | 32599        |
|    policy_loss        | -0.0197      |
|    std                | 0.911        |
|    value_loss         | 1.32e-05     |
----------------------------------------
--------------------------------------
| rollout/              |            |
|    ep_len_mean        | 183        |
|    ep_rew_mean        | 8.29       |
| time/                 |            |
|    fps                | 477        |
|    iterations         | 32700      |
|    time_elapsed       | 342        |
|    total_timesteps    | 163500     |
| train/                |            |
|    entropy_loss       | -19.8      |
|    explained_variance | 0.48500836 |
|    learning_rate      | 0.0007     |
|    n_updates          | 32699      |
|    policy_loss        | -0.733     |
|    std                | 0.911      |
|    value_loss         | 0.00159    |
--------------------------------------
---------------------------------------
| rollout/              |             |
|    ep_len_mean        | 184         |
|    ep_rew_mean        | 8.38        |
| time/                 |             |
|    fps                | 477         |
|    iterations         | 32800       |
|    time_elapsed       | 343         |
|    total_timesteps    | 164000      |
| train/                |             |
|    entropy_loss       | -19.8       |
|    explained_variance | -0.10545945 |
|    learning_rate      | 0.0007      |
|    n_updates          | 32799       |
|    policy_loss        | 0.104       |
|    std                | 0.912       |
|    value_loss         | 4.27e-05    |
---------------------------------------
-------------------------------------
| rollout/              |           |
|    ep_len_mean        | 185       |
|    ep_rew_mean        | 8.43      |
| time/                 |           |
|    fps                | 477       |
|    iterations         | 32900     |
|    time_elapsed       | 344       |
|    total_timesteps    | 164500    |
| train/                |           |
|    entropy_loss       | -19.8     |
|    explained_variance | 0.8824928 |
|    learning_rate      | 0.0007    |
|    n_updates          | 32899     |
|    policy_loss        | 2.13      |
|    std                | 0.912     |
|    value_loss         | 0.0194    |
-------------------------------------
--------------------------------------
| rollout/              |            |
|    ep_len_mean        | 186        |
|    ep_rew_mean        | 8.57       |
| time/                 |            |
|    fps                | 477        |
|    iterations         | 33000      |
|    time_elapsed       | 345        |
|    total_timesteps    | 165000     |
| train/                |            |
|    entropy_loss       | -19.8      |
|    explained_variance | 0.98477954 |
|    learning_rate      | 0.0007     |
|    n_updates          | 32999      |
|    policy_loss        | 0.00541    |
|    std                | 0.912      |
|    value_loss         | 3.07e-07   |
--------------------------------------
--------------------------------------
| rollout/              |            |
|    ep_len_mean        | 187        |
|    ep_rew_mean        | 8.67       |
| time/                 |            |
|    fps                | 477        |
|    iterations         | 33100      |
|    time_elapsed       | 346        |
|    total_timesteps    | 165500     |
| train/                |            |
|    entropy_loss       | -19.9      |
|    explained_variance | 0.87299556 |
|    learning_rate      | 0.0007     |
|    n_updates          | 33099      |
|    policy_loss        | 1.01       |
|    std                | 0.915      |
|    value_loss         | 0.00386    |
--------------------------------------
--------------------------------------
| rollout/              |            |
|    ep_len_mean        | 188        |
|    ep_rew_mean        | 8.85       |
| time/                 |            |
|    fps                | 478        |
|    iterations         | 33200      |
|    time_elapsed       | 347        |
|    total_timesteps    | 166000     |
| train/                |            |
|    entropy_loss       | -19.9      |
|    explained_variance | 0.94640183 |
|    learning_rate      | 0.0007     |
|    n_updates          | 33199      |
|    policy_loss        | -0.145     |
|    std                | 0.916      |
|    value_loss         | 6.37e-05   |
--------------------------------------
--------------------------------------
| rollout/              |            |
|    ep_len_mean        | 189        |
|    ep_rew_mean        | 9.03       |
| time/                 |            |
|    fps                | 478        |
|    iterations         | 33300      |
|    time_elapsed       | 348        |
|    total_timesteps    | 166500     |
| train/                |            |
|    entropy_loss       | -19.9      |
|    explained_variance | -0.9964647 |
|    learning_rate      | 0.0007     |
|    n_updates          | 33299      |
|    policy_loss        | 0.159      |
|    std                | 0.915      |
|    value_loss         | 0.000151   |
--------------------------------------
-------------------------------------
| rollout/              |           |
|    ep_len_mean        | 190       |
|    ep_rew_mean        | 9.11      |
| time/                 |           |
|    fps                | 477       |
|    iterations         | 33400     |
|    time_elapsed       | 349       |
|    total_timesteps    | 167000    |
| train/                |           |
|    entropy_loss       | -19.9     |
|    explained_variance | 0.9996312 |
|    learning_rate      | 0.0007    |
|    n_updates          | 33399     |
|    policy_loss        | 0.00446   |
|    std                | 0.916     |
|    value_loss         | 1.66e-07  |
-------------------------------------
-------------------------------------
| rollout/              |           |
|    ep_len_mean        | 191       |
|    ep_rew_mean        | 9.27      |
| time/                 |           |
|    fps                | 476       |
|    iterations         | 33500     |
|    time_elapsed       | 351       |
|    total_timesteps    | 167500    |
| train/                |           |
|    entropy_loss       | -19.9     |
|    explained_variance | 0.3322401 |
|    learning_rate      | 0.0007    |
|    n_updates          | 33499     |
|    policy_loss        | 0.274     |
|    std                | 0.916     |
|    value_loss         | 0.000262  |
-------------------------------------
--------------------------------------
| rollout/              |            |
|    ep_len_mean        | 192        |
|    ep_rew_mean        | 9.4        |
| time/                 |            |
|    fps                | 475        |
|    iterations         | 33600      |
|    time_elapsed       | 353        |
|    total_timesteps    | 168000     |
| train/                |            |
|    entropy_loss       | -19.9      |
|    explained_variance | 0.97371846 |
|    learning_rate      | 0.0007     |
|    n_updates          | 33599      |
|    policy_loss        | -0.67      |
|    std                | 0.916      |
|    value_loss         | 0.00119    |
--------------------------------------
-------------------------------------
| rollout/              |           |
|    ep_len_mean        | 193       |
|    ep_rew_mean        | 9.49      |
| time/                 |           |
|    fps                | 475       |
|    iterations         | 33700     |
|    time_elapsed       | 354       |
|    total_timesteps    | 168500    |
| train/                |           |
|    entropy_loss       | -19.9     |
|    explained_variance | 0.9755287 |
|    learning_rate      | 0.0007    |
|    n_updates          | 33699     |
|    policy_loss        | -0.0931   |
|    std                | 0.919     |
|    value_loss         | 2.72e-05  |
-------------------------------------
-------------------------------------
| rollout/              |           |
|    ep_len_mean        | 194       |
|    ep_rew_mean        | 9.6       |
| time/                 |           |
|    fps                | 474       |
|    iterations         | 33800     |
|    time_elapsed       | 355       |
|    total_timesteps    | 169000    |
| train/                |           |
|    entropy_loss       | -19.9     |
|    explained_variance | 0.8818534 |
|    learning_rate      | 0.0007    |
|    n_updates          | 33799     |
|    policy_loss        | -0.165    |
|    std                | 0.918     |
|    value_loss         | 8.32e-05  |
-------------------------------------
--------------------------------------
| rollout/              |            |
|    ep_len_mean        | 195        |
|    ep_rew_mean        | 9.68       |
| time/                 |            |
|    fps                | 474        |
|    iterations         | 33900      |
|    time_elapsed       | 357        |
|    total_timesteps    | 169500     |
| train/                |            |
|    entropy_loss       | -19.9      |
|    explained_variance | -10.588614 |
|    learning_rate      | 0.0007     |
|    n_updates          | 33899      |
|    policy_loss        | 0.155      |
|    std                | 0.917      |
|    value_loss         | 0.000464   |
--------------------------------------
-------------------------------------
| rollout/              |           |
|    ep_len_mean        | 195       |
|    ep_rew_mean        | 9.74      |
| time/                 |           |
|    fps                | 474       |
|    iterations         | 34000     |
|    time_elapsed       | 358       |
|    total_timesteps    | 170000    |
| train/                |           |
|    entropy_loss       | -19.9     |
|    explained_variance | 0.9310971 |
|    learning_rate      | 0.0007    |
|    n_updates          | 33999     |
|    policy_loss        | -0.431    |
|    std                | 0.92      |
|    value_loss         | 0.000482  |
-------------------------------------
--------------------------------------
| rollout/              |            |
|    ep_len_mean        | 195        |
|    ep_rew_mean        | 9.79       |
| time/                 |            |
|    fps                | 474        |
|    iterations         | 34100      |
|    time_elapsed       | 358        |
|    total_timesteps    | 170500     |
| train/                |            |
|    entropy_loss       | -19.9      |
|    explained_variance | 0.87811065 |
|    learning_rate      | 0.0007     |
|    n_updates          | 34099      |
|    policy_loss        | 0.15       |
|    std                | 0.92       |
|    value_loss         | 6.06e-05   |
--------------------------------------
-------------------------------------
| rollout/              |           |
|    ep_len_mean        | 195       |
|    ep_rew_mean        | 9.76      |
| time/                 |           |
|    fps                | 474       |
|    iterations         | 34200     |
|    time_elapsed       | 360       |
|    total_timesteps    | 171000    |
| train/                |           |
|    entropy_loss       | -20       |
|    explained_variance | 0.9939791 |
|    learning_rate      | 0.0007    |
|    n_updates          | 34199     |
|    policy_loss        | -0.547    |
|    std                | 0.921     |
|    value_loss         | 0.00206   |
-------------------------------------
-------------------------------------
| rollout/              |           |
|    ep_len_mean        | 195       |
|    ep_rew_mean        | 9.77      |
| time/                 |           |
|    fps                | 474       |
|    iterations         | 34300     |
|    time_elapsed       | 361       |
|    total_timesteps    | 171500    |
| train/                |           |
|    entropy_loss       | -20       |
|    explained_variance | 0.9848344 |
|    learning_rate      | 0.0007    |
|    n_updates          | 34299     |
|    policy_loss        | -0.0667   |
|    std                | 0.922     |
|    value_loss         | 1.29e-05  |
-------------------------------------
-------------------------------------
| rollout/              |           |
|    ep_len_mean        | 195       |
|    ep_rew_mean        | 9.75      |
| time/                 |           |
|    fps                | 474       |
|    iterations         | 34400     |
|    time_elapsed       | 362       |
|    total_timesteps    | 172000    |
| train/                |           |
|    entropy_loss       | -20       |
|    explained_variance | 0.9988384 |
|    learning_rate      | 0.0007    |
|    n_updates          | 34399     |
|    policy_loss        | 0.0668    |
|    std                | 0.922     |
|    value_loss         | 2.49e-05  |
-------------------------------------
--------------------------------------
| rollout/              |            |
|    ep_len_mean        | 194        |
|    ep_rew_mean        | 9.78       |
| time/                 |            |
|    fps                | 475        |
|    iterations         | 34500      |
|    time_elapsed       | 363        |
|    total_timesteps    | 172500     |
| train/                |            |
|    entropy_loss       | -20        |
|    explained_variance | 0.97879714 |
|    learning_rate      | 0.0007     |
|    n_updates          | 34499      |
|    policy_loss        | -0.0538    |
|    std                | 0.922      |
|    value_loss         | 9.99e-06   |
--------------------------------------
--------------------------------------
| rollout/              |            |
|    ep_len_mean        | 194        |
|    ep_rew_mean        | 9.78       |
| time/                 |            |
|    fps                | 474        |
|    iterations         | 34600      |
|    time_elapsed       | 364        |
|    total_timesteps    | 173000     |
| train/                |            |
|    entropy_loss       | -20        |
|    explained_variance | -17.820282 |
|    learning_rate      | 0.0007     |
|    n_updates          | 34599      |
|    policy_loss        | -0.0368    |
|    std                | 0.921      |
|    value_loss         | 0.00081    |
--------------------------------------
-------------------------------------
| rollout/              |           |
|    ep_len_mean        | 194       |
|    ep_rew_mean        | 9.81      |
| time/                 |           |
|    fps                | 474       |
|    iterations         | 34700     |
|    time_elapsed       | 365       |
|    total_timesteps    | 173500    |
| train/                |           |
|    entropy_loss       | -20       |
|    explained_variance | 0.9893775 |
|    learning_rate      | 0.0007    |
|    n_updates          | 34699     |
|    policy_loss        | 0.0713    |
|    std                | 0.922     |
|    value_loss         | 1.53e-05  |
-------------------------------------
---------------------------------------
| rollout/              |             |
|    ep_len_mean        | 194         |
|    ep_rew_mean        | 9.81        |
| time/                 |             |
|    fps                | 474         |
|    iterations         | 34800       |
|    time_elapsed       | 366         |
|    total_timesteps    | 174000      |
| train/                |             |
|    entropy_loss       | -20         |
|    explained_variance | -0.49330068 |
|    learning_rate      | 0.0007      |
|    n_updates          | 34799       |
|    policy_loss        | -0.274      |
|    std                | 0.922       |
|    value_loss         | 0.000205    |
---------------------------------------
-------------------------------------
| rollout/              |           |
|    ep_len_mean        | 194       |
|    ep_rew_mean        | 9.79      |
| time/                 |           |
|    fps                | 474       |
|    iterations         | 34900     |
|    time_elapsed       | 368       |
|    total_timesteps    | 174500    |
| train/                |           |
|    entropy_loss       | -19.9     |
|    explained_variance | 0.9939147 |
|    learning_rate      | 0.0007    |
|    n_updates          | 34899     |
|    policy_loss        | -2.28     |
|    std                | 0.921     |
|    value_loss         | 0.0179    |
-------------------------------------
-------------------------------------
| rollout/              |           |
|    ep_len_mean        | 194       |
|    ep_rew_mean        | 9.83      |
| time/                 |           |
|    fps                | 474       |
|    iterations         | 35000     |
|    time_elapsed       | 368       |
|    total_timesteps    | 175000    |
| train/                |           |
|    entropy_loss       | -20       |
|    explained_variance | 0.9463375 |
|    learning_rate      | 0.0007    |
|    n_updates          | 34999     |
|    policy_loss        | 0.0566    |
|    std                | 0.922     |
|    value_loss         | 1.03e-05  |
-------------------------------------
-------------------------------------
| rollout/              |           |
|    ep_len_mean        | 194       |
|    ep_rew_mean        | 9.82      |
| time/                 |           |
|    fps                | 475       |
|    iterations         | 35100     |
|    time_elapsed       | 369       |
|    total_timesteps    | 175500    |
| train/                |           |
|    entropy_loss       | -20       |
|    explained_variance | 0.9925477 |
|    learning_rate      | 0.0007    |
|    n_updates          | 35099     |
|    policy_loss        | -0.156    |
|    std                | 0.924     |
|    value_loss         | 0.000142  |
-------------------------------------
-------------------------------------
| rollout/              |           |
|    ep_len_mean        | 194       |
|    ep_rew_mean        | 9.81      |
| time/                 |           |
|    fps                | 476       |
|    iterations         | 35200     |
|    time_elapsed       | 369       |
|    total_timesteps    | 176000    |
| train/                |           |
|    entropy_loss       | -20       |
|    explained_variance | 0.9984422 |
|    learning_rate      | 0.0007    |
|    n_updates          | 35199     |
|    policy_loss        | -0.00335  |
|    std                | 0.926     |
|    value_loss         | 1.6e-07   |
-------------------------------------
--------------------------------------
| rollout/              |            |
|    ep_len_mean        | 194        |
|    ep_rew_mean        | 9.81       |
| time/                 |            |
|    fps                | 476        |
|    iterations         | 35300      |
|    time_elapsed       | 370        |
|    total_timesteps    | 176500     |
| train/                |            |
|    entropy_loss       | -20        |
|    explained_variance | 0.88552576 |
|    learning_rate      | 0.0007     |
|    n_updates          | 35299      |
|    policy_loss        | -0.255     |
|    std                | 0.924      |
|    value_loss         | 0.000331   |
--------------------------------------
-------------------------------------
| rollout/              |           |
|    ep_len_mean        | 194       |
|    ep_rew_mean        | 9.81      |
| time/                 |           |
|    fps                | 477       |
|    iterations         | 35400     |
|    time_elapsed       | 370       |
|    total_timesteps    | 177000    |
| train/                |           |
|    entropy_loss       | -20       |
|    explained_variance | 0.9943323 |
|    learning_rate      | 0.0007    |
|    n_updates          | 35399     |
|    policy_loss        | -0.0447   |
|    std                | 0.925     |
|    value_loss         | 5.77e-06  |
-------------------------------------
-------------------------------------
| rollout/              |           |
|    ep_len_mean        | 194       |
|    ep_rew_mean        | 9.81      |
| time/                 |           |
|    fps                | 478       |
|    iterations         | 35500     |
|    time_elapsed       | 371       |
|    total_timesteps    | 177500    |
| train/                |           |
|    entropy_loss       | -20       |
|    explained_variance | 0.7008829 |
|    learning_rate      | 0.0007    |
|    n_updates          | 35499     |
|    policy_loss        | 0.00936   |
|    std                | 0.926     |
|    value_loss         | 7.64e-06  |
-------------------------------------
--------------------------------------
| rollout/              |            |
|    ep_len_mean        | 194        |
|    ep_rew_mean        | 9.81       |
| time/                 |            |
|    fps                | 478        |
|    iterations         | 35600      |
|    time_elapsed       | 371        |
|    total_timesteps    | 178000     |
| train/                |            |
|    entropy_loss       | -20        |
|    explained_variance | 0.80061924 |
|    learning_rate      | 0.0007     |
|    n_updates          | 35599      |
|    policy_loss        | 0.374      |
|    std                | 0.925      |
|    value_loss         | 0.000991   |
--------------------------------------
--------------------------------------
| rollout/              |            |
|    ep_len_mean        | 194        |
|    ep_rew_mean        | 9.81       |
| time/                 |            |
|    fps                | 479        |
|    iterations         | 35700      |
|    time_elapsed       | 372        |
|    total_timesteps    | 178500     |
| train/                |            |
|    entropy_loss       | -20        |
|    explained_variance | 0.97700083 |
|    learning_rate      | 0.0007     |
|    n_updates          | 35699      |
|    policy_loss        | -0.0523    |
|    std                | 0.921      |
|    value_loss         | 8.55e-06   |
--------------------------------------
-------------------------------------
| rollout/              |           |
|    ep_len_mean        | 194       |
|    ep_rew_mean        | 9.81      |
| time/                 |           |
|    fps                | 480       |
|    iterations         | 35800     |
|    time_elapsed       | 372       |
|    total_timesteps    | 179000    |
| train/                |           |
|    entropy_loss       | -20       |
|    explained_variance | 0.9897798 |
|    learning_rate      | 0.0007    |
|    n_updates          | 35799     |
|    policy_loss        | 0.163     |
|    std                | 0.922     |
|    value_loss         | 0.000168  |
-------------------------------------
-------------------------------------
| rollout/              |           |
|    ep_len_mean        | 194       |
|    ep_rew_mean        | 9.81      |
| time/                 |           |
|    fps                | 480       |
|    iterations         | 35900     |
|    time_elapsed       | 373       |
|    total_timesteps    | 179500    |
| train/                |           |
|    entropy_loss       | -20       |
|    explained_variance | 0.9993982 |
|    learning_rate      | 0.0007    |
|    n_updates          | 35899     |
|    policy_loss        | 0.00901   |
|    std                | 0.923     |
|    value_loss         | 2.85e-07  |
-------------------------------------
--------------------------------------
| rollout/              |            |
|    ep_len_mean        | 194        |
|    ep_rew_mean        | 9.81       |
| time/                 |            |
|    fps                | 481        |
|    iterations         | 36000      |
|    time_elapsed       | 373        |
|    total_timesteps    | 180000     |
| train/                |            |
|    entropy_loss       | -20        |
|    explained_variance | 0.96920645 |
|    learning_rate      | 0.0007     |
|    n_updates          | 35999      |
|    policy_loss        | -1.14      |
|    std                | 0.922      |
|    value_loss         | 0.00347    |
--------------------------------------
-------------------------------------
| rollout/              |           |
|    ep_len_mean        | 194       |
|    ep_rew_mean        | 9.81      |
| time/                 |           |
|    fps                | 482       |
|    iterations         | 36100     |
|    time_elapsed       | 374       |
|    total_timesteps    | 180500    |
| train/                |           |
|    entropy_loss       | -19.9     |
|    explained_variance | 0.9962801 |
|    learning_rate      | 0.0007    |
|    n_updates          | 36099     |
|    policy_loss        | -0.0306   |
|    std                | 0.92      |
|    value_loss         | 2.86e-06  |
-------------------------------------
--------------------------------------
| rollout/              |            |
|    ep_len_mean        | 194        |
|    ep_rew_mean        | 9.81       |
| time/                 |            |
|    fps                | 483        |
|    iterations         | 36200      |
|    time_elapsed       | 374        |
|    total_timesteps    | 181000     |
| train/                |            |
|    entropy_loss       | -19.9      |
|    explained_variance | -2.0900438 |
|    learning_rate      | 0.0007     |
|    n_updates          | 36199      |
|    policy_loss        | 0.79       |
|    std                | 0.919      |
|    value_loss         | 0.00152    |
--------------------------------------
-------------------------------------
| rollout/              |           |
|    ep_len_mean        | 194       |
|    ep_rew_mean        | 9.81      |
| time/                 |           |
|    fps                | 483       |
|    iterations         | 36300     |
|    time_elapsed       | 375       |
|    total_timesteps    | 181500    |
| train/                |           |
|    entropy_loss       | -19.9     |
|    explained_variance | 0.9994021 |
|    learning_rate      | 0.0007    |
|    n_updates          | 36299     |
|    policy_loss        | -0.0781   |
|    std                | 0.917     |
|    value_loss         | 1.22e-05  |
-------------------------------------
--------------------------------------
| rollout/              |            |
|    ep_len_mean        | 194        |
|    ep_rew_mean        | 9.81       |
| time/                 |            |
|    fps                | 484        |
|    iterations         | 36400      |
|    time_elapsed       | 375        |
|    total_timesteps    | 182000     |
| train/                |            |
|    entropy_loss       | -19.9      |
|    explained_variance | 0.93807536 |
|    learning_rate      | 0.0007     |
|    n_updates          | 36399      |
|    policy_loss        | -0.0392    |
|    std                | 0.916      |
|    value_loss         | 6.72e-06   |
--------------------------------------
-------------------------------------
| rollout/              |           |
|    ep_len_mean        | 194       |
|    ep_rew_mean        | 9.81      |
| time/                 |           |
|    fps                | 485       |
|    iterations         | 36500     |
|    time_elapsed       | 375       |
|    total_timesteps    | 182500    |
| train/                |           |
|    entropy_loss       | -19.9     |
|    explained_variance | 0.9953165 |
|    learning_rate      | 0.0007    |
|    n_updates          | 36499     |
|    policy_loss        | 0.763     |
|    std                | 0.915     |
|    value_loss         | 0.00321   |
-------------------------------------
-------------------------------------
| rollout/              |           |
|    ep_len_mean        | 194       |
|    ep_rew_mean        | 9.81      |
| time/                 |           |
|    fps                | 486       |
|    iterations         | 36600     |
|    time_elapsed       | 376       |
|    total_timesteps    | 183000    |
| train/                |           |
|    entropy_loss       | -19.9     |
|    explained_variance | 0.9821903 |
|    learning_rate      | 0.0007    |
|    n_updates          | 36599     |
|    policy_loss        | 0.0652    |
|    std                | 0.914     |
|    value_loss         | 1.66e-05  |
-------------------------------------
--------------------------------------
| rollout/              |            |
|    ep_len_mean        | 194        |
|    ep_rew_mean        | 9.81       |
| time/                 |            |
|    fps                | 486        |
|    iterations         | 36700      |
|    time_elapsed       | 376        |
|    total_timesteps    | 183500     |
| train/                |            |
|    entropy_loss       | -19.8      |
|    explained_variance | 0.99200094 |
|    learning_rate      | 0.0007     |
|    n_updates          | 36699      |
|    policy_loss        | -0.271     |
|    std                | 0.912      |
|    value_loss         | 0.000312   |
--------------------------------------
-------------------------------------
| rollout/              |           |
|    ep_len_mean        | 194       |
|    ep_rew_mean        | 9.81      |
| time/                 |           |
|    fps                | 487       |
|    iterations         | 36800     |
|    time_elapsed       | 377       |
|    total_timesteps    | 184000    |
| train/                |           |
|    entropy_loss       | -19.8     |
|    explained_variance | 0.9675518 |
|    learning_rate      | 0.0007    |
|    n_updates          | 36799     |
|    policy_loss        | -0.106    |
|    std                | 0.909     |
|    value_loss         | 3.6e-05   |
-------------------------------------
--------------------------------------
| rollout/              |            |
|    ep_len_mean        | 194        |
|    ep_rew_mean        | 9.81       |
| time/                 |            |
|    fps                | 488        |
|    iterations         | 36900      |
|    time_elapsed       | 377        |
|    total_timesteps    | 184500     |
| train/                |            |
|    entropy_loss       | -19.7      |
|    explained_variance | -1.3407702 |
|    learning_rate      | 0.0007     |
|    n_updates          | 36899      |
|    policy_loss        | -3.45      |
|    std                | 0.907      |
|    value_loss         | 0.179      |
--------------------------------------
-------------------------------------
| rollout/              |           |
|    ep_len_mean        | 194       |
|    ep_rew_mean        | 9.81      |
| time/                 |           |
|    fps                | 489       |
|    iterations         | 37000     |
|    time_elapsed       | 378       |
|    total_timesteps    | 185000    |
| train/                |           |
|    entropy_loss       | -19.7     |
|    explained_variance | 0.9990614 |
|    learning_rate      | 0.0007    |
|    n_updates          | 36999     |
|    policy_loss        | 0.0448    |
|    std                | 0.905     |
|    value_loss         | 5.09e-06  |
-------------------------------------
--------------------------------------
| rollout/              |            |
|    ep_len_mean        | 194        |
|    ep_rew_mean        | 9.82       |
| time/                 |            |
|    fps                | 489        |
|    iterations         | 37100      |
|    time_elapsed       | 378        |
|    total_timesteps    | 185500     |
| train/                |            |
|    entropy_loss       | -19.7      |
|    explained_variance | -4.7799134 |
|    learning_rate      | 0.0007     |
|    n_updates          | 37099      |
|    policy_loss        | 0.396      |
|    std                | 0.904      |
|    value_loss         | 0.000696   |
--------------------------------------
-------------------------------------
| rollout/              |           |
|    ep_len_mean        | 194       |
|    ep_rew_mean        | 9.82      |
| time/                 |           |
|    fps                | 490       |
|    iterations         | 37200     |
|    time_elapsed       | 379       |
|    total_timesteps    | 186000    |
| train/                |           |
|    entropy_loss       | -19.7     |
|    explained_variance | 0.7686667 |
|    learning_rate      | 0.0007    |
|    n_updates          | 37199     |
|    policy_loss        | -0.432    |
|    std                | 0.906     |
|    value_loss         | 0.000668  |
-------------------------------------
--------------------------------------
| rollout/              |            |
|    ep_len_mean        | 194        |
|    ep_rew_mean        | 9.82       |
| time/                 |            |
|    fps                | 491        |
|    iterations         | 37300      |
|    time_elapsed       | 379        |
|    total_timesteps    | 186500     |
| train/                |            |
|    entropy_loss       | -19.8      |
|    explained_variance | 0.86933947 |
|    learning_rate      | 0.0007     |
|    n_updates          | 37299      |
|    policy_loss        | 0.121      |
|    std                | 0.91       |
|    value_loss         | 3.88e-05   |
--------------------------------------
--------------------------------------
| rollout/              |            |
|    ep_len_mean        | 194        |
|    ep_rew_mean        | 9.83       |
| time/                 |            |
|    fps                | 491        |
|    iterations         | 37400      |
|    time_elapsed       | 380        |
|    total_timesteps    | 187000     |
| train/                |            |
|    entropy_loss       | -19.8      |
|    explained_variance | 0.74583954 |
|    learning_rate      | 0.0007     |
|    n_updates          | 37399      |
|    policy_loss        | -1.4       |
|    std                | 0.913      |
|    value_loss         | 0.00787    |
--------------------------------------
--------------------------------------
| rollout/              |            |
|    ep_len_mean        | 194        |
|    ep_rew_mean        | 9.84       |
| time/                 |            |
|    fps                | 492        |
|    iterations         | 37500      |
|    time_elapsed       | 380        |
|    total_timesteps    | 187500     |
| train/                |            |
|    entropy_loss       | -19.8      |
|    explained_variance | 0.96061206 |
|    learning_rate      | 0.0007     |
|    n_updates          | 37499      |
|    policy_loss        | 0.0935     |
|    std                | 0.91       |
|    value_loss         | 2.57e-05   |
--------------------------------------
--------------------------------------
| rollout/              |            |
|    ep_len_mean        | 194        |
|    ep_rew_mean        | 9.93       |
| time/                 |            |
|    fps                | 492        |
|    iterations         | 37600      |
|    time_elapsed       | 381        |
|    total_timesteps    | 188000     |
| train/                |            |
|    entropy_loss       | -19.8      |
|    explained_variance | 0.39170355 |
|    learning_rate      | 0.0007     |
|    n_updates          | 37599      |
|    policy_loss        | -5.54      |
|    std                | 0.912      |
|    value_loss         | 0.173      |
--------------------------------------
--------------------------------------
| rollout/              |            |
|    ep_len_mean        | 195        |
|    ep_rew_mean        | 9.97       |
| time/                 |            |
|    fps                | 493        |
|    iterations         | 37700      |
|    time_elapsed       | 381        |
|    total_timesteps    | 188500     |
| train/                |            |
|    entropy_loss       | -19.8      |
|    explained_variance | 0.99435014 |
|    learning_rate      | 0.0007     |
|    n_updates          | 37699      |
|    policy_loss        | 0.0132     |
|    std                | 0.913      |
|    value_loss         | 1.74e-06   |
--------------------------------------
--------------------------------------
| rollout/              |            |
|    ep_len_mean        | 195        |
|    ep_rew_mean        | 9.99       |
| time/                 |            |
|    fps                | 494        |
|    iterations         | 37800      |
|    time_elapsed       | 382        |
|    total_timesteps    | 189000     |
| train/                |            |
|    entropy_loss       | -19.9      |
|    explained_variance | 0.44504875 |
|    learning_rate      | 0.0007     |
|    n_updates          | 37799      |
|    policy_loss        | -0.291     |
|    std                | 0.913      |
|    value_loss         | 0.000269   |
--------------------------------------
--------------------------------------
| rollout/              |            |
|    ep_len_mean        | 195        |
|    ep_rew_mean        | 10         |
| time/                 |            |
|    fps                | 494        |
|    iterations         | 37900      |
|    time_elapsed       | 382        |
|    total_timesteps    | 189500     |
| train/                |            |
|    entropy_loss       | -19.9      |
|    explained_variance | 0.98391443 |
|    learning_rate      | 0.0007     |
|    n_updates          | 37899      |
|    policy_loss        | -4.78      |
|    std                | 0.916      |
|    value_loss         | 0.056      |
--------------------------------------
--------------------------------------
| rollout/              |            |
|    ep_len_mean        | 195        |
|    ep_rew_mean        | 10         |
| time/                 |            |
|    fps                | 495        |
|    iterations         | 38000      |
|    time_elapsed       | 383        |
|    total_timesteps    | 190000     |
| train/                |            |
|    entropy_loss       | -19.9      |
|    explained_variance | 0.99893296 |
|    learning_rate      | 0.0007     |
|    n_updates          | 37999      |
|    policy_loss        | 0.0361     |
|    std                | 0.914      |
|    value_loss         | 3.26e-06   |
--------------------------------------
--------------------------------------
| rollout/              |            |
|    ep_len_mean        | 195        |
|    ep_rew_mean        | 10         |
| time/                 |            |
|    fps                | 496        |
|    iterations         | 38100      |
|    time_elapsed       | 383        |
|    total_timesteps    | 190500     |
| train/                |            |
|    entropy_loss       | -19.9      |
|    explained_variance | 0.99197346 |
|    learning_rate      | 0.0007     |
|    n_updates          | 38099      |
|    policy_loss        | -0.783     |
|    std                | 0.915      |
|    value_loss         | 0.00146    |
--------------------------------------
-------------------------------------
| rollout/              |           |
|    ep_len_mean        | 195       |
|    ep_rew_mean        | 10        |
| time/                 |           |
|    fps                | 496       |
|    iterations         | 38200     |
|    time_elapsed       | 384       |
|    total_timesteps    | 191000    |
| train/                |           |
|    entropy_loss       | -19.9     |
|    explained_variance | 0.9948521 |
|    learning_rate      | 0.0007    |
|    n_updates          | 38199     |
|    policy_loss        | 0.0362    |
|    std                | 0.914     |
|    value_loss         | 4.43e-06  |
-------------------------------------
--------------------------------------
| rollout/              |            |
|    ep_len_mean        | 195        |
|    ep_rew_mean        | 10         |
| time/                 |            |
|    fps                | 497        |
|    iterations         | 38300      |
|    time_elapsed       | 385        |
|    total_timesteps    | 191500     |
| train/                |            |
|    entropy_loss       | -19.9      |
|    explained_variance | 0.97001535 |
|    learning_rate      | 0.0007     |
|    n_updates          | 38299      |
|    policy_loss        | -0.861     |
|    std                | 0.912      |
|    value_loss         | 0.00161    |
--------------------------------------
--------------------------------------
| rollout/              |            |
|    ep_len_mean        | 195        |
|    ep_rew_mean        | 10         |
| time/                 |            |
|    fps                | 497        |
|    iterations         | 38400      |
|    time_elapsed       | 385        |
|    total_timesteps    | 192000     |
| train/                |            |
|    entropy_loss       | -19.8      |
|    explained_variance | 0.98570806 |
|    learning_rate      | 0.0007     |
|    n_updates          | 38399      |
|    policy_loss        | -0.119     |
|    std                | 0.91       |
|    value_loss         | 4.02e-05   |
--------------------------------------
--------------------------------------
| rollout/              |            |
|    ep_len_mean        | 195        |
|    ep_rew_mean        | 10         |
| time/                 |            |
|    fps                | 498        |
|    iterations         | 38500      |
|    time_elapsed       | 386        |
|    total_timesteps    | 192500     |
| train/                |            |
|    entropy_loss       | -19.8      |
|    explained_variance | 0.19544208 |
|    learning_rate      | 0.0007     |
|    n_updates          | 38499      |
|    policy_loss        | -0.101     |
|    std                | 0.907      |
|    value_loss         | 7.45e-05   |
--------------------------------------
--------------------------------------
| rollout/              |            |
|    ep_len_mean        | 195        |
|    ep_rew_mean        | 10         |
| time/                 |            |
|    fps                | 499        |
|    iterations         | 38600      |
|    time_elapsed       | 386        |
|    total_timesteps    | 193000     |
| train/                |            |
|    entropy_loss       | -19.8      |
|    explained_variance | -1.7086802 |
|    learning_rate      | 0.0007     |
|    n_updates          | 38599      |
|    policy_loss        | 0.878      |
|    std                | 0.907      |
|    value_loss         | 0.0166     |
--------------------------------------
-------------------------------------
| rollout/              |           |
|    ep_len_mean        | 195       |
|    ep_rew_mean        | 10        |
| time/                 |           |
|    fps                | 499       |
|    iterations         | 38700     |
|    time_elapsed       | 387       |
|    total_timesteps    | 193500    |
| train/                |           |
|    entropy_loss       | -19.8     |
|    explained_variance | 0.6018734 |
|    learning_rate      | 0.0007    |
|    n_updates          | 38699     |
|    policy_loss        | -0.175    |
|    std                | 0.907     |
|    value_loss         | 9.86e-05  |
-------------------------------------
-------------------------------------
| rollout/              |           |
|    ep_len_mean        | 195       |
|    ep_rew_mean        | 10        |
| time/                 |           |
|    fps                | 500       |
|    iterations         | 38800     |
|    time_elapsed       | 387       |
|    total_timesteps    | 194000    |
| train/                |           |
|    entropy_loss       | -19.8     |
|    explained_variance | 0.9539386 |
|    learning_rate      | 0.0007    |
|    n_updates          | 38799     |
|    policy_loss        | 1.07      |
|    std                | 0.907     |
|    value_loss         | 0.00353   |
-------------------------------------
-------------------------------------
| rollout/              |           |
|    ep_len_mean        | 195       |
|    ep_rew_mean        | 10        |
| time/                 |           |
|    fps                | 500       |
|    iterations         | 38900     |
|    time_elapsed       | 388       |
|    total_timesteps    | 194500    |
| train/                |           |
|    entropy_loss       | -19.8     |
|    explained_variance | 0.6863942 |
|    learning_rate      | 0.0007    |
|    n_updates          | 38899     |
|    policy_loss        | 0.133     |
|    std                | 0.908     |
|    value_loss         | 5.03e-05  |
-------------------------------------
--------------------------------------
| rollout/              |            |
|    ep_len_mean        | 195        |
|    ep_rew_mean        | 10         |
| time/                 |            |
|    fps                | 501        |
|    iterations         | 39000      |
|    time_elapsed       | 388        |
|    total_timesteps    | 195000     |
| train/                |            |
|    entropy_loss       | -19.8      |
|    explained_variance | 0.94579506 |
|    learning_rate      | 0.0007     |
|    n_updates          | 38999      |
|    policy_loss        | 0.61       |
|    std                | 0.907      |
|    value_loss         | 0.00104    |
--------------------------------------
-------------------------------------
| rollout/              |           |
|    ep_len_mean        | 195       |
|    ep_rew_mean        | 10        |
| time/                 |           |
|    fps                | 502       |
|    iterations         | 39100     |
|    time_elapsed       | 389       |
|    total_timesteps    | 195500    |
| train/                |           |
|    entropy_loss       | -19.8     |
|    explained_variance | 0.9717281 |
|    learning_rate      | 0.0007    |
|    n_updates          | 39099     |
|    policy_loss        | -0.0291   |
|    std                | 0.908     |
|    value_loss         | 3.19e-06  |
-------------------------------------
-------------------------------------
| rollout/              |           |
|    ep_len_mean        | 195       |
|    ep_rew_mean        | 10        |
| time/                 |           |
|    fps                | 502       |
|    iterations         | 39200     |
|    time_elapsed       | 390       |
|    total_timesteps    | 196000    |
| train/                |           |
|    entropy_loss       | -19.8     |
|    explained_variance | 0.8828709 |
|    learning_rate      | 0.0007    |
|    n_updates          | 39199     |
|    policy_loss        | -0.0606   |
|    std                | 0.911     |
|    value_loss         | 9.14e-06  |
-------------------------------------
--------------------------------------
| rollout/              |            |
|    ep_len_mean        | 195        |
|    ep_rew_mean        | 10         |
| time/                 |            |
|    fps                | 503        |
|    iterations         | 39300      |
|    time_elapsed       | 390        |
|    total_timesteps    | 196500     |
| train/                |            |
|    entropy_loss       | -19.8      |
|    explained_variance | -1427.7548 |
|    learning_rate      | 0.0007     |
|    n_updates          | 39299      |
|    policy_loss        | 35.2       |
|    std                | 0.909      |
|    value_loss         | 11.5       |
--------------------------------------
-------------------------------------
| rollout/              |           |
|    ep_len_mean        | 195       |
|    ep_rew_mean        | 10        |
| time/                 |           |
|    fps                | 503       |
|    iterations         | 39400     |
|    time_elapsed       | 391       |
|    total_timesteps    | 197000    |
| train/                |           |
|    entropy_loss       | -19.8     |
|    explained_variance | 0.9187362 |
|    learning_rate      | 0.0007    |
|    n_updates          | 39399     |
|    policy_loss        | 0.0442    |
|    std                | 0.908     |
|    value_loss         | 4.01e-06  |
-------------------------------------
-------------------------------------
| rollout/              |           |
|    ep_len_mean        | 195       |
|    ep_rew_mean        | 10        |
| time/                 |           |
|    fps                | 504       |
|    iterations         | 39500     |
|    time_elapsed       | 391       |
|    total_timesteps    | 197500    |
| train/                |           |
|    entropy_loss       | -19.8     |
|    explained_variance | 0.9791463 |
|    learning_rate      | 0.0007    |
|    n_updates          | 39499     |
|    policy_loss        | 0.595     |
|    std                | 0.911     |
|    value_loss         | 0.00114   |
-------------------------------------
--------------------------------------
| rollout/              |            |
|    ep_len_mean        | 195        |
|    ep_rew_mean        | 10         |
| time/                 |            |
|    fps                | 504        |
|    iterations         | 39600      |
|    time_elapsed       | 392        |
|    total_timesteps    | 198000     |
| train/                |            |
|    entropy_loss       | -19.8      |
|    explained_variance | 0.98990804 |
|    learning_rate      | 0.0007     |
|    n_updates          | 39599      |
|    policy_loss        | 0.0276     |
|    std                | 0.912      |
|    value_loss         | 2e-06      |
--------------------------------------
--------------------------------------
| rollout/              |            |
|    ep_len_mean        | 195        |
|    ep_rew_mean        | 10         |
| time/                 |            |
|    fps                | 505        |
|    iterations         | 39700      |
|    time_elapsed       | 392        |
|    total_timesteps    | 198500     |
| train/                |            |
|    entropy_loss       | -19.8      |
|    explained_variance | 0.92730814 |
|    learning_rate      | 0.0007     |
|    n_updates          | 39699      |
|    policy_loss        | 0.261      |
|    std                | 0.908      |
|    value_loss         | 0.00106    |
--------------------------------------
--------------------------------------
| rollout/              |            |
|    ep_len_mean        | 194        |
|    ep_rew_mean        | 9.94       |
| time/                 |            |
|    fps                | 506        |
|    iterations         | 39800      |
|    time_elapsed       | 393        |
|    total_timesteps    | 199000     |
| train/                |            |
|    entropy_loss       | -19.8      |
|    explained_variance | -1338.4325 |
|    learning_rate      | 0.0007     |
|    n_updates          | 39799      |
|    policy_loss        | 37.6       |
|    std                | 0.909      |
|    value_loss         | 11.1       |
--------------------------------------
--------------------------------------
| rollout/              |            |
|    ep_len_mean        | 194        |
|    ep_rew_mean        | 9.92       |
| time/                 |            |
|    fps                | 506        |
|    iterations         | 39900      |
|    time_elapsed       | 393        |
|    total_timesteps    | 199500     |
| train/                |            |
|    entropy_loss       | -19.8      |
|    explained_variance | 0.90005106 |
|    learning_rate      | 0.0007     |
|    n_updates          | 39899      |
|    policy_loss        | 0.0186     |
|    std                | 0.907      |
|    value_loss         | 2.86e-06   |
--------------------------------------
--------------------------------------
| rollout/              |            |
|    ep_len_mean        | 194        |
|    ep_rew_mean        | 9.89       |
| time/                 |            |
|    fps                | 507        |
|    iterations         | 40000      |
|    time_elapsed       | 394        |
|    total_timesteps    | 200000     |
| train/                |            |
|    entropy_loss       | -19.8      |
|    explained_variance | 0.28884882 |
|    learning_rate      | 0.0007     |
|    n_updates          | 39999      |
|    policy_loss        | -0.845     |
|    std                | 0.907      |
|    value_loss         | 0.0119     |
--------------------------------------
-------------------------------------
| rollout/              |           |
|    ep_len_mean        | 194       |
|    ep_rew_mean        | 9.89      |
| time/                 |           |
|    fps                | 507       |
|    iterations         | 40100     |
|    time_elapsed       | 394       |
|    total_timesteps    | 200500    |
| train/                |           |
|    entropy_loss       | -19.7     |
|    explained_variance | 0.9130592 |
|    learning_rate      | 0.0007    |
|    n_updates          | 40099     |
|    policy_loss        | 0.0886    |
|    std                | 0.905     |
|    value_loss         | 2.45e-05  |
-------------------------------------
--------------------------------------
| rollout/              |            |
|    ep_len_mean        | 194        |
|    ep_rew_mean        | 9.89       |
| time/                 |            |
|    fps                | 508        |
|    iterations         | 40200      |
|    time_elapsed       | 395        |
|    total_timesteps    | 201000     |
| train/                |            |
|    entropy_loss       | -19.7      |
|    explained_variance | -11.012016 |
|    learning_rate      | 0.0007     |
|    n_updates          | 40199      |
|    policy_loss        | -0.18      |
|    std                | 0.906      |
|    value_loss         | 0.000224   |
--------------------------------------
--------------------------------------
| rollout/              |            |
|    ep_len_mean        | 194        |
|    ep_rew_mean        | 9.89       |
| time/                 |            |
|    fps                | 508        |
|    iterations         | 40300      |
|    time_elapsed       | 395        |
|    total_timesteps    | 201500     |
| train/                |            |
|    entropy_loss       | -19.7      |
|    explained_variance | 0.99097884 |
|    learning_rate      | 0.0007     |
|    n_updates          | 40299      |
|    policy_loss        | 0.034      |
|    std                | 0.906      |
|    value_loss         | 3.46e-06   |
--------------------------------------
--------------------------------------
| rollout/              |            |
|    ep_len_mean        | 194        |
|    ep_rew_mean        | 9.87       |
| time/                 |            |
|    fps                | 509        |
|    iterations         | 40400      |
|    time_elapsed       | 396        |
|    total_timesteps    | 202000     |
| train/                |            |
|    entropy_loss       | -19.7      |
|    explained_variance | 0.89076996 |
|    learning_rate      | 0.0007     |
|    n_updates          | 40399      |
|    policy_loss        | -0.0136    |
|    std                | 0.906      |
|    value_loss         | 3.1e-06    |
--------------------------------------
-------------------------------------
| rollout/              |           |
|    ep_len_mean        | 194       |
|    ep_rew_mean        | 9.87      |
| time/                 |           |
|    fps                | 510       |
|    iterations         | 40500     |
|    time_elapsed       | 397       |
|    total_timesteps    | 202500    |
| train/                |           |
|    entropy_loss       | -19.8     |
|    explained_variance | 0.8627866 |
|    learning_rate      | 0.0007    |
|    n_updates          | 40499     |
|    policy_loss        | -1.17     |
|    std                | 0.909     |
|    value_loss         | 0.00434   |
-------------------------------------
--------------------------------------
| rollout/              |            |
|    ep_len_mean        | 194        |
|    ep_rew_mean        | 9.84       |
| time/                 |            |
|    fps                | 510        |
|    iterations         | 40600      |
|    time_elapsed       | 397        |
|    total_timesteps    | 203000     |
| train/                |            |
|    entropy_loss       | -19.8      |
|    explained_variance | 0.99839354 |
|    learning_rate      | 0.0007     |
|    n_updates          | 40599      |
|    policy_loss        | 0.0137     |
|    std                | 0.91       |
|    value_loss         | 6.69e-07   |
--------------------------------------
---------------------------------------
| rollout/              |             |
|    ep_len_mean        | 193         |
|    ep_rew_mean        | 9.78        |
| time/                 |             |
|    fps                | 511         |
|    iterations         | 40700       |
|    time_elapsed       | 397         |
|    total_timesteps    | 203500      |
| train/                |             |
|    entropy_loss       | -19.7       |
|    explained_variance | 0.071822286 |
|    learning_rate      | 0.0007      |
|    n_updates          | 40699       |
|    policy_loss        | 0.164       |
|    std                | 0.907       |
|    value_loss         | 8.22e-05    |
---------------------------------------
--------------------------------------
| rollout/              |            |
|    ep_len_mean        | 193        |
|    ep_rew_mean        | 9.78       |
| time/                 |            |
|    fps                | 512        |
|    iterations         | 40800      |
|    time_elapsed       | 398        |
|    total_timesteps    | 204000     |
| train/                |            |
|    entropy_loss       | -19.8      |
|    explained_variance | 0.71843207 |
|    learning_rate      | 0.0007     |
|    n_updates          | 40799      |
|    policy_loss        | 0.785      |
|    std                | 0.908      |
|    value_loss         | 0.00436    |
--------------------------------------
-------------------------------------
| rollout/              |           |
|    ep_len_mean        | 193       |
|    ep_rew_mean        | 9.72      |
| time/                 |           |
|    fps                | 512       |
|    iterations         | 40900     |
|    time_elapsed       | 398       |
|    total_timesteps    | 204500    |
| train/                |           |
|    entropy_loss       | -19.7     |
|    explained_variance | 0.9802421 |
|    learning_rate      | 0.0007    |
|    n_updates          | 40899     |
|    policy_loss        | -0.0614   |
|    std                | 0.907     |
|    value_loss         | 1.14e-05  |
-------------------------------------
--------------------------------------
| rollout/              |            |
|    ep_len_mean        | 193        |
|    ep_rew_mean        | 9.71       |
| time/                 |            |
|    fps                | 513        |
|    iterations         | 41000      |
|    time_elapsed       | 399        |
|    total_timesteps    | 205000     |
| train/                |            |
|    entropy_loss       | -19.7      |
|    explained_variance | 0.59418374 |
|    learning_rate      | 0.0007     |
|    n_updates          | 40999      |
|    policy_loss        | -0.121     |
|    std                | 0.906      |
|    value_loss         | 4.7e-05    |
--------------------------------------
--------------------------------------
| rollout/              |            |
|    ep_len_mean        | 193        |
|    ep_rew_mean        | 9.71       |
| time/                 |            |
|    fps                | 513        |
|    iterations         | 41100      |
|    time_elapsed       | 399        |
|    total_timesteps    | 205500     |
| train/                |            |
|    entropy_loss       | -19.7      |
|    explained_variance | 0.99909025 |
|    learning_rate      | 0.0007     |
|    n_updates          | 41099      |
|    policy_loss        | 1.18       |
|    std                | 0.906      |
|    value_loss         | 0.00445    |
--------------------------------------
--------------------------------------
| rollout/              |            |
|    ep_len_mean        | 193        |
|    ep_rew_mean        | 9.71       |
| time/                 |            |
|    fps                | 514        |
|    iterations         | 41200      |
|    time_elapsed       | 400        |
|    total_timesteps    | 206000     |
| train/                |            |
|    entropy_loss       | -19.8      |
|    explained_variance | 0.99475265 |
|    learning_rate      | 0.0007     |
|    n_updates          | 41199      |
|    policy_loss        | 0.0054     |
|    std                | 0.91       |
|    value_loss         | 2.14e-07   |
--------------------------------------
-------------------------------------
| rollout/              |           |
|    ep_len_mean        | 193       |
|    ep_rew_mean        | 9.72      |
| time/                 |           |
|    fps                | 515       |
|    iterations         | 41300     |
|    time_elapsed       | 400       |
|    total_timesteps    | 206500    |
| train/                |           |
|    entropy_loss       | -19.8     |
|    explained_variance | 0.9829455 |
|    learning_rate      | 0.0007    |
|    n_updates          | 41299     |
|    policy_loss        | -0.579    |
|    std                | 0.91      |
|    value_loss         | 0.00103   |
-------------------------------------
--------------------------------------
| rollout/              |            |
|    ep_len_mean        | 193        |
|    ep_rew_mean        | 9.75       |
| time/                 |            |
|    fps                | 515        |
|    iterations         | 41400      |
|    time_elapsed       | 401        |
|    total_timesteps    | 207000     |
| train/                |            |
|    entropy_loss       | -19.8      |
|    explained_variance | 0.98847294 |
|    learning_rate      | 0.0007     |
|    n_updates          | 41399      |
|    policy_loss        | -0.0368    |
|    std                | 0.911      |
|    value_loss         | 4.53e-06   |
--------------------------------------
--------------------------------------
| rollout/              |            |
|    ep_len_mean        | 193        |
|    ep_rew_mean        | 9.77       |
| time/                 |            |
|    fps                | 516        |
|    iterations         | 41500      |
|    time_elapsed       | 401        |
|    total_timesteps    | 207500     |
| train/                |            |
|    entropy_loss       | -19.8      |
|    explained_variance | 0.78674585 |
|    learning_rate      | 0.0007     |
|    n_updates          | 41499      |
|    policy_loss        | 0.958      |
|    std                | 0.91       |
|    value_loss         | 0.0034     |
--------------------------------------
--------------------------------------
| rollout/              |            |
|    ep_len_mean        | 193        |
|    ep_rew_mean        | 9.79       |
| time/                 |            |
|    fps                | 516        |
|    iterations         | 41600      |
|    time_elapsed       | 402        |
|    total_timesteps    | 208000     |
| train/                |            |
|    entropy_loss       | -19.8      |
|    explained_variance | 0.96872675 |
|    learning_rate      | 0.0007     |
|    n_updates          | 41599      |
|    policy_loss        | -0.0845    |
|    std                | 0.911      |
|    value_loss         | 2.53e-05   |
--------------------------------------
--------------------------------------
| rollout/              |            |
|    ep_len_mean        | 193        |
|    ep_rew_mean        | 9.8        |
| time/                 |            |
|    fps                | 517        |
|    iterations         | 41700      |
|    time_elapsed       | 402        |
|    total_timesteps    | 208500     |
| train/                |            |
|    entropy_loss       | -19.8      |
|    explained_variance | -0.6046363 |
|    learning_rate      | 0.0007     |
|    n_updates          | 41699      |
|    policy_loss        | -0.119     |
|    std                | 0.912      |
|    value_loss         | 7.74e-05   |
--------------------------------------
--------------------------------------
| rollout/              |            |
|    ep_len_mean        | 193        |
|    ep_rew_mean        | 9.81       |
| time/                 |            |
|    fps                | 518        |
|    iterations         | 41800      |
|    time_elapsed       | 403        |
|    total_timesteps    | 209000     |
| train/                |            |
|    entropy_loss       | -19.8      |
|    explained_variance | -1590.2982 |
|    learning_rate      | 0.0007     |
|    n_updates          | 41799      |
|    policy_loss        | 36.2       |
|    std                | 0.911      |
|    value_loss         | 11.7       |
--------------------------------------
-------------------------------------
| rollout/              |           |
|    ep_len_mean        | 193       |
|    ep_rew_mean        | 9.82      |
| time/                 |           |
|    fps                | 518       |
|    iterations         | 41900     |
|    time_elapsed       | 403       |
|    total_timesteps    | 209500    |
| train/                |           |
|    entropy_loss       | -19.8     |
|    explained_variance | 0.9910371 |
|    learning_rate      | 0.0007    |
|    n_updates          | 41899     |
|    policy_loss        | 0.00911   |
|    std                | 0.91      |
|    value_loss         | 3.43e-07  |
-------------------------------------
--------------------------------------
| rollout/              |            |
|    ep_len_mean        | 193        |
|    ep_rew_mean        | 9.81       |
| time/                 |            |
|    fps                | 519        |
|    iterations         | 42000      |
|    time_elapsed       | 404        |
|    total_timesteps    | 210000     |
| train/                |            |
|    entropy_loss       | -19.8      |
|    explained_variance | 0.73014987 |
|    learning_rate      | 0.0007     |
|    n_updates          | 41999      |
|    policy_loss        | -0.742     |
|    std                | 0.91       |
|    value_loss         | 0.00407    |
--------------------------------------
--------------------------------------
| rollout/              |            |
|    ep_len_mean        | 193        |
|    ep_rew_mean        | 9.81       |
| time/                 |            |
|    fps                | 520        |
|    iterations         | 42100      |
|    time_elapsed       | 404        |
|    total_timesteps    | 210500     |
| train/                |            |
|    entropy_loss       | -19.8      |
|    explained_variance | 0.99530125 |
|    learning_rate      | 0.0007     |
|    n_updates          | 42099      |
|    policy_loss        | -0.0213    |
|    std                | 0.909      |
|    value_loss         | 1.6e-06    |
--------------------------------------
-------------------------------------
| rollout/              |           |
|    ep_len_mean        | 193       |
|    ep_rew_mean        | 9.84      |
| time/                 |           |
|    fps                | 520       |
|    iterations         | 42200     |
|    time_elapsed       | 405       |
|    total_timesteps    | 211000    |
| train/                |           |
|    entropy_loss       | -19.8     |
|    explained_variance | 0.8809937 |
|    learning_rate      | 0.0007    |
|    n_updates          | 42199     |
|    policy_loss        | 0.532     |
|    std                | 0.908     |
|    value_loss         | 0.00121   |
-------------------------------------
--------------------------------------
| rollout/              |            |
|    ep_len_mean        | 193        |
|    ep_rew_mean        | 9.86       |
| time/                 |            |
|    fps                | 521        |
|    iterations         | 42300      |
|    time_elapsed       | 405        |
|    total_timesteps    | 211500     |
| train/                |            |
|    entropy_loss       | -19.8      |
|    explained_variance | 0.99345046 |
|    learning_rate      | 0.0007     |
|    n_updates          | 42299      |
|    policy_loss        | -0.0625    |
|    std                | 0.908      |
|    value_loss         | 9.64e-06   |
--------------------------------------
-------------------------------------
| rollout/              |           |
|    ep_len_mean        | 193       |
|    ep_rew_mean        | 9.82      |
| time/                 |           |
|    fps                | 522       |
|    iterations         | 42400     |
|    time_elapsed       | 406       |
|    total_timesteps    | 212000    |
| train/                |           |
|    entropy_loss       | -19.7     |
|    explained_variance | 0.9988123 |
|    learning_rate      | 0.0007    |
|    n_updates          | 42399     |
|    policy_loss        | 0.0135    |
|    std                | 0.904     |
|    value_loss         | 6.3e-07   |
-------------------------------------
--------------------------------------
| rollout/              |            |
|    ep_len_mean        | 193        |
|    ep_rew_mean        | 9.85       |
| time/                 |            |
|    fps                | 522        |
|    iterations         | 42500      |
|    time_elapsed       | 406        |
|    total_timesteps    | 212500     |
| train/                |            |
|    entropy_loss       | -19.7      |
|    explained_variance | 0.73637617 |
|    learning_rate      | 0.0007     |
|    n_updates          | 42499      |
|    policy_loss        | 2.74       |
|    std                | 0.903      |
|    value_loss         | 0.024      |
--------------------------------------
--------------------------------------
| rollout/              |            |
|    ep_len_mean        | 193        |
|    ep_rew_mean        | 9.87       |
| time/                 |            |
|    fps                | 523        |
|    iterations         | 42600      |
|    time_elapsed       | 407        |
|    total_timesteps    | 213000     |
| train/                |            |
|    entropy_loss       | -19.6      |
|    explained_variance | 0.53888685 |
|    learning_rate      | 0.0007     |
|    n_updates          | 42599      |
|    policy_loss        | -0.0431    |
|    std                | 0.9        |
|    value_loss         | 8.59e-06   |
--------------------------------------
--------------------------------------
| rollout/              |            |
|    ep_len_mean        | 193        |
|    ep_rew_mean        | 9.89       |
| time/                 |            |
|    fps                | 523        |
|    iterations         | 42700      |
|    time_elapsed       | 407        |
|    total_timesteps    | 213500     |
| train/                |            |
|    entropy_loss       | -19.6      |
|    explained_variance | -3.6066031 |
|    learning_rate      | 0.0007     |
|    n_updates          | 42699      |
|    policy_loss        | 0.336      |
|    std                | 0.896      |
|    value_loss         | 0.00043    |
--------------------------------------
--------------------------------------
| rollout/              |            |
|    ep_len_mean        | 193        |
|    ep_rew_mean        | 9.89       |
| time/                 |            |
|    fps                | 524        |
|    iterations         | 42800      |
|    time_elapsed       | 407        |
|    total_timesteps    | 214000     |
| train/                |            |
|    entropy_loss       | -19.6      |
|    explained_variance | 0.73209304 |
|    learning_rate      | 0.0007     |
|    n_updates          | 42799      |
|    policy_loss        | -0.378     |
|    std                | 0.896      |
|    value_loss         | 0.000382   |
--------------------------------------
-------------------------------------
| rollout/              |           |
|    ep_len_mean        | 193       |
|    ep_rew_mean        | 9.88      |
| time/                 |           |
|    fps                | 525       |
|    iterations         | 42900     |
|    time_elapsed       | 408       |
|    total_timesteps    | 214500    |
| train/                |           |
|    entropy_loss       | -19.5     |
|    explained_variance | 0.9282366 |
|    learning_rate      | 0.0007    |
|    n_updates          | 42899     |
|    policy_loss        | -0.0631   |
|    std                | 0.895     |
|    value_loss         | 1.2e-05   |
-------------------------------------
-------------------------------------
| rollout/              |           |
|    ep_len_mean        | 192       |
|    ep_rew_mean        | 9.89      |
| time/                 |           |
|    fps                | 525       |
|    iterations         | 43000     |
|    time_elapsed       | 408       |
|    total_timesteps    | 215000    |
| train/                |           |
|    entropy_loss       | -19.6     |
|    explained_variance | 0.9854249 |
|    learning_rate      | 0.0007    |
|    n_updates          | 42999     |
|    policy_loss        | -0.235    |
|    std                | 0.897     |
|    value_loss         | 0.000286  |
-------------------------------------
--------------------------------------
| rollout/              |            |
|    ep_len_mean        | 192        |
|    ep_rew_mean        | 9.92       |
| time/                 |            |
|    fps                | 526        |
|    iterations         | 43100      |
|    time_elapsed       | 409        |
|    total_timesteps    | 215500     |
| train/                |            |
|    entropy_loss       | -19.6      |
|    explained_variance | 0.95538217 |
|    learning_rate      | 0.0007     |
|    n_updates          | 43099      |
|    policy_loss        | -0.109     |
|    std                | 0.896      |
|    value_loss         | 3.15e-05   |
--------------------------------------
-------------------------------------
| rollout/              |           |
|    ep_len_mean        | 192       |
|    ep_rew_mean        | 9.91      |
| time/                 |           |
|    fps                | 526       |
|    iterations         | 43200     |
|    time_elapsed       | 410       |
|    total_timesteps    | 216000    |
| train/                |           |
|    entropy_loss       | -19.6     |
|    explained_variance | -2.933535 |
|    learning_rate      | 0.0007    |
|    n_updates          | 43199     |
|    policy_loss        | -0.559    |
|    std                | 0.896     |
|    value_loss         | 0.0499    |
-------------------------------------
--------------------------------------
| rollout/              |            |
|    ep_len_mean        | 192        |
|    ep_rew_mean        | 9.91       |
| time/                 |            |
|    fps                | 527        |
|    iterations         | 43300      |
|    time_elapsed       | 410        |
|    total_timesteps    | 216500     |
| train/                |            |
|    entropy_loss       | -19.6      |
|    explained_variance | 0.99930423 |
|    learning_rate      | 0.0007     |
|    n_updates          | 43299      |
|    policy_loss        | 0.0268     |
|    std                | 0.896      |
|    value_loss         | 1.77e-06   |
--------------------------------------
--------------------------------------
| rollout/              |            |
|    ep_len_mean        | 192        |
|    ep_rew_mean        | 9.91       |
| time/                 |            |
|    fps                | 527        |
|    iterations         | 43400      |
|    time_elapsed       | 411        |
|    total_timesteps    | 217000     |
| train/                |            |
|    entropy_loss       | -19.6      |
|    explained_variance | -0.7255138 |
|    learning_rate      | 0.0007     |
|    n_updates          | 43399      |
|    policy_loss        | 0.0246     |
|    std                | 0.897      |
|    value_loss         | 2.88e-05   |
--------------------------------------
------------------------------------
| rollout/              |          |
|    ep_len_mean        | 192      |
|    ep_rew_mean        | 9.91     |
| time/                 |          |
|    fps                | 528      |
|    iterations         | 43500    |
|    time_elapsed       | 411      |
|    total_timesteps    | 217500   |
| train/                |          |
|    entropy_loss       | -19.6    |
|    explained_variance | 0.808023 |
|    learning_rate      | 0.0007   |
|    n_updates          | 43499    |
|    policy_loss        | -0.89    |
|    std                | 0.897    |
|    value_loss         | 0.00795  |
------------------------------------
--------------------------------------
| rollout/              |            |
|    ep_len_mean        | 192        |
|    ep_rew_mean        | 9.94       |
| time/                 |            |
|    fps                | 529        |
|    iterations         | 43600      |
|    time_elapsed       | 412        |
|    total_timesteps    | 218000     |
| train/                |            |
|    entropy_loss       | -19.6      |
|    explained_variance | 0.20478505 |
|    learning_rate      | 0.0007     |
|    n_updates          | 43599      |
|    policy_loss        | -0.0964    |
|    std                | 0.896      |
|    value_loss         | 3.65e-05   |
--------------------------------------
-------------------------------------
| rollout/              |           |
|    ep_len_mean        | 192       |
|    ep_rew_mean        | 9.94      |
| time/                 |           |
|    fps                | 529       |
|    iterations         | 43700     |
|    time_elapsed       | 412       |
|    total_timesteps    | 218500    |
| train/                |           |
|    entropy_loss       | -19.5     |
|    explained_variance | 0.4325171 |
|    learning_rate      | 0.0007    |
|    n_updates          | 43699     |
|    policy_loss        | 0.394     |
|    std                | 0.895     |
|    value_loss         | 0.0398    |
-------------------------------------
-------------------------------------
| rollout/              |           |
|    ep_len_mean        | 192       |
|    ep_rew_mean        | 9.95      |
| time/                 |           |
|    fps                | 530       |
|    iterations         | 43800     |
|    time_elapsed       | 413       |
|    total_timesteps    | 219000    |
| train/                |           |
|    entropy_loss       | -19.5     |
|    explained_variance | 0.9959111 |
|    learning_rate      | 0.0007    |
|    n_updates          | 43799     |
|    policy_loss        | -0.03     |
|    std                | 0.894     |
|    value_loss         | 2.25e-06  |
-------------------------------------
--------------------------------------
| rollout/              |            |
|    ep_len_mean        | 192        |
|    ep_rew_mean        | 9.94       |
| time/                 |            |
|    fps                | 530        |
|    iterations         | 43900      |
|    time_elapsed       | 413        |
|    total_timesteps    | 219500     |
| train/                |            |
|    entropy_loss       | -19.6      |
|    explained_variance | 0.91103566 |
|    learning_rate      | 0.0007     |
|    n_updates          | 43899      |
|    policy_loss        | 0.0233     |
|    std                | 0.896      |
|    value_loss         | 2.15e-06   |
--------------------------------------
--------------------------------------
| rollout/              |            |
|    ep_len_mean        | 192        |
|    ep_rew_mean        | 9.92       |
| time/                 |            |
|    fps                | 531        |
|    iterations         | 44000      |
|    time_elapsed       | 413        |
|    total_timesteps    | 220000     |
| train/                |            |
|    entropy_loss       | -19.6      |
|    explained_variance | 0.27472055 |
|    learning_rate      | 0.0007     |
|    n_updates          | 43999      |
|    policy_loss        | -3.59      |
|    std                | 0.896      |
|    value_loss         | 0.0366     |
--------------------------------------
-------------------------------------
| rollout/              |           |
|    ep_len_mean        | 192       |
|    ep_rew_mean        | 9.87      |
| time/                 |           |
|    fps                | 532       |
|    iterations         | 44100     |
|    time_elapsed       | 414       |
|    total_timesteps    | 220500    |
| train/                |           |
|    entropy_loss       | -19.6     |
|    explained_variance | -0.762918 |
|    learning_rate      | 0.0007    |
|    n_updates          | 44099     |
|    policy_loss        | 0.311     |
|    std                | 0.895     |
|    value_loss         | 0.000292  |
-------------------------------------
-------------------------------------
| rollout/              |           |
|    ep_len_mean        | 192       |
|    ep_rew_mean        | 9.84      |
| time/                 |           |
|    fps                | 532       |
|    iterations         | 44200     |
|    time_elapsed       | 414       |
|    total_timesteps    | 221000    |
| train/                |           |
|    entropy_loss       | -19.6     |
|    explained_variance | 0.9913462 |
|    learning_rate      | 0.0007    |
|    n_updates          | 44199     |
|    policy_loss        | -0.0158   |
|    std                | 0.896     |
|    value_loss         | 8.33e-07  |
-------------------------------------
--------------------------------------
| rollout/              |            |
|    ep_len_mean        | 191        |
|    ep_rew_mean        | 9.8        |
| time/                 |            |
|    fps                | 533        |
|    iterations         | 44300      |
|    time_elapsed       | 415        |
|    total_timesteps    | 221500     |
| train/                |            |
|    entropy_loss       | -19.6      |
|    explained_variance | 0.92153305 |
|    learning_rate      | 0.0007     |
|    n_updates          | 44299      |
|    policy_loss        | 0.0331     |
|    std                | 0.898      |
|    value_loss         | 5.06e-06   |
--------------------------------------
--------------------------------------
| rollout/              |            |
|    ep_len_mean        | 190        |
|    ep_rew_mean        | 9.76       |
| time/                 |            |
|    fps                | 534        |
|    iterations         | 44400      |
|    time_elapsed       | 415        |
|    total_timesteps    | 222000     |
| train/                |            |
|    entropy_loss       | -19.6      |
|    explained_variance | 0.88763726 |
|    learning_rate      | 0.0007     |
|    n_updates          | 44399      |
|    policy_loss        | -0.146     |
|    std                | 0.9        |
|    value_loss         | 6.7e-05    |
--------------------------------------
------------------------------------
| rollout/              |          |
|    ep_len_mean        | 190      |
|    ep_rew_mean        | 9.72     |
| time/                 |          |
|    fps                | 534      |
|    iterations         | 44500    |
|    time_elapsed       | 416      |
|    total_timesteps    | 222500   |
| train/                |          |
|    entropy_loss       | -19.6    |
|    explained_variance | 0.971125 |
|    learning_rate      | 0.0007   |
|    n_updates          | 44499    |
|    policy_loss        | 0.0529   |
|    std                | 0.901    |
|    value_loss         | 7.32e-06 |
------------------------------------
--------------------------------------
| rollout/              |            |
|    ep_len_mean        | 189        |
|    ep_rew_mean        | 9.68       |
| time/                 |            |
|    fps                | 535        |
|    iterations         | 44600      |
|    time_elapsed       | 416        |
|    total_timesteps    | 223000     |
| train/                |            |
|    entropy_loss       | -19.6      |
|    explained_variance | 0.99206686 |
|    learning_rate      | 0.0007     |
|    n_updates          | 44599      |
|    policy_loss        | 0.0307     |
|    std                | 0.901      |
|    value_loss         | 2.12e-06   |
--------------------------------------
-------------------------------------
| rollout/              |           |
|    ep_len_mean        | 188       |
|    ep_rew_mean        | 9.64      |
| time/                 |           |
|    fps                | 536       |
|    iterations         | 44700     |
|    time_elapsed       | 416       |
|    total_timesteps    | 223500    |
| train/                |           |
|    entropy_loss       | -19.6     |
|    explained_variance | 0.9730837 |
|    learning_rate      | 0.0007    |
|    n_updates          | 44699     |
|    policy_loss        | -0.136    |
|    std                | 0.901     |
|    value_loss         | 5.38e-05  |
-------------------------------------
-------------------------------------
| rollout/              |           |
|    ep_len_mean        | 187       |
|    ep_rew_mean        | 9.57      |
| time/                 |           |
|    fps                | 536       |
|    iterations         | 44800     |
|    time_elapsed       | 417       |
|    total_timesteps    | 224000    |
| train/                |           |
|    entropy_loss       | -19.6     |
|    explained_variance | 0.9257127 |
|    learning_rate      | 0.0007    |
|    n_updates          | 44799     |
|    policy_loss        | -0.304    |
|    std                | 0.899     |
|    value_loss         | 0.000276  |
-------------------------------------
--------------------------------------
| rollout/              |            |
|    ep_len_mean        | 186        |
|    ep_rew_mean        | 9.49       |
| time/                 |            |
|    fps                | 537        |
|    iterations         | 44900      |
|    time_elapsed       | 417        |
|    total_timesteps    | 224500     |
| train/                |            |
|    entropy_loss       | -19.6      |
|    explained_variance | 0.15770143 |
|    learning_rate      | 0.0007     |
|    n_updates          | 44899      |
|    policy_loss        | 22.2       |
|    std                | 0.897      |
|    value_loss         | 1.48       |
--------------------------------------
-------------------------------------
| rollout/              |           |
|    ep_len_mean        | 185       |
|    ep_rew_mean        | 9.38      |
| time/                 |           |
|    fps                | 538       |
|    iterations         | 45000     |
|    time_elapsed       | 418       |
|    total_timesteps    | 225000    |
| train/                |           |
|    entropy_loss       | -19.6     |
|    explained_variance | 0.7544079 |
|    learning_rate      | 0.0007    |
|    n_updates          | 44999     |
|    policy_loss        | 4.81      |
|    std                | 0.898     |
|    value_loss         | 0.0762    |
-------------------------------------
--------------------------------------
| rollout/              |            |
|    ep_len_mean        | 184        |
|    ep_rew_mean        | 9.29       |
| time/                 |            |
|    fps                | 538        |
|    iterations         | 45100      |
|    time_elapsed       | 418        |
|    total_timesteps    | 225500     |
| train/                |            |
|    entropy_loss       | -19.6      |
|    explained_variance | -2.3129153 |
|    learning_rate      | 0.0007     |
|    n_updates          | 45099      |
|    policy_loss        | -0.054     |
|    std                | 0.898      |
|    value_loss         | 4.54e-05   |
--------------------------------------
-------------------------------------
| rollout/              |           |
|    ep_len_mean        | 183       |
|    ep_rew_mean        | 9.18      |
| time/                 |           |
|    fps                | 539       |
|    iterations         | 45200     |
|    time_elapsed       | 419       |
|    total_timesteps    | 226000    |
| train/                |           |
|    entropy_loss       | -19.6     |
|    explained_variance | 0.9460536 |
|    learning_rate      | 0.0007    |
|    n_updates          | 45199     |
|    policy_loss        | 0.00566   |
|    std                | 0.898     |
|    value_loss         | 1.71e-06  |
-------------------------------------
-------------------------------------
| rollout/              |           |
|    ep_len_mean        | 182       |
|    ep_rew_mean        | 9.07      |
| time/                 |           |
|    fps                | 539       |
|    iterations         | 45300     |
|    time_elapsed       | 419       |
|    total_timesteps    | 226500    |
| train/                |           |
|    entropy_loss       | -19.6     |
|    explained_variance | 0.9860987 |
|    learning_rate      | 0.0007    |
|    n_updates          | 45299     |
|    policy_loss        | 0.0283    |
|    std                | 0.897     |
|    value_loss         | 2.84e-06  |
-------------------------------------
--------------------------------------
| rollout/              |            |
|    ep_len_mean        | 181        |
|    ep_rew_mean        | 9.02       |
| time/                 |            |
|    fps                | 540        |
|    iterations         | 45400      |
|    time_elapsed       | 419        |
|    total_timesteps    | 227000     |
| train/                |            |
|    entropy_loss       | -19.6      |
|    explained_variance | 0.50846666 |
|    learning_rate      | 0.0007     |
|    n_updates          | 45399      |
|    policy_loss        | -0.144     |
|    std                | 0.899      |
|    value_loss         | 7.95e-05   |
--------------------------------------
--------------------------------------
| rollout/              |            |
|    ep_len_mean        | 181        |
|    ep_rew_mean        | 8.98       |
| time/                 |            |
|    fps                | 541        |
|    iterations         | 45500      |
|    time_elapsed       | 420        |
|    total_timesteps    | 227500     |
| train/                |            |
|    entropy_loss       | -19.6      |
|    explained_variance | 0.56076884 |
|    learning_rate      | 0.0007     |
|    n_updates          | 45499      |
|    policy_loss        | -0.555     |
|    std                | 0.898      |
|    value_loss         | 0.0067     |
--------------------------------------
--------------------------------------
| rollout/              |            |
|    ep_len_mean        | 180        |
|    ep_rew_mean        | 8.95       |
| time/                 |            |
|    fps                | 541        |
|    iterations         | 45600      |
|    time_elapsed       | 420        |
|    total_timesteps    | 228000     |
| train/                |            |
|    entropy_loss       | -19.5      |
|    explained_variance | 0.65774417 |
|    learning_rate      | 0.0007     |
|    n_updates          | 45599      |
|    policy_loss        | 0.251      |
|    std                | 0.895      |
|    value_loss         | 0.000147   |
--------------------------------------
-------------------------------------
| rollout/              |           |
|    ep_len_mean        | 180       |
|    ep_rew_mean        | 8.93      |
| time/                 |           |
|    fps                | 542       |
|    iterations         | 45700     |
|    time_elapsed       | 421       |
|    total_timesteps    | 228500    |
| train/                |           |
|    entropy_loss       | -19.6     |
|    explained_variance | 0.8581056 |
|    learning_rate      | 0.0007    |
|    n_updates          | 45699     |
|    policy_loss        | -0.0781   |
|    std                | 0.897     |
|    value_loss         | 2.41e-05  |
-------------------------------------
--------------------------------------
| rollout/              |            |
|    ep_len_mean        | 180        |
|    ep_rew_mean        | 8.9        |
| time/                 |            |
|    fps                | 542        |
|    iterations         | 45800      |
|    time_elapsed       | 421        |
|    total_timesteps    | 229000     |
| train/                |            |
|    entropy_loss       | -19.6      |
|    explained_variance | 0.74632645 |
|    learning_rate      | 0.0007     |
|    n_updates          | 45799      |
|    policy_loss        | -1.86      |
|    std                | 0.897      |
|    value_loss         | 0.0119     |
--------------------------------------
-------------------------------------
| rollout/              |           |
|    ep_len_mean        | 180       |
|    ep_rew_mean        | 8.85      |
| time/                 |           |
|    fps                | 543       |
|    iterations         | 45900     |
|    time_elapsed       | 422       |
|    total_timesteps    | 229500    |
| train/                |           |
|    entropy_loss       | -19.6     |
|    explained_variance | 0.9506086 |
|    learning_rate      | 0.0007    |
|    n_updates          | 45899     |
|    policy_loss        | 0.0405    |
|    std                | 0.897     |
|    value_loss         | 7.2e-06   |
-------------------------------------
-------------------------------------
| rollout/              |           |
|    ep_len_mean        | 180       |
|    ep_rew_mean        | 8.84      |
| time/                 |           |
|    fps                | 543       |
|    iterations         | 46000     |
|    time_elapsed       | 422       |
|    total_timesteps    | 230000    |
| train/                |           |
|    entropy_loss       | -19.5     |
|    explained_variance | 0.8168409 |
|    learning_rate      | 0.0007    |
|    n_updates          | 45999     |
|    policy_loss        | -0.0851   |
|    std                | 0.894     |
|    value_loss         | 2.72e-05  |
-------------------------------------
--------------------------------------
| rollout/              |            |
|    ep_len_mean        | 180        |
|    ep_rew_mean        | 8.82       |
| time/                 |            |
|    fps                | 544        |
|    iterations         | 46100      |
|    time_elapsed       | 423        |
|    total_timesteps    | 230500     |
| train/                |            |
|    entropy_loss       | -19.5      |
|    explained_variance | 0.98764855 |
|    learning_rate      | 0.0007     |
|    n_updates          | 46099      |
|    policy_loss        | -0.284     |
|    std                | 0.892      |
|    value_loss         | 0.000358   |
--------------------------------------
-------------------------------------
| rollout/              |           |
|    ep_len_mean        | 180       |
|    ep_rew_mean        | 8.8       |
| time/                 |           |
|    fps                | 544       |
|    iterations         | 46200     |
|    time_elapsed       | 423       |
|    total_timesteps    | 231000    |
| train/                |           |
|    entropy_loss       | -19.5     |
|    explained_variance | 0.8530891 |
|    learning_rate      | 0.0007    |
|    n_updates          | 46199     |
|    policy_loss        | -0.25     |
|    std                | 0.892     |
|    value_loss         | 0.0002    |
-------------------------------------
-------------------------------------
| rollout/              |           |
|    ep_len_mean        | 180       |
|    ep_rew_mean        | 8.78      |
| time/                 |           |
|    fps                | 545       |
|    iterations         | 46300     |
|    time_elapsed       | 424       |
|    total_timesteps    | 231500    |
| train/                |           |
|    entropy_loss       | -19.4     |
|    explained_variance | 0.7415079 |
|    learning_rate      | 0.0007    |
|    n_updates          | 46299     |
|    policy_loss        | -0.887    |
|    std                | 0.888     |
|    value_loss         | 0.00749   |
-------------------------------------
-------------------------------------
| rollout/              |           |
|    ep_len_mean        | 180       |
|    ep_rew_mean        | 8.78      |
| time/                 |           |
|    fps                | 545       |
|    iterations         | 46400     |
|    time_elapsed       | 424       |
|    total_timesteps    | 232000    |
| train/                |           |
|    entropy_loss       | -19.4     |
|    explained_variance | 0.9678105 |
|    learning_rate      | 0.0007    |
|    n_updates          | 46399     |
|    policy_loss        | -0.128    |
|    std                | 0.888     |
|    value_loss         | 5.04e-05  |
-------------------------------------
-------------------------------------
| rollout/              |           |
|    ep_len_mean        | 180       |
|    ep_rew_mean        | 8.77      |
| time/                 |           |
|    fps                | 546       |
|    iterations         | 46500     |
|    time_elapsed       | 425       |
|    total_timesteps    | 232500    |
| train/                |           |
|    entropy_loss       | -19.4     |
|    explained_variance | 0.9195476 |
|    learning_rate      | 0.0007    |
|    n_updates          | 46499     |
|    policy_loss        | 0.0618    |
|    std                | 0.888     |
|    value_loss         | 1.33e-05  |
-------------------------------------
--------------------------------------
| rollout/              |            |
|    ep_len_mean        | 180        |
|    ep_rew_mean        | 8.75       |
| time/                 |            |
|    fps                | 547        |
|    iterations         | 46600      |
|    time_elapsed       | 425        |
|    total_timesteps    | 233000     |
| train/                |            |
|    entropy_loss       | -19.5      |
|    explained_variance | 0.79632866 |
|    learning_rate      | 0.0007     |
|    n_updates          | 46599      |
|    policy_loss        | -0.483     |
|    std                | 0.891      |
|    value_loss         | 0.00356    |
--------------------------------------
--------------------------------------
| rollout/              |            |
|    ep_len_mean        | 180        |
|    ep_rew_mean        | 8.69       |
| time/                 |            |
|    fps                | 547        |
|    iterations         | 46700      |
|    time_elapsed       | 426        |
|    total_timesteps    | 233500     |
| train/                |            |
|    entropy_loss       | -19.5      |
|    explained_variance | 0.87385696 |
|    learning_rate      | 0.0007     |
|    n_updates          | 46699      |
|    policy_loss        | 0.0813     |
|    std                | 0.892      |
|    value_loss         | 2.5e-05    |
--------------------------------------
--------------------------------------
| rollout/              |            |
|    ep_len_mean        | 180        |
|    ep_rew_mean        | 8.69       |
| time/                 |            |
|    fps                | 548        |
|    iterations         | 46800      |
|    time_elapsed       | 426        |
|    total_timesteps    | 234000     |
| train/                |            |
|    entropy_loss       | -19.5      |
|    explained_variance | -27.259296 |
|    learning_rate      | 0.0007     |
|    n_updates          | 46799      |
|    policy_loss        | 1.26       |
|    std                | 0.892      |
|    value_loss         | 0.00451    |
--------------------------------------
-------------------------------------
| rollout/              |           |
|    ep_len_mean        | 180       |
|    ep_rew_mean        | 8.69      |
| time/                 |           |
|    fps                | 548       |
|    iterations         | 46900     |
|    time_elapsed       | 427       |
|    total_timesteps    | 234500    |
| train/                |           |
|    entropy_loss       | -19.4     |
|    explained_variance | 0.8389547 |
|    learning_rate      | 0.0007    |
|    n_updates          | 46899     |
|    policy_loss        | 0.197     |
|    std                | 0.889     |
|    value_loss         | 0.000114  |
-------------------------------------
--------------------------------------
| rollout/              |            |
|    ep_len_mean        | 180        |
|    ep_rew_mean        | 8.69       |
| time/                 |            |
|    fps                | 549        |
|    iterations         | 47000      |
|    time_elapsed       | 428        |
|    total_timesteps    | 235000     |
| train/                |            |
|    entropy_loss       | -19.4      |
|    explained_variance | -3.5411725 |
|    learning_rate      | 0.0007     |
|    n_updates          | 46999      |
|    policy_loss        | -0.103     |
|    std                | 0.888      |
|    value_loss         | 8.4e-05    |
--------------------------------------
--------------------------------------
| rollout/              |            |
|    ep_len_mean        | 180        |
|    ep_rew_mean        | 8.69       |
| time/                 |            |
|    fps                | 549        |
|    iterations         | 47100      |
|    time_elapsed       | 428        |
|    total_timesteps    | 235500     |
| train/                |            |
|    entropy_loss       | -19.4      |
|    explained_variance | 0.99868685 |
|    learning_rate      | 0.0007     |
|    n_updates          | 47099      |
|    policy_loss        | -1.21      |
|    std                | 0.886      |
|    value_loss         | 0.0052     |
--------------------------------------
-------------------------------------
| rollout/              |           |
|    ep_len_mean        | 180       |
|    ep_rew_mean        | 8.69      |
| time/                 |           |
|    fps                | 550       |
|    iterations         | 47200     |
|    time_elapsed       | 429       |
|    total_timesteps    | 236000    |
| train/                |           |
|    entropy_loss       | -19.5     |
|    explained_variance | 0.9492346 |
|    learning_rate      | 0.0007    |
|    n_updates          | 47199     |
|    policy_loss        | 0.0505    |
|    std                | 0.89      |
|    value_loss         | 8.03e-06  |
-------------------------------------
--------------------------------------
| rollout/              |            |
|    ep_len_mean        | 180        |
|    ep_rew_mean        | 8.72       |
| time/                 |            |
|    fps                | 550        |
|    iterations         | 47300      |
|    time_elapsed       | 429        |
|    total_timesteps    | 236500     |
| train/                |            |
|    entropy_loss       | -19.4      |
|    explained_variance | 0.98341185 |
|    learning_rate      | 0.0007     |
|    n_updates          | 47299      |
|    policy_loss        | 0.299      |
|    std                | 0.887      |
|    value_loss         | 0.000471   |
--------------------------------------
-------------------------------------
| rollout/              |           |
|    ep_len_mean        | 180       |
|    ep_rew_mean        | 8.74      |
| time/                 |           |
|    fps                | 551       |
|    iterations         | 47400     |
|    time_elapsed       | 430       |
|    total_timesteps    | 237000    |
| train/                |           |
|    entropy_loss       | -19.4     |
|    explained_variance | 0.9673201 |
|    learning_rate      | 0.0007    |
|    n_updates          | 47399     |
|    policy_loss        | 0.0422    |
|    std                | 0.885     |
|    value_loss         | 7.09e-06  |
-------------------------------------
-------------------------------------
| rollout/              |           |
|    ep_len_mean        | 180       |
|    ep_rew_mean        | 8.75      |
| time/                 |           |
|    fps                | 551       |
|    iterations         | 47500     |
|    time_elapsed       | 430       |
|    total_timesteps    | 237500    |
| train/                |           |
|    entropy_loss       | -19.4     |
|    explained_variance | -637.6683 |
|    learning_rate      | 0.0007    |
|    n_updates          | 47499     |
|    policy_loss        | -0.841    |
|    std                | 0.883     |
|    value_loss         | 0.011     |
-------------------------------------
--------------------------------------
| rollout/              |            |
|    ep_len_mean        | 180        |
|    ep_rew_mean        | 8.77       |
| time/                 |            |
|    fps                | 552        |
|    iterations         | 47600      |
|    time_elapsed       | 431        |
|    total_timesteps    | 238000     |
| train/                |            |
|    entropy_loss       | -19.3      |
|    explained_variance | 0.93855023 |
|    learning_rate      | 0.0007     |
|    n_updates          | 47599      |
|    policy_loss        | 0.0752     |
|    std                | 0.883      |
|    value_loss         | 1.85e-05   |
--------------------------------------
---------------------------------------
| rollout/              |             |
|    ep_len_mean        | 181         |
|    ep_rew_mean        | 8.82        |
| time/                 |             |
|    fps                | 552         |
|    iterations         | 47700       |
|    time_elapsed       | 431         |
|    total_timesteps    | 238500      |
| train/                |             |
|    entropy_loss       | -19.4       |
|    explained_variance | 0.023259163 |
|    learning_rate      | 0.0007      |
|    n_updates          | 47699       |
|    policy_loss        | -0.222      |
|    std                | 0.884       |
|    value_loss         | 0.000177    |
---------------------------------------
--------------------------------------
| rollout/              |            |
|    ep_len_mean        | 181        |
|    ep_rew_mean        | 8.86       |
| time/                 |            |
|    fps                | 553        |
|    iterations         | 47800      |
|    time_elapsed       | 432        |
|    total_timesteps    | 239000     |
| train/                |            |
|    entropy_loss       | -19.4      |
|    explained_variance | 0.96930134 |
|    learning_rate      | 0.0007     |
|    n_updates          | 47799      |
|    policy_loss        | 3.85       |
|    std                | 0.886      |
|    value_loss         | 0.04       |
--------------------------------------
--------------------------------------
| rollout/              |            |
|    ep_len_mean        | 182        |
|    ep_rew_mean        | 8.9        |
| time/                 |            |
|    fps                | 553        |
|    iterations         | 47900      |
|    time_elapsed       | 432        |
|    total_timesteps    | 239500     |
| train/                |            |
|    entropy_loss       | -19.4      |
|    explained_variance | 0.98079264 |
|    learning_rate      | 0.0007     |
|    n_updates          | 47899      |
|    policy_loss        | 0.00466    |
|    std                | 0.886      |
|    value_loss         | 2.17e-07   |
--------------------------------------
-------------------------------------
| rollout/              |           |
|    ep_len_mean        | 182       |
|    ep_rew_mean        | 8.93      |
| time/                 |           |
|    fps                | 554       |
|    iterations         | 48000     |
|    time_elapsed       | 433       |
|    total_timesteps    | 240000    |
| train/                |           |
|    entropy_loss       | -19.4     |
|    explained_variance | 0.9759734 |
|    learning_rate      | 0.0007    |
|    n_updates          | 47999     |
|    policy_loss        | -0.93     |
|    std                | 0.884     |
|    value_loss         | 0.0027    |
-------------------------------------
-------------------------------------
| rollout/              |           |
|    ep_len_mean        | 183       |
|    ep_rew_mean        | 9.02      |
| time/                 |           |
|    fps                | 554       |
|    iterations         | 48100     |
|    time_elapsed       | 433       |
|    total_timesteps    | 240500    |
| train/                |           |
|    entropy_loss       | -19.4     |
|    explained_variance | 0.9998072 |
|    learning_rate      | 0.0007    |
|    n_updates          | 48099     |
|    policy_loss        | -0.00521  |
|    std                | 0.884     |
|    value_loss         | 7.33e-08  |
-------------------------------------
--------------------------------------
| rollout/              |            |
|    ep_len_mean        | 184        |
|    ep_rew_mean        | 9.11       |
| time/                 |            |
|    fps                | 555        |
|    iterations         | 48200      |
|    time_elapsed       | 434        |
|    total_timesteps    | 241000     |
| train/                |            |
|    entropy_loss       | -19.4      |
|    explained_variance | 0.99665886 |
|    learning_rate      | 0.0007     |
|    n_updates          | 48199      |
|    policy_loss        | 0.0512     |
|    std                | 0.886      |
|    value_loss         | 3.06e-05   |
--------------------------------------
--------------------------------------
| rollout/              |            |
|    ep_len_mean        | 185        |
|    ep_rew_mean        | 9.16       |
| time/                 |            |
|    fps                | 555        |
|    iterations         | 48300      |
|    time_elapsed       | 434        |
|    total_timesteps    | 241500     |
| train/                |            |
|    entropy_loss       | -19.4      |
|    explained_variance | 0.98188525 |
|    learning_rate      | 0.0007     |
|    n_updates          | 48299      |
|    policy_loss        | -0.0477    |
|    std                | 0.886      |
|    value_loss         | 7.28e-06   |
--------------------------------------
--------------------------------------
| rollout/              |            |
|    ep_len_mean        | 186        |
|    ep_rew_mean        | 9.24       |
| time/                 |            |
|    fps                | 556        |
|    iterations         | 48400      |
|    time_elapsed       | 435        |
|    total_timesteps    | 242000     |
| train/                |            |
|    entropy_loss       | -19.4      |
|    explained_variance | -1.1171522 |
|    learning_rate      | 0.0007     |
|    n_updates          | 48399      |
|    policy_loss        | 0.134      |
|    std                | 0.886      |
|    value_loss         | 4.13e-05   |
--------------------------------------
-------------------------------------
| rollout/              |           |
|    ep_len_mean        | 187       |
|    ep_rew_mean        | 9.29      |
| time/                 |           |
|    fps                | 556       |
|    iterations         | 48500     |
|    time_elapsed       | 435       |
|    total_timesteps    | 242500    |
| train/                |           |
|    entropy_loss       | -19.3     |
|    explained_variance | -4862.145 |
|    learning_rate      | 0.0007    |
|    n_updates          | 48499     |
|    policy_loss        | 70.5      |
|    std                | 0.884     |
|    value_loss         | 23.6      |
-------------------------------------
-------------------------------------
| rollout/              |           |
|    ep_len_mean        | 188       |
|    ep_rew_mean        | 9.37      |
| time/                 |           |
|    fps                | 557       |
|    iterations         | 48600     |
|    time_elapsed       | 435       |
|    total_timesteps    | 243000    |
| train/                |           |
|    entropy_loss       | -19.3     |
|    explained_variance | 0.7025987 |
|    learning_rate      | 0.0007    |
|    n_updates          | 48599     |
|    policy_loss        | -0.0937   |
|    std                | 0.881     |
|    value_loss         | 2.59e-05  |
-------------------------------------
--------------------------------------
| rollout/              |            |
|    ep_len_mean        | 188        |
|    ep_rew_mean        | 9.41       |
| time/                 |            |
|    fps                | 557        |
|    iterations         | 48700      |
|    time_elapsed       | 436        |
|    total_timesteps    | 243500     |
| train/                |            |
|    entropy_loss       | -19.3      |
|    explained_variance | 0.94690996 |
|    learning_rate      | 0.0007     |
|    n_updates          | 48699      |
|    policy_loss        | 1.15       |
|    std                | 0.882      |
|    value_loss         | 0.00431    |
--------------------------------------
-------------------------------------
| rollout/              |           |
|    ep_len_mean        | 189       |
|    ep_rew_mean        | 9.49      |
| time/                 |           |
|    fps                | 558       |
|    iterations         | 48800     |
|    time_elapsed       | 436       |
|    total_timesteps    | 244000    |
| train/                |           |
|    entropy_loss       | -19.3     |
|    explained_variance | 0.9659928 |
|    learning_rate      | 0.0007    |
|    n_updates          | 48799     |
|    policy_loss        | 0.0393    |
|    std                | 0.879     |
|    value_loss         | 4.49e-06  |
-------------------------------------
-------------------------------------
| rollout/              |           |
|    ep_len_mean        | 190       |
|    ep_rew_mean        | 9.55      |
| time/                 |           |
|    fps                | 559       |
|    iterations         | 48900     |
|    time_elapsed       | 437       |
|    total_timesteps    | 244500    |
| train/                |           |
|    entropy_loss       | -19.3     |
|    explained_variance | 0.9782782 |
|    learning_rate      | 0.0007    |
|    n_updates          | 48899     |
|    policy_loss        | -0.503    |
|    std                | 0.877     |
|    value_loss         | 0.000877  |
-------------------------------------
-------------------------------------
| rollout/              |           |
|    ep_len_mean        | 191       |
|    ep_rew_mean        | 9.64      |
| time/                 |           |
|    fps                | 559       |
|    iterations         | 49000     |
|    time_elapsed       | 437       |
|    total_timesteps    | 245000    |
| train/                |           |
|    entropy_loss       | -19.2     |
|    explained_variance | 0.9996741 |
|    learning_rate      | 0.0007    |
|    n_updates          | 48999     |
|    policy_loss        | 0.00814   |
|    std                | 0.875     |
|    value_loss         | 1.9e-07   |
-------------------------------------
--------------------------------------
| rollout/              |            |
|    ep_len_mean        | 192        |
|    ep_rew_mean        | 9.73       |
| time/                 |            |
|    fps                | 560        |
|    iterations         | 49100      |
|    time_elapsed       | 438        |
|    total_timesteps    | 245500     |
| train/                |            |
|    entropy_loss       | -19.2      |
|    explained_variance | -10.193766 |
|    learning_rate      | 0.0007     |
|    n_updates          | 49099      |
|    policy_loss        | 0.0568     |
|    std                | 0.875      |
|    value_loss         | 0.000153   |
--------------------------------------
-------------------------------------
| rollout/              |           |
|    ep_len_mean        | 193       |
|    ep_rew_mean        | 9.77      |
| time/                 |           |
|    fps                | 560       |
|    iterations         | 49200     |
|    time_elapsed       | 438       |
|    total_timesteps    | 246000    |
| train/                |           |
|    entropy_loss       | -19.2     |
|    explained_variance | 0.7995833 |
|    learning_rate      | 0.0007    |
|    n_updates          | 49199     |
|    policy_loss        | 0.137     |
|    std                | 0.874     |
|    value_loss         | 5.65e-05  |
-------------------------------------
--------------------------------------
| rollout/              |            |
|    ep_len_mean        | 193        |
|    ep_rew_mean        | 9.82       |
| time/                 |            |
|    fps                | 561        |
|    iterations         | 49300      |
|    time_elapsed       | 439        |
|    total_timesteps    | 246500     |
| train/                |            |
|    entropy_loss       | -19.2      |
|    explained_variance | -4.8215113 |
|    learning_rate      | 0.0007     |
|    n_updates          | 49299      |
|    policy_loss        | -0.0233    |
|    std                | 0.876      |
|    value_loss         | 3.11e-05   |
--------------------------------------
--------------------------------------
| rollout/              |            |
|    ep_len_mean        | 193        |
|    ep_rew_mean        | 9.84       |
| time/                 |            |
|    fps                | 561        |
|    iterations         | 49400      |
|    time_elapsed       | 439        |
|    total_timesteps    | 247000     |
| train/                |            |
|    entropy_loss       | -19.2      |
|    explained_variance | 0.99108905 |
|    learning_rate      | 0.0007     |
|    n_updates          | 49399      |
|    policy_loss        | -0.941     |
|    std                | 0.877      |
|    value_loss         | 0.00605    |
--------------------------------------
-------------------------------------
| rollout/              |           |
|    ep_len_mean        | 194       |
|    ep_rew_mean        | 9.89      |
| time/                 |           |
|    fps                | 562       |
|    iterations         | 49500     |
|    time_elapsed       | 440       |
|    total_timesteps    | 247500    |
| train/                |           |
|    entropy_loss       | -19.2     |
|    explained_variance | 0.8726058 |
|    learning_rate      | 0.0007    |
|    n_updates          | 49499     |
|    policy_loss        | -0.0451   |
|    std                | 0.877     |
|    value_loss         | 6.47e-06  |
-------------------------------------
--------------------------------------
| rollout/              |            |
|    ep_len_mean        | 194        |
|    ep_rew_mean        | 9.9        |
| time/                 |            |
|    fps                | 562        |
|    iterations         | 49600      |
|    time_elapsed       | 440        |
|    total_timesteps    | 248000     |
| train/                |            |
|    entropy_loss       | -19.2      |
|    explained_variance | 0.99529594 |
|    learning_rate      | 0.0007     |
|    n_updates          | 49599      |
|    policy_loss        | -0.029     |
|    std                | 0.876      |
|    value_loss         | 5.86e-05   |
--------------------------------------
-------------------------------------
| rollout/              |           |
|    ep_len_mean        | 194       |
|    ep_rew_mean        | 9.91      |
| time/                 |           |
|    fps                | 563       |
|    iterations         | 49700     |
|    time_elapsed       | 441       |
|    total_timesteps    | 248500    |
| train/                |           |
|    entropy_loss       | -19.2     |
|    explained_variance | 0.8109139 |
|    learning_rate      | 0.0007    |
|    n_updates          | 49699     |
|    policy_loss        | -0.101    |
|    std                | 0.876     |
|    value_loss         | 3.53e-05  |
-------------------------------------
--------------------------------------
| rollout/              |            |
|    ep_len_mean        | 194        |
|    ep_rew_mean        | 9.93       |
| time/                 |            |
|    fps                | 563        |
|    iterations         | 49800      |
|    time_elapsed       | 441        |
|    total_timesteps    | 249000     |
| train/                |            |
|    entropy_loss       | -19.2      |
|    explained_variance | -2.1599777 |
|    learning_rate      | 0.0007     |
|    n_updates          | 49799      |
|    policy_loss        | -0.26      |
|    std                | 0.875      |
|    value_loss         | 0.000946   |
--------------------------------------
-------------------------------------
| rollout/              |           |
|    ep_len_mean        | 194       |
|    ep_rew_mean        | 9.97      |
| time/                 |           |
|    fps                | 564       |
|    iterations         | 49900     |
|    time_elapsed       | 442       |
|    total_timesteps    | 249500    |
| train/                |           |
|    entropy_loss       | -19.2     |
|    explained_variance | 0.9839781 |
|    learning_rate      | 0.0007    |
|    n_updates          | 49899     |
|    policy_loss        | 0.0615    |
|    std                | 0.873     |
|    value_loss         | 1.08e-05  |
-------------------------------------
--------------------------------------
| rollout/              |            |
|    ep_len_mean        | 194        |
|    ep_rew_mean        | 9.98       |
| time/                 |            |
|    fps                | 564        |
|    iterations         | 50000      |
|    time_elapsed       | 442        |
|    total_timesteps    | 250000     |
| train/                |            |
|    entropy_loss       | -19.1      |
|    explained_variance | -2.0005906 |
|    learning_rate      | 0.0007     |
|    n_updates          | 49999      |
|    policy_loss        | 0.144      |
|    std                | 0.871      |
|    value_loss         | 6.6e-05    |
--------------------------------------
--------------------------------------
| rollout/              |            |
|    ep_len_mean        | 194        |
|    ep_rew_mean        | 9.98       |
| time/                 |            |
|    fps                | 565        |
|    iterations         | 50100      |
|    time_elapsed       | 443        |
|    total_timesteps    | 250500     |
| train/                |            |
|    entropy_loss       | -19.1      |
|    explained_variance | 0.71661556 |
|    learning_rate      | 0.0007     |
|    n_updates          | 50099      |
|    policy_loss        | 0.177      |
|    std                | 0.87       |
|    value_loss         | 0.000211   |
--------------------------------------
-------------------------------------
| rollout/              |           |
|    ep_len_mean        | 194       |
|    ep_rew_mean        | 9.99      |
| time/                 |           |
|    fps                | 565       |
|    iterations         | 50200     |
|    time_elapsed       | 443       |
|    total_timesteps    | 251000    |
| train/                |           |
|    entropy_loss       | -19.1     |
|    explained_variance | 0.9611667 |
|    learning_rate      | 0.0007    |
|    n_updates          | 50199     |
|    policy_loss        | 0.0483    |
|    std                | 0.869     |
|    value_loss         | 7.55e-06  |
-------------------------------------
-------------------------------------
| rollout/              |           |
|    ep_len_mean        | 195       |
|    ep_rew_mean        | 9.98      |
| time/                 |           |
|    fps                | 566       |
|    iterations         | 50300     |
|    time_elapsed       | 444       |
|    total_timesteps    | 251500    |
| train/                |           |
|    entropy_loss       | -19.1     |
|    explained_variance | 0.9980148 |
|    learning_rate      | 0.0007    |
|    n_updates          | 50299     |
|    policy_loss        | -0.355    |
|    std                | 0.867     |
|    value_loss         | 0.000327  |
-------------------------------------
-------------------------------------
| rollout/              |           |
|    ep_len_mean        | 195       |
|    ep_rew_mean        | 10        |
| time/                 |           |
|    fps                | 566       |
|    iterations         | 50400     |
|    time_elapsed       | 444       |
|    total_timesteps    | 252000    |
| train/                |           |
|    entropy_loss       | -19.1     |
|    explained_variance | 0.7503389 |
|    learning_rate      | 0.0007    |
|    n_updates          | 50399     |
|    policy_loss        | 0.0673    |
|    std                | 0.866     |
|    value_loss         | 1.81e-05  |
-------------------------------------
--------------------------------------
| rollout/              |            |
|    ep_len_mean        | 195        |
|    ep_rew_mean        | 10         |
| time/                 |            |
|    fps                | 566        |
|    iterations         | 50500      |
|    time_elapsed       | 445        |
|    total_timesteps    | 252500     |
| train/                |            |
|    entropy_loss       | -19.1      |
|    explained_variance | 0.99835104 |
|    learning_rate      | 0.0007     |
|    n_updates          | 50499      |
|    policy_loss        | 0.00892    |
|    std                | 0.867      |
|    value_loss         | 1.95e-05   |
--------------------------------------
--------------------------------------
| rollout/              |            |
|    ep_len_mean        | 195        |
|    ep_rew_mean        | 10.1       |
| time/                 |            |
|    fps                | 567        |
|    iterations         | 50600      |
|    time_elapsed       | 445        |
|    total_timesteps    | 253000     |
| train/                |            |
|    entropy_loss       | -19.1      |
|    explained_variance | 0.99160683 |
|    learning_rate      | 0.0007     |
|    n_updates          | 50599      |
|    policy_loss        | 0.018      |
|    std                | 0.868      |
|    value_loss         | 1.35e-06   |
--------------------------------------
--------------------------------------
| rollout/              |            |
|    ep_len_mean        | 195        |
|    ep_rew_mean        | 10.1       |
| time/                 |            |
|    fps                | 567        |
|    iterations         | 50700      |
|    time_elapsed       | 446        |
|    total_timesteps    | 253500     |
| train/                |            |
|    entropy_loss       | -19.1      |
|    explained_variance | -71.215195 |
|    learning_rate      | 0.0007     |
|    n_updates          | 50699      |
|    policy_loss        | -0.573     |
|    std                | 0.869      |
|    value_loss         | 0.00138    |
--------------------------------------
-------------------------------------
| rollout/              |           |
|    ep_len_mean        | 195       |
|    ep_rew_mean        | 10.1      |
| time/                 |           |
|    fps                | 568       |
|    iterations         | 50800     |
|    time_elapsed       | 446       |
|    total_timesteps    | 254000    |
| train/                |           |
|    entropy_loss       | -19.1     |
|    explained_variance | 0.8058713 |
|    learning_rate      | 0.0007    |
|    n_updates          | 50799     |
|    policy_loss        | -0.208    |
|    std                | 0.868     |
|    value_loss         | 0.000135  |
-------------------------------------
--------------------------------------
| rollout/              |            |
|    ep_len_mean        | 195        |
|    ep_rew_mean        | 10.1       |
| time/                 |            |
|    fps                | 568        |
|    iterations         | 50900      |
|    time_elapsed       | 447        |
|    total_timesteps    | 254500     |
| train/                |            |
|    entropy_loss       | -19.1      |
|    explained_variance | 0.09798157 |
|    learning_rate      | 0.0007     |
|    n_updates          | 50899      |
|    policy_loss        | 0.103      |
|    std                | 0.867      |
|    value_loss         | 3.08e-05   |
--------------------------------------
-------------------------------------
| rollout/              |           |
|    ep_len_mean        | 195       |
|    ep_rew_mean        | 10.1      |
| time/                 |           |
|    fps                | 569       |
|    iterations         | 51000     |
|    time_elapsed       | 447       |
|    total_timesteps    | 255000    |
| train/                |           |
|    entropy_loss       | -19.1     |
|    explained_variance | 0.9376702 |
|    learning_rate      | 0.0007    |
|    n_updates          | 50999     |
|    policy_loss        | -1.59     |
|    std                | 0.866     |
|    value_loss         | 0.00995   |
-------------------------------------
--------------------------------------
| rollout/              |            |
|    ep_len_mean        | 195        |
|    ep_rew_mean        | 10.1       |
| time/                 |            |
|    fps                | 569        |
|    iterations         | 51100      |
|    time_elapsed       | 448        |
|    total_timesteps    | 255500     |
| train/                |            |
|    entropy_loss       | -19.1      |
|    explained_variance | 0.69628966 |
|    learning_rate      | 0.0007     |
|    n_updates          | 51099      |
|    policy_loss        | 0.111      |
|    std                | 0.867      |
|    value_loss         | 3.69e-05   |
--------------------------------------
-------------------------------------
| rollout/              |           |
|    ep_len_mean        | 195       |
|    ep_rew_mean        | 10.1      |
| time/                 |           |
|    fps                | 570       |
|    iterations         | 51200     |
|    time_elapsed       | 448       |
|    total_timesteps    | 256000    |
| train/                |           |
|    entropy_loss       | -19.1     |
|    explained_variance | 0.9915862 |
|    learning_rate      | 0.0007    |
|    n_updates          | 51199     |
|    policy_loss        | 0.119     |
|    std                | 0.866     |
|    value_loss         | 0.000145  |
-------------------------------------
--------------------------------------
| rollout/              |            |
|    ep_len_mean        | 195        |
|    ep_rew_mean        | 10.1       |
| time/                 |            |
|    fps                | 570        |
|    iterations         | 51300      |
|    time_elapsed       | 449        |
|    total_timesteps    | 256500     |
| train/                |            |
|    entropy_loss       | -19        |
|    explained_variance | 0.96373284 |
|    learning_rate      | 0.0007     |
|    n_updates          | 51299      |
|    policy_loss        | 0.0458     |
|    std                | 0.865      |
|    value_loss         | 6.09e-06   |
--------------------------------------
--------------------------------------
| rollout/              |            |
|    ep_len_mean        | 195        |
|    ep_rew_mean        | 10.1       |
| time/                 |            |
|    fps                | 571        |
|    iterations         | 51400      |
|    time_elapsed       | 449        |
|    total_timesteps    | 257000     |
| train/                |            |
|    entropy_loss       | -19.1      |
|    explained_variance | -33.973637 |
|    learning_rate      | 0.0007     |
|    n_updates          | 51399      |
|    policy_loss        | 0.485      |
|    std                | 0.868      |
|    value_loss         | 0.000897   |
--------------------------------------
------------------------------------
| rollout/              |          |
|    ep_len_mean        | 195      |
|    ep_rew_mean        | 10.1     |
| time/                 |          |
|    fps                | 571      |
|    iterations         | 51500    |
|    time_elapsed       | 450      |
|    total_timesteps    | 257500   |
| train/                |          |
|    entropy_loss       | -19.1    |
|    explained_variance | 0.992961 |
|    learning_rate      | 0.0007   |
|    n_updates          | 51499    |
|    policy_loss        | -0.0414  |
|    std                | 0.868    |
|    value_loss         | 5.44e-06 |
------------------------------------
--------------------------------------
| rollout/              |            |
|    ep_len_mean        | 195        |
|    ep_rew_mean        | 10.1       |
| time/                 |            |
|    fps                | 572        |
|    iterations         | 51600      |
|    time_elapsed       | 450        |
|    total_timesteps    | 258000     |
| train/                |            |
|    entropy_loss       | -19.1      |
|    explained_variance | -1.1653388 |
|    learning_rate      | 0.0007     |
|    n_updates          | 51599      |
|    policy_loss        | -0.179     |
|    std                | 0.869      |
|    value_loss         | 0.000127   |
--------------------------------------
-------------------------------------
| rollout/              |           |
|    ep_len_mean        | 195       |
|    ep_rew_mean        | 10.1      |
| time/                 |           |
|    fps                | 572       |
|    iterations         | 51700     |
|    time_elapsed       | 451       |
|    total_timesteps    | 258500    |
| train/                |           |
|    entropy_loss       | -19.1     |
|    explained_variance | 0.9893935 |
|    learning_rate      | 0.0007    |
|    n_updates          | 51699     |
|    policy_loss        | -2.02     |
|    std                | 0.871     |
|    value_loss         | 0.0167    |
-------------------------------------
--------------------------------------
| rollout/              |            |
|    ep_len_mean        | 195        |
|    ep_rew_mean        | 10.1       |
| time/                 |            |
|    fps                | 573        |
|    iterations         | 51800      |
|    time_elapsed       | 451        |
|    total_timesteps    | 259000     |
| train/                |            |
|    entropy_loss       | -19.2      |
|    explained_variance | 0.99007493 |
|    learning_rate      | 0.0007     |
|    n_updates          | 51799      |
|    policy_loss        | -0.0128    |
|    std                | 0.873      |
|    value_loss         | 6.77e-07   |
--------------------------------------
--------------------------------------
| rollout/              |            |
|    ep_len_mean        | 195        |
|    ep_rew_mean        | 10.1       |
| time/                 |            |
|    fps                | 574        |
|    iterations         | 51900      |
|    time_elapsed       | 452        |
|    total_timesteps    | 259500     |
| train/                |            |
|    entropy_loss       | -19.2      |
|    explained_variance | 0.99520093 |
|    learning_rate      | 0.0007     |
|    n_updates          | 51899      |
|    policy_loss        | 0.257      |
|    std                | 0.874      |
|    value_loss         | 0.000224   |
--------------------------------------
-------------------------------------
| rollout/              |           |
|    ep_len_mean        | 195       |
|    ep_rew_mean        | 10.1      |
| time/                 |           |
|    fps                | 574       |
|    iterations         | 52000     |
|    time_elapsed       | 452       |
|    total_timesteps    | 260000    |
| train/                |           |
|    entropy_loss       | -19.2     |
|    explained_variance | 0.9082943 |
|    learning_rate      | 0.0007    |
|    n_updates          | 51999     |
|    policy_loss        | 0.0854    |
|    std                | 0.874     |
|    value_loss         | 2.13e-05  |
-------------------------------------
--------------------------------------
| rollout/              |            |
|    ep_len_mean        | 195        |
|    ep_rew_mean        | 10.1       |
| time/                 |            |
|    fps                | 575        |
|    iterations         | 52100      |
|    time_elapsed       | 452        |
|    total_timesteps    | 260500     |
| train/                |            |
|    entropy_loss       | -19.2      |
|    explained_variance | 0.45032084 |
|    learning_rate      | 0.0007     |
|    n_updates          | 52099      |
|    policy_loss        | 1.71       |
|    std                | 0.874      |
|    value_loss         | 0.0257     |
--------------------------------------
-------------------------------------
| rollout/              |           |
|    ep_len_mean        | 195       |
|    ep_rew_mean        | 10.1      |
| time/                 |           |
|    fps                | 575       |
|    iterations         | 52200     |
|    time_elapsed       | 453       |
|    total_timesteps    | 261000    |
| train/                |           |
|    entropy_loss       | -19.2     |
|    explained_variance | 0.9978996 |
|    learning_rate      | 0.0007    |
|    n_updates          | 52199     |
|    policy_loss        | -0.0112   |
|    std                | 0.874     |
|    value_loss         | 4.23e-07  |
-------------------------------------
--------------------------------------
| rollout/              |            |
|    ep_len_mean        | 195        |
|    ep_rew_mean        | 10.1       |
| time/                 |            |
|    fps                | 576        |
|    iterations         | 52300      |
|    time_elapsed       | 453        |
|    total_timesteps    | 261500     |
| train/                |            |
|    entropy_loss       | -19.2      |
|    explained_variance | -0.8806597 |
|    learning_rate      | 0.0007     |
|    n_updates          | 52299      |
|    policy_loss        | 0.267      |
|    std                | 0.874      |
|    value_loss         | 0.00024    |
--------------------------------------
--------------------------------------
| rollout/              |            |
|    ep_len_mean        | 195        |
|    ep_rew_mean        | 10.1       |
| time/                 |            |
|    fps                | 577        |
|    iterations         | 52400      |
|    time_elapsed       | 454        |
|    total_timesteps    | 262000     |
| train/                |            |
|    entropy_loss       | -19.2      |
|    explained_variance | 0.96926856 |
|    learning_rate      | 0.0007     |
|    n_updates          | 52399      |
|    policy_loss        | -0.00583   |
|    std                | 0.873      |
|    value_loss         | 1.08e-05   |
--------------------------------------
-------------------------------------
| rollout/              |           |
|    ep_len_mean        | 195       |
|    ep_rew_mean        | 10.1      |
| time/                 |           |
|    fps                | 577       |
|    iterations         | 52500     |
|    time_elapsed       | 454       |
|    total_timesteps    | 262500    |
| train/                |           |
|    entropy_loss       | -19.1     |
|    explained_variance | 0.7645263 |
|    learning_rate      | 0.0007    |
|    n_updates          | 52499     |
|    policy_loss        | -0.0947   |
|    std                | 0.871     |
|    value_loss         | 2.42e-05  |
-------------------------------------
-------------------------------------
| rollout/              |           |
|    ep_len_mean        | 195       |
|    ep_rew_mean        | 10.1      |
| time/                 |           |
|    fps                | 578       |
|    iterations         | 52600     |
|    time_elapsed       | 454       |
|    total_timesteps    | 263000    |
| train/                |           |
|    entropy_loss       | -19.2     |
|    explained_variance | 0.9864586 |
|    learning_rate      | 0.0007    |
|    n_updates          | 52599     |
|    policy_loss        | -0.152    |
|    std                | 0.873     |
|    value_loss         | 0.000185  |
-------------------------------------
-------------------------------------
| rollout/              |           |
|    ep_len_mean        | 195       |
|    ep_rew_mean        | 10.1      |
| time/                 |           |
|    fps                | 578       |
|    iterations         | 52700     |
|    time_elapsed       | 455       |
|    total_timesteps    | 263500    |
| train/                |           |
|    entropy_loss       | -19.1     |
|    explained_variance | 0.9850005 |
|    learning_rate      | 0.0007    |
|    n_updates          | 52699     |
|    policy_loss        | -0.0404   |
|    std                | 0.873     |
|    value_loss         | 5.89e-06  |
-------------------------------------
-------------------------------------
| rollout/              |           |
|    ep_len_mean        | 195       |
|    ep_rew_mean        | 10.1      |
| time/                 |           |
|    fps                | 579       |
|    iterations         | 52800     |
|    time_elapsed       | 455       |
|    total_timesteps    | 264000    |
| train/                |           |
|    entropy_loss       | -19.1     |
|    explained_variance | 0.9847544 |
|    learning_rate      | 0.0007    |
|    n_updates          | 52799     |
|    policy_loss        | 0.355     |
|    std                | 0.87      |
|    value_loss         | 0.000581  |
-------------------------------------
-------------------------------------
| rollout/              |           |
|    ep_len_mean        | 195       |
|    ep_rew_mean        | 10.1      |
| time/                 |           |
|    fps                | 579       |
|    iterations         | 52900     |
|    time_elapsed       | 456       |
|    total_timesteps    | 264500    |
| train/                |           |
|    entropy_loss       | -19.1     |
|    explained_variance | 0.9481449 |
|    learning_rate      | 0.0007    |
|    n_updates          | 52899     |
|    policy_loss        | -0.0688   |
|    std                | 0.871     |
|    value_loss         | 1.46e-05  |
-------------------------------------
--------------------------------------
| rollout/              |            |
|    ep_len_mean        | 195        |
|    ep_rew_mean        | 10.1       |
| time/                 |            |
|    fps                | 580        |
|    iterations         | 53000      |
|    time_elapsed       | 456        |
|    total_timesteps    | 265000     |
| train/                |            |
|    entropy_loss       | -19.1      |
|    explained_variance | 0.61835444 |
|    learning_rate      | 0.0007     |
|    n_updates          | 52999      |
|    policy_loss        | -0.03      |
|    std                | 0.871      |
|    value_loss         | 6.6e-06    |
--------------------------------------
--------------------------------------
| rollout/              |            |
|    ep_len_mean        | 195        |
|    ep_rew_mean        | 10.1       |
| time/                 |            |
|    fps                | 581        |
|    iterations         | 53100      |
|    time_elapsed       | 456        |
|    total_timesteps    | 265500     |
| train/                |            |
|    entropy_loss       | -19.1      |
|    explained_variance | 0.97813225 |
|    learning_rate      | 0.0007     |
|    n_updates          | 53099      |
|    policy_loss        | -0.00507   |
|    std                | 0.871      |
|    value_loss         | 2.29e-06   |
--------------------------------------
---------------------------------------
| rollout/              |             |
|    ep_len_mean        | 195         |
|    ep_rew_mean        | 10.1        |
| time/                 |             |
|    fps                | 581         |
|    iterations         | 53200       |
|    time_elapsed       | 457         |
|    total_timesteps    | 266000      |
| train/                |             |
|    entropy_loss       | -19.1       |
|    explained_variance | -0.29558647 |
|    learning_rate      | 0.0007      |
|    n_updates          | 53199       |
|    policy_loss        | 0.0944      |
|    std                | 0.871       |
|    value_loss         | 3.93e-05    |
---------------------------------------
-------------------------------------
| rollout/              |           |
|    ep_len_mean        | 195       |
|    ep_rew_mean        | 10.1      |
| time/                 |           |
|    fps                | 582       |
|    iterations         | 53300     |
|    time_elapsed       | 457       |
|    total_timesteps    | 266500    |
| train/                |           |
|    entropy_loss       | -19.1     |
|    explained_variance | 0.9587347 |
|    learning_rate      | 0.0007    |
|    n_updates          | 53299     |
|    policy_loss        | -1.03     |
|    std                | 0.871     |
|    value_loss         | 0.00595   |
-------------------------------------
--------------------------------------
| rollout/              |            |
|    ep_len_mean        | 195        |
|    ep_rew_mean        | 10.1       |
| time/                 |            |
|    fps                | 582        |
|    iterations         | 53400      |
|    time_elapsed       | 458        |
|    total_timesteps    | 267000     |
| train/                |            |
|    entropy_loss       | -19.1      |
|    explained_variance | 0.98399776 |
|    learning_rate      | 0.0007     |
|    n_updates          | 53399      |
|    policy_loss        | -0.0212    |
|    std                | 0.87       |
|    value_loss         | 1.73e-06   |
--------------------------------------
-------------------------------------
| rollout/              |           |
|    ep_len_mean        | 195       |
|    ep_rew_mean        | 10.1      |
| time/                 |           |
|    fps                | 583       |
|    iterations         | 53500     |
|    time_elapsed       | 458       |
|    total_timesteps    | 267500    |
| train/                |           |
|    entropy_loss       | -19.1     |
|    explained_variance | 0.9441729 |
|    learning_rate      | 0.0007    |
|    n_updates          | 53499     |
|    policy_loss        | 0.814     |
|    std                | 0.87      |
|    value_loss         | 0.0028    |
-------------------------------------
-------------------------------------
| rollout/              |           |
|    ep_len_mean        | 195       |
|    ep_rew_mean        | 10.1      |
| time/                 |           |
|    fps                | 583       |
|    iterations         | 53600     |
|    time_elapsed       | 458       |
|    total_timesteps    | 268000    |
| train/                |           |
|    entropy_loss       | -19.1     |
|    explained_variance | 0.9995913 |
|    learning_rate      | 0.0007    |
|    n_updates          | 53599     |
|    policy_loss        | -0.00499  |
|    std                | 0.869     |
|    value_loss         | 7.37e-08  |
-------------------------------------
--------------------------------------
| rollout/              |            |
|    ep_len_mean        | 195        |
|    ep_rew_mean        | 10.1       |
| time/                 |            |
|    fps                | 584        |
|    iterations         | 53700      |
|    time_elapsed       | 459        |
|    total_timesteps    | 268500     |
| train/                |            |
|    entropy_loss       | -19        |
|    explained_variance | -51.213577 |
|    learning_rate      | 0.0007     |
|    n_updates          | 53699      |
|    policy_loss        | -0.755     |
|    std                | 0.867      |
|    value_loss         | 0.00172    |
--------------------------------------
--------------------------------------
| rollout/              |            |
|    ep_len_mean        | 195        |
|    ep_rew_mean        | 10.1       |
| time/                 |            |
|    fps                | 584        |
|    iterations         | 53800      |
|    time_elapsed       | 459        |
|    total_timesteps    | 269000     |
| train/                |            |
|    entropy_loss       | -19        |
|    explained_variance | 0.16812992 |
|    learning_rate      | 0.0007     |
|    n_updates          | 53799      |
|    policy_loss        | 0.203      |
|    std                | 0.866      |
|    value_loss         | 0.000129   |
--------------------------------------
--------------------------------------
| rollout/              |            |
|    ep_len_mean        | 195        |
|    ep_rew_mean        | 10.1       |
| time/                 |            |
|    fps                | 585        |
|    iterations         | 53900      |
|    time_elapsed       | 460        |
|    total_timesteps    | 269500     |
| train/                |            |
|    entropy_loss       | -19        |
|    explained_variance | -1.8294075 |
|    learning_rate      | 0.0007     |
|    n_updates          | 53899      |
|    policy_loss        | -0.238     |
|    std                | 0.867      |
|    value_loss         | 0.000199   |
--------------------------------------
-------------------------------------
| rollout/              |           |
|    ep_len_mean        | 195       |
|    ep_rew_mean        | 10.1      |
| time/                 |           |
|    fps                | 585       |
|    iterations         | 54000     |
|    time_elapsed       | 460       |
|    total_timesteps    | 270000    |
| train/                |           |
|    entropy_loss       | -19.1     |
|    explained_variance | 0.9994098 |
|    learning_rate      | 0.0007    |
|    n_updates          | 53999     |
|    policy_loss        | 0.569     |
|    std                | 0.87      |
|    value_loss         | 0.00105   |
-------------------------------------
--------------------------------------
| rollout/              |            |
|    ep_len_mean        | 195        |
|    ep_rew_mean        | 10.1       |
| time/                 |            |
|    fps                | 586        |
|    iterations         | 54100      |
|    time_elapsed       | 461        |
|    total_timesteps    | 270500     |
| train/                |            |
|    entropy_loss       | -19.1      |
|    explained_variance | 0.95587814 |
|    learning_rate      | 0.0007     |
|    n_updates          | 54099      |
|    policy_loss        | -0.0454    |
|    std                | 0.871      |
|    value_loss         | 4.83e-06   |
--------------------------------------
-------------------------------------
| rollout/              |           |
|    ep_len_mean        | 195       |
|    ep_rew_mean        | 10.1      |
| time/                 |           |
|    fps                | 586       |
|    iterations         | 54200     |
|    time_elapsed       | 462       |
|    total_timesteps    | 271000    |
| train/                |           |
|    entropy_loss       | -19.1     |
|    explained_variance | 0.9917199 |
|    learning_rate      | 0.0007    |
|    n_updates          | 54199     |
|    policy_loss        | 0.291     |
|    std                | 0.87      |
|    value_loss         | 0.000315  |
-------------------------------------
-------------------------------------
| rollout/              |           |
|    ep_len_mean        | 195       |
|    ep_rew_mean        | 10.1      |
| time/                 |           |
|    fps                | 586       |
|    iterations         | 54300     |
|    time_elapsed       | 462       |
|    total_timesteps    | 271500    |
| train/                |           |
|    entropy_loss       | -19.1     |
|    explained_variance | 0.9985657 |
|    learning_rate      | 0.0007    |
|    n_updates          | 54299     |
|    policy_loss        | 0.00889   |
|    std                | 0.872     |
|    value_loss         | 2.92e-07  |
-------------------------------------
--------------------------------------
| rollout/              |            |
|    ep_len_mean        | 195        |
|    ep_rew_mean        | 10.1       |
| time/                 |            |
|    fps                | 587        |
|    iterations         | 54400      |
|    time_elapsed       | 463        |
|    total_timesteps    | 272000     |
| train/                |            |
|    entropy_loss       | -19.1      |
|    explained_variance | 0.99203664 |
|    learning_rate      | 0.0007     |
|    n_updates          | 54399      |
|    policy_loss        | 0.186      |
|    std                | 0.872      |
|    value_loss         | 0.000138   |
--------------------------------------
--------------------------------------
| rollout/              |            |
|    ep_len_mean        | 195        |
|    ep_rew_mean        | 10.1       |
| time/                 |            |
|    fps                | 587        |
|    iterations         | 54500      |
|    time_elapsed       | 463        |
|    total_timesteps    | 272500     |
| train/                |            |
|    entropy_loss       | -19.1      |
|    explained_variance | 0.98556554 |
|    learning_rate      | 0.0007     |
|    n_updates          | 54499      |
|    policy_loss        | -0.0342    |
|    std                | 0.871      |
|    value_loss         | 4.53e-06   |
--------------------------------------
---------------------------------------
| rollout/              |             |
|    ep_len_mean        | 195         |
|    ep_rew_mean        | 10.1        |
| time/                 |             |
|    fps                | 588         |
|    iterations         | 54600       |
|    time_elapsed       | 463         |
|    total_timesteps    | 273000      |
| train/                |             |
|    entropy_loss       | -19.2       |
|    explained_variance | -0.30841386 |
|    learning_rate      | 0.0007      |
|    n_updates          | 54599       |
|    policy_loss        | -0.0411     |
|    std                | 0.873       |
|    value_loss         | 1.73e-05    |
---------------------------------------
--------------------------------------
| rollout/              |            |
|    ep_len_mean        | 195        |
|    ep_rew_mean        | 10.1       |
| time/                 |            |
|    fps                | 588        |
|    iterations         | 54700      |
|    time_elapsed       | 464        |
|    total_timesteps    | 273500     |
| train/                |            |
|    entropy_loss       | -19.1      |
|    explained_variance | -1586.1487 |
|    learning_rate      | 0.0007     |
|    n_updates          | 54699      |
|    policy_loss        | 34.4       |
|    std                | 0.872      |
|    value_loss         | 11.2       |
--------------------------------------
-------------------------------------
| rollout/              |           |
|    ep_len_mean        | 195       |
|    ep_rew_mean        | 10.1      |
| time/                 |           |
|    fps                | 589       |
|    iterations         | 54800     |
|    time_elapsed       | 465       |
|    total_timesteps    | 274000    |
| train/                |           |
|    entropy_loss       | -19.1     |
|    explained_variance | 0.9901462 |
|    learning_rate      | 0.0007    |
|    n_updates          | 54799     |
|    policy_loss        | -0.0121   |
|    std                | 0.87      |
|    value_loss         | 3.96e-07  |
-------------------------------------
-------------------------------------
| rollout/              |           |
|    ep_len_mean        | 195       |
|    ep_rew_mean        | 10.1      |
| time/                 |           |
|    fps                | 589       |
|    iterations         | 54900     |
|    time_elapsed       | 465       |
|    total_timesteps    | 274500    |
| train/                |           |
|    entropy_loss       | -19.1     |
|    explained_variance | 0.9966698 |
|    learning_rate      | 0.0007    |
|    n_updates          | 54899     |
|    policy_loss        | -0.0572   |
|    std                | 0.87      |
|    value_loss         | 4.37e-05  |
-------------------------------------
--------------------------------------
| rollout/              |            |
|    ep_len_mean        | 195        |
|    ep_rew_mean        | 10.1       |
| time/                 |            |
|    fps                | 590        |
|    iterations         | 55000      |
|    time_elapsed       | 466        |
|    total_timesteps    | 275000     |
| train/                |            |
|    entropy_loss       | -19.1      |
|    explained_variance | 0.99713635 |
|    learning_rate      | 0.0007     |
|    n_updates          | 54999      |
|    policy_loss        | -0.0233    |
|    std                | 0.869      |
|    value_loss         | 1.97e-06   |
--------------------------------------
--------------------------------------
| rollout/              |            |
|    ep_len_mean        | 195        |
|    ep_rew_mean        | 10.1       |
| time/                 |            |
|    fps                | 590        |
|    iterations         | 55100      |
|    time_elapsed       | 466        |
|    total_timesteps    | 275500     |
| train/                |            |
|    entropy_loss       | -19.1      |
|    explained_variance | 0.97266245 |
|    learning_rate      | 0.0007     |
|    n_updates          | 55099      |
|    policy_loss        | 1.2        |
|    std                | 0.871      |
|    value_loss         | 0.0044     |
--------------------------------------
--------------------------------------
| rollout/              |            |
|    ep_len_mean        | 195        |
|    ep_rew_mean        | 10.1       |
| time/                 |            |
|    fps                | 591        |
|    iterations         | 55200      |
|    time_elapsed       | 466        |
|    total_timesteps    | 276000     |
| train/                |            |
|    entropy_loss       | -19.1      |
|    explained_variance | 0.97851825 |
|    learning_rate      | 0.0007     |
|    n_updates          | 55199      |
|    policy_loss        | 0.0759     |
|    std                | 0.871      |
|    value_loss         | 1.96e-05   |
--------------------------------------
---------------------------------------
| rollout/              |             |
|    ep_len_mean        | 195         |
|    ep_rew_mean        | 10.1        |
| time/                 |             |
|    fps                | 591         |
|    iterations         | 55300       |
|    time_elapsed       | 467         |
|    total_timesteps    | 276500      |
| train/                |             |
|    entropy_loss       | -19.1       |
|    explained_variance | -0.24614382 |
|    learning_rate      | 0.0007      |
|    n_updates          | 55299       |
|    policy_loss        | -0.281      |
|    std                | 0.87        |
|    value_loss         | 0.000264    |
---------------------------------------
--------------------------------------
| rollout/              |            |
|    ep_len_mean        | 195        |
|    ep_rew_mean        | 10.1       |
| time/                 |            |
|    fps                | 592        |
|    iterations         | 55400      |
|    time_elapsed       | 467        |
|    total_timesteps    | 277000     |
| train/                |            |
|    entropy_loss       | -19.1      |
|    explained_variance | -1036.4208 |
|    learning_rate      | 0.0007     |
|    n_updates          | 55399      |
|    policy_loss        | 127        |
|    std                | 0.87       |
|    value_loss         | 43.2       |
--------------------------------------
-------------------------------------
| rollout/              |           |
|    ep_len_mean        | 195       |
|    ep_rew_mean        | 10.2      |
| time/                 |           |
|    fps                | 592       |
|    iterations         | 55500     |
|    time_elapsed       | 468       |
|    total_timesteps    | 277500    |
| train/                |           |
|    entropy_loss       | -19.1     |
|    explained_variance | 0.9976369 |
|    learning_rate      | 0.0007    |
|    n_updates          | 55499     |
|    policy_loss        | 0.0162    |
|    std                | 0.872     |
|    value_loss         | 8.31e-07  |
-------------------------------------
-------------------------------------
| rollout/              |           |
|    ep_len_mean        | 195       |
|    ep_rew_mean        | 10.2      |
| time/                 |           |
|    fps                | 593       |
|    iterations         | 55600     |
|    time_elapsed       | 468       |
|    total_timesteps    | 278000    |
| train/                |           |
|    entropy_loss       | -19.2     |
|    explained_variance | 0.9487603 |
|    learning_rate      | 0.0007    |
|    n_updates          | 55599     |
|    policy_loss        | 0.781     |
|    std                | 0.875     |
|    value_loss         | 0.0021    |
-------------------------------------
-------------------------------------
| rollout/              |           |
|    ep_len_mean        | 195       |
|    ep_rew_mean        | 10.2      |
| time/                 |           |
|    fps                | 593       |
|    iterations         | 55700     |
|    time_elapsed       | 468       |
|    total_timesteps    | 278500    |
| train/                |           |
|    entropy_loss       | -19.2     |
|    explained_variance | 0.9540717 |
|    learning_rate      | 0.0007    |
|    n_updates          | 55699     |
|    policy_loss        | -0.0492   |
|    std                | 0.873     |
|    value_loss         | 8.54e-06  |
-------------------------------------
-------------------------------------
| rollout/              |           |
|    ep_len_mean        | 195       |
|    ep_rew_mean        | 10.2      |
| time/                 |           |
|    fps                | 594       |
|    iterations         | 55800     |
|    time_elapsed       | 469       |
|    total_timesteps    | 279000    |
| train/                |           |
|    entropy_loss       | -19.1     |
|    explained_variance | 0.9639232 |
|    learning_rate      | 0.0007    |
|    n_updates          | 55799     |
|    policy_loss        | -0.441    |
|    std                | 0.873     |
|    value_loss         | 0.000726  |
-------------------------------------
------------------------------------
| rollout/              |          |
|    ep_len_mean        | 195      |
|    ep_rew_mean        | 10.2     |
| time/                 |          |
|    fps                | 594      |
|    iterations         | 55900    |
|    time_elapsed       | 469      |
|    total_timesteps    | 279500   |
| train/                |          |
|    entropy_loss       | -19.1    |
|    explained_variance | 0.999173 |
|    learning_rate      | 0.0007   |
|    n_updates          | 55899    |
|    policy_loss        | -0.0123  |
|    std                | 0.871    |
|    value_loss         | 5.16e-07 |
------------------------------------
--------------------------------------
| rollout/              |            |
|    ep_len_mean        | 195        |
|    ep_rew_mean        | 10.3       |
| time/                 |            |
|    fps                | 595        |
|    iterations         | 56000      |
|    time_elapsed       | 470        |
|    total_timesteps    | 280000     |
| train/                |            |
|    entropy_loss       | -19.1      |
|    explained_variance | 0.44749284 |
|    learning_rate      | 0.0007     |
|    n_updates          | 55999      |
|    policy_loss        | 0.323      |
|    std                | 0.871      |
|    value_loss         | 0.000228   |
--------------------------------------
--------------------------------------
| rollout/              |            |
|    ep_len_mean        | 195        |
|    ep_rew_mean        | 10.3       |
| time/                 |            |
|    fps                | 595        |
|    iterations         | 56100      |
|    time_elapsed       | 470        |
|    total_timesteps    | 280500     |
| train/                |            |
|    entropy_loss       | -19.1      |
|    explained_variance | 0.13878089 |
|    learning_rate      | 0.0007     |
|    n_updates          | 56099      |
|    policy_loss        | -1.03      |
|    std                | 0.871      |
|    value_loss         | 0.00338    |
--------------------------------------
-------------------------------------
| rollout/              |           |
|    ep_len_mean        | 195       |
|    ep_rew_mean        | 10.3      |
| time/                 |           |
|    fps                | 596       |
|    iterations         | 56200     |
|    time_elapsed       | 471       |
|    total_timesteps    | 281000    |
| train/                |           |
|    entropy_loss       | -19.1     |
|    explained_variance | 0.7899533 |
|    learning_rate      | 0.0007    |
|    n_updates          | 56199     |
|    policy_loss        | -0.047    |
|    std                | 0.872     |
|    value_loss         | 9.96e-06  |
-------------------------------------
-------------------------------------
| rollout/              |           |
|    ep_len_mean        | 195       |
|    ep_rew_mean        | 10.4      |
| time/                 |           |
|    fps                | 596       |
|    iterations         | 56300     |
|    time_elapsed       | 471       |
|    total_timesteps    | 281500    |
| train/                |           |
|    entropy_loss       | -19.1     |
|    explained_variance | 0.8870619 |
|    learning_rate      | 0.0007    |
|    n_updates          | 56299     |
|    policy_loss        | 0.267     |
|    std                | 0.873     |
|    value_loss         | 0.00144   |
-------------------------------------
--------------------------------------
| rollout/              |            |
|    ep_len_mean        | 195        |
|    ep_rew_mean        | 10.4       |
| time/                 |            |
|    fps                | 597        |
|    iterations         | 56400      |
|    time_elapsed       | 472        |
|    total_timesteps    | 282000     |
| train/                |            |
|    entropy_loss       | -19.1      |
|    explained_variance | 0.94985324 |
|    learning_rate      | 0.0007     |
|    n_updates          | 56399      |
|    policy_loss        | 0.0781     |
|    std                | 0.872      |
|    value_loss         | 1.89e-05   |
--------------------------------------
-------------------------------------
| rollout/              |           |
|    ep_len_mean        | 195       |
|    ep_rew_mean        | 10.4      |
| time/                 |           |
|    fps                | 597       |
|    iterations         | 56500     |
|    time_elapsed       | 472       |
|    total_timesteps    | 282500    |
| train/                |           |
|    entropy_loss       | -19.1     |
|    explained_variance | 0.9793363 |
|    learning_rate      | 0.0007    |
|    n_updates          | 56499     |
|    policy_loss        | -0.588    |
|    std                | 0.874     |
|    value_loss         | 0.00114   |
-------------------------------------
-------------------------------------
| rollout/              |           |
|    ep_len_mean        | 195       |
|    ep_rew_mean        | 10.4      |
| time/                 |           |
|    fps                | 598       |
|    iterations         | 56600     |
|    time_elapsed       | 472       |
|    total_timesteps    | 283000    |
| train/                |           |
|    entropy_loss       | -19.2     |
|    explained_variance | 0.9815247 |
|    learning_rate      | 0.0007    |
|    n_updates          | 56599     |
|    policy_loss        | 0.0848    |
|    std                | 0.876     |
|    value_loss         | 2.59e-05  |
-------------------------------------
--------------------------------------
| rollout/              |            |
|    ep_len_mean        | 195        |
|    ep_rew_mean        | 10.4       |
| time/                 |            |
|    fps                | 598        |
|    iterations         | 56700      |
|    time_elapsed       | 473        |
|    total_timesteps    | 283500     |
| train/                |            |
|    entropy_loss       | -19.2      |
|    explained_variance | 0.84071124 |
|    learning_rate      | 0.0007     |
|    n_updates          | 56699      |
|    policy_loss        | 0.0466     |
|    std                | 0.877      |
|    value_loss         | 1.14e-05   |
--------------------------------------
--------------------------------------
| rollout/              |            |
|    ep_len_mean        | 195        |
|    ep_rew_mean        | 10.5       |
| time/                 |            |
|    fps                | 599        |
|    iterations         | 56800      |
|    time_elapsed       | 473        |
|    total_timesteps    | 284000     |
| train/                |            |
|    entropy_loss       | -19.2      |
|    explained_variance | 0.74702126 |
|    learning_rate      | 0.0007     |
|    n_updates          | 56799      |
|    policy_loss        | -0.609     |
|    std                | 0.876      |
|    value_loss         | 0.00187    |
--------------------------------------
--------------------------------------
| rollout/              |            |
|    ep_len_mean        | 195        |
|    ep_rew_mean        | 10.5       |
| time/                 |            |
|    fps                | 599        |
|    iterations         | 56900      |
|    time_elapsed       | 474        |
|    total_timesteps    | 284500     |
| train/                |            |
|    entropy_loss       | -19.2      |
|    explained_variance | 0.67564464 |
|    learning_rate      | 0.0007     |
|    n_updates          | 56899      |
|    policy_loss        | -0.171     |
|    std                | 0.875      |
|    value_loss         | 8.47e-05   |
--------------------------------------
-------------------------------------
| rollout/              |           |
|    ep_len_mean        | 195       |
|    ep_rew_mean        | 10.5      |
| time/                 |           |
|    fps                | 600       |
|    iterations         | 57000     |
|    time_elapsed       | 474       |
|    total_timesteps    | 285000    |
| train/                |           |
|    entropy_loss       | -19.1     |
|    explained_variance | 0.9023729 |
|    learning_rate      | 0.0007    |
|    n_updates          | 56999     |
|    policy_loss        | 0.545     |
|    std                | 0.872     |
|    value_loss         | 0.00199   |
-------------------------------------
-------------------------------------
| rollout/              |           |
|    ep_len_mean        | 195       |
|    ep_rew_mean        | 10.5      |
| time/                 |           |
|    fps                | 600       |
|    iterations         | 57100     |
|    time_elapsed       | 475       |
|    total_timesteps    | 285500    |
| train/                |           |
|    entropy_loss       | -19.1     |
|    explained_variance | 0.9991711 |
|    learning_rate      | 0.0007    |
|    n_updates          | 57099     |
|    policy_loss        | 0.0109    |
|    std                | 0.873     |
|    value_loss         | 4.51e-07  |
-------------------------------------
-------------------------------------
| rollout/              |           |
|    ep_len_mean        | 195       |
|    ep_rew_mean        | 10.5      |
| time/                 |           |
|    fps                | 601       |
|    iterations         | 57200     |
|    time_elapsed       | 475       |
|    total_timesteps    | 286000    |
| train/                |           |
|    entropy_loss       | -19.2     |
|    explained_variance | -3.280747 |
|    learning_rate      | 0.0007    |
|    n_updates          | 57199     |
|    policy_loss        | -1.37     |
|    std                | 0.874     |
|    value_loss         | 0.122     |
-------------------------------------
--------------------------------------
| rollout/              |            |
|    ep_len_mean        | 195        |
|    ep_rew_mean        | 10.5       |
| time/                 |            |
|    fps                | 601        |
|    iterations         | 57300      |
|    time_elapsed       | 476        |
|    total_timesteps    | 286500     |
| train/                |            |
|    entropy_loss       | -19.1      |
|    explained_variance | 0.99921554 |
|    learning_rate      | 0.0007     |
|    n_updates          | 57299      |
|    policy_loss        | 0.0343     |
|    std                | 0.871      |
|    value_loss         | 3.53e-06   |
--------------------------------------
--------------------------------------
| rollout/              |            |
|    ep_len_mean        | 194        |
|    ep_rew_mean        | 10.5       |
| time/                 |            |
|    fps                | 602        |
|    iterations         | 57400      |
|    time_elapsed       | 476        |
|    total_timesteps    | 287000     |
| train/                |            |
|    entropy_loss       | -19.1      |
|    explained_variance | -3.8828073 |
|    learning_rate      | 0.0007     |
|    n_updates          | 57399      |
|    policy_loss        | -0.494     |
|    std                | 0.871      |
|    value_loss         | 0.000931   |
--------------------------------------
-------------------------------------
| rollout/              |           |
|    ep_len_mean        | 194       |
|    ep_rew_mean        | 10.5      |
| time/                 |           |
|    fps                | 602       |
|    iterations         | 57500     |
|    time_elapsed       | 477       |
|    total_timesteps    | 287500    |
| train/                |           |
|    entropy_loss       | -19.1     |
|    explained_variance | 0.9301943 |
|    learning_rate      | 0.0007    |
|    n_updates          | 57499     |
|    policy_loss        | -6.61     |
|    std                | 0.87      |
|    value_loss         | 0.105     |
-------------------------------------
--------------------------------------
| rollout/              |            |
|    ep_len_mean        | 194        |
|    ep_rew_mean        | 10.5       |
| time/                 |            |
|    fps                | 602        |
|    iterations         | 57600      |
|    time_elapsed       | 478        |
|    total_timesteps    | 288000     |
| train/                |            |
|    entropy_loss       | -19.1      |
|    explained_variance | 0.98750424 |
|    learning_rate      | 0.0007     |
|    n_updates          | 57599      |
|    policy_loss        | 0.0688     |
|    std                | 0.869      |
|    value_loss         | 1.5e-05    |
--------------------------------------
--------------------------------------
| rollout/              |            |
|    ep_len_mean        | 194        |
|    ep_rew_mean        | 10.5       |
| time/                 |            |
|    fps                | 602        |
|    iterations         | 57700      |
|    time_elapsed       | 479        |
|    total_timesteps    | 288500     |
| train/                |            |
|    entropy_loss       | -19        |
|    explained_variance | -1.5081186 |
|    learning_rate      | 0.0007     |
|    n_updates          | 57699      |
|    policy_loss        | -0.165     |
|    std                | 0.867      |
|    value_loss         | 0.000143   |
--------------------------------------
--------------------------------------
| rollout/              |            |
|    ep_len_mean        | 194        |
|    ep_rew_mean        | 10.5       |
| time/                 |            |
|    fps                | 602        |
|    iterations         | 57800      |
|    time_elapsed       | 479        |
|    total_timesteps    | 289000     |
| train/                |            |
|    entropy_loss       | -19        |
|    explained_variance | -2969.7515 |
|    learning_rate      | 0.0007     |
|    n_updates          | 57799      |
|    policy_loss        | 50.9       |
|    std                | 0.866      |
|    value_loss         | 18.6       |
--------------------------------------
--------------------------------------
| rollout/              |            |
|    ep_len_mean        | 194        |
|    ep_rew_mean        | 10.5       |
| time/                 |            |
|    fps                | 603        |
|    iterations         | 57900      |
|    time_elapsed       | 480        |
|    total_timesteps    | 289500     |
| train/                |            |
|    entropy_loss       | -19        |
|    explained_variance | 0.46904927 |
|    learning_rate      | 0.0007     |
|    n_updates          | 57899      |
|    policy_loss        | -0.161     |
|    std                | 0.867      |
|    value_loss         | 8.46e-05   |
--------------------------------------
-------------------------------------
| rollout/              |           |
|    ep_len_mean        | 194       |
|    ep_rew_mean        | 10.5      |
| time/                 |           |
|    fps                | 603       |
|    iterations         | 58000     |
|    time_elapsed       | 480       |
|    total_timesteps    | 290000    |
| train/                |           |
|    entropy_loss       | -19       |
|    explained_variance | 0.9612145 |
|    learning_rate      | 0.0007    |
|    n_updates          | 57999     |
|    policy_loss        | -0.177    |
|    std                | 0.866     |
|    value_loss         | 0.000464  |
-------------------------------------
-------------------------------------
| rollout/              |           |
|    ep_len_mean        | 194       |
|    ep_rew_mean        | 10.5      |
| time/                 |           |
|    fps                | 603       |
|    iterations         | 58100     |
|    time_elapsed       | 481       |
|    total_timesteps    | 290500    |
| train/                |           |
|    entropy_loss       | -19       |
|    explained_variance | 0.9596243 |
|    learning_rate      | 0.0007    |
|    n_updates          | 58099     |
|    policy_loss        | 0.0605    |
|    std                | 0.864     |
|    value_loss         | 1.24e-05  |
-------------------------------------
-------------------------------------
| rollout/              |           |
|    ep_len_mean        | 194       |
|    ep_rew_mean        | 10.5      |
| time/                 |           |
|    fps                | 604       |
|    iterations         | 58200     |
|    time_elapsed       | 481       |
|    total_timesteps    | 291000    |
| train/                |           |
|    entropy_loss       | -19       |
|    explained_variance | -1.595187 |
|    learning_rate      | 0.0007    |
|    n_updates          | 58199     |
|    policy_loss        | 0.33      |
|    std                | 0.864     |
|    value_loss         | 0.000287  |
-------------------------------------
--------------------------------------
| rollout/              |            |
|    ep_len_mean        | 193        |
|    ep_rew_mean        | 10.5       |
| time/                 |            |
|    fps                | 604        |
|    iterations         | 58300      |
|    time_elapsed       | 481        |
|    total_timesteps    | 291500     |
| train/                |            |
|    entropy_loss       | -18.9      |
|    explained_variance | 0.89040637 |
|    learning_rate      | 0.0007     |
|    n_updates          | 58299      |
|    policy_loss        | 6.34       |
|    std                | 0.862      |
|    value_loss         | 0.155      |
--------------------------------------
--------------------------------------
| rollout/              |            |
|    ep_len_mean        | 193        |
|    ep_rew_mean        | 10.5       |
| time/                 |            |
|    fps                | 605        |
|    iterations         | 58400      |
|    time_elapsed       | 482        |
|    total_timesteps    | 292000     |
| train/                |            |
|    entropy_loss       | -19        |
|    explained_variance | 0.99985474 |
|    learning_rate      | 0.0007     |
|    n_updates          | 58399      |
|    policy_loss        | 0.00101    |
|    std                | 0.863      |
|    value_loss         | 1.23e-08   |
--------------------------------------
--------------------------------------
| rollout/              |            |
|    ep_len_mean        | 193        |
|    ep_rew_mean        | 10.5       |
| time/                 |            |
|    fps                | 605        |
|    iterations         | 58500      |
|    time_elapsed       | 482        |
|    total_timesteps    | 292500     |
| train/                |            |
|    entropy_loss       | -19        |
|    explained_variance | -2.4061925 |
|    learning_rate      | 0.0007     |
|    n_updates          | 58499      |
|    policy_loss        | -0.472     |
|    std                | 0.865      |
|    value_loss         | 0.000804   |
--------------------------------------
-------------------------------------
| rollout/              |           |
|    ep_len_mean        | 193       |
|    ep_rew_mean        | 10.6      |
| time/                 |           |
|    fps                | 606       |
|    iterations         | 58600     |
|    time_elapsed       | 483       |
|    total_timesteps    | 293000    |
| train/                |           |
|    entropy_loss       | -19       |
|    explained_variance | 0.9446683 |
|    learning_rate      | 0.0007    |
|    n_updates          | 58599     |
|    policy_loss        | 7.15      |
|    std                | 0.867     |
|    value_loss         | 0.152     |
-------------------------------------
-------------------------------------
| rollout/              |           |
|    ep_len_mean        | 193       |
|    ep_rew_mean        | 10.5      |
| time/                 |           |
|    fps                | 606       |
|    iterations         | 58700     |
|    time_elapsed       | 483       |
|    total_timesteps    | 293500    |
| train/                |           |
|    entropy_loss       | -19.1     |
|    explained_variance | 0.9829846 |
|    learning_rate      | 0.0007    |
|    n_updates          | 58699     |
|    policy_loss        | 0.0379    |
|    std                | 0.87      |
|    value_loss         | 4.76e-06  |
-------------------------------------
-------------------------------------
| rollout/              |           |
|    ep_len_mean        | 193       |
|    ep_rew_mean        | 10.5      |
| time/                 |           |
|    fps                | 607       |
|    iterations         | 58800     |
|    time_elapsed       | 484       |
|    total_timesteps    | 294000    |
| train/                |           |
|    entropy_loss       | -19.1     |
|    explained_variance | 0.9775108 |
|    learning_rate      | 0.0007    |
|    n_updates          | 58799     |
|    policy_loss        | -0.892    |
|    std                | 0.871     |
|    value_loss         | 0.00227   |
-------------------------------------
--------------------------------------
| rollout/              |            |
|    ep_len_mean        | 193        |
|    ep_rew_mean        | 10.5       |
| time/                 |            |
|    fps                | 607        |
|    iterations         | 58900      |
|    time_elapsed       | 484        |
|    total_timesteps    | 294500     |
| train/                |            |
|    entropy_loss       | -19.1      |
|    explained_variance | 0.97579014 |
|    learning_rate      | 0.0007     |
|    n_updates          | 58899      |
|    policy_loss        | -0.053     |
|    std                | 0.869      |
|    value_loss         | 1.12e-05   |
--------------------------------------
-------------------------------------
| rollout/              |           |
|    ep_len_mean        | 193       |
|    ep_rew_mean        | 10.5      |
| time/                 |           |
|    fps                | 608       |
|    iterations         | 59000     |
|    time_elapsed       | 484       |
|    total_timesteps    | 295000    |
| train/                |           |
|    entropy_loss       | -19       |
|    explained_variance | 0.5587806 |
|    learning_rate      | 0.0007    |
|    n_updates          | 58999     |
|    policy_loss        | -0.0959   |
|    std                | 0.867     |
|    value_loss         | 3.73e-05  |
-------------------------------------
-------------------------------------
| rollout/              |           |
|    ep_len_mean        | 193       |
|    ep_rew_mean        | 10.5      |
| time/                 |           |
|    fps                | 608       |
|    iterations         | 59100     |
|    time_elapsed       | 485       |
|    total_timesteps    | 295500    |
| train/                |           |
|    entropy_loss       | -19       |
|    explained_variance | 0.9005389 |
|    learning_rate      | 0.0007    |
|    n_updates          | 59099     |
|    policy_loss        | 0.119     |
|    std                | 0.865     |
|    value_loss         | 4.98e-05  |
-------------------------------------
--------------------------------------
| rollout/              |            |
|    ep_len_mean        | 193        |
|    ep_rew_mean        | 10.5       |
| time/                 |            |
|    fps                | 609        |
|    iterations         | 59200      |
|    time_elapsed       | 485        |
|    total_timesteps    | 296000     |
| train/                |            |
|    entropy_loss       | -19        |
|    explained_variance | -1.1407375 |
|    learning_rate      | 0.0007     |
|    n_updates          | 59199      |
|    policy_loss        | 0.278      |
|    std                | 0.864      |
|    value_loss         | 0.000232   |
--------------------------------------
--------------------------------------
| rollout/              |            |
|    ep_len_mean        | 193        |
|    ep_rew_mean        | 10.5       |
| time/                 |            |
|    fps                | 609        |
|    iterations         | 59300      |
|    time_elapsed       | 486        |
|    total_timesteps    | 296500     |
| train/                |            |
|    entropy_loss       | -19        |
|    explained_variance | 0.73584235 |
|    learning_rate      | 0.0007     |
|    n_updates          | 59299      |
|    policy_loss        | -2.83      |
|    std                | 0.865      |
|    value_loss         | 0.0348     |
--------------------------------------
-------------------------------------
| rollout/              |           |
|    ep_len_mean        | 193       |
|    ep_rew_mean        | 10.4      |
| time/                 |           |
|    fps                | 610       |
|    iterations         | 59400     |
|    time_elapsed       | 486       |
|    total_timesteps    | 297000    |
| train/                |           |
|    entropy_loss       | -19       |
|    explained_variance | 0.9354779 |
|    learning_rate      | 0.0007    |
|    n_updates          | 59399     |
|    policy_loss        | -0.0976   |
|    std                | 0.864     |
|    value_loss         | 3.63e-05  |
-------------------------------------
--------------------------------------
| rollout/              |            |
|    ep_len_mean        | 193        |
|    ep_rew_mean        | 10.4       |
| time/                 |            |
|    fps                | 610        |
|    iterations         | 59500      |
|    time_elapsed       | 487        |
|    total_timesteps    | 297500     |
| train/                |            |
|    entropy_loss       | -18.9      |
|    explained_variance | -3.0246787 |
|    learning_rate      | 0.0007     |
|    n_updates          | 59499      |
|    policy_loss        | 0.0662     |
|    std                | 0.863      |
|    value_loss         | 7.53e-05   |
--------------------------------------
--------------------------------------
| rollout/              |            |
|    ep_len_mean        | 193        |
|    ep_rew_mean        | 10.3       |
| time/                 |            |
|    fps                | 611        |
|    iterations         | 59600      |
|    time_elapsed       | 487        |
|    total_timesteps    | 298000     |
| train/                |            |
|    entropy_loss       | -18.9      |
|    explained_variance | -3051.4155 |
|    learning_rate      | 0.0007     |
|    n_updates          | 59599      |
|    policy_loss        | 49.5       |
|    std                | 0.859      |
|    value_loss         | 18.8       |
--------------------------------------
-------------------------------------
| rollout/              |           |
|    ep_len_mean        | 192       |
|    ep_rew_mean        | 10.3      |
| time/                 |           |
|    fps                | 611       |
|    iterations         | 59700     |
|    time_elapsed       | 488       |
|    total_timesteps    | 298500    |
| train/                |           |
|    entropy_loss       | -18.9     |
|    explained_variance | 0.9986639 |
|    learning_rate      | 0.0007    |
|    n_updates          | 59699     |
|    policy_loss        | 0.0146    |
|    std                | 0.858     |
|    value_loss         | 7.71e-07  |
-------------------------------------
--------------------------------------
| rollout/              |            |
|    ep_len_mean        | 192        |
|    ep_rew_mean        | 10.3       |
| time/                 |            |
|    fps                | 611        |
|    iterations         | 59800      |
|    time_elapsed       | 488        |
|    total_timesteps    | 299000     |
| train/                |            |
|    entropy_loss       | -18.9      |
|    explained_variance | 0.86392915 |
|    learning_rate      | 0.0007     |
|    n_updates          | 59799      |
|    policy_loss        | 1.49       |
|    std                | 0.858      |
|    value_loss         | 0.00852    |
--------------------------------------
--------------------------------------
| rollout/              |            |
|    ep_len_mean        | 192        |
|    ep_rew_mean        | 10.2       |
| time/                 |            |
|    fps                | 612        |
|    iterations         | 59900      |
|    time_elapsed       | 489        |
|    total_timesteps    | 299500     |
| train/                |            |
|    entropy_loss       | -18.9      |
|    explained_variance | 0.97720957 |
|    learning_rate      | 0.0007     |
|    n_updates          | 59899      |
|    policy_loss        | -0.042     |
|    std                | 0.86       |
|    value_loss         | 4.75e-06   |
--------------------------------------
-------------------------------------
| rollout/              |           |
|    ep_len_mean        | 192       |
|    ep_rew_mean        | 10.2      |
| time/                 |           |
|    fps                | 612       |
|    iterations         | 60000     |
|    time_elapsed       | 489       |
|    total_timesteps    | 300000    |
| train/                |           |
|    entropy_loss       | -18.9     |
|    explained_variance | 0.9481884 |
|    learning_rate      | 0.0007    |
|    n_updates          | 59999     |
|    policy_loss        | 0.00729   |
|    std                | 0.863     |
|    value_loss         | 1.93e-06  |
-------------------------------------
 100% ━━━━━━━━━━━━━━━━━━━━━━ 300,000/300,000  [ 0:08:09 < 0:00:00 , 1,039 it/s ]
Using cpu device
Wrapping the env in a DummyVecEnv.
Logging to experiments/RL/course_project/runs/walk_all_algos_300k/tensorboard/sac/SAC_1
---------------------------------
| rollout/           |          |
|    ep_len_mean     | 199      |
|    ep_rew_mean     | 7.45     |
| time/              |          |
|    episodes        | 4        |
|    fps             | 1997     |
|    time_elapsed    | 0        |
|    total_timesteps | 797      |
---------------------------------
---------------------------------
| rollout/           |          |
|    ep_len_mean     | 214      |
|    ep_rew_mean     | 11.6     |
| time/              |          |
|    episodes        | 8        |
|    fps             | 2007     |
|    time_elapsed    | 0        |
|    total_timesteps | 1716     |
---------------------------------
---------------------------------
| rollout/           |          |
|    ep_len_mean     | 205      |
|    ep_rew_mean     | 10.1     |
| time/              |          |
|    episodes        | 12       |
|    fps             | 1940     |
|    time_elapsed    | 1        |
|    total_timesteps | 2455     |
---------------------------------
---------------------------------
| rollout/           |          |
|    ep_len_mean     | 209      |
|    ep_rew_mean     | 10.4     |
| time/              |          |
|    episodes        | 16       |
|    fps             | 1888     |
|    time_elapsed    | 1        |
|    total_timesteps | 3348     |
---------------------------------
---------------------------------
| rollout/           |          |
|    ep_len_mean     | 203      |
|    ep_rew_mean     | 9.36     |
| time/              |          |
|    episodes        | 20       |
|    fps             | 1886     |
|    time_elapsed    | 2        |
|    total_timesteps | 4055     |
---------------------------------
---------------------------------
| rollout/           |          |
|    ep_len_mean     | 203      |
|    ep_rew_mean     | 10.1     |
| time/              |          |
|    episodes        | 24       |
|    fps             | 1894     |
|    time_elapsed    | 2        |
|    total_timesteps | 4872     |
---------------------------------
---------------------------------
| rollout/           |          |
|    ep_len_mean     | 202      |
|    ep_rew_mean     | 10.3     |
| time/              |          |
|    episodes        | 28       |
|    fps             | 1846     |
|    time_elapsed    | 3        |
|    total_timesteps | 5668     |
---------------------------------
---------------------------------
| rollout/           |          |
|    ep_len_mean     | 207      |
|    ep_rew_mean     | 10.9     |
| time/              |          |
|    episodes        | 32       |
|    fps             | 1841     |
|    time_elapsed    | 3        |
|    total_timesteps | 6637     |
---------------------------------
---------------------------------
| rollout/           |          |
|    ep_len_mean     | 209      |
|    ep_rew_mean     | 10.8     |
| time/              |          |
|    episodes        | 36       |
|    fps             | 1856     |
|    time_elapsed    | 4        |
|    total_timesteps | 7515     |
---------------------------------
---------------------------------
| rollout/           |          |
|    ep_len_mean     | 207      |
|    ep_rew_mean     | 10.5     |
| time/              |          |
|    episodes        | 40       |
|    fps             | 1861     |
|    time_elapsed    | 4        |
|    total_timesteps | 8280     |
---------------------------------
---------------------------------
| rollout/           |          |
|    ep_len_mean     | 207      |
|    ep_rew_mean     | 10.7     |
| time/              |          |
|    episodes        | 44       |
|    fps             | 1828     |
|    time_elapsed    | 4        |
|    total_timesteps | 9127     |
---------------------------------
---------------------------------
| rollout/           |          |
|    ep_len_mean     | 206      |
|    ep_rew_mean     | 10.6     |
| time/              |          |
|    episodes        | 48       |
|    fps             | 1832     |
|    time_elapsed    | 5        |
|    total_timesteps | 9912     |
---------------------------------
---------------------------------
| rollout/           |          |
|    ep_len_mean     | 206      |
|    ep_rew_mean     | 10.3     |
| time/              |          |
|    episodes        | 52       |
|    fps             | 938      |
|    time_elapsed    | 11       |
|    total_timesteps | 10686    |
| train/             |          |
|    actor_loss      | -36.9    |
|    critic_loss     | 3.46     |
|    ent_coef        | 0.814    |
|    ent_coef_loss   | -5.18    |
|    learning_rate   | 0.0003   |
|    n_updates       | 685      |
---------------------------------
---------------------------------
| rollout/           |          |
|    ep_len_mean     | 207      |
|    ep_rew_mean     | 10.4     |
| time/              |          |
|    episodes        | 56       |
|    fps             | 599      |
|    time_elapsed    | 19       |
|    total_timesteps | 11600    |
| train/             |          |
|    actor_loss      | -61.5    |
|    critic_loss     | 0.938    |
|    ent_coef        | 0.62     |
|    ent_coef_loss   | -11.9    |
|    learning_rate   | 0.0003   |
|    n_updates       | 1599     |
---------------------------------
---------------------------------
| rollout/           |          |
|    ep_len_mean     | 206      |
|    ep_rew_mean     | 10.3     |
| time/              |          |
|    episodes        | 60       |
|    fps             | 457      |
|    time_elapsed    | 26       |
|    total_timesteps | 12347    |
| train/             |          |
|    actor_loss      | -76.7    |
|    critic_loss     | 3.23     |
|    ent_coef        | 0.497    |
|    ent_coef_loss   | -16.8    |
|    learning_rate   | 0.0003   |
|    n_updates       | 2346     |
---------------------------------
---------------------------------
| rollout/           |          |
|    ep_len_mean     | 205      |
|    ep_rew_mean     | 10.2     |
| time/              |          |
|    episodes        | 64       |
|    fps             | 375      |
|    time_elapsed    | 35       |
|    total_timesteps | 13136    |
| train/             |          |
|    actor_loss      | -90.2    |
|    critic_loss     | 27.1     |
|    ent_coef        | 0.395    |
|    ent_coef_loss   | -21.5    |
|    learning_rate   | 0.0003   |
|    n_updates       | 3135     |
---------------------------------
---------------------------------
| rollout/           |          |
|    ep_len_mean     | 204      |
|    ep_rew_mean     | 9.91     |
| time/              |          |
|    episodes        | 68       |
|    fps             | 343      |
|    time_elapsed    | 40       |
|    total_timesteps | 13859    |
| train/             |          |
|    actor_loss      | -99.5    |
|    critic_loss     | 36.8     |
|    ent_coef        | 0.321    |
|    ent_coef_loss   | -25.4    |
|    learning_rate   | 0.0003   |
|    n_updates       | 3858     |
---------------------------------
---------------------------------
| rollout/           |          |
|    ep_len_mean     | 204      |
|    ep_rew_mean     | 9.69     |
| time/              |          |
|    episodes        | 72       |
|    fps             | 316      |
|    time_elapsed    | 46       |
|    total_timesteps | 14702    |
| train/             |          |
|    actor_loss      | -109     |
|    critic_loss     | 16.1     |
|    ent_coef        | 0.253    |
|    ent_coef_loss   | -28.4    |
|    learning_rate   | 0.0003   |
|    n_updates       | 4701     |
---------------------------------
---------------------------------
| rollout/           |          |
|    ep_len_mean     | 202      |
|    ep_rew_mean     | 9.32     |
| time/              |          |
|    episodes        | 76       |
|    fps             | 302      |
|    time_elapsed    | 50       |
|    total_timesteps | 15343    |
| train/             |          |
|    actor_loss      | -114     |
|    critic_loss     | 11.3     |
|    ent_coef        | 0.213    |
|    ent_coef_loss   | -27.3    |
|    learning_rate   | 0.0003   |
|    n_updates       | 5342     |
---------------------------------
---------------------------------
| rollout/           |          |
|    ep_len_mean     | 201      |
|    ep_rew_mean     | 9.01     |
| time/              |          |
|    episodes        | 80       |
|    fps             | 287      |
|    time_elapsed    | 55       |
|    total_timesteps | 16102    |
| train/             |          |
|    actor_loss      | -121     |
|    critic_loss     | 65.4     |
|    ent_coef        | 0.178    |
|    ent_coef_loss   | -23.3    |
|    learning_rate   | 0.0003   |
|    n_updates       | 6101     |
---------------------------------
---------------------------------
| rollout/           |          |
|    ep_len_mean     | 200      |
|    ep_rew_mean     | 8.72     |
| time/              |          |
|    episodes        | 84       |
|    fps             | 276      |
|    time_elapsed    | 60       |
|    total_timesteps | 16823    |
| train/             |          |
|    actor_loss      | -128     |
|    critic_loss     | 45.8     |
|    ent_coef        | 0.152    |
|    ent_coef_loss   | -16.1    |
|    learning_rate   | 0.0003   |
|    n_updates       | 6822     |
---------------------------------
---------------------------------
| rollout/           |          |
|    ep_len_mean     | 199      |
|    ep_rew_mean     | 8.59     |
| time/              |          |
|    episodes        | 88       |
|    fps             | 267      |
|    time_elapsed    | 65       |
|    total_timesteps | 17549    |
| train/             |          |
|    actor_loss      | -134     |
|    critic_loss     | 49.6     |
|    ent_coef        | 0.133    |
|    ent_coef_loss   | -8.58    |
|    learning_rate   | 0.0003   |
|    n_updates       | 7548     |
---------------------------------
---------------------------------
| rollout/           |          |
|    ep_len_mean     | 199      |
|    ep_rew_mean     | 8.48     |
| time/              |          |
|    episodes        | 92       |
|    fps             | 259      |
|    time_elapsed    | 70       |
|    total_timesteps | 18286    |
| train/             |          |
|    actor_loss      | -148     |
|    critic_loss     | 32.9     |
|    ent_coef        | 0.119    |
|    ent_coef_loss   | -11.1    |
|    learning_rate   | 0.0003   |
|    n_updates       | 8285     |
---------------------------------
---------------------------------
| rollout/           |          |
|    ep_len_mean     | 198      |
|    ep_rew_mean     | 8.43     |
| time/              |          |
|    episodes        | 96       |
|    fps             | 252      |
|    time_elapsed    | 75       |
|    total_timesteps | 18994    |
| train/             |          |
|    actor_loss      | -153     |
|    critic_loss     | 19.4     |
|    ent_coef        | 0.109    |
|    ent_coef_loss   | -11.3    |
|    learning_rate   | 0.0003   |
|    n_updates       | 8993     |
---------------------------------
---------------------------------
| rollout/           |          |
|    ep_len_mean     | 197      |
|    ep_rew_mean     | 8.22     |
| time/              |          |
|    episodes        | 100      |
|    fps             | 245      |
|    time_elapsed    | 79       |
|    total_timesteps | 19651    |
| train/             |          |
|    actor_loss      | -159     |
|    critic_loss     | 17.5     |
|    ent_coef        | 0.102    |
|    ent_coef_loss   | -7.75    |
|    learning_rate   | 0.0003   |
|    n_updates       | 9650     |
---------------------------------
---------------------------------
| rollout/           |          |
|    ep_len_mean     | 196      |
|    ep_rew_mean     | 8.08     |
| time/              |          |
|    episodes        | 104      |
|    fps             | 239      |
|    time_elapsed    | 85       |
|    total_timesteps | 20367    |
| train/             |          |
|    actor_loss      | -167     |
|    critic_loss     | 74.4     |
|    ent_coef        | 0.097    |
|    ent_coef_loss   | -3.75    |
|    learning_rate   | 0.0003   |
|    n_updates       | 10366    |
---------------------------------
---------------------------------
| rollout/           |          |
|    ep_len_mean     | 194      |
|    ep_rew_mean     | 7.79     |
| time/              |          |
|    episodes        | 108      |
|    fps             | 233      |
|    time_elapsed    | 90       |
|    total_timesteps | 21092    |
| train/             |          |
|    actor_loss      | -179     |
|    critic_loss     | 33.4     |
|    ent_coef        | 0.0948   |
|    ent_coef_loss   | 0.169    |
|    learning_rate   | 0.0003   |
|    n_updates       | 11091    |
---------------------------------
---------------------------------
| rollout/           |          |
|    ep_len_mean     | 193      |
|    ep_rew_mean     | 7.73     |
| time/              |          |
|    episodes        | 112      |
|    fps             | 227      |
|    time_elapsed    | 95       |
|    total_timesteps | 21753    |
| train/             |          |
|    actor_loss      | -196     |
|    critic_loss     | 43.2     |
|    ent_coef        | 0.0979   |
|    ent_coef_loss   | 5.51     |
|    learning_rate   | 0.0003   |
|    n_updates       | 11752    |
---------------------------------
---------------------------------
| rollout/           |          |
|    ep_len_mean     | 191      |
|    ep_rew_mean     | 7.46     |
| time/              |          |
|    episodes        | 116      |
|    fps             | 223      |
|    time_elapsed    | 100      |
|    total_timesteps | 22421    |
| train/             |          |
|    actor_loss      | -208     |
|    critic_loss     | 111      |
|    ent_coef        | 0.103    |
|    ent_coef_loss   | 3.72     |
|    learning_rate   | 0.0003   |
|    n_updates       | 12420    |
---------------------------------
---------------------------------
| rollout/           |          |
|    ep_len_mean     | 190      |
|    ep_rew_mean     | 7.51     |
| time/              |          |
|    episodes        | 120      |
|    fps             | 219      |
|    time_elapsed    | 105      |
|    total_timesteps | 23104    |
| train/             |          |
|    actor_loss      | -208     |
|    critic_loss     | 57       |
|    ent_coef        | 0.106    |
|    ent_coef_loss   | 2.41     |
|    learning_rate   | 0.0003   |
|    n_updates       | 13103    |
---------------------------------
---------------------------------
| rollout/           |          |
|    ep_len_mean     | 189      |
|    ep_rew_mean     | 7.24     |
| time/              |          |
|    episodes        | 124      |
|    fps             | 214      |
|    time_elapsed    | 110      |
|    total_timesteps | 23814    |
| train/             |          |
|    actor_loss      | -226     |
|    critic_loss     | 47.9     |
|    ent_coef        | 0.107    |
|    ent_coef_loss   | -1.26    |
|    learning_rate   | 0.0003   |
|    n_updates       | 13813    |
---------------------------------
---------------------------------
| rollout/           |          |
|    ep_len_mean     | 188      |
|    ep_rew_mean     | 7.12     |
| time/              |          |
|    episodes        | 128      |
|    fps             | 211      |
|    time_elapsed    | 115      |
|    total_timesteps | 24512    |
| train/             |          |
|    actor_loss      | -235     |
|    critic_loss     | 64.5     |
|    ent_coef        | 0.109    |
|    ent_coef_loss   | 0.54     |
|    learning_rate   | 0.0003   |
|    n_updates       | 14511    |
---------------------------------
---------------------------------
| rollout/           |          |
|    ep_len_mean     | 186      |
|    ep_rew_mean     | 6.71     |
| time/              |          |
|    episodes        | 132      |
|    fps             | 207      |
|    time_elapsed    | 121      |
|    total_timesteps | 25195    |
| train/             |          |
|    actor_loss      | -245     |
|    critic_loss     | 89.7     |
|    ent_coef        | 0.128    |
|    ent_coef_loss   | 4.95     |
|    learning_rate   | 0.0003   |
|    n_updates       | 15194    |
---------------------------------
---------------------------------
| rollout/           |          |
|    ep_len_mean     | 183      |
|    ep_rew_mean     | 6.48     |
| time/              |          |
|    episodes        | 136      |
|    fps             | 205      |
|    time_elapsed    | 125      |
|    total_timesteps | 25841    |
| train/             |          |
|    actor_loss      | -257     |
|    critic_loss     | 187      |
|    ent_coef        | 0.128    |
|    ent_coef_loss   | -3.38    |
|    learning_rate   | 0.0003   |
|    n_updates       | 15840    |
---------------------------------
---------------------------------
| rollout/           |          |
|    ep_len_mean     | 182      |
|    ep_rew_mean     | 6.26     |
| time/              |          |
|    episodes        | 140      |
|    fps             | 202      |
|    time_elapsed    | 130      |
|    total_timesteps | 26514    |
| train/             |          |
|    actor_loss      | -278     |
|    critic_loss     | 266      |
|    ent_coef        | 0.125    |
|    ent_coef_loss   | 1.99     |
|    learning_rate   | 0.0003   |
|    n_updates       | 16513    |
---------------------------------
---------------------------------
| rollout/           |          |
|    ep_len_mean     | 181      |
|    ep_rew_mean     | 5.96     |
| time/              |          |
|    episodes        | 144      |
|    fps             | 200      |
|    time_elapsed    | 135      |
|    total_timesteps | 27211    |
| train/             |          |
|    actor_loss      | -298     |
|    critic_loss     | 111      |
|    ent_coef        | 0.142    |
|    ent_coef_loss   | 1.96     |
|    learning_rate   | 0.0003   |
|    n_updates       | 17210    |
---------------------------------
---------------------------------
| rollout/           |          |
|    ep_len_mean     | 181      |
|    ep_rew_mean     | 5.8      |
| time/              |          |
|    episodes        | 148      |
|    fps             | 198      |
|    time_elapsed    | 141      |
|    total_timesteps | 27985    |
| train/             |          |
|    actor_loss      | -299     |
|    critic_loss     | 187      |
|    ent_coef        | 0.142    |
|    ent_coef_loss   | 4.94     |
|    learning_rate   | 0.0003   |
|    n_updates       | 17984    |
---------------------------------
---------------------------------
| rollout/           |          |
|    ep_len_mean     | 181      |
|    ep_rew_mean     | 5.83     |
| time/              |          |
|    episodes        | 152      |
|    fps             | 195      |
|    time_elapsed    | 146      |
|    total_timesteps | 28756    |
| train/             |          |
|    actor_loss      | -313     |
|    critic_loss     | 156      |
|    ent_coef        | 0.156    |
|    ent_coef_loss   | -1.89    |
|    learning_rate   | 0.0003   |
|    n_updates       | 18755    |
---------------------------------
---------------------------------
| rollout/           |          |
|    ep_len_mean     | 178      |
|    ep_rew_mean     | 5.46     |
| time/              |          |
|    episodes        | 156      |
|    fps             | 193      |
|    time_elapsed    | 151      |
|    total_timesteps | 29438    |
| train/             |          |
|    actor_loss      | -327     |
|    critic_loss     | 137      |
|    ent_coef        | 0.152    |
|    ent_coef_loss   | -0.739   |
|    learning_rate   | 0.0003   |
|    n_updates       | 19437    |
---------------------------------
---------------------------------
| rollout/           |          |
|    ep_len_mean     | 178      |
|    ep_rew_mean     | 5.27     |
| time/              |          |
|    episodes        | 160      |
|    fps             | 192      |
|    time_elapsed    | 156      |
|    total_timesteps | 30124    |
| train/             |          |
|    actor_loss      | -368     |
|    critic_loss     | 543      |
|    ent_coef        | 0.153    |
|    ent_coef_loss   | -0.134   |
|    learning_rate   | 0.0003   |
|    n_updates       | 20123    |
---------------------------------
---------------------------------
| rollout/           |          |
|    ep_len_mean     | 177      |
|    ep_rew_mean     | 5.15     |
| time/              |          |
|    episodes        | 164      |
|    fps             | 190      |
|    time_elapsed    | 162      |
|    total_timesteps | 30861    |
| train/             |          |
|    actor_loss      | -379     |
|    critic_loss     | 425      |
|    ent_coef        | 0.172    |
|    ent_coef_loss   | 0.986    |
|    learning_rate   | 0.0003   |
|    n_updates       | 20860    |
---------------------------------
---------------------------------
| rollout/           |          |
|    ep_len_mean     | 178      |
|    ep_rew_mean     | 5.18     |
| time/              |          |
|    episodes        | 168      |
|    fps             | 188      |
|    time_elapsed    | 167      |
|    total_timesteps | 31613    |
| train/             |          |
|    actor_loss      | -393     |
|    critic_loss     | 358      |
|    ent_coef        | 0.167    |
|    ent_coef_loss   | 0.611    |
|    learning_rate   | 0.0003   |
|    n_updates       | 21612    |
---------------------------------
---------------------------------
| rollout/           |          |
|    ep_len_mean     | 177      |
|    ep_rew_mean     | 5.17     |
| time/              |          |
|    episodes        | 172      |
|    fps             | 187      |
|    time_elapsed    | 172      |
|    total_timesteps | 32353    |
| train/             |          |
|    actor_loss      | -399     |
|    critic_loss     | 279      |
|    ent_coef        | 0.185    |
|    ent_coef_loss   | -0.897   |
|    learning_rate   | 0.0003   |
|    n_updates       | 22352    |
---------------------------------
---------------------------------
| rollout/           |          |
|    ep_len_mean     | 178      |
|    ep_rew_mean     | 5.3      |
| time/              |          |
|    episodes        | 176      |
|    fps             | 186      |
|    time_elapsed    | 177      |
|    total_timesteps | 33128    |
| train/             |          |
|    actor_loss      | -448     |
|    critic_loss     | 393      |
|    ent_coef        | 0.209    |
|    ent_coef_loss   | 0.842    |
|    learning_rate   | 0.0003   |
|    n_updates       | 23127    |
---------------------------------
---------------------------------
| rollout/           |          |
|    ep_len_mean     | 178      |
|    ep_rew_mean     | 5.38     |
| time/              |          |
|    episodes        | 180      |
|    fps             | 185      |
|    time_elapsed    | 183      |
|    total_timesteps | 33918    |
| train/             |          |
|    actor_loss      | -458     |
|    critic_loss     | 608      |
|    ent_coef        | 0.224    |
|    ent_coef_loss   | 2.26     |
|    learning_rate   | 0.0003   |
|    n_updates       | 23917    |
---------------------------------
---------------------------------
| rollout/           |          |
|    ep_len_mean     | 178      |
|    ep_rew_mean     | 5.44     |
| time/              |          |
|    episodes        | 184      |
|    fps             | 184      |
|    time_elapsed    | 187      |
|    total_timesteps | 34641    |
| train/             |          |
|    actor_loss      | -494     |
|    critic_loss     | 527      |
|    ent_coef        | 0.239    |
|    ent_coef_loss   | 0.375    |
|    learning_rate   | 0.0003   |
|    n_updates       | 24640    |
---------------------------------
---------------------------------
| rollout/           |          |
|    ep_len_mean     | 178      |
|    ep_rew_mean     | 5.35     |
| time/              |          |
|    episodes        | 188      |
|    fps             | 183      |
|    time_elapsed    | 192      |
|    total_timesteps | 35349    |
| train/             |          |
|    actor_loss      | -505     |
|    critic_loss     | 952      |
|    ent_coef        | 0.252    |
|    ent_coef_loss   | -2.47    |
|    learning_rate   | 0.0003   |
|    n_updates       | 25348    |
---------------------------------
---------------------------------
| rollout/           |          |
|    ep_len_mean     | 178      |
|    ep_rew_mean     | 5.41     |
| time/              |          |
|    episodes        | 192      |
|    fps             | 182      |
|    time_elapsed    | 197      |
|    total_timesteps | 36128    |
| train/             |          |
|    actor_loss      | -511     |
|    critic_loss     | 1.25e+03 |
|    ent_coef        | 0.255    |
|    ent_coef_loss   | -1.02    |
|    learning_rate   | 0.0003   |
|    n_updates       | 26127    |
---------------------------------
---------------------------------
| rollout/           |          |
|    ep_len_mean     | 179      |
|    ep_rew_mean     | 5.57     |
| time/              |          |
|    episodes        | 196      |
|    fps             | 182      |
|    time_elapsed    | 202      |
|    total_timesteps | 36908    |
| train/             |          |
|    actor_loss      | -550     |
|    critic_loss     | 1.44e+03 |
|    ent_coef        | 0.272    |
|    ent_coef_loss   | 0.726    |
|    learning_rate   | 0.0003   |
|    n_updates       | 26907    |
---------------------------------
---------------------------------
| rollout/           |          |
|    ep_len_mean     | 180      |
|    ep_rew_mean     | 5.86     |
| time/              |          |
|    episodes        | 200      |
|    fps             | 181      |
|    time_elapsed    | 207      |
|    total_timesteps | 37659    |
| train/             |          |
|    actor_loss      | -569     |
|    critic_loss     | 714      |
|    ent_coef        | 0.28     |
|    ent_coef_loss   | 0.0864   |
|    learning_rate   | 0.0003   |
|    n_updates       | 27658    |
---------------------------------
---------------------------------
| rollout/           |          |
|    ep_len_mean     | 181      |
|    ep_rew_mean     | 6.03     |
| time/              |          |
|    episodes        | 204      |
|    fps             | 180      |
|    time_elapsed    | 212      |
|    total_timesteps | 38439    |
| train/             |          |
|    actor_loss      | -619     |
|    critic_loss     | 2.19e+03 |
|    ent_coef        | 0.3      |
|    ent_coef_loss   | 2.93     |
|    learning_rate   | 0.0003   |
|    n_updates       | 28438    |
---------------------------------
---------------------------------
| rollout/           |          |
|    ep_len_mean     | 181      |
|    ep_rew_mean     | 5.84     |
| time/              |          |
|    episodes        | 208      |
|    fps             | 180      |
|    time_elapsed    | 217      |
|    total_timesteps | 39182    |
| train/             |          |
|    actor_loss      | -660     |
|    critic_loss     | 652      |
|    ent_coef        | 0.303    |
|    ent_coef_loss   | -1.03    |
|    learning_rate   | 0.0003   |
|    n_updates       | 29181    |
---------------------------------
---------------------------------
| rollout/           |          |
|    ep_len_mean     | 182      |
|    ep_rew_mean     | 5.93     |
| time/              |          |
|    episodes        | 212      |
|    fps             | 179      |
|    time_elapsed    | 222      |
|    total_timesteps | 39955    |
| train/             |          |
|    actor_loss      | -669     |
|    critic_loss     | 2.93e+03 |
|    ent_coef        | 0.274    |
|    ent_coef_loss   | -2.37    |
|    learning_rate   | 0.0003   |
|    n_updates       | 29954    |
---------------------------------
---------------------------------
| rollout/           |          |
|    ep_len_mean     | 182      |
|    ep_rew_mean     | 5.98     |
| time/              |          |
|    episodes        | 216      |
|    fps             | 179      |
|    time_elapsed    | 227      |
|    total_timesteps | 40668    |
| train/             |          |
|    actor_loss      | -669     |
|    critic_loss     | 767      |
|    ent_coef        | 0.296    |
|    ent_coef_loss   | -0.393   |
|    learning_rate   | 0.0003   |
|    n_updates       | 30667    |
---------------------------------
---------------------------------
| rollout/           |          |
|    ep_len_mean     | 184      |
|    ep_rew_mean     | 6.22     |
| time/              |          |
|    episodes        | 220      |
|    fps             | 178      |
|    time_elapsed    | 232      |
|    total_timesteps | 41543    |
| train/             |          |
|    actor_loss      | -694     |
|    critic_loss     | 1.13e+03 |
|    ent_coef        | 0.31     |
|    ent_coef_loss   | 0.806    |
|    learning_rate   | 0.0003   |
|    n_updates       | 31542    |
---------------------------------
---------------------------------
| rollout/           |          |
|    ep_len_mean     | 185      |
|    ep_rew_mean     | 6.45     |
| time/              |          |
|    episodes        | 224      |
|    fps             | 178      |
|    time_elapsed    | 237      |
|    total_timesteps | 42312    |
| train/             |          |
|    actor_loss      | -723     |
|    critic_loss     | 874      |
|    ent_coef        | 0.294    |
|    ent_coef_loss   | -0.618   |
|    learning_rate   | 0.0003   |
|    n_updates       | 32311    |
---------------------------------
---------------------------------
| rollout/           |          |
|    ep_len_mean     | 185      |
|    ep_rew_mean     | 6.49     |
| time/              |          |
|    episodes        | 228      |
|    fps             | 177      |
|    time_elapsed    | 241      |
|    total_timesteps | 42981    |
| train/             |          |
|    actor_loss      | -749     |
|    critic_loss     | 1.77e+03 |
|    ent_coef        | 0.278    |
|    ent_coef_loss   | 0.995    |
|    learning_rate   | 0.0003   |
|    n_updates       | 32980    |
---------------------------------
---------------------------------
| rollout/           |          |
|    ep_len_mean     | 186      |
|    ep_rew_mean     | 6.69     |
| time/              |          |
|    episodes        | 232      |
|    fps             | 177      |
|    time_elapsed    | 247      |
|    total_timesteps | 43799    |
| train/             |          |
|    actor_loss      | -795     |
|    critic_loss     | 1.3e+03  |
|    ent_coef        | 0.339    |
|    ent_coef_loss   | 0.707    |
|    learning_rate   | 0.0003   |
|    n_updates       | 33798    |
---------------------------------
---------------------------------
| rollout/           |          |
|    ep_len_mean     | 187      |
|    ep_rew_mean     | 6.89     |
| time/              |          |
|    episodes        | 236      |
|    fps             | 176      |
|    time_elapsed    | 251      |
|    total_timesteps | 44536    |
| train/             |          |
|    actor_loss      | -823     |
|    critic_loss     | 4.42e+03 |
|    ent_coef        | 0.345    |
|    ent_coef_loss   | -0.554   |
|    learning_rate   | 0.0003   |
|    n_updates       | 34535    |
---------------------------------
---------------------------------
| rollout/           |          |
|    ep_len_mean     | 188      |
|    ep_rew_mean     | 7.05     |
| time/              |          |
|    episodes        | 240      |
|    fps             | 176      |
|    time_elapsed    | 256      |
|    total_timesteps | 45281    |
| train/             |          |
|    actor_loss      | -806     |
|    critic_loss     | 1.62e+03 |
|    ent_coef        | 0.339    |
|    ent_coef_loss   | 0.854    |
|    learning_rate   | 0.0003   |
|    n_updates       | 35280    |
---------------------------------
---------------------------------
| rollout/           |          |
|    ep_len_mean     | 188      |
|    ep_rew_mean     | 7.14     |
| time/              |          |
|    episodes        | 244      |
|    fps             | 176      |
|    time_elapsed    | 261      |
|    total_timesteps | 46013    |
| train/             |          |
|    actor_loss      | -818     |
|    critic_loss     | 2.5e+03  |
|    ent_coef        | 0.373    |
|    ent_coef_loss   | 0.525    |
|    learning_rate   | 0.0003   |
|    n_updates       | 36012    |
---------------------------------
---------------------------------
| rollout/           |          |
|    ep_len_mean     | 188      |
|    ep_rew_mean     | 7.31     |
| time/              |          |
|    episodes        | 248      |
|    fps             | 175      |
|    time_elapsed    | 266      |
|    total_timesteps | 46822    |
| train/             |          |
|    actor_loss      | -881     |
|    critic_loss     | 1.48e+03 |
|    ent_coef        | 0.435    |
|    ent_coef_loss   | 0.148    |
|    learning_rate   | 0.0003   |
|    n_updates       | 36821    |
---------------------------------
---------------------------------
| rollout/           |          |
|    ep_len_mean     | 189      |
|    ep_rew_mean     | 7.28     |
| time/              |          |
|    episodes        | 252      |
|    fps             | 175      |
|    time_elapsed    | 271      |
|    total_timesteps | 47611    |
| train/             |          |
|    actor_loss      | -910     |
|    critic_loss     | 1.28e+03 |
|    ent_coef        | 0.435    |
|    ent_coef_loss   | -0.346   |
|    learning_rate   | 0.0003   |
|    n_updates       | 37610    |
---------------------------------
---------------------------------
| rollout/           |          |
|    ep_len_mean     | 190      |
|    ep_rew_mean     | 7.48     |
| time/              |          |
|    episodes        | 256      |
|    fps             | 174      |
|    time_elapsed    | 276      |
|    total_timesteps | 48402    |
| train/             |          |
|    actor_loss      | -917     |
|    critic_loss     | 2.22e+03 |
|    ent_coef        | 0.429    |
|    ent_coef_loss   | -0.0917  |
|    learning_rate   | 0.0003   |
|    n_updates       | 38401    |
---------------------------------
---------------------------------
| rollout/           |          |
|    ep_len_mean     | 190      |
|    ep_rew_mean     | 7.53     |
| time/              |          |
|    episodes        | 260      |
|    fps             | 174      |
|    time_elapsed    | 281      |
|    total_timesteps | 49158    |
| train/             |          |
|    actor_loss      | -975     |
|    critic_loss     | 2.4e+03  |
|    ent_coef        | 0.412    |
|    ent_coef_loss   | 0.68     |
|    learning_rate   | 0.0003   |
|    n_updates       | 39157    |
---------------------------------
----------------------------------
| rollout/           |           |
|    ep_len_mean     | 190       |
|    ep_rew_mean     | 7.55      |
| time/              |           |
|    episodes        | 264       |
|    fps             | 174       |
|    time_elapsed    | 286       |
|    total_timesteps | 49867     |
| train/             |           |
|    actor_loss      | -1.02e+03 |
|    critic_loss     | 2.63e+03  |
|    ent_coef        | 0.387     |
|    ent_coef_loss   | -0.11     |
|    learning_rate   | 0.0003    |
|    n_updates       | 39866     |
----------------------------------
---------------------------------
| rollout/           |          |
|    ep_len_mean     | 191      |
|    ep_rew_mean     | 7.66     |
| time/              |          |
|    episodes        | 268      |
|    fps             | 173      |
|    time_elapsed    | 291      |
|    total_timesteps | 50681    |
| train/             |          |
|    actor_loss      | -988     |
|    critic_loss     | 6.85e+03 |
|    ent_coef        | 0.368    |
|    ent_coef_loss   | -0.788   |
|    learning_rate   | 0.0003   |
|    n_updates       | 40680    |
---------------------------------
----------------------------------
| rollout/           |           |
|    ep_len_mean     | 190       |
|    ep_rew_mean     | 7.65      |
| time/              |           |
|    episodes        | 272       |
|    fps             | 173       |
|    time_elapsed    | 296       |
|    total_timesteps | 51403     |
| train/             |           |
|    actor_loss      | -1.02e+03 |
|    critic_loss     | 1.71e+03  |
|    ent_coef        | 0.349     |
|    ent_coef_loss   | -0.61     |
|    learning_rate   | 0.0003    |
|    n_updates       | 41402     |
----------------------------------
----------------------------------
| rollout/           |           |
|    ep_len_mean     | 191       |
|    ep_rew_mean     | 7.94      |
| time/              |           |
|    episodes        | 276       |
|    fps             | 173       |
|    time_elapsed    | 301       |
|    total_timesteps | 52228     |
| train/             |           |
|    actor_loss      | -1.06e+03 |
|    critic_loss     | 2.17e+03  |
|    ent_coef        | 0.416     |
|    ent_coef_loss   | 0.763     |
|    learning_rate   | 0.0003    |
|    n_updates       | 42227     |
----------------------------------
----------------------------------
| rollout/           |           |
|    ep_len_mean     | 191       |
|    ep_rew_mean     | 8.07      |
| time/              |           |
|    episodes        | 280       |
|    fps             | 172       |
|    time_elapsed    | 306       |
|    total_timesteps | 52990     |
| train/             |           |
|    actor_loss      | -1.07e+03 |
|    critic_loss     | 1.89e+03  |
|    ent_coef        | 0.468     |
|    ent_coef_loss   | -0.161    |
|    learning_rate   | 0.0003    |
|    n_updates       | 42989     |
----------------------------------
----------------------------------
| rollout/           |           |
|    ep_len_mean     | 192       |
|    ep_rew_mean     | 8.17      |
| time/              |           |
|    episodes        | 284       |
|    fps             | 172       |
|    time_elapsed    | 312       |
|    total_timesteps | 53854     |
| train/             |           |
|    actor_loss      | -1.11e+03 |
|    critic_loss     | 2.65e+03  |
|    ent_coef        | 0.473     |
|    ent_coef_loss   | 0.0966    |
|    learning_rate   | 0.0003    |
|    n_updates       | 43853     |
----------------------------------
---------------------------------
| rollout/           |          |
|    ep_len_mean     | 192      |
|    ep_rew_mean     | 8.11     |
| time/              |          |
|    episodes        | 288      |
|    fps             | 171      |
|    time_elapsed    | 317      |
|    total_timesteps | 54594    |
| train/             |          |
|    actor_loss      | -1.1e+03 |
|    critic_loss     | 4.27e+03 |
|    ent_coef        | 0.474    |
|    ent_coef_loss   | 1.68     |
|    learning_rate   | 0.0003   |
|    n_updates       | 44593    |
---------------------------------
----------------------------------
| rollout/           |           |
|    ep_len_mean     | 192       |
|    ep_rew_mean     | 7.8       |
| time/              |           |
|    episodes        | 292       |
|    fps             | 171       |
|    time_elapsed    | 322       |
|    total_timesteps | 55294     |
| train/             |           |
|    actor_loss      | -1.16e+03 |
|    critic_loss     | 5.91e+03  |
|    ent_coef        | 0.505     |
|    ent_coef_loss   | -0.141    |
|    learning_rate   | 0.0003    |
|    n_updates       | 45293     |
----------------------------------
----------------------------------
| rollout/           |           |
|    ep_len_mean     | 192       |
|    ep_rew_mean     | 7.57      |
| time/              |           |
|    episodes        | 296       |
|    fps             | 170       |
|    time_elapsed    | 329       |
|    total_timesteps | 56145     |
| train/             |           |
|    actor_loss      | -1.22e+03 |
|    critic_loss     | 2.26e+03  |
|    ent_coef        | 0.482     |
|    ent_coef_loss   | -0.371    |
|    learning_rate   | 0.0003    |
|    n_updates       | 46144     |
----------------------------------
----------------------------------
| rollout/           |           |
|    ep_len_mean     | 193       |
|    ep_rew_mean     | 7.39      |
| time/              |           |
|    episodes        | 300       |
|    fps             | 168       |
|    time_elapsed    | 337       |
|    total_timesteps | 56970     |
| train/             |           |
|    actor_loss      | -1.17e+03 |
|    critic_loss     | 4.73e+03  |
|    ent_coef        | 0.511     |
|    ent_coef_loss   | -0.117    |
|    learning_rate   | 0.0003    |
|    n_updates       | 46969     |
----------------------------------
----------------------------------
| rollout/           |           |
|    ep_len_mean     | 193       |
|    ep_rew_mean     | 7.31      |
| time/              |           |
|    episodes        | 304       |
|    fps             | 168       |
|    time_elapsed    | 343       |
|    total_timesteps | 57735     |
| train/             |           |
|    actor_loss      | -1.22e+03 |
|    critic_loss     | 2.31e+03  |
|    ent_coef        | 0.484     |
|    ent_coef_loss   | 0.506     |
|    learning_rate   | 0.0003    |
|    n_updates       | 47734     |
----------------------------------
---------------------------------
| rollout/           |          |
|    ep_len_mean     | 193      |
|    ep_rew_mean     | 7.32     |
| time/              |          |
|    episodes        | 308      |
|    fps             | 167      |
|    time_elapsed    | 350      |
|    total_timesteps | 58485    |
| train/             |          |
|    actor_loss      | -1.2e+03 |
|    critic_loss     | 1.45e+04 |
|    ent_coef        | 0.477    |
|    ent_coef_loss   | 0.579    |
|    learning_rate   | 0.0003   |
|    n_updates       | 48484    |
---------------------------------
----------------------------------
| rollout/           |           |
|    ep_len_mean     | 193       |
|    ep_rew_mean     | 7.31      |
| time/              |           |
|    episodes        | 312       |
|    fps             | 165       |
|    time_elapsed    | 357       |
|    total_timesteps | 59249     |
| train/             |           |
|    actor_loss      | -1.22e+03 |
|    critic_loss     | 2.96e+03  |
|    ent_coef        | 0.468     |
|    ent_coef_loss   | -0.644    |
|    learning_rate   | 0.0003    |
|    n_updates       | 49248     |
----------------------------------
----------------------------------
| rollout/           |           |
|    ep_len_mean     | 193       |
|    ep_rew_mean     | 7.34      |
| time/              |           |
|    episodes        | 316       |
|    fps             | 164       |
|    time_elapsed    | 363       |
|    total_timesteps | 59951     |
| train/             |           |
|    actor_loss      | -1.26e+03 |
|    critic_loss     | 3.77e+03  |
|    ent_coef        | 0.479     |
|    ent_coef_loss   | 0.481     |
|    learning_rate   | 0.0003    |
|    n_updates       | 49950     |
----------------------------------
----------------------------------
| rollout/           |           |
|    ep_len_mean     | 192       |
|    ep_rew_mean     | 7.15      |
| time/              |           |
|    episodes        | 320       |
|    fps             | 163       |
|    time_elapsed    | 370       |
|    total_timesteps | 60711     |
| train/             |           |
|    actor_loss      | -1.26e+03 |
|    critic_loss     | 3.81e+03  |
|    ent_coef        | 0.49      |
|    ent_coef_loss   | 0.589     |
|    learning_rate   | 0.0003    |
|    n_updates       | 50710     |
----------------------------------
----------------------------------
| rollout/           |           |
|    ep_len_mean     | 192       |
|    ep_rew_mean     | 7.4       |
| time/              |           |
|    episodes        | 324       |
|    fps             | 162       |
|    time_elapsed    | 378       |
|    total_timesteps | 61535     |
| train/             |           |
|    actor_loss      | -1.27e+03 |
|    critic_loss     | 5.34e+03  |
|    ent_coef        | 0.539     |
|    ent_coef_loss   | -0.104    |
|    learning_rate   | 0.0003    |
|    n_updates       | 51534     |
----------------------------------
----------------------------------
| rollout/           |           |
|    ep_len_mean     | 193       |
|    ep_rew_mean     | 7.58      |
| time/              |           |
|    episodes        | 328       |
|    fps             | 161       |
|    time_elapsed    | 385       |
|    total_timesteps | 62290     |
| train/             |           |
|    actor_loss      | -1.32e+03 |
|    critic_loss     | 2.41e+03  |
|    ent_coef        | 0.512     |
|    ent_coef_loss   | 0.0792    |
|    learning_rate   | 0.0003    |
|    n_updates       | 52289     |
----------------------------------
----------------------------------
| rollout/           |           |
|    ep_len_mean     | 192       |
|    ep_rew_mean     | 7.61      |
| time/              |           |
|    episodes        | 332       |
|    fps             | 160       |
|    time_elapsed    | 392       |
|    total_timesteps | 63030     |
| train/             |           |
|    actor_loss      | -1.29e+03 |
|    critic_loss     | 2.59e+03  |
|    ent_coef        | 0.497     |
|    ent_coef_loss   | 0.097     |
|    learning_rate   | 0.0003    |
|    n_updates       | 53029     |
----------------------------------
----------------------------------
| rollout/           |           |
|    ep_len_mean     | 192       |
|    ep_rew_mean     | 7.51      |
| time/              |           |
|    episodes        | 336       |
|    fps             | 159       |
|    time_elapsed    | 398       |
|    total_timesteps | 63721     |
| train/             |           |
|    actor_loss      | -1.31e+03 |
|    critic_loss     | 5.5e+03   |
|    ent_coef        | 0.517     |
|    ent_coef_loss   | 0.769     |
|    learning_rate   | 0.0003    |
|    n_updates       | 53720     |
----------------------------------
----------------------------------
| rollout/           |           |
|    ep_len_mean     | 191       |
|    ep_rew_mean     | 7.32      |
| time/              |           |
|    episodes        | 340       |
|    fps             | 159       |
|    time_elapsed    | 404       |
|    total_timesteps | 64408     |
| train/             |           |
|    actor_loss      | -1.33e+03 |
|    critic_loss     | 4.04e+03  |
|    ent_coef        | 0.536     |
|    ent_coef_loss   | -0.223    |
|    learning_rate   | 0.0003    |
|    n_updates       | 54407     |
----------------------------------
----------------------------------
| rollout/           |           |
|    ep_len_mean     | 191       |
|    ep_rew_mean     | 7.21      |
| time/              |           |
|    episodes        | 344       |
|    fps             | 158       |
|    time_elapsed    | 410       |
|    total_timesteps | 65107     |
| train/             |           |
|    actor_loss      | -1.31e+03 |
|    critic_loss     | 3.11e+03  |
|    ent_coef        | 0.534     |
|    ent_coef_loss   | -0.171    |
|    learning_rate   | 0.0003    |
|    n_updates       | 55106     |
----------------------------------
----------------------------------
| rollout/           |           |
|    ep_len_mean     | 190       |
|    ep_rew_mean     | 6.92      |
| time/              |           |
|    episodes        | 348       |
|    fps             | 158       |
|    time_elapsed    | 415       |
|    total_timesteps | 65789     |
| train/             |           |
|    actor_loss      | -1.33e+03 |
|    critic_loss     | 3.65e+03  |
|    ent_coef        | 0.527     |
|    ent_coef_loss   | 0.367     |
|    learning_rate   | 0.0003    |
|    n_updates       | 55788     |
----------------------------------
----------------------------------
| rollout/           |           |
|    ep_len_mean     | 189       |
|    ep_rew_mean     | 6.81      |
| time/              |           |
|    episodes        | 352       |
|    fps             | 157       |
|    time_elapsed    | 423       |
|    total_timesteps | 66483     |
| train/             |           |
|    actor_loss      | -1.35e+03 |
|    critic_loss     | 1.63e+03  |
|    ent_coef        | 0.553     |
|    ent_coef_loss   | -0.148    |
|    learning_rate   | 0.0003    |
|    n_updates       | 56482     |
----------------------------------
---------------------------------
| rollout/           |          |
|    ep_len_mean     | 188      |
|    ep_rew_mean     | 6.5      |
| time/              |          |
|    episodes        | 356      |
|    fps             | 155      |
|    time_elapsed    | 430      |
|    total_timesteps | 67178    |
| train/             |          |
|    actor_loss      | -1.4e+03 |
|    critic_loss     | 2.53e+03 |
|    ent_coef        | 0.545    |
|    ent_coef_loss   | -0.417   |
|    learning_rate   | 0.0003   |
|    n_updates       | 57177    |
---------------------------------
----------------------------------
| rollout/           |           |
|    ep_len_mean     | 189       |
|    ep_rew_mean     | 6.5       |
| time/              |           |
|    episodes        | 360       |
|    fps             | 155       |
|    time_elapsed    | 438       |
|    total_timesteps | 68021     |
| train/             |           |
|    actor_loss      | -1.36e+03 |
|    critic_loss     | 1.08e+04  |
|    ent_coef        | 0.515     |
|    ent_coef_loss   | 0.0496    |
|    learning_rate   | 0.0003    |
|    n_updates       | 58020     |
----------------------------------
----------------------------------
| rollout/           |           |
|    ep_len_mean     | 190       |
|    ep_rew_mean     | 6.56      |
| time/              |           |
|    episodes        | 364       |
|    fps             | 154       |
|    time_elapsed    | 445       |
|    total_timesteps | 68818     |
| train/             |           |
|    actor_loss      | -1.39e+03 |
|    critic_loss     | 2.55e+03  |
|    ent_coef        | 0.518     |
|    ent_coef_loss   | 1.32      |
|    learning_rate   | 0.0003    |
|    n_updates       | 58817     |
----------------------------------
----------------------------------
| rollout/           |           |
|    ep_len_mean     | 190       |
|    ep_rew_mean     | 6.58      |
| time/              |           |
|    episodes        | 368       |
|    fps             | 154       |
|    time_elapsed    | 451       |
|    total_timesteps | 69650     |
| train/             |           |
|    actor_loss      | -1.41e+03 |
|    critic_loss     | 9.06e+03  |
|    ent_coef        | 0.536     |
|    ent_coef_loss   | -0.505    |
|    learning_rate   | 0.0003    |
|    n_updates       | 59649     |
----------------------------------
----------------------------------
| rollout/           |           |
|    ep_len_mean     | 192       |
|    ep_rew_mean     | 6.85      |
| time/              |           |
|    episodes        | 372       |
|    fps             | 154       |
|    time_elapsed    | 457       |
|    total_timesteps | 70581     |
| train/             |           |
|    actor_loss      | -1.39e+03 |
|    critic_loss     | 4.35e+03  |
|    ent_coef        | 0.481     |
|    ent_coef_loss   | 0.719     |
|    learning_rate   | 0.0003    |
|    n_updates       | 60580     |
----------------------------------
----------------------------------
| rollout/           |           |
|    ep_len_mean     | 192       |
|    ep_rew_mean     | 6.65      |
| time/              |           |
|    episodes        | 376       |
|    fps             | 154       |
|    time_elapsed    | 462       |
|    total_timesteps | 71410     |
| train/             |           |
|    actor_loss      | -1.43e+03 |
|    critic_loss     | 3.14e+03  |
|    ent_coef        | 0.482     |
|    ent_coef_loss   | 0.432     |
|    learning_rate   | 0.0003    |
|    n_updates       | 61409     |
----------------------------------
----------------------------------
| rollout/           |           |
|    ep_len_mean     | 192       |
|    ep_rew_mean     | 6.69      |
| time/              |           |
|    episodes        | 380       |
|    fps             | 154       |
|    time_elapsed    | 468       |
|    total_timesteps | 72226     |
| train/             |           |
|    actor_loss      | -1.45e+03 |
|    critic_loss     | 3.54e+03  |
|    ent_coef        | 0.476     |
|    ent_coef_loss   | -0.48     |
|    learning_rate   | 0.0003    |
|    n_updates       | 62225     |
----------------------------------
----------------------------------
| rollout/           |           |
|    ep_len_mean     | 193       |
|    ep_rew_mean     | 6.81      |
| time/              |           |
|    episodes        | 384       |
|    fps             | 154       |
|    time_elapsed    | 474       |
|    total_timesteps | 73123     |
| train/             |           |
|    actor_loss      | -1.41e+03 |
|    critic_loss     | 2.75e+03  |
|    ent_coef        | 0.498     |
|    ent_coef_loss   | 0.939     |
|    learning_rate   | 0.0003    |
|    n_updates       | 63122     |
----------------------------------
----------------------------------
| rollout/           |           |
|    ep_len_mean     | 193       |
|    ep_rew_mean     | 6.9       |
| time/              |           |
|    episodes        | 388       |
|    fps             | 154       |
|    time_elapsed    | 478       |
|    total_timesteps | 73846     |
| train/             |           |
|    actor_loss      | -1.44e+03 |
|    critic_loss     | 8.05e+03  |
|    ent_coef        | 0.504     |
|    ent_coef_loss   | -0.116    |
|    learning_rate   | 0.0003    |
|    n_updates       | 63845     |
----------------------------------
----------------------------------
| rollout/           |           |
|    ep_len_mean     | 193       |
|    ep_rew_mean     | 7.18      |
| time/              |           |
|    episodes        | 392       |
|    fps             | 154       |
|    time_elapsed    | 484       |
|    total_timesteps | 74623     |
| train/             |           |
|    actor_loss      | -1.43e+03 |
|    critic_loss     | 2.31e+03  |
|    ent_coef        | 0.523     |
|    ent_coef_loss   | -0.0243   |
|    learning_rate   | 0.0003    |
|    n_updates       | 64622     |
----------------------------------
----------------------------------
| rollout/           |           |
|    ep_len_mean     | 192       |
|    ep_rew_mean     | 7.11      |
| time/              |           |
|    episodes        | 396       |
|    fps             | 154       |
|    time_elapsed    | 488       |
|    total_timesteps | 75343     |
| train/             |           |
|    actor_loss      | -1.48e+03 |
|    critic_loss     | 2.27e+03  |
|    ent_coef        | 0.512     |
|    ent_coef_loss   | -0.258    |
|    learning_rate   | 0.0003    |
|    n_updates       | 65342     |
----------------------------------
----------------------------------
| rollout/           |           |
|    ep_len_mean     | 192       |
|    ep_rew_mean     | 7.14      |
| time/              |           |
|    episodes        | 400       |
|    fps             | 154       |
|    time_elapsed    | 493       |
|    total_timesteps | 76129     |
| train/             |           |
|    actor_loss      | -1.45e+03 |
|    critic_loss     | 1.38e+04  |
|    ent_coef        | 0.47      |
|    ent_coef_loss   | -0.201    |
|    learning_rate   | 0.0003    |
|    n_updates       | 66128     |
----------------------------------
----------------------------------
| rollout/           |           |
|    ep_len_mean     | 191       |
|    ep_rew_mean     | 7.08      |
| time/              |           |
|    episodes        | 404       |
|    fps             | 154       |
|    time_elapsed    | 498       |
|    total_timesteps | 76861     |
| train/             |           |
|    actor_loss      | -1.45e+03 |
|    critic_loss     | 2.44e+03  |
|    ent_coef        | 0.501     |
|    ent_coef_loss   | -0.273    |
|    learning_rate   | 0.0003    |
|    n_updates       | 66860     |
----------------------------------
----------------------------------
| rollout/           |           |
|    ep_len_mean     | 191       |
|    ep_rew_mean     | 7.14      |
| time/              |           |
|    episodes        | 408       |
|    fps             | 154       |
|    time_elapsed    | 502       |
|    total_timesteps | 77553     |
| train/             |           |
|    actor_loss      | -1.42e+03 |
|    critic_loss     | 2.73e+03  |
|    ent_coef        | 0.478     |
|    ent_coef_loss   | -0.458    |
|    learning_rate   | 0.0003    |
|    n_updates       | 67552     |
----------------------------------
----------------------------------
| rollout/           |           |
|    ep_len_mean     | 190       |
|    ep_rew_mean     | 7.04      |
| time/              |           |
|    episodes        | 412       |
|    fps             | 154       |
|    time_elapsed    | 506       |
|    total_timesteps | 78292     |
| train/             |           |
|    actor_loss      | -1.43e+03 |
|    critic_loss     | 2.16e+03  |
|    ent_coef        | 0.519     |
|    ent_coef_loss   | -0.209    |
|    learning_rate   | 0.0003    |
|    n_updates       | 68291     |
----------------------------------
----------------------------------
| rollout/           |           |
|    ep_len_mean     | 191       |
|    ep_rew_mean     | 7.08      |
| time/              |           |
|    episodes        | 416       |
|    fps             | 154       |
|    time_elapsed    | 511       |
|    total_timesteps | 79076     |
| train/             |           |
|    actor_loss      | -1.44e+03 |
|    critic_loss     | 2.12e+03  |
|    ent_coef        | 0.555     |
|    ent_coef_loss   | -0.445    |
|    learning_rate   | 0.0003    |
|    n_updates       | 69075     |
----------------------------------
----------------------------------
| rollout/           |           |
|    ep_len_mean     | 191       |
|    ep_rew_mean     | 6.97      |
| time/              |           |
|    episodes        | 420       |
|    fps             | 154       |
|    time_elapsed    | 515       |
|    total_timesteps | 79799     |
| train/             |           |
|    actor_loss      | -1.42e+03 |
|    critic_loss     | 3.19e+03  |
|    ent_coef        | 0.51      |
|    ent_coef_loss   | 0.263     |
|    learning_rate   | 0.0003    |
|    n_updates       | 69798     |
----------------------------------
----------------------------------
| rollout/           |           |
|    ep_len_mean     | 190       |
|    ep_rew_mean     | 6.45      |
| time/              |           |
|    episodes        | 424       |
|    fps             | 154       |
|    time_elapsed    | 520       |
|    total_timesteps | 80581     |
| train/             |           |
|    actor_loss      | -1.43e+03 |
|    critic_loss     | 2.26e+03  |
|    ent_coef        | 0.511     |
|    ent_coef_loss   | -0.396    |
|    learning_rate   | 0.0003    |
|    n_updates       | 70580     |
----------------------------------
----------------------------------
| rollout/           |           |
|    ep_len_mean     | 190       |
|    ep_rew_mean     | 6.05      |
| time/              |           |
|    episodes        | 428       |
|    fps             | 154       |
|    time_elapsed    | 524       |
|    total_timesteps | 81319     |
| train/             |           |
|    actor_loss      | -1.43e+03 |
|    critic_loss     | 2.31e+03  |
|    ent_coef        | 0.533     |
|    ent_coef_loss   | -0.651    |
|    learning_rate   | 0.0003    |
|    n_updates       | 71318     |
----------------------------------
----------------------------------
| rollout/           |           |
|    ep_len_mean     | 191       |
|    ep_rew_mean     | 5.7       |
| time/              |           |
|    episodes        | 432       |
|    fps             | 154       |
|    time_elapsed    | 529       |
|    total_timesteps | 82090     |
| train/             |           |
|    actor_loss      | -1.37e+03 |
|    critic_loss     | 2.44e+03  |
|    ent_coef        | 0.492     |
|    ent_coef_loss   | -1.03     |
|    learning_rate   | 0.0003    |
|    n_updates       | 72089     |
----------------------------------
----------------------------------
| rollout/           |           |
|    ep_len_mean     | 191       |
|    ep_rew_mean     | 5.56      |
| time/              |           |
|    episodes        | 436       |
|    fps             | 155       |
|    time_elapsed    | 533       |
|    total_timesteps | 82780     |
| train/             |           |
|    actor_loss      | -1.41e+03 |
|    critic_loss     | 4.29e+03  |
|    ent_coef        | 0.519     |
|    ent_coef_loss   | -0.453    |
|    learning_rate   | 0.0003    |
|    n_updates       | 72779     |
----------------------------------
---------------------------------
| rollout/           |          |
|    ep_len_mean     | 190      |
|    ep_rew_mean     | 5.61     |
| time/              |          |
|    episodes        | 440      |
|    fps             | 155      |
|    time_elapsed    | 537      |
|    total_timesteps | 83441    |
| train/             |          |
|    actor_loss      | -1.4e+03 |
|    critic_loss     | 5.01e+03 |
|    ent_coef        | 0.488    |
|    ent_coef_loss   | -0.933   |
|    learning_rate   | 0.0003   |
|    n_updates       | 73440    |
---------------------------------
----------------------------------
| rollout/           |           |
|    ep_len_mean     | 191       |
|    ep_rew_mean     | 5.74      |
| time/              |           |
|    episodes        | 444       |
|    fps             | 155       |
|    time_elapsed    | 542       |
|    total_timesteps | 84184     |
| train/             |           |
|    actor_loss      | -1.42e+03 |
|    critic_loss     | 1.84e+03  |
|    ent_coef        | 0.476     |
|    ent_coef_loss   | -0.809    |
|    learning_rate   | 0.0003    |
|    n_updates       | 74183     |
----------------------------------
----------------------------------
| rollout/           |           |
|    ep_len_mean     | 192       |
|    ep_rew_mean     | 5.9       |
| time/              |           |
|    episodes        | 448       |
|    fps             | 155       |
|    time_elapsed    | 546       |
|    total_timesteps | 84957     |
| train/             |           |
|    actor_loss      | -1.37e+03 |
|    critic_loss     | 1.94e+03  |
|    ent_coef        | 0.492     |
|    ent_coef_loss   | 0.639     |
|    learning_rate   | 0.0003    |
|    n_updates       | 74956     |
----------------------------------
---------------------------------
| rollout/           |          |
|    ep_len_mean     | 193      |
|    ep_rew_mean     | 6.09     |
| time/              |          |
|    episodes        | 452      |
|    fps             | 155      |
|    time_elapsed    | 552      |
|    total_timesteps | 85786    |
| train/             |          |
|    actor_loss      | -1.4e+03 |
|    critic_loss     | 1.95e+03 |
|    ent_coef        | 0.508    |
|    ent_coef_loss   | -0.615   |
|    learning_rate   | 0.0003   |
|    n_updates       | 75785    |
---------------------------------
----------------------------------
| rollout/           |           |
|    ep_len_mean     | 194       |
|    ep_rew_mean     | 6.33      |
| time/              |           |
|    episodes        | 456       |
|    fps             | 155       |
|    time_elapsed    | 557       |
|    total_timesteps | 86618     |
| train/             |           |
|    actor_loss      | -1.38e+03 |
|    critic_loss     | 3.55e+03  |
|    ent_coef        | 0.438     |
|    ent_coef_loss   | 1.09      |
|    learning_rate   | 0.0003    |
|    n_updates       | 76617     |
----------------------------------
----------------------------------
| rollout/           |           |
|    ep_len_mean     | 194       |
|    ep_rew_mean     | 6.4       |
| time/              |           |
|    episodes        | 460       |
|    fps             | 155       |
|    time_elapsed    | 562       |
|    total_timesteps | 87435     |
| train/             |           |
|    actor_loss      | -1.39e+03 |
|    critic_loss     | 2.03e+03  |
|    ent_coef        | 0.496     |
|    ent_coef_loss   | 1.02      |
|    learning_rate   | 0.0003    |
|    n_updates       | 77434     |
----------------------------------
---------------------------------
| rollout/           |          |
|    ep_len_mean     | 195      |
|    ep_rew_mean     | 6.44     |
| time/              |          |
|    episodes        | 464      |
|    fps             | 155      |
|    time_elapsed    | 567      |
|    total_timesteps | 88302    |
| train/             |          |
|    actor_loss      | -1.4e+03 |
|    critic_loss     | 1.71e+03 |
|    ent_coef        | 0.48     |
|    ent_coef_loss   | -0.399   |
|    learning_rate   | 0.0003   |
|    n_updates       | 78301    |
---------------------------------
----------------------------------
| rollout/           |           |
|    ep_len_mean     | 194       |
|    ep_rew_mean     | 6.3       |
| time/              |           |
|    episodes        | 468       |
|    fps             | 155       |
|    time_elapsed    | 573       |
|    total_timesteps | 89084     |
| train/             |           |
|    actor_loss      | -1.36e+03 |
|    critic_loss     | 2.33e+03  |
|    ent_coef        | 0.48      |
|    ent_coef_loss   | 0.145     |
|    learning_rate   | 0.0003    |
|    n_updates       | 79083     |
----------------------------------
----------------------------------
| rollout/           |           |
|    ep_len_mean     | 193       |
|    ep_rew_mean     | 5.99      |
| time/              |           |
|    episodes        | 472       |
|    fps             | 155       |
|    time_elapsed    | 579       |
|    total_timesteps | 89863     |
| train/             |           |
|    actor_loss      | -1.36e+03 |
|    critic_loss     | 4.46e+03  |
|    ent_coef        | 0.471     |
|    ent_coef_loss   | 0.552     |
|    learning_rate   | 0.0003    |
|    n_updates       | 79862     |
----------------------------------
----------------------------------
| rollout/           |           |
|    ep_len_mean     | 192       |
|    ep_rew_mean     | 5.86      |
| time/              |           |
|    episodes        | 476       |
|    fps             | 154       |
|    time_elapsed    | 585       |
|    total_timesteps | 90610     |
| train/             |           |
|    actor_loss      | -1.39e+03 |
|    critic_loss     | 4.24e+03  |
|    ent_coef        | 0.433     |
|    ent_coef_loss   | -0.786    |
|    learning_rate   | 0.0003    |
|    n_updates       | 80609     |
----------------------------------
---------------------------------
| rollout/           |          |
|    ep_len_mean     | 191      |
|    ep_rew_mean     | 5.66     |
| time/              |          |
|    episodes        | 480      |
|    fps             | 154      |
|    time_elapsed    | 591      |
|    total_timesteps | 91335    |
| train/             |          |
|    actor_loss      | -1.4e+03 |
|    critic_loss     | 4.41e+03 |
|    ent_coef        | 0.439    |
|    ent_coef_loss   | 0.243    |
|    learning_rate   | 0.0003   |
|    n_updates       | 81334    |
---------------------------------
---------------------------------
| rollout/           |          |
|    ep_len_mean     | 189      |
|    ep_rew_mean     | 5.45     |
| time/              |          |
|    episodes        | 484      |
|    fps             | 154      |
|    time_elapsed    | 596      |
|    total_timesteps | 92029    |
| train/             |          |
|    actor_loss      | -1.4e+03 |
|    critic_loss     | 2e+03    |
|    ent_coef        | 0.503    |
|    ent_coef_loss   | -0.00325 |
|    learning_rate   | 0.0003   |
|    n_updates       | 82028    |
---------------------------------
----------------------------------
| rollout/           |           |
|    ep_len_mean     | 189       |
|    ep_rew_mean     | 5.65      |
| time/              |           |
|    episodes        | 488       |
|    fps             | 154       |
|    time_elapsed    | 601       |
|    total_timesteps | 92775     |
| train/             |           |
|    actor_loss      | -1.41e+03 |
|    critic_loss     | 2.85e+03  |
|    ent_coef        | 0.531     |
|    ent_coef_loss   | 0.254     |
|    learning_rate   | 0.0003    |
|    n_updates       | 82774     |
----------------------------------
----------------------------------
| rollout/           |           |
|    ep_len_mean     | 189       |
|    ep_rew_mean     | 5.77      |
| time/              |           |
|    episodes        | 492       |
|    fps             | 153       |
|    time_elapsed    | 607       |
|    total_timesteps | 93518     |
| train/             |           |
|    actor_loss      | -1.42e+03 |
|    critic_loss     | 1.58e+03  |
|    ent_coef        | 0.513     |
|    ent_coef_loss   | -0.625    |
|    learning_rate   | 0.0003    |
|    n_updates       | 83517     |
----------------------------------
----------------------------------
| rollout/           |           |
|    ep_len_mean     | 189       |
|    ep_rew_mean     | 6.09      |
| time/              |           |
|    episodes        | 496       |
|    fps             | 153       |
|    time_elapsed    | 613       |
|    total_timesteps | 94280     |
| train/             |           |
|    actor_loss      | -1.42e+03 |
|    critic_loss     | 2e+03     |
|    ent_coef        | 0.464     |
|    ent_coef_loss   | -0.498    |
|    learning_rate   | 0.0003    |
|    n_updates       | 84279     |
----------------------------------
----------------------------------
| rollout/           |           |
|    ep_len_mean     | 189       |
|    ep_rew_mean     | 6.07      |
| time/              |           |
|    episodes        | 500       |
|    fps             | 153       |
|    time_elapsed    | 618       |
|    total_timesteps | 94981     |
| train/             |           |
|    actor_loss      | -1.43e+03 |
|    critic_loss     | 3.9e+03   |
|    ent_coef        | 0.471     |
|    ent_coef_loss   | -0.0728   |
|    learning_rate   | 0.0003    |
|    n_updates       | 84980     |
----------------------------------
---------------------------------
| rollout/           |          |
|    ep_len_mean     | 189      |
|    ep_rew_mean     | 6.2      |
| time/              |          |
|    episodes        | 504      |
|    fps             | 153      |
|    time_elapsed    | 623      |
|    total_timesteps | 95727    |
| train/             |          |
|    actor_loss      | -1.4e+03 |
|    critic_loss     | 1.51e+03 |
|    ent_coef        | 0.474    |
|    ent_coef_loss   | 0.433    |
|    learning_rate   | 0.0003   |
|    n_updates       | 85726    |
---------------------------------
----------------------------------
| rollout/           |           |
|    ep_len_mean     | 192       |
|    ep_rew_mean     | 6.64      |
| time/              |           |
|    episodes        | 508       |
|    fps             | 153       |
|    time_elapsed    | 631       |
|    total_timesteps | 96704     |
| train/             |           |
|    actor_loss      | -1.39e+03 |
|    critic_loss     | 8.54e+03  |
|    ent_coef        | 0.478     |
|    ent_coef_loss   | 0.321     |
|    learning_rate   | 0.0003    |
|    n_updates       | 86703     |
----------------------------------
----------------------------------
| rollout/           |           |
|    ep_len_mean     | 192       |
|    ep_rew_mean     | 6.86      |
| time/              |           |
|    episodes        | 512       |
|    fps             | 153       |
|    time_elapsed    | 636       |
|    total_timesteps | 97472     |
| train/             |           |
|    actor_loss      | -1.39e+03 |
|    critic_loss     | 3.06e+03  |
|    ent_coef        | 0.502     |
|    ent_coef_loss   | -0.149    |
|    learning_rate   | 0.0003    |
|    n_updates       | 87471     |
----------------------------------
---------------------------------
| rollout/           |          |
|    ep_len_mean     | 192      |
|    ep_rew_mean     | 6.93     |
| time/              |          |
|    episodes        | 516      |
|    fps             | 152      |
|    time_elapsed    | 642      |
|    total_timesteps | 98259    |
| train/             |          |
|    actor_loss      | -1.4e+03 |
|    critic_loss     | 3.06e+03 |
|    ent_coef        | 0.481    |
|    ent_coef_loss   | 0.137    |
|    learning_rate   | 0.0003   |
|    n_updates       | 88258    |
---------------------------------
----------------------------------
| rollout/           |           |
|    ep_len_mean     | 193       |
|    ep_rew_mean     | 7.02      |
| time/              |           |
|    episodes        | 520       |
|    fps             | 152       |
|    time_elapsed    | 648       |
|    total_timesteps | 99130     |
| train/             |           |
|    actor_loss      | -1.37e+03 |
|    critic_loss     | 1.02e+04  |
|    ent_coef        | 0.483     |
|    ent_coef_loss   | -0.301    |
|    learning_rate   | 0.0003    |
|    n_updates       | 89129     |
----------------------------------
----------------------------------
| rollout/           |           |
|    ep_len_mean     | 193       |
|    ep_rew_mean     | 7.13      |
| time/              |           |
|    episodes        | 524       |
|    fps             | 152       |
|    time_elapsed    | 653       |
|    total_timesteps | 99921     |
| train/             |           |
|    actor_loss      | -1.36e+03 |
|    critic_loss     | 2.74e+03  |
|    ent_coef        | 0.51      |
|    ent_coef_loss   | 0.477     |
|    learning_rate   | 0.0003    |
|    n_updates       | 89920     |
----------------------------------
----------------------------------
| rollout/           |           |
|    ep_len_mean     | 194       |
|    ep_rew_mean     | 7.35      |
| time/              |           |
|    episodes        | 528       |
|    fps             | 152       |
|    time_elapsed    | 660       |
|    total_timesteps | 100769    |
| train/             |           |
|    actor_loss      | -1.37e+03 |
|    critic_loss     | 2.96e+03  |
|    ent_coef        | 0.512     |
|    ent_coef_loss   | 0.0121    |
|    learning_rate   | 0.0003    |
|    n_updates       | 90768     |
----------------------------------
----------------------------------
| rollout/           |           |
|    ep_len_mean     | 195       |
|    ep_rew_mean     | 7.5       |
| time/              |           |
|    episodes        | 532       |
|    fps             | 152       |
|    time_elapsed    | 666       |
|    total_timesteps | 101542    |
| train/             |           |
|    actor_loss      | -1.32e+03 |
|    critic_loss     | 2.78e+03  |
|    ent_coef        | 0.484     |
|    ent_coef_loss   | 0.528     |
|    learning_rate   | 0.0003    |
|    n_updates       | 91541     |
----------------------------------
----------------------------------
| rollout/           |           |
|    ep_len_mean     | 197       |
|    ep_rew_mean     | 7.81      |
| time/              |           |
|    episodes        | 536       |
|    fps             | 152       |
|    time_elapsed    | 672       |
|    total_timesteps | 102455    |
| train/             |           |
|    actor_loss      | -1.38e+03 |
|    critic_loss     | 4.47e+03  |
|    ent_coef        | 0.447     |
|    ent_coef_loss   | -0.0781   |
|    learning_rate   | 0.0003    |
|    n_updates       | 92454     |
----------------------------------
----------------------------------
| rollout/           |           |
|    ep_len_mean     | 198       |
|    ep_rew_mean     | 8         |
| time/              |           |
|    episodes        | 540       |
|    fps             | 152       |
|    time_elapsed    | 677       |
|    total_timesteps | 103240    |
| train/             |           |
|    actor_loss      | -1.35e+03 |
|    critic_loss     | 1.6e+03   |
|    ent_coef        | 0.423     |
|    ent_coef_loss   | 0.324     |
|    learning_rate   | 0.0003    |
|    n_updates       | 93239     |
----------------------------------
----------------------------------
| rollout/           |           |
|    ep_len_mean     | 199       |
|    ep_rew_mean     | 8.06      |
| time/              |           |
|    episodes        | 544       |
|    fps             | 152       |
|    time_elapsed    | 683       |
|    total_timesteps | 104037    |
| train/             |           |
|    actor_loss      | -1.34e+03 |
|    critic_loss     | 3.05e+03  |
|    ent_coef        | 0.437     |
|    ent_coef_loss   | -1.02     |
|    learning_rate   | 0.0003    |
|    n_updates       | 94036     |
----------------------------------
----------------------------------
| rollout/           |           |
|    ep_len_mean     | 199       |
|    ep_rew_mean     | 8.19      |
| time/              |           |
|    episodes        | 548       |
|    fps             | 152       |
|    time_elapsed    | 688       |
|    total_timesteps | 104855    |
| train/             |           |
|    actor_loss      | -1.33e+03 |
|    critic_loss     | 3.66e+03  |
|    ent_coef        | 0.43      |
|    ent_coef_loss   | 0.139     |
|    learning_rate   | 0.0003    |
|    n_updates       | 94854     |
----------------------------------
----------------------------------
| rollout/           |           |
|    ep_len_mean     | 199       |
|    ep_rew_mean     | 8.08      |
| time/              |           |
|    episodes        | 552       |
|    fps             | 152       |
|    time_elapsed    | 694       |
|    total_timesteps | 105653    |
| train/             |           |
|    actor_loss      | -1.34e+03 |
|    critic_loss     | 1.81e+03  |
|    ent_coef        | 0.444     |
|    ent_coef_loss   | -0.571    |
|    learning_rate   | 0.0003    |
|    n_updates       | 95652     |
----------------------------------
----------------------------------
| rollout/           |           |
|    ep_len_mean     | 198       |
|    ep_rew_mean     | 8.05      |
| time/              |           |
|    episodes        | 556       |
|    fps             | 152       |
|    time_elapsed    | 698       |
|    total_timesteps | 106409    |
| train/             |           |
|    actor_loss      | -1.28e+03 |
|    critic_loss     | 3.63e+03  |
|    ent_coef        | 0.444     |
|    ent_coef_loss   | 0.25      |
|    learning_rate   | 0.0003    |
|    n_updates       | 96408     |
----------------------------------
----------------------------------
| rollout/           |           |
|    ep_len_mean     | 198       |
|    ep_rew_mean     | 8.08      |
| time/              |           |
|    episodes        | 560       |
|    fps             | 152       |
|    time_elapsed    | 704       |
|    total_timesteps | 107221    |
| train/             |           |
|    actor_loss      | -1.31e+03 |
|    critic_loss     | 3.2e+03   |
|    ent_coef        | 0.422     |
|    ent_coef_loss   | 0.496     |
|    learning_rate   | 0.0003    |
|    n_updates       | 97220     |
----------------------------------
---------------------------------
| rollout/           |          |
|    ep_len_mean     | 196      |
|    ep_rew_mean     | 8.06     |
| time/              |          |
|    episodes        | 564      |
|    fps             | 152      |
|    time_elapsed    | 709      |
|    total_timesteps | 107949   |
| train/             |          |
|    actor_loss      | -1.3e+03 |
|    critic_loss     | 1.86e+03 |
|    ent_coef        | 0.448    |
|    ent_coef_loss   | -0.753   |
|    learning_rate   | 0.0003   |
|    n_updates       | 97948    |
---------------------------------
----------------------------------
| rollout/           |           |
|    ep_len_mean     | 196       |
|    ep_rew_mean     | 8.2       |
| time/              |           |
|    episodes        | 568       |
|    fps             | 151       |
|    time_elapsed    | 715       |
|    total_timesteps | 108725    |
| train/             |           |
|    actor_loss      | -1.26e+03 |
|    critic_loss     | 5.8e+03   |
|    ent_coef        | 0.432     |
|    ent_coef_loss   | 0.691     |
|    learning_rate   | 0.0003    |
|    n_updates       | 98724     |
----------------------------------
----------------------------------
| rollout/           |           |
|    ep_len_mean     | 197       |
|    ep_rew_mean     | 8.4       |
| time/              |           |
|    episodes        | 572       |
|    fps             | 151       |
|    time_elapsed    | 721       |
|    total_timesteps | 109601    |
| train/             |           |
|    actor_loss      | -1.28e+03 |
|    critic_loss     | 1.93e+03  |
|    ent_coef        | 0.417     |
|    ent_coef_loss   | -0.337    |
|    learning_rate   | 0.0003    |
|    n_updates       | 99600     |
----------------------------------
----------------------------------
| rollout/           |           |
|    ep_len_mean     | 198       |
|    ep_rew_mean     | 8.51      |
| time/              |           |
|    episodes        | 576       |
|    fps             | 151       |
|    time_elapsed    | 727       |
|    total_timesteps | 110393    |
| train/             |           |
|    actor_loss      | -1.28e+03 |
|    critic_loss     | 1.72e+03  |
|    ent_coef        | 0.429     |
|    ent_coef_loss   | -0.79     |
|    learning_rate   | 0.0003    |
|    n_updates       | 100392    |
----------------------------------
----------------------------------
| rollout/           |           |
|    ep_len_mean     | 199       |
|    ep_rew_mean     | 8.74      |
| time/              |           |
|    episodes        | 580       |
|    fps             | 151       |
|    time_elapsed    | 732       |
|    total_timesteps | 111244    |
| train/             |           |
|    actor_loss      | -1.23e+03 |
|    critic_loss     | 1.48e+03  |
|    ent_coef        | 0.443     |
|    ent_coef_loss   | 0.48      |
|    learning_rate   | 0.0003    |
|    n_updates       | 101243    |
----------------------------------
----------------------------------
| rollout/           |           |
|    ep_len_mean     | 200       |
|    ep_rew_mean     | 8.85      |
| time/              |           |
|    episodes        | 584       |
|    fps             | 151       |
|    time_elapsed    | 738       |
|    total_timesteps | 112076    |
| train/             |           |
|    actor_loss      | -1.22e+03 |
|    critic_loss     | 1.09e+03  |
|    ent_coef        | 0.391     |
|    ent_coef_loss   | 0.557     |
|    learning_rate   | 0.0003    |
|    n_updates       | 102075    |
----------------------------------
----------------------------------
| rollout/           |           |
|    ep_len_mean     | 202       |
|    ep_rew_mean     | 8.69      |
| time/              |           |
|    episodes        | 588       |
|    fps             | 151       |
|    time_elapsed    | 744       |
|    total_timesteps | 112934    |
| train/             |           |
|    actor_loss      | -1.24e+03 |
|    critic_loss     | 4.17e+03  |
|    ent_coef        | 0.383     |
|    ent_coef_loss   | 1.67      |
|    learning_rate   | 0.0003    |
|    n_updates       | 102933    |
----------------------------------
----------------------------------
| rollout/           |           |
|    ep_len_mean     | 202       |
|    ep_rew_mean     | 8.58      |
| time/              |           |
|    episodes        | 592       |
|    fps             | 151       |
|    time_elapsed    | 749       |
|    total_timesteps | 113727    |
| train/             |           |
|    actor_loss      | -1.24e+03 |
|    critic_loss     | 3.04e+03  |
|    ent_coef        | 0.477     |
|    ent_coef_loss   | 0.784     |
|    learning_rate   | 0.0003    |
|    n_updates       | 103726    |
----------------------------------
----------------------------------
| rollout/           |           |
|    ep_len_mean     | 202       |
|    ep_rew_mean     | 8.49      |
| time/              |           |
|    episodes        | 596       |
|    fps             | 151       |
|    time_elapsed    | 754       |
|    total_timesteps | 114493    |
| train/             |           |
|    actor_loss      | -1.21e+03 |
|    critic_loss     | 1.73e+03  |
|    ent_coef        | 0.452     |
|    ent_coef_loss   | 0.335     |
|    learning_rate   | 0.0003    |
|    n_updates       | 104492    |
----------------------------------
----------------------------------
| rollout/           |           |
|    ep_len_mean     | 202       |
|    ep_rew_mean     | 8.54      |
| time/              |           |
|    episodes        | 600       |
|    fps             | 151       |
|    time_elapsed    | 759       |
|    total_timesteps | 115231    |
| train/             |           |
|    actor_loss      | -1.23e+03 |
|    critic_loss     | 2.05e+03  |
|    ent_coef        | 0.392     |
|    ent_coef_loss   | 0.228     |
|    learning_rate   | 0.0003    |
|    n_updates       | 105230    |
----------------------------------
----------------------------------
| rollout/           |           |
|    ep_len_mean     | 204       |
|    ep_rew_mean     | 9.03      |
| time/              |           |
|    episodes        | 604       |
|    fps             | 151       |
|    time_elapsed    | 765       |
|    total_timesteps | 116177    |
| train/             |           |
|    actor_loss      | -1.25e+03 |
|    critic_loss     | 1.97e+03  |
|    ent_coef        | 0.433     |
|    ent_coef_loss   | 0.227     |
|    learning_rate   | 0.0003    |
|    n_updates       | 106176    |
----------------------------------
----------------------------------
| rollout/           |           |
|    ep_len_mean     | 203       |
|    ep_rew_mean     | 9.07      |
| time/              |           |
|    episodes        | 608       |
|    fps             | 151       |
|    time_elapsed    | 771       |
|    total_timesteps | 117015    |
| train/             |           |
|    actor_loss      | -1.23e+03 |
|    critic_loss     | 1.58e+03  |
|    ent_coef        | 0.432     |
|    ent_coef_loss   | 0.566     |
|    learning_rate   | 0.0003    |
|    n_updates       | 107014    |
----------------------------------
----------------------------------
| rollout/           |           |
|    ep_len_mean     | 204       |
|    ep_rew_mean     | 9.25      |
| time/              |           |
|    episodes        | 612       |
|    fps             | 151       |
|    time_elapsed    | 776       |
|    total_timesteps | 117840    |
| train/             |           |
|    actor_loss      | -1.24e+03 |
|    critic_loss     | 1.79e+03  |
|    ent_coef        | 0.492     |
|    ent_coef_loss   | -0.224    |
|    learning_rate   | 0.0003    |
|    n_updates       | 107839    |
----------------------------------
---------------------------------
| rollout/           |          |
|    ep_len_mean     | 204      |
|    ep_rew_mean     | 9.49     |
| time/              |          |
|    episodes        | 616      |
|    fps             | 151      |
|    time_elapsed    | 782      |
|    total_timesteps | 118668   |
| train/             |          |
|    actor_loss      | -1.2e+03 |
|    critic_loss     | 1.4e+03  |
|    ent_coef        | 0.466    |
|    ent_coef_loss   | 0.802    |
|    learning_rate   | 0.0003   |
|    n_updates       | 108667   |
---------------------------------
----------------------------------
| rollout/           |           |
|    ep_len_mean     | 204       |
|    ep_rew_mean     | 9.84      |
| time/              |           |
|    episodes        | 620       |
|    fps             | 151       |
|    time_elapsed    | 788       |
|    total_timesteps | 119544    |
| train/             |           |
|    actor_loss      | -1.21e+03 |
|    critic_loss     | 1.59e+03  |
|    ent_coef        | 0.424     |
|    ent_coef_loss   | -0.386    |
|    learning_rate   | 0.0003    |
|    n_updates       | 109543    |
----------------------------------
----------------------------------
| rollout/           |           |
|    ep_len_mean     | 206       |
|    ep_rew_mean     | 9.9       |
| time/              |           |
|    episodes        | 624       |
|    fps             | 151       |
|    time_elapsed    | 794       |
|    total_timesteps | 120487    |
| train/             |           |
|    actor_loss      | -1.21e+03 |
|    critic_loss     | 1.4e+03   |
|    ent_coef        | 0.418     |
|    ent_coef_loss   | 0.156     |
|    learning_rate   | 0.0003    |
|    n_updates       | 110486    |
----------------------------------
----------------------------------
| rollout/           |           |
|    ep_len_mean     | 205       |
|    ep_rew_mean     | 9.72      |
| time/              |           |
|    episodes        | 628       |
|    fps             | 151       |
|    time_elapsed    | 800       |
|    total_timesteps | 121246    |
| train/             |           |
|    actor_loss      | -1.18e+03 |
|    critic_loss     | 1.59e+03  |
|    ent_coef        | 0.464     |
|    ent_coef_loss   | -0.124    |
|    learning_rate   | 0.0003    |
|    n_updates       | 111245    |
----------------------------------
----------------------------------
| rollout/           |           |
|    ep_len_mean     | 205       |
|    ep_rew_mean     | 9.82      |
| time/              |           |
|    episodes        | 632       |
|    fps             | 151       |
|    time_elapsed    | 806       |
|    total_timesteps | 122043    |
| train/             |           |
|    actor_loss      | -1.16e+03 |
|    critic_loss     | 4.52e+03  |
|    ent_coef        | 0.433     |
|    ent_coef_loss   | -0.075    |
|    learning_rate   | 0.0003    |
|    n_updates       | 112042    |
----------------------------------
----------------------------------
| rollout/           |           |
|    ep_len_mean     | 204       |
|    ep_rew_mean     | 9.67      |
| time/              |           |
|    episodes        | 636       |
|    fps             | 151       |
|    time_elapsed    | 811       |
|    total_timesteps | 122822    |
| train/             |           |
|    actor_loss      | -1.17e+03 |
|    critic_loss     | 1.33e+03  |
|    ent_coef        | 0.373     |
|    ent_coef_loss   | 0.247     |
|    learning_rate   | 0.0003    |
|    n_updates       | 112821    |
----------------------------------
----------------------------------
| rollout/           |           |
|    ep_len_mean     | 204       |
|    ep_rew_mean     | 9.6       |
| time/              |           |
|    episodes        | 640       |
|    fps             | 151       |
|    time_elapsed    | 816       |
|    total_timesteps | 123600    |
| train/             |           |
|    actor_loss      | -1.14e+03 |
|    critic_loss     | 2.48e+03  |
|    ent_coef        | 0.358     |
|    ent_coef_loss   | 0.571     |
|    learning_rate   | 0.0003    |
|    n_updates       | 113599    |
----------------------------------
----------------------------------
| rollout/           |           |
|    ep_len_mean     | 203       |
|    ep_rew_mean     | 9.49      |
| time/              |           |
|    episodes        | 644       |
|    fps             | 151       |
|    time_elapsed    | 821       |
|    total_timesteps | 124338    |
| train/             |           |
|    actor_loss      | -1.19e+03 |
|    critic_loss     | 1.29e+03  |
|    ent_coef        | 0.388     |
|    ent_coef_loss   | -0.114    |
|    learning_rate   | 0.0003    |
|    n_updates       | 114337    |
----------------------------------
----------------------------------
| rollout/           |           |
|    ep_len_mean     | 203       |
|    ep_rew_mean     | 9.4       |
| time/              |           |
|    episodes        | 648       |
|    fps             | 151       |
|    time_elapsed    | 827       |
|    total_timesteps | 125128    |
| train/             |           |
|    actor_loss      | -1.15e+03 |
|    critic_loss     | 1.5e+03   |
|    ent_coef        | 0.379     |
|    ent_coef_loss   | 0.178     |
|    learning_rate   | 0.0003    |
|    n_updates       | 115127    |
----------------------------------
---------------------------------
| rollout/           |          |
|    ep_len_mean     | 202      |
|    ep_rew_mean     | 9.37     |
| time/              |          |
|    episodes        | 652      |
|    fps             | 151      |
|    time_elapsed    | 832      |
|    total_timesteps | 125885   |
| train/             |          |
|    actor_loss      | -1.2e+03 |
|    critic_loss     | 1.09e+03 |
|    ent_coef        | 0.404    |
|    ent_coef_loss   | -1.06    |
|    learning_rate   | 0.0003   |
|    n_updates       | 115884   |
---------------------------------
----------------------------------
| rollout/           |           |
|    ep_len_mean     | 203       |
|    ep_rew_mean     | 9.47      |
| time/              |           |
|    episodes        | 656       |
|    fps             | 151       |
|    time_elapsed    | 838       |
|    total_timesteps | 126660    |
| train/             |           |
|    actor_loss      | -1.14e+03 |
|    critic_loss     | 956       |
|    ent_coef        | 0.397     |
|    ent_coef_loss   | -0.514    |
|    learning_rate   | 0.0003    |
|    n_updates       | 116659    |
----------------------------------
----------------------------------
| rollout/           |           |
|    ep_len_mean     | 202       |
|    ep_rew_mean     | 9.41      |
| time/              |           |
|    episodes        | 660       |
|    fps             | 151       |
|    time_elapsed    | 843       |
|    total_timesteps | 127415    |
| train/             |           |
|    actor_loss      | -1.16e+03 |
|    critic_loss     | 1.65e+03  |
|    ent_coef        | 0.386     |
|    ent_coef_loss   | -0.486    |
|    learning_rate   | 0.0003    |
|    n_updates       | 117414    |
----------------------------------
----------------------------------
| rollout/           |           |
|    ep_len_mean     | 202       |
|    ep_rew_mean     | 9.26      |
| time/              |           |
|    episodes        | 664       |
|    fps             | 151       |
|    time_elapsed    | 848       |
|    total_timesteps | 128181    |
| train/             |           |
|    actor_loss      | -1.12e+03 |
|    critic_loss     | 1.66e+03  |
|    ent_coef        | 0.384     |
|    ent_coef_loss   | -0.726    |
|    learning_rate   | 0.0003    |
|    n_updates       | 118180    |
----------------------------------
----------------------------------
| rollout/           |           |
|    ep_len_mean     | 203       |
|    ep_rew_mean     | 9.14      |
| time/              |           |
|    episodes        | 668       |
|    fps             | 151       |
|    time_elapsed    | 853       |
|    total_timesteps | 128987    |
| train/             |           |
|    actor_loss      | -1.16e+03 |
|    critic_loss     | 1.33e+03  |
|    ent_coef        | 0.387     |
|    ent_coef_loss   | 0.741     |
|    learning_rate   | 0.0003    |
|    n_updates       | 118986    |
----------------------------------
----------------------------------
| rollout/           |           |
|    ep_len_mean     | 202       |
|    ep_rew_mean     | 9.09      |
| time/              |           |
|    episodes        | 672       |
|    fps             | 150       |
|    time_elapsed    | 859       |
|    total_timesteps | 129771    |
| train/             |           |
|    actor_loss      | -1.16e+03 |
|    critic_loss     | 2.01e+03  |
|    ent_coef        | 0.383     |
|    ent_coef_loss   | -0.0603   |
|    learning_rate   | 0.0003    |
|    n_updates       | 119770    |
----------------------------------
----------------------------------
| rollout/           |           |
|    ep_len_mean     | 202       |
|    ep_rew_mean     | 9.08      |
| time/              |           |
|    episodes        | 676       |
|    fps             | 150       |
|    time_elapsed    | 864       |
|    total_timesteps | 130593    |
| train/             |           |
|    actor_loss      | -1.15e+03 |
|    critic_loss     | 2.99e+03  |
|    ent_coef        | 0.384     |
|    ent_coef_loss   | -0.773    |
|    learning_rate   | 0.0003    |
|    n_updates       | 120592    |
----------------------------------
----------------------------------
| rollout/           |           |
|    ep_len_mean     | 201       |
|    ep_rew_mean     | 8.97      |
| time/              |           |
|    episodes        | 680       |
|    fps             | 151       |
|    time_elapsed    | 869       |
|    total_timesteps | 131381    |
| train/             |           |
|    actor_loss      | -1.11e+03 |
|    critic_loss     | 1.55e+03  |
|    ent_coef        | 0.377     |
|    ent_coef_loss   | 0.543     |
|    learning_rate   | 0.0003    |
|    n_updates       | 121380    |
----------------------------------
----------------------------------
| rollout/           |           |
|    ep_len_mean     | 200       |
|    ep_rew_mean     | 8.81      |
| time/              |           |
|    episodes        | 684       |
|    fps             | 151       |
|    time_elapsed    | 873       |
|    total_timesteps | 132108    |
| train/             |           |
|    actor_loss      | -1.12e+03 |
|    critic_loss     | 1.25e+03  |
|    ent_coef        | 0.385     |
|    ent_coef_loss   | 0.121     |
|    learning_rate   | 0.0003    |
|    n_updates       | 122107    |
----------------------------------
---------------------------------
| rollout/           |          |
|    ep_len_mean     | 200      |
|    ep_rew_mean     | 8.79     |
| time/              |          |
|    episodes        | 688      |
|    fps             | 151      |
|    time_elapsed    | 878      |
|    total_timesteps | 132924   |
| train/             |          |
|    actor_loss      | -1.1e+03 |
|    critic_loss     | 1.39e+03 |
|    ent_coef        | 0.412    |
|    ent_coef_loss   | -0.00658 |
|    learning_rate   | 0.0003   |
|    n_updates       | 122923   |
---------------------------------
----------------------------------
| rollout/           |           |
|    ep_len_mean     | 199       |
|    ep_rew_mean     | 8.58      |
| time/              |           |
|    episodes        | 692       |
|    fps             | 151       |
|    time_elapsed    | 883       |
|    total_timesteps | 133629    |
| train/             |           |
|    actor_loss      | -1.07e+03 |
|    critic_loss     | 2.64e+03  |
|    ent_coef        | 0.397     |
|    ent_coef_loss   | 1.19      |
|    learning_rate   | 0.0003    |
|    n_updates       | 123628    |
----------------------------------
----------------------------------
| rollout/           |           |
|    ep_len_mean     | 199       |
|    ep_rew_mean     | 8.35      |
| time/              |           |
|    episodes        | 696       |
|    fps             | 151       |
|    time_elapsed    | 887       |
|    total_timesteps | 134373    |
| train/             |           |
|    actor_loss      | -1.12e+03 |
|    critic_loss     | 3.96e+03  |
|    ent_coef        | 0.391     |
|    ent_coef_loss   | 1.54      |
|    learning_rate   | 0.0003    |
|    n_updates       | 124372    |
----------------------------------
----------------------------------
| rollout/           |           |
|    ep_len_mean     | 199       |
|    ep_rew_mean     | 8.28      |
| time/              |           |
|    episodes        | 700       |
|    fps             | 151       |
|    time_elapsed    | 892       |
|    total_timesteps | 135174    |
| train/             |           |
|    actor_loss      | -1.11e+03 |
|    critic_loss     | 1.43e+03  |
|    ent_coef        | 0.43      |
|    ent_coef_loss   | 0.0475    |
|    learning_rate   | 0.0003    |
|    n_updates       | 125173    |
----------------------------------
---------------------------------
| rollout/           |          |
|    ep_len_mean     | 198      |
|    ep_rew_mean     | 7.74     |
| time/              |          |
|    episodes        | 704      |
|    fps             | 151      |
|    time_elapsed    | 897      |
|    total_timesteps | 135949   |
| train/             |          |
|    actor_loss      | -1.1e+03 |
|    critic_loss     | 1.56e+03 |
|    ent_coef        | 0.458    |
|    ent_coef_loss   | 1.34     |
|    learning_rate   | 0.0003   |
|    n_updates       | 125948   |
---------------------------------
----------------------------------
| rollout/           |           |
|    ep_len_mean     | 197       |
|    ep_rew_mean     | 7.35      |
| time/              |           |
|    episodes        | 708       |
|    fps             | 151       |
|    time_elapsed    | 903       |
|    total_timesteps | 136676    |
| train/             |           |
|    actor_loss      | -1.08e+03 |
|    critic_loss     | 1.49e+03  |
|    ent_coef        | 0.465     |
|    ent_coef_loss   | -0.328    |
|    learning_rate   | 0.0003    |
|    n_updates       | 126675    |
----------------------------------
----------------------------------
| rollout/           |           |
|    ep_len_mean     | 196       |
|    ep_rew_mean     | 7.04      |
| time/              |           |
|    episodes        | 712       |
|    fps             | 151       |
|    time_elapsed    | 908       |
|    total_timesteps | 137435    |
| train/             |           |
|    actor_loss      | -1.08e+03 |
|    critic_loss     | 1.42e+03  |
|    ent_coef        | 0.434     |
|    ent_coef_loss   | -0.953    |
|    learning_rate   | 0.0003    |
|    n_updates       | 127434    |
----------------------------------
----------------------------------
| rollout/           |           |
|    ep_len_mean     | 195       |
|    ep_rew_mean     | 6.68      |
| time/              |           |
|    episodes        | 716       |
|    fps             | 151       |
|    time_elapsed    | 913       |
|    total_timesteps | 138201    |
| train/             |           |
|    actor_loss      | -1.07e+03 |
|    critic_loss     | 1.77e+03  |
|    ent_coef        | 0.46      |
|    ent_coef_loss   | 0.513     |
|    learning_rate   | 0.0003    |
|    n_updates       | 128200    |
----------------------------------
----------------------------------
| rollout/           |           |
|    ep_len_mean     | 195       |
|    ep_rew_mean     | 6.22      |
| time/              |           |
|    episodes        | 720       |
|    fps             | 151       |
|    time_elapsed    | 918       |
|    total_timesteps | 138999    |
| train/             |           |
|    actor_loss      | -1.13e+03 |
|    critic_loss     | 2.59e+03  |
|    ent_coef        | 0.444     |
|    ent_coef_loss   | 0.69      |
|    learning_rate   | 0.0003    |
|    n_updates       | 128998    |
----------------------------------
----------------------------------
| rollout/           |           |
|    ep_len_mean     | 193       |
|    ep_rew_mean     | 6.01      |
| time/              |           |
|    episodes        | 724       |
|    fps             | 151       |
|    time_elapsed    | 925       |
|    total_timesteps | 139825    |
| train/             |           |
|    actor_loss      | -1.12e+03 |
|    critic_loss     | 1.61e+03  |
|    ent_coef        | 0.445     |
|    ent_coef_loss   | 1.25      |
|    learning_rate   | 0.0003    |
|    n_updates       | 129824    |
----------------------------------
----------------------------------
| rollout/           |           |
|    ep_len_mean     | 193       |
|    ep_rew_mean     | 6.07      |
| time/              |           |
|    episodes        | 728       |
|    fps             | 151       |
|    time_elapsed    | 929       |
|    total_timesteps | 140537    |
| train/             |           |
|    actor_loss      | -1.09e+03 |
|    critic_loss     | 1.9e+03   |
|    ent_coef        | 0.482     |
|    ent_coef_loss   | -0.438    |
|    learning_rate   | 0.0003    |
|    n_updates       | 130536    |
----------------------------------
---------------------------------
| rollout/           |          |
|    ep_len_mean     | 192      |
|    ep_rew_mean     | 5.85     |
| time/              |          |
|    episodes        | 732      |
|    fps             | 151      |
|    time_elapsed    | 934      |
|    total_timesteps | 141234   |
| train/             |          |
|    actor_loss      | -1.1e+03 |
|    critic_loss     | 1.2e+03  |
|    ent_coef        | 0.49     |
|    ent_coef_loss   | -0.658   |
|    learning_rate   | 0.0003   |
|    n_updates       | 131233   |
---------------------------------
---------------------------------
| rollout/           |          |
|    ep_len_mean     | 190      |
|    ep_rew_mean     | 5.76     |
| time/              |          |
|    episodes        | 736      |
|    fps             | 151      |
|    time_elapsed    | 938      |
|    total_timesteps | 141866   |
| train/             |          |
|    actor_loss      | -1.1e+03 |
|    critic_loss     | 1.51e+03 |
|    ent_coef        | 0.481    |
|    ent_coef_loss   | -0.156   |
|    learning_rate   | 0.0003   |
|    n_updates       | 131865   |
---------------------------------
----------------------------------
| rollout/           |           |
|    ep_len_mean     | 190       |
|    ep_rew_mean     | 5.67      |
| time/              |           |
|    episodes        | 740       |
|    fps             | 151       |
|    time_elapsed    | 942       |
|    total_timesteps | 142550    |
| train/             |           |
|    actor_loss      | -1.07e+03 |
|    critic_loss     | 2.01e+03  |
|    ent_coef        | 0.477     |
|    ent_coef_loss   | -0.809    |
|    learning_rate   | 0.0003    |
|    n_updates       | 132549    |
----------------------------------
----------------------------------
| rollout/           |           |
|    ep_len_mean     | 190       |
|    ep_rew_mean     | 5.73      |
| time/              |           |
|    episodes        | 744       |
|    fps             | 151       |
|    time_elapsed    | 948       |
|    total_timesteps | 143342    |
| train/             |           |
|    actor_loss      | -1.06e+03 |
|    critic_loss     | 2.54e+03  |
|    ent_coef        | 0.456     |
|    ent_coef_loss   | -0.329    |
|    learning_rate   | 0.0003    |
|    n_updates       | 133341    |
----------------------------------
----------------------------------
| rollout/           |           |
|    ep_len_mean     | 190       |
|    ep_rew_mean     | 5.85      |
| time/              |           |
|    episodes        | 748       |
|    fps             | 151       |
|    time_elapsed    | 953       |
|    total_timesteps | 144144    |
| train/             |           |
|    actor_loss      | -1.09e+03 |
|    critic_loss     | 2.4e+03   |
|    ent_coef        | 0.476     |
|    ent_coef_loss   | 0.276     |
|    learning_rate   | 0.0003    |
|    n_updates       | 134143    |
----------------------------------
---------------------------------
| rollout/           |          |
|    ep_len_mean     | 191      |
|    ep_rew_mean     | 6.33     |
| time/              |          |
|    episodes        | 752      |
|    fps             | 151      |
|    time_elapsed    | 959      |
|    total_timesteps | 145010   |
| train/             |          |
|    actor_loss      | -1.1e+03 |
|    critic_loss     | 1.62e+03 |
|    ent_coef        | 0.504    |
|    ent_coef_loss   | -0.71    |
|    learning_rate   | 0.0003   |
|    n_updates       | 135009   |
---------------------------------
----------------------------------
| rollout/           |           |
|    ep_len_mean     | 193       |
|    ep_rew_mean     | 6.56      |
| time/              |           |
|    episodes        | 756       |
|    fps             | 151       |
|    time_elapsed    | 964       |
|    total_timesteps | 145921    |
| train/             |           |
|    actor_loss      | -1.07e+03 |
|    critic_loss     | 1.61e+03  |
|    ent_coef        | 0.501     |
|    ent_coef_loss   | 0.166     |
|    learning_rate   | 0.0003    |
|    n_updates       | 135920    |
----------------------------------
----------------------------------
| rollout/           |           |
|    ep_len_mean     | 194       |
|    ep_rew_mean     | 6.53      |
| time/              |           |
|    episodes        | 760       |
|    fps             | 151       |
|    time_elapsed    | 970       |
|    total_timesteps | 146788    |
| train/             |           |
|    actor_loss      | -1.24e+03 |
|    critic_loss     | 5.99e+03  |
|    ent_coef        | 0.494     |
|    ent_coef_loss   | -0.544    |
|    learning_rate   | 0.0003    |
|    n_updates       | 136787    |
----------------------------------
----------------------------------
| rollout/           |           |
|    ep_len_mean     | 196       |
|    ep_rew_mean     | 7.23      |
| time/              |           |
|    episodes        | 764       |
|    fps             | 151       |
|    time_elapsed    | 976       |
|    total_timesteps | 147813    |
| train/             |           |
|    actor_loss      | -1.12e+03 |
|    critic_loss     | 2.94e+03  |
|    ent_coef        | 0.476     |
|    ent_coef_loss   | -0.252    |
|    learning_rate   | 0.0003    |
|    n_updates       | 137812    |
----------------------------------
---------------------------------
| rollout/           |          |
|    ep_len_mean     | 198      |
|    ep_rew_mean     | 7.84     |
| time/              |          |
|    episodes        | 768      |
|    fps             | 151      |
|    time_elapsed    | 981      |
|    total_timesteps | 148742   |
| train/             |          |
|    actor_loss      | -1.1e+03 |
|    critic_loss     | 1.45e+03 |
|    ent_coef        | 0.418    |
|    ent_coef_loss   | -0.474   |
|    learning_rate   | 0.0003   |
|    n_updates       | 138741   |
---------------------------------
----------------------------------
| rollout/           |           |
|    ep_len_mean     | 199       |
|    ep_rew_mean     | 8.22      |
| time/              |           |
|    episodes        | 772       |
|    fps             | 151       |
|    time_elapsed    | 987       |
|    total_timesteps | 149704    |
| train/             |           |
|    actor_loss      | -1.12e+03 |
|    critic_loss     | 1.1e+03   |
|    ent_coef        | 0.47      |
|    ent_coef_loss   | -0.221    |
|    learning_rate   | 0.0003    |
|    n_updates       | 139703    |
----------------------------------
---------------------------------
| rollout/           |          |
|    ep_len_mean     | 200      |
|    ep_rew_mean     | 8.34     |
| time/              |          |
|    episodes        | 776      |
|    fps             | 151      |
|    time_elapsed    | 992      |
|    total_timesteps | 150569   |
| train/             |          |
|    actor_loss      | -1.1e+03 |
|    critic_loss     | 2.52e+03 |
|    ent_coef        | 0.461    |
|    ent_coef_loss   | 0.254    |
|    learning_rate   | 0.0003   |
|    n_updates       | 140568   |
---------------------------------
----------------------------------
| rollout/           |           |
|    ep_len_mean     | 200       |
|    ep_rew_mean     | 8.28      |
| time/              |           |
|    episodes        | 780       |
|    fps             | 151       |
|    time_elapsed    | 997       |
|    total_timesteps | 151337    |
| train/             |           |
|    actor_loss      | -1.11e+03 |
|    critic_loss     | 1.3e+03   |
|    ent_coef        | 0.431     |
|    ent_coef_loss   | -0.26     |
|    learning_rate   | 0.0003    |
|    n_updates       | 141336    |
----------------------------------
----------------------------------
| rollout/           |           |
|    ep_len_mean     | 200       |
|    ep_rew_mean     | 8.37      |
| time/              |           |
|    episodes        | 784       |
|    fps             | 151       |
|    time_elapsed    | 1001      |
|    total_timesteps | 152110    |
| train/             |           |
|    actor_loss      | -1.12e+03 |
|    critic_loss     | 1.38e+03  |
|    ent_coef        | 0.428     |
|    ent_coef_loss   | -0.647    |
|    learning_rate   | 0.0003    |
|    n_updates       | 142109    |
----------------------------------
----------------------------------
| rollout/           |           |
|    ep_len_mean     | 199       |
|    ep_rew_mean     | 8.3       |
| time/              |           |
|    episodes        | 788       |
|    fps             | 151       |
|    time_elapsed    | 1005      |
|    total_timesteps | 152826    |
| train/             |           |
|    actor_loss      | -1.16e+03 |
|    critic_loss     | 1.9e+03   |
|    ent_coef        | 0.467     |
|    ent_coef_loss   | 0.0804    |
|    learning_rate   | 0.0003    |
|    n_updates       | 142825    |
----------------------------------
----------------------------------
| rollout/           |           |
|    ep_len_mean     | 200       |
|    ep_rew_mean     | 8.5       |
| time/              |           |
|    episodes        | 792       |
|    fps             | 152       |
|    time_elapsed    | 1010      |
|    total_timesteps | 153630    |
| train/             |           |
|    actor_loss      | -1.12e+03 |
|    critic_loss     | 2.15e+03  |
|    ent_coef        | 0.46      |
|    ent_coef_loss   | -0.756    |
|    learning_rate   | 0.0003    |
|    n_updates       | 143629    |
----------------------------------
----------------------------------
| rollout/           |           |
|    ep_len_mean     | 201       |
|    ep_rew_mean     | 8.79      |
| time/              |           |
|    episodes        | 796       |
|    fps             | 152       |
|    time_elapsed    | 1015      |
|    total_timesteps | 154490    |
| train/             |           |
|    actor_loss      | -1.15e+03 |
|    critic_loss     | 2.28e+03  |
|    ent_coef        | 0.459     |
|    ent_coef_loss   | 0.153     |
|    learning_rate   | 0.0003    |
|    n_updates       | 144489    |
----------------------------------
----------------------------------
| rollout/           |           |
|    ep_len_mean     | 200       |
|    ep_rew_mean     | 8.86      |
| time/              |           |
|    episodes        | 800       |
|    fps             | 152       |
|    time_elapsed    | 1019      |
|    total_timesteps | 155218    |
| train/             |           |
|    actor_loss      | -1.23e+03 |
|    critic_loss     | 5.63e+03  |
|    ent_coef        | 0.493     |
|    ent_coef_loss   | 0.557     |
|    learning_rate   | 0.0003    |
|    n_updates       | 145217    |
----------------------------------
----------------------------------
| rollout/           |           |
|    ep_len_mean     | 200       |
|    ep_rew_mean     | 8.98      |
| time/              |           |
|    episodes        | 804       |
|    fps             | 152       |
|    time_elapsed    | 1024      |
|    total_timesteps | 155992    |
| train/             |           |
|    actor_loss      | -1.13e+03 |
|    critic_loss     | 2.36e+03  |
|    ent_coef        | 0.496     |
|    ent_coef_loss   | 0.385     |
|    learning_rate   | 0.0003    |
|    n_updates       | 145991    |
----------------------------------
----------------------------------
| rollout/           |           |
|    ep_len_mean     | 201       |
|    ep_rew_mean     | 8.9       |
| time/              |           |
|    episodes        | 808       |
|    fps             | 152       |
|    time_elapsed    | 1029      |
|    total_timesteps | 156737    |
| train/             |           |
|    actor_loss      | -1.14e+03 |
|    critic_loss     | 2.24e+03  |
|    ent_coef        | 0.491     |
|    ent_coef_loss   | -0.25     |
|    learning_rate   | 0.0003    |
|    n_updates       | 146736    |
----------------------------------
----------------------------------
| rollout/           |           |
|    ep_len_mean     | 200       |
|    ep_rew_mean     | 8.87      |
| time/              |           |
|    episodes        | 812       |
|    fps             | 152       |
|    time_elapsed    | 1033      |
|    total_timesteps | 157466    |
| train/             |           |
|    actor_loss      | -1.16e+03 |
|    critic_loss     | 2.91e+03  |
|    ent_coef        | 0.491     |
|    ent_coef_loss   | 0.738     |
|    learning_rate   | 0.0003    |
|    n_updates       | 147465    |
----------------------------------
----------------------------------
| rollout/           |           |
|    ep_len_mean     | 200       |
|    ep_rew_mean     | 8.75      |
| time/              |           |
|    episodes        | 816       |
|    fps             | 152       |
|    time_elapsed    | 1038      |
|    total_timesteps | 158161    |
| train/             |           |
|    actor_loss      | -1.15e+03 |
|    critic_loss     | 1.91e+03  |
|    ent_coef        | 0.527     |
|    ent_coef_loss   | 0.195     |
|    learning_rate   | 0.0003    |
|    n_updates       | 148160    |
----------------------------------
----------------------------------
| rollout/           |           |
|    ep_len_mean     | 200       |
|    ep_rew_mean     | 9.01      |
| time/              |           |
|    episodes        | 820       |
|    fps             | 152       |
|    time_elapsed    | 1044      |
|    total_timesteps | 158966    |
| train/             |           |
|    actor_loss      | -1.12e+03 |
|    critic_loss     | 2.02e+03  |
|    ent_coef        | 0.53      |
|    ent_coef_loss   | -0.203    |
|    learning_rate   | 0.0003    |
|    n_updates       | 148965    |
----------------------------------
----------------------------------
| rollout/           |           |
|    ep_len_mean     | 199       |
|    ep_rew_mean     | 9.04      |
| time/              |           |
|    episodes        | 824       |
|    fps             | 152       |
|    time_elapsed    | 1049      |
|    total_timesteps | 159701    |
| train/             |           |
|    actor_loss      | -1.11e+03 |
|    critic_loss     | 2.57e+03  |
|    ent_coef        | 0.514     |
|    ent_coef_loss   | -0.63     |
|    learning_rate   | 0.0003    |
|    n_updates       | 149700    |
----------------------------------
----------------------------------
| rollout/           |           |
|    ep_len_mean     | 200       |
|    ep_rew_mean     | 9.11      |
| time/              |           |
|    episodes        | 828       |
|    fps             | 152       |
|    time_elapsed    | 1056      |
|    total_timesteps | 160552    |
| train/             |           |
|    actor_loss      | -1.16e+03 |
|    critic_loss     | 1.73e+03  |
|    ent_coef        | 0.546     |
|    ent_coef_loss   | 0.545     |
|    learning_rate   | 0.0003    |
|    n_updates       | 150551    |
----------------------------------
----------------------------------
| rollout/           |           |
|    ep_len_mean     | 201       |
|    ep_rew_mean     | 9.21      |
| time/              |           |
|    episodes        | 832       |
|    fps             | 151       |
|    time_elapsed    | 1063      |
|    total_timesteps | 161340    |
| train/             |           |
|    actor_loss      | -1.16e+03 |
|    critic_loss     | 2.2e+03   |
|    ent_coef        | 0.541     |
|    ent_coef_loss   | 0.472     |
|    learning_rate   | 0.0003    |
|    n_updates       | 151339    |
----------------------------------
----------------------------------
| rollout/           |           |
|    ep_len_mean     | 203       |
|    ep_rew_mean     | 9.38      |
| time/              |           |
|    episodes        | 836       |
|    fps             | 151       |
|    time_elapsed    | 1070      |
|    total_timesteps | 162140    |
| train/             |           |
|    actor_loss      | -1.13e+03 |
|    critic_loss     | 2.29e+03  |
|    ent_coef        | 0.5       |
|    ent_coef_loss   | 0.0859    |
|    learning_rate   | 0.0003    |
|    n_updates       | 152139    |
----------------------------------
----------------------------------
| rollout/           |           |
|    ep_len_mean     | 203       |
|    ep_rew_mean     | 9.49      |
| time/              |           |
|    episodes        | 840       |
|    fps             | 151       |
|    time_elapsed    | 1076      |
|    total_timesteps | 162881    |
| train/             |           |
|    actor_loss      | -1.18e+03 |
|    critic_loss     | 1.52e+03  |
|    ent_coef        | 0.516     |
|    ent_coef_loss   | -0.206    |
|    learning_rate   | 0.0003    |
|    n_updates       | 152880    |
----------------------------------
----------------------------------
| rollout/           |           |
|    ep_len_mean     | 203       |
|    ep_rew_mean     | 9.59      |
| time/              |           |
|    episodes        | 844       |
|    fps             | 151       |
|    time_elapsed    | 1082      |
|    total_timesteps | 163684    |
| train/             |           |
|    actor_loss      | -1.13e+03 |
|    critic_loss     | 3.43e+03  |
|    ent_coef        | 0.497     |
|    ent_coef_loss   | 0.185     |
|    learning_rate   | 0.0003    |
|    n_updates       | 153683    |
----------------------------------
----------------------------------
| rollout/           |           |
|    ep_len_mean     | 204       |
|    ep_rew_mean     | 9.91      |
| time/              |           |
|    episodes        | 848       |
|    fps             | 151       |
|    time_elapsed    | 1088      |
|    total_timesteps | 164510    |
| train/             |           |
|    actor_loss      | -1.18e+03 |
|    critic_loss     | 2.12e+03  |
|    ent_coef        | 0.559     |
|    ent_coef_loss   | -0.0807   |
|    learning_rate   | 0.0003    |
|    n_updates       | 154509    |
----------------------------------
---------------------------------
| rollout/           |          |
|    ep_len_mean     | 203      |
|    ep_rew_mean     | 9.77     |
| time/              |          |
|    episodes        | 852      |
|    fps             | 151      |
|    time_elapsed    | 1094     |
|    total_timesteps | 165282   |
| train/             |          |
|    actor_loss      | -1.2e+03 |
|    critic_loss     | 2.61e+03 |
|    ent_coef        | 0.526    |
|    ent_coef_loss   | 0.292    |
|    learning_rate   | 0.0003   |
|    n_updates       | 155281   |
---------------------------------
----------------------------------
| rollout/           |           |
|    ep_len_mean     | 203       |
|    ep_rew_mean     | 9.79      |
| time/              |           |
|    episodes        | 856       |
|    fps             | 150       |
|    time_elapsed    | 1101      |
|    total_timesteps | 166249    |
| train/             |           |
|    actor_loss      | -1.19e+03 |
|    critic_loss     | 2.03e+03  |
|    ent_coef        | 0.55      |
|    ent_coef_loss   | 0.208     |
|    learning_rate   | 0.0003    |
|    n_updates       | 156248    |
----------------------------------
----------------------------------
| rollout/           |           |
|    ep_len_mean     | 203       |
|    ep_rew_mean     | 9.86      |
| time/              |           |
|    episodes        | 860       |
|    fps             | 150       |
|    time_elapsed    | 1107      |
|    total_timesteps | 167088    |
| train/             |           |
|    actor_loss      | -1.19e+03 |
|    critic_loss     | 2.99e+03  |
|    ent_coef        | 0.508     |
|    ent_coef_loss   | -0.195    |
|    learning_rate   | 0.0003    |
|    n_updates       | 157087    |
----------------------------------
----------------------------------
| rollout/           |           |
|    ep_len_mean     | 201       |
|    ep_rew_mean     | 9.23      |
| time/              |           |
|    episodes        | 864       |
|    fps             | 150       |
|    time_elapsed    | 1112      |
|    total_timesteps | 167908    |
| train/             |           |
|    actor_loss      | -1.18e+03 |
|    critic_loss     | 3.24e+03  |
|    ent_coef        | 0.535     |
|    ent_coef_loss   | -0.862    |
|    learning_rate   | 0.0003    |
|    n_updates       | 157907    |
----------------------------------
----------------------------------
| rollout/           |           |
|    ep_len_mean     | 200       |
|    ep_rew_mean     | 8.58      |
| time/              |           |
|    episodes        | 868       |
|    fps             | 150       |
|    time_elapsed    | 1118      |
|    total_timesteps | 168710    |
| train/             |           |
|    actor_loss      | -1.12e+03 |
|    critic_loss     | 4.15e+03  |
|    ent_coef        | 0.474     |
|    ent_coef_loss   | -0.276    |
|    learning_rate   | 0.0003    |
|    n_updates       | 158709    |
----------------------------------
----------------------------------
| rollout/           |           |
|    ep_len_mean     | 198       |
|    ep_rew_mean     | 8.06      |
| time/              |           |
|    episodes        | 872       |
|    fps             | 150       |
|    time_elapsed    | 1123      |
|    total_timesteps | 169493    |
| train/             |           |
|    actor_loss      | -1.17e+03 |
|    critic_loss     | 2.26e+03  |
|    ent_coef        | 0.473     |
|    ent_coef_loss   | 1.59      |
|    learning_rate   | 0.0003    |
|    n_updates       | 159492    |
----------------------------------
---------------------------------
| rollout/           |          |
|    ep_len_mean     | 197      |
|    ep_rew_mean     | 7.91     |
| time/              |          |
|    episodes        | 876      |
|    fps             | 150      |
|    time_elapsed    | 1128     |
|    total_timesteps | 170303   |
| train/             |          |
|    actor_loss      | -1.2e+03 |
|    critic_loss     | 2.14e+03 |
|    ent_coef        | 0.515    |
|    ent_coef_loss   | -0.149   |
|    learning_rate   | 0.0003   |
|    n_updates       | 160302   |
---------------------------------
---------------------------------
| rollout/           |          |
|    ep_len_mean     | 198      |
|    ep_rew_mean     | 7.85     |
| time/              |          |
|    episodes        | 880      |
|    fps             | 150      |
|    time_elapsed    | 1133     |
|    total_timesteps | 171099   |
| train/             |          |
|    actor_loss      | -1.2e+03 |
|    critic_loss     | 1.81e+03 |
|    ent_coef        | 0.462    |
|    ent_coef_loss   | -1.1     |
|    learning_rate   | 0.0003   |
|    n_updates       | 161098   |
---------------------------------
---------------------------------
| rollout/           |          |
|    ep_len_mean     | 197      |
|    ep_rew_mean     | 7.84     |
| time/              |          |
|    episodes        | 884      |
|    fps             | 151      |
|    time_elapsed    | 1137     |
|    total_timesteps | 171824   |
| train/             |          |
|    actor_loss      | -1.2e+03 |
|    critic_loss     | 1.84e+03 |
|    ent_coef        | 0.461    |
|    ent_coef_loss   | -0.367   |
|    learning_rate   | 0.0003   |
|    n_updates       | 161823   |
---------------------------------
----------------------------------
| rollout/           |           |
|    ep_len_mean     | 198       |
|    ep_rew_mean     | 7.9       |
| time/              |           |
|    episodes        | 888       |
|    fps             | 151       |
|    time_elapsed    | 1142      |
|    total_timesteps | 172624    |
| train/             |           |
|    actor_loss      | -1.23e+03 |
|    critic_loss     | 2.6e+03   |
|    ent_coef        | 0.463     |
|    ent_coef_loss   | 0.397     |
|    learning_rate   | 0.0003    |
|    n_updates       | 162623    |
----------------------------------
----------------------------------
| rollout/           |           |
|    ep_len_mean     | 197       |
|    ep_rew_mean     | 7.79      |
| time/              |           |
|    episodes        | 892       |
|    fps             | 151       |
|    time_elapsed    | 1146      |
|    total_timesteps | 173367    |
| train/             |           |
|    actor_loss      | -1.17e+03 |
|    critic_loss     | 2.34e+03  |
|    ent_coef        | 0.446     |
|    ent_coef_loss   | -0.395    |
|    learning_rate   | 0.0003    |
|    n_updates       | 163366    |
----------------------------------
----------------------------------
| rollout/           |           |
|    ep_len_mean     | 196       |
|    ep_rew_mean     | 7.5       |
| time/              |           |
|    episodes        | 896       |
|    fps             | 151       |
|    time_elapsed    | 1151      |
|    total_timesteps | 174125    |
| train/             |           |
|    actor_loss      | -1.31e+03 |
|    critic_loss     | 5.61e+06  |
|    ent_coef        | 0.437     |
|    ent_coef_loss   | 0.276     |
|    learning_rate   | 0.0003    |
|    n_updates       | 164124    |
----------------------------------
---------------------------------
| rollout/           |          |
|    ep_len_mean     | 197      |
|    ep_rew_mean     | 7.4      |
| time/              |          |
|    episodes        | 900      |
|    fps             | 151      |
|    time_elapsed    | 1155     |
|    total_timesteps | 174878   |
| train/             |          |
|    actor_loss      | -1.3e+03 |
|    critic_loss     | 1.1e+04  |
|    ent_coef        | 0.459    |
|    ent_coef_loss   | 2.69     |
|    learning_rate   | 0.0003   |
|    n_updates       | 164877   |
---------------------------------
----------------------------------
| rollout/           |           |
|    ep_len_mean     | 197       |
|    ep_rew_mean     | 7.31      |
| time/              |           |
|    episodes        | 904       |
|    fps             | 151       |
|    time_elapsed    | 1160      |
|    total_timesteps | 175656    |
| train/             |           |
|    actor_loss      | -1.14e+03 |
|    critic_loss     | 4.32e+03  |
|    ent_coef        | 0.448     |
|    ent_coef_loss   | 1.56      |
|    learning_rate   | 0.0003    |
|    n_updates       | 165655    |
----------------------------------
----------------------------------
| rollout/           |           |
|    ep_len_mean     | 197       |
|    ep_rew_mean     | 7.33      |
| time/              |           |
|    episodes        | 908       |
|    fps             | 151       |
|    time_elapsed    | 1165      |
|    total_timesteps | 176471    |
| train/             |           |
|    actor_loss      | -1.35e+03 |
|    critic_loss     | 1.09e+04  |
|    ent_coef        | 0.478     |
|    ent_coef_loss   | 0.226     |
|    learning_rate   | 0.0003    |
|    n_updates       | 166470    |
----------------------------------
----------------------------------
| rollout/           |           |
|    ep_len_mean     | 198       |
|    ep_rew_mean     | 7.42      |
| time/              |           |
|    episodes        | 912       |
|    fps             | 151       |
|    time_elapsed    | 1170      |
|    total_timesteps | 177297    |
| train/             |           |
|    actor_loss      | -1.17e+03 |
|    critic_loss     | 2.41e+03  |
|    ent_coef        | 0.495     |
|    ent_coef_loss   | -0.389    |
|    learning_rate   | 0.0003    |
|    n_updates       | 167296    |
----------------------------------
----------------------------------
| rollout/           |           |
|    ep_len_mean     | 200       |
|    ep_rew_mean     | 7.7       |
| time/              |           |
|    episodes        | 916       |
|    fps             | 151       |
|    time_elapsed    | 1175      |
|    total_timesteps | 178167    |
| train/             |           |
|    actor_loss      | -1.18e+03 |
|    critic_loss     | 1.51e+03  |
|    ent_coef        | 0.412     |
|    ent_coef_loss   | -0.276    |
|    learning_rate   | 0.0003    |
|    n_updates       | 168166    |
----------------------------------
----------------------------------
| rollout/           |           |
|    ep_len_mean     | 200       |
|    ep_rew_mean     | 7.55      |
| time/              |           |
|    episodes        | 920       |
|    fps             | 151       |
|    time_elapsed    | 1180      |
|    total_timesteps | 179005    |
| train/             |           |
|    actor_loss      | -1.19e+03 |
|    critic_loss     | 1.7e+03   |
|    ent_coef        | 0.45      |
|    ent_coef_loss   | -0.526    |
|    learning_rate   | 0.0003    |
|    n_updates       | 169004    |
----------------------------------
----------------------------------
| rollout/           |           |
|    ep_len_mean     | 202       |
|    ep_rew_mean     | 7.83      |
| time/              |           |
|    episodes        | 924       |
|    fps             | 151       |
|    time_elapsed    | 1186      |
|    total_timesteps | 179890    |
| train/             |           |
|    actor_loss      | -1.16e+03 |
|    critic_loss     | 1.85e+03  |
|    ent_coef        | 0.425     |
|    ent_coef_loss   | -2.08     |
|    learning_rate   | 0.0003    |
|    n_updates       | 169889    |
----------------------------------
----------------------------------
| rollout/           |           |
|    ep_len_mean     | 202       |
|    ep_rew_mean     | 8.01      |
| time/              |           |
|    episodes        | 928       |
|    fps             | 151       |
|    time_elapsed    | 1191      |
|    total_timesteps | 180785    |
| train/             |           |
|    actor_loss      | -1.14e+03 |
|    critic_loss     | 1.87e+03  |
|    ent_coef        | 0.438     |
|    ent_coef_loss   | -0.188    |
|    learning_rate   | 0.0003    |
|    n_updates       | 170784    |
----------------------------------
----------------------------------
| rollout/           |           |
|    ep_len_mean     | 203       |
|    ep_rew_mean     | 8.29      |
| time/              |           |
|    episodes        | 932       |
|    fps             | 151       |
|    time_elapsed    | 1196      |
|    total_timesteps | 181671    |
| train/             |           |
|    actor_loss      | -1.48e+03 |
|    critic_loss     | 1.86e+03  |
|    ent_coef        | 0.435     |
|    ent_coef_loss   | 0.00938   |
|    learning_rate   | 0.0003    |
|    n_updates       | 171670    |
----------------------------------
----------------------------------
| rollout/           |           |
|    ep_len_mean     | 204       |
|    ep_rew_mean     | 8.34      |
| time/              |           |
|    episodes        | 936       |
|    fps             | 151       |
|    time_elapsed    | 1201      |
|    total_timesteps | 182511    |
| train/             |           |
|    actor_loss      | -1.08e+03 |
|    critic_loss     | 2.38e+03  |
|    ent_coef        | 0.426     |
|    ent_coef_loss   | 0.709     |
|    learning_rate   | 0.0003    |
|    n_updates       | 172510    |
----------------------------------
----------------------------------
| rollout/           |           |
|    ep_len_mean     | 204       |
|    ep_rew_mean     | 8.34      |
| time/              |           |
|    episodes        | 940       |
|    fps             | 151       |
|    time_elapsed    | 1206      |
|    total_timesteps | 183257    |
| train/             |           |
|    actor_loss      | -1.16e+03 |
|    critic_loss     | 1.43e+03  |
|    ent_coef        | 0.479     |
|    ent_coef_loss   | 0.103     |
|    learning_rate   | 0.0003    |
|    n_updates       | 173256    |
----------------------------------
----------------------------------
| rollout/           |           |
|    ep_len_mean     | 204       |
|    ep_rew_mean     | 8.42      |
| time/              |           |
|    episodes        | 944       |
|    fps             | 151       |
|    time_elapsed    | 1211      |
|    total_timesteps | 184088    |
| train/             |           |
|    actor_loss      | -1.11e+03 |
|    critic_loss     | 1.71e+03  |
|    ent_coef        | 0.493     |
|    ent_coef_loss   | 0.328     |
|    learning_rate   | 0.0003    |
|    n_updates       | 174087    |
----------------------------------
---------------------------------
| rollout/           |          |
|    ep_len_mean     | 204      |
|    ep_rew_mean     | 7.98     |
| time/              |          |
|    episodes        | 948      |
|    fps             | 151      |
|    time_elapsed    | 1216     |
|    total_timesteps | 184887   |
| train/             |          |
|    actor_loss      | -1.1e+03 |
|    critic_loss     | 2.03e+03 |
|    ent_coef        | 0.471    |
|    ent_coef_loss   | 0.387    |
|    learning_rate   | 0.0003   |
|    n_updates       | 174886   |
---------------------------------
----------------------------------
| rollout/           |           |
|    ep_len_mean     | 205       |
|    ep_rew_mean     | 7.8       |
| time/              |           |
|    episodes        | 952       |
|    fps             | 151       |
|    time_elapsed    | 1223      |
|    total_timesteps | 185745    |
| train/             |           |
|    actor_loss      | -1.12e+03 |
|    critic_loss     | 2.76e+03  |
|    ent_coef        | 0.458     |
|    ent_coef_loss   | 0.124     |
|    learning_rate   | 0.0003    |
|    n_updates       | 175744    |
----------------------------------
----------------------------------
| rollout/           |           |
|    ep_len_mean     | 203       |
|    ep_rew_mean     | 7.54      |
| time/              |           |
|    episodes        | 956       |
|    fps             | 151       |
|    time_elapsed    | 1227      |
|    total_timesteps | 186528    |
| train/             |           |
|    actor_loss      | -1.27e+03 |
|    critic_loss     | 2.06e+03  |
|    ent_coef        | 0.419     |
|    ent_coef_loss   | -0.596    |
|    learning_rate   | 0.0003    |
|    n_updates       | 176527    |
----------------------------------
----------------------------------
| rollout/           |           |
|    ep_len_mean     | 204       |
|    ep_rew_mean     | 7.81      |
| time/              |           |
|    episodes        | 960       |
|    fps             | 151       |
|    time_elapsed    | 1233      |
|    total_timesteps | 187471    |
| train/             |           |
|    actor_loss      | -1.24e+03 |
|    critic_loss     | 2.33e+03  |
|    ent_coef        | 0.429     |
|    ent_coef_loss   | -0.562    |
|    learning_rate   | 0.0003    |
|    n_updates       | 177470    |
----------------------------------
----------------------------------
| rollout/           |           |
|    ep_len_mean     | 205       |
|    ep_rew_mean     | 8.2       |
| time/              |           |
|    episodes        | 964       |
|    fps             | 152       |
|    time_elapsed    | 1238      |
|    total_timesteps | 188395    |
| train/             |           |
|    actor_loss      | -1.09e+03 |
|    critic_loss     | 2.37e+03  |
|    ent_coef        | 0.417     |
|    ent_coef_loss   | -0.758    |
|    learning_rate   | 0.0003    |
|    n_updates       | 178394    |
----------------------------------
----------------------------------
| rollout/           |           |
|    ep_len_mean     | 205       |
|    ep_rew_mean     | 8.26      |
| time/              |           |
|    episodes        | 968       |
|    fps             | 152       |
|    time_elapsed    | 1243      |
|    total_timesteps | 189253    |
| train/             |           |
|    actor_loss      | -1.09e+03 |
|    critic_loss     | 6.31e+03  |
|    ent_coef        | 0.42      |
|    ent_coef_loss   | 0.415     |
|    learning_rate   | 0.0003    |
|    n_updates       | 179252    |
----------------------------------
----------------------------------
| rollout/           |           |
|    ep_len_mean     | 206       |
|    ep_rew_mean     | 8.36      |
| time/              |           |
|    episodes        | 972       |
|    fps             | 152       |
|    time_elapsed    | 1248      |
|    total_timesteps | 190101    |
| train/             |           |
|    actor_loss      | -1.09e+03 |
|    critic_loss     | 1.45e+03  |
|    ent_coef        | 0.438     |
|    ent_coef_loss   | 0.307     |
|    learning_rate   | 0.0003    |
|    n_updates       | 180100    |
----------------------------------
---------------------------------
| rollout/           |          |
|    ep_len_mean     | 207      |
|    ep_rew_mean     | 8.31     |
| time/              |          |
|    episodes        | 976      |
|    fps             | 152      |
|    time_elapsed    | 1254     |
|    total_timesteps | 190968   |
| train/             |          |
|    actor_loss      | -1e+03   |
|    critic_loss     | 2.92e+03 |
|    ent_coef        | 0.449    |
|    ent_coef_loss   | 0.0826   |
|    learning_rate   | 0.0003   |
|    n_updates       | 180967   |
---------------------------------
----------------------------------
| rollout/           |           |
|    ep_len_mean     | 207       |
|    ep_rew_mean     | 8.4       |
| time/              |           |
|    episodes        | 980       |
|    fps             | 152       |
|    time_elapsed    | 1258      |
|    total_timesteps | 191764    |
| train/             |           |
|    actor_loss      | -1.19e+03 |
|    critic_loss     | 2.74e+03  |
|    ent_coef        | 0.439     |
|    ent_coef_loss   | 0.638     |
|    learning_rate   | 0.0003    |
|    n_updates       | 181763    |
----------------------------------
---------------------------------
| rollout/           |          |
|    ep_len_mean     | 207      |
|    ep_rew_mean     | 8.48     |
| time/              |          |
|    episodes        | 984      |
|    fps             | 152      |
|    time_elapsed    | 1263     |
|    total_timesteps | 192552   |
| train/             |          |
|    actor_loss      | -989     |
|    critic_loss     | 2.29e+03 |
|    ent_coef        | 0.441    |
|    ent_coef_loss   | 0.0678   |
|    learning_rate   | 0.0003   |
|    n_updates       | 182551   |
---------------------------------
----------------------------------
| rollout/           |           |
|    ep_len_mean     | 208       |
|    ep_rew_mean     | 8.73      |
| time/              |           |
|    episodes        | 988       |
|    fps             | 152       |
|    time_elapsed    | 1268      |
|    total_timesteps | 193445    |
| train/             |           |
|    actor_loss      | -1.15e+03 |
|    critic_loss     | 1.6e+03   |
|    ent_coef        | 0.418     |
|    ent_coef_loss   | 0.483     |
|    learning_rate   | 0.0003    |
|    n_updates       | 183444    |
----------------------------------
----------------------------------
| rollout/           |           |
|    ep_len_mean     | 208       |
|    ep_rew_mean     | 8.82      |
| time/              |           |
|    episodes        | 992       |
|    fps             | 152       |
|    time_elapsed    | 1272      |
|    total_timesteps | 194200    |
| train/             |           |
|    actor_loss      | -1.02e+03 |
|    critic_loss     | 1.4e+03   |
|    ent_coef        | 0.404     |
|    ent_coef_loss   | -0.74     |
|    learning_rate   | 0.0003    |
|    n_updates       | 184199    |
----------------------------------
----------------------------------
| rollout/           |           |
|    ep_len_mean     | 209       |
|    ep_rew_mean     | 9         |
| time/              |           |
|    episodes        | 996       |
|    fps             | 152       |
|    time_elapsed    | 1277      |
|    total_timesteps | 195052    |
| train/             |           |
|    actor_loss      | -1.14e+03 |
|    critic_loss     | 1.47e+03  |
|    ent_coef        | 0.363     |
|    ent_coef_loss   | -0.846    |
|    learning_rate   | 0.0003    |
|    n_updates       | 185051    |
----------------------------------
---------------------------------
| rollout/           |          |
|    ep_len_mean     | 209      |
|    ep_rew_mean     | 9.04     |
| time/              |          |
|    episodes        | 1000     |
|    fps             | 152      |
|    time_elapsed    | 1282     |
|    total_timesteps | 195797   |
| train/             |          |
|    actor_loss      | -955     |
|    critic_loss     | 1.44e+03 |
|    ent_coef        | 0.336    |
|    ent_coef_loss   | -0.00492 |
|    learning_rate   | 0.0003   |
|    n_updates       | 185796   |
---------------------------------
---------------------------------
| rollout/           |          |
|    ep_len_mean     | 209      |
|    ep_rew_mean     | 8.99     |
| time/              |          |
|    episodes        | 1004     |
|    fps             | 152      |
|    time_elapsed    | 1286     |
|    total_timesteps | 196592   |
| train/             |          |
|    actor_loss      | -965     |
|    critic_loss     | 1.38e+03 |
|    ent_coef        | 0.318    |
|    ent_coef_loss   | -2.35    |
|    learning_rate   | 0.0003   |
|    n_updates       | 186591   |
---------------------------------
---------------------------------
| rollout/           |          |
|    ep_len_mean     | 208      |
|    ep_rew_mean     | 8.9      |
| time/              |          |
|    episodes        | 1008     |
|    fps             | 152      |
|    time_elapsed    | 1290     |
|    total_timesteps | 197302   |
| train/             |          |
|    actor_loss      | -954     |
|    critic_loss     | 753      |
|    ent_coef        | 0.316    |
|    ent_coef_loss   | -2.28    |
|    learning_rate   | 0.0003   |
|    n_updates       | 187301   |
---------------------------------
---------------------------------
| rollout/           |          |
|    ep_len_mean     | 208      |
|    ep_rew_mean     | 8.71     |
| time/              |          |
|    episodes        | 1012     |
|    fps             | 152      |
|    time_elapsed    | 1295     |
|    total_timesteps | 198052   |
| train/             |          |
|    actor_loss      | -929     |
|    critic_loss     | 908      |
|    ent_coef        | 0.317    |
|    ent_coef_loss   | 0.244    |
|    learning_rate   | 0.0003   |
|    n_updates       | 188051   |
---------------------------------
---------------------------------
| rollout/           |          |
|    ep_len_mean     | 207      |
|    ep_rew_mean     | 8.68     |
| time/              |          |
|    episodes        | 1016     |
|    fps             | 152      |
|    time_elapsed    | 1300     |
|    total_timesteps | 198895   |
| train/             |          |
|    actor_loss      | -924     |
|    critic_loss     | 1.51e+03 |
|    ent_coef        | 0.345    |
|    ent_coef_loss   | -0.11    |
|    learning_rate   | 0.0003   |
|    n_updates       | 188894   |
---------------------------------
---------------------------------
| rollout/           |          |
|    ep_len_mean     | 206      |
|    ep_rew_mean     | 8.56     |
| time/              |          |
|    episodes        | 1020     |
|    fps             | 153      |
|    time_elapsed    | 1304     |
|    total_timesteps | 199600   |
| train/             |          |
|    actor_loss      | -935     |
|    critic_loss     | 877      |
|    ent_coef        | 0.334    |
|    ent_coef_loss   | -0.3     |
|    learning_rate   | 0.0003   |
|    n_updates       | 189599   |
---------------------------------
----------------------------------
| rollout/           |           |
|    ep_len_mean     | 205       |
|    ep_rew_mean     | 8.33      |
| time/              |           |
|    episodes        | 1024      |
|    fps             | 153       |
|    time_elapsed    | 1308      |
|    total_timesteps | 200410    |
| train/             |           |
|    actor_loss      | -1.07e+03 |
|    critic_loss     | 1.11e+03  |
|    ent_coef        | 0.314     |
|    ent_coef_loss   | -0.467    |
|    learning_rate   | 0.0003    |
|    n_updates       | 190409    |
----------------------------------
---------------------------------
| rollout/           |          |
|    ep_len_mean     | 204      |
|    ep_rew_mean     | 8.1      |
| time/              |          |
|    episodes        | 1028     |
|    fps             | 153      |
|    time_elapsed    | 1313     |
|    total_timesteps | 201206   |
| train/             |          |
|    actor_loss      | -862     |
|    critic_loss     | 1.44e+03 |
|    ent_coef        | 0.307    |
|    ent_coef_loss   | 0.116    |
|    learning_rate   | 0.0003   |
|    n_updates       | 191205   |
---------------------------------
---------------------------------
| rollout/           |          |
|    ep_len_mean     | 203      |
|    ep_rew_mean     | 7.91     |
| time/              |          |
|    episodes        | 1032     |
|    fps             | 153      |
|    time_elapsed    | 1317     |
|    total_timesteps | 202000   |
| train/             |          |
|    actor_loss      | -884     |
|    critic_loss     | 1.07e+03 |
|    ent_coef        | 0.29     |
|    ent_coef_loss   | -1.49    |
|    learning_rate   | 0.0003   |
|    n_updates       | 191999   |
---------------------------------
---------------------------------
| rollout/           |          |
|    ep_len_mean     | 204      |
|    ep_rew_mean     | 7.87     |
| time/              |          |
|    episodes        | 1036     |
|    fps             | 153      |
|    time_elapsed    | 1322     |
|    total_timesteps | 202872   |
| train/             |          |
|    actor_loss      | -853     |
|    critic_loss     | 749      |
|    ent_coef        | 0.287    |
|    ent_coef_loss   | 1.51     |
|    learning_rate   | 0.0003   |
|    n_updates       | 192871   |
---------------------------------
---------------------------------
| rollout/           |          |
|    ep_len_mean     | 205      |
|    ep_rew_mean     | 7.92     |
| time/              |          |
|    episodes        | 1040     |
|    fps             | 153      |
|    time_elapsed    | 1327     |
|    total_timesteps | 203728   |
| train/             |          |
|    actor_loss      | -825     |
|    critic_loss     | 1.87e+03 |
|    ent_coef        | 0.311    |
|    ent_coef_loss   | 0.429    |
|    learning_rate   | 0.0003   |
|    n_updates       | 193727   |
---------------------------------
---------------------------------
| rollout/           |          |
|    ep_len_mean     | 205      |
|    ep_rew_mean     | 7.88     |
| time/              |          |
|    episodes        | 1044     |
|    fps             | 153      |
|    time_elapsed    | 1332     |
|    total_timesteps | 204571   |
| train/             |          |
|    actor_loss      | -827     |
|    critic_loss     | 1.2e+03  |
|    ent_coef        | 0.313    |
|    ent_coef_loss   | 0.269    |
|    learning_rate   | 0.0003   |
|    n_updates       | 194570   |
---------------------------------
---------------------------------
| rollout/           |          |
|    ep_len_mean     | 205      |
|    ep_rew_mean     | 7.86     |
| time/              |          |
|    episodes        | 1048     |
|    fps             | 153      |
|    time_elapsed    | 1337     |
|    total_timesteps | 205368   |
| train/             |          |
|    actor_loss      | -799     |
|    critic_loss     | 1.54e+03 |
|    ent_coef        | 0.337    |
|    ent_coef_loss   | 1.02     |
|    learning_rate   | 0.0003   |
|    n_updates       | 195367   |
---------------------------------
---------------------------------
| rollout/           |          |
|    ep_len_mean     | 204      |
|    ep_rew_mean     | 7.84     |
| time/              |          |
|    episodes        | 1052     |
|    fps             | 153      |
|    time_elapsed    | 1341     |
|    total_timesteps | 206189   |
| train/             |          |
|    actor_loss      | -808     |
|    critic_loss     | 1.05e+03 |
|    ent_coef        | 0.337    |
|    ent_coef_loss   | -0.373   |
|    learning_rate   | 0.0003   |
|    n_updates       | 196188   |
---------------------------------
---------------------------------
| rollout/           |          |
|    ep_len_mean     | 206      |
|    ep_rew_mean     | 8.04     |
| time/              |          |
|    episodes        | 1056     |
|    fps             | 153      |
|    time_elapsed    | 1347     |
|    total_timesteps | 207117   |
| train/             |          |
|    actor_loss      | -835     |
|    critic_loss     | 847      |
|    ent_coef        | 0.322    |
|    ent_coef_loss   | -0.56    |
|    learning_rate   | 0.0003   |
|    n_updates       | 197116   |
---------------------------------
---------------------------------
| rollout/           |          |
|    ep_len_mean     | 206      |
|    ep_rew_mean     | 8.06     |
| time/              |          |
|    episodes        | 1060     |
|    fps             | 153      |
|    time_elapsed    | 1352     |
|    total_timesteps | 208103   |
| train/             |          |
|    actor_loss      | -798     |
|    critic_loss     | 974      |
|    ent_coef        | 0.31     |
|    ent_coef_loss   | 0.164    |
|    learning_rate   | 0.0003   |
|    n_updates       | 198102   |
---------------------------------
---------------------------------
| rollout/           |          |
|    ep_len_mean     | 206      |
|    ep_rew_mean     | 7.65     |
| time/              |          |
|    episodes        | 1064     |
|    fps             | 153      |
|    time_elapsed    | 1357     |
|    total_timesteps | 208952   |
| train/             |          |
|    actor_loss      | -804     |
|    critic_loss     | 1.03e+03 |
|    ent_coef        | 0.361    |
|    ent_coef_loss   | -0.678   |
|    learning_rate   | 0.0003   |
|    n_updates       | 198951   |
---------------------------------
---------------------------------
| rollout/           |          |
|    ep_len_mean     | 206      |
|    ep_rew_mean     | 7.58     |
| time/              |          |
|    episodes        | 1068     |
|    fps             | 153      |
|    time_elapsed    | 1362     |
|    total_timesteps | 209819   |
| train/             |          |
|    actor_loss      | -810     |
|    critic_loss     | 881      |
|    ent_coef        | 0.375    |
|    ent_coef_loss   | -0.798   |
|    learning_rate   | 0.0003   |
|    n_updates       | 199818   |
---------------------------------
---------------------------------
| rollout/           |          |
|    ep_len_mean     | 208      |
|    ep_rew_mean     | 7.85     |
| time/              |          |
|    episodes        | 1072     |
|    fps             | 154      |
|    time_elapsed    | 1369     |
|    total_timesteps | 210934   |
| train/             |          |
|    actor_loss      | -751     |
|    critic_loss     | 1.04e+03 |
|    ent_coef        | 0.335    |
|    ent_coef_loss   | 0.323    |
|    learning_rate   | 0.0003   |
|    n_updates       | 200933   |
---------------------------------
---------------------------------
| rollout/           |          |
|    ep_len_mean     | 209      |
|    ep_rew_mean     | 7.96     |
| time/              |          |
|    episodes        | 1076     |
|    fps             | 154      |
|    time_elapsed    | 1374     |
|    total_timesteps | 211836   |
| train/             |          |
|    actor_loss      | -754     |
|    critic_loss     | 1.1e+03  |
|    ent_coef        | 0.314    |
|    ent_coef_loss   | -1.72    |
|    learning_rate   | 0.0003   |
|    n_updates       | 201835   |
---------------------------------
---------------------------------
| rollout/           |          |
|    ep_len_mean     | 210      |
|    ep_rew_mean     | 8.13     |
| time/              |          |
|    episodes        | 1080     |
|    fps             | 154      |
|    time_elapsed    | 1379     |
|    total_timesteps | 212792   |
| train/             |          |
|    actor_loss      | -750     |
|    critic_loss     | 1.35e+03 |
|    ent_coef        | 0.323    |
|    ent_coef_loss   | 1.15     |
|    learning_rate   | 0.0003   |
|    n_updates       | 202791   |
---------------------------------
---------------------------------
| rollout/           |          |
|    ep_len_mean     | 211      |
|    ep_rew_mean     | 8.14     |
| time/              |          |
|    episodes        | 1084     |
|    fps             | 154      |
|    time_elapsed    | 1384     |
|    total_timesteps | 213625   |
| train/             |          |
|    actor_loss      | -773     |
|    critic_loss     | 888      |
|    ent_coef        | 0.353    |
|    ent_coef_loss   | 0.589    |
|    learning_rate   | 0.0003   |
|    n_updates       | 203624   |
---------------------------------
---------------------------------
| rollout/           |          |
|    ep_len_mean     | 212      |
|    ep_rew_mean     | 8.17     |
| time/              |          |
|    episodes        | 1088     |
|    fps             | 154      |
|    time_elapsed    | 1390     |
|    total_timesteps | 214602   |
| train/             |          |
|    actor_loss      | -753     |
|    critic_loss     | 1.08e+03 |
|    ent_coef        | 0.388    |
|    ent_coef_loss   | 1.27     |
|    learning_rate   | 0.0003   |
|    n_updates       | 204601   |
---------------------------------
---------------------------------
| rollout/           |          |
|    ep_len_mean     | 213      |
|    ep_rew_mean     | 8.2      |
| time/              |          |
|    episodes        | 1092     |
|    fps             | 154      |
|    time_elapsed    | 1395     |
|    total_timesteps | 215490   |
| train/             |          |
|    actor_loss      | -777     |
|    critic_loss     | 790      |
|    ent_coef        | 0.402    |
|    ent_coef_loss   | -0.685   |
|    learning_rate   | 0.0003   |
|    n_updates       | 205489   |
---------------------------------
---------------------------------
| rollout/           |          |
|    ep_len_mean     | 214      |
|    ep_rew_mean     | 8.28     |
| time/              |          |
|    episodes        | 1096     |
|    fps             | 154      |
|    time_elapsed    | 1400     |
|    total_timesteps | 216412   |
| train/             |          |
|    actor_loss      | -738     |
|    critic_loss     | 921      |
|    ent_coef        | 0.347    |
|    ent_coef_loss   | -2.89    |
|    learning_rate   | 0.0003   |
|    n_updates       | 206411   |
---------------------------------
---------------------------------
| rollout/           |          |
|    ep_len_mean     | 215      |
|    ep_rew_mean     | 8.32     |
| time/              |          |
|    episodes        | 1100     |
|    fps             | 154      |
|    time_elapsed    | 1405     |
|    total_timesteps | 217316   |
| train/             |          |
|    actor_loss      | -747     |
|    critic_loss     | 851      |
|    ent_coef        | 0.314    |
|    ent_coef_loss   | 0.662    |
|    learning_rate   | 0.0003   |
|    n_updates       | 207315   |
---------------------------------
---------------------------------
| rollout/           |          |
|    ep_len_mean     | 215      |
|    ep_rew_mean     | 8.28     |
| time/              |          |
|    episodes        | 1104     |
|    fps             | 154      |
|    time_elapsed    | 1410     |
|    total_timesteps | 218105   |
| train/             |          |
|    actor_loss      | -721     |
|    critic_loss     | 901      |
|    ent_coef        | 0.331    |
|    ent_coef_loss   | -1.19    |
|    learning_rate   | 0.0003   |
|    n_updates       | 208104   |
---------------------------------
---------------------------------
| rollout/           |          |
|    ep_len_mean     | 215      |
|    ep_rew_mean     | 8.22     |
| time/              |          |
|    episodes        | 1108     |
|    fps             | 154      |
|    time_elapsed    | 1414     |
|    total_timesteps | 218789   |
| train/             |          |
|    actor_loss      | -745     |
|    critic_loss     | 815      |
|    ent_coef        | 0.328    |
|    ent_coef_loss   | -0.106   |
|    learning_rate   | 0.0003   |
|    n_updates       | 208788   |
---------------------------------
---------------------------------
| rollout/           |          |
|    ep_len_mean     | 214      |
|    ep_rew_mean     | 8.13     |
| time/              |          |
|    episodes        | 1112     |
|    fps             | 154      |
|    time_elapsed    | 1417     |
|    total_timesteps | 219414   |
| train/             |          |
|    actor_loss      | -784     |
|    critic_loss     | 676      |
|    ent_coef        | 0.313    |
|    ent_coef_loss   | -1.76    |
|    learning_rate   | 0.0003   |
|    n_updates       | 209413   |
---------------------------------
---------------------------------
| rollout/           |          |
|    ep_len_mean     | 213      |
|    ep_rew_mean     | 7.85     |
| time/              |          |
|    episodes        | 1116     |
|    fps             | 154      |
|    time_elapsed    | 1423     |
|    total_timesteps | 220208   |
| train/             |          |
|    actor_loss      | -702     |
|    critic_loss     | 710      |
|    ent_coef        | 0.315    |
|    ent_coef_loss   | 0.184    |
|    learning_rate   | 0.0003   |
|    n_updates       | 210207   |
---------------------------------
---------------------------------
| rollout/           |          |
|    ep_len_mean     | 212      |
|    ep_rew_mean     | 7.72     |
| time/              |          |
|    episodes        | 1120     |
|    fps             | 154      |
|    time_elapsed    | 1426     |
|    total_timesteps | 220820   |
| train/             |          |
|    actor_loss      | -719     |
|    critic_loss     | 739      |
|    ent_coef        | 0.312    |
|    ent_coef_loss   | -0.845   |
|    learning_rate   | 0.0003   |
|    n_updates       | 210819   |
---------------------------------
---------------------------------
| rollout/           |          |
|    ep_len_mean     | 213      |
|    ep_rew_mean     | 7.63     |
| time/              |          |
|    episodes        | 1124     |
|    fps             | 154      |
|    time_elapsed    | 1432     |
|    total_timesteps | 221691   |
| train/             |          |
|    actor_loss      | -708     |
|    critic_loss     | 939      |
|    ent_coef        | 0.296    |
|    ent_coef_loss   | -0.298   |
|    learning_rate   | 0.0003   |
|    n_updates       | 211690   |
---------------------------------
---------------------------------
| rollout/           |          |
|    ep_len_mean     | 213      |
|    ep_rew_mean     | 7.46     |
| time/              |          |
|    episodes        | 1128     |
|    fps             | 154      |
|    time_elapsed    | 1437     |
|    total_timesteps | 222498   |
| train/             |          |
|    actor_loss      | -817     |
|    critic_loss     | 1.25e+03 |
|    ent_coef        | 0.29     |
|    ent_coef_loss   | 0.415    |
|    learning_rate   | 0.0003   |
|    n_updates       | 212497   |
---------------------------------
---------------------------------
| rollout/           |          |
|    ep_len_mean     | 214      |
|    ep_rew_mean     | 7.41     |
| time/              |          |
|    episodes        | 1132     |
|    fps             | 154      |
|    time_elapsed    | 1443     |
|    total_timesteps | 223420   |
| train/             |          |
|    actor_loss      | -853     |
|    critic_loss     | 930      |
|    ent_coef        | 0.259    |
|    ent_coef_loss   | -1.32    |
|    learning_rate   | 0.0003   |
|    n_updates       | 213419   |
---------------------------------
---------------------------------
| rollout/           |          |
|    ep_len_mean     | 215      |
|    ep_rew_mean     | 7.38     |
| time/              |          |
|    episodes        | 1136     |
|    fps             | 154      |
|    time_elapsed    | 1449     |
|    total_timesteps | 224407   |
| train/             |          |
|    actor_loss      | -680     |
|    critic_loss     | 1.04e+03 |
|    ent_coef        | 0.273    |
|    ent_coef_loss   | 2.57     |
|    learning_rate   | 0.0003   |
|    n_updates       | 214406   |
---------------------------------
---------------------------------
| rollout/           |          |
|    ep_len_mean     | 215      |
|    ep_rew_mean     | 7.21     |
| time/              |          |
|    episodes        | 1140     |
|    fps             | 154      |
|    time_elapsed    | 1454     |
|    total_timesteps | 225186   |
| train/             |          |
|    actor_loss      | -691     |
|    critic_loss     | 716      |
|    ent_coef        | 0.303    |
|    ent_coef_loss   | 0.0265   |
|    learning_rate   | 0.0003   |
|    n_updates       | 215185   |
---------------------------------
---------------------------------
| rollout/           |          |
|    ep_len_mean     | 215      |
|    ep_rew_mean     | 7.06     |
| time/              |          |
|    episodes        | 1144     |
|    fps             | 154      |
|    time_elapsed    | 1461     |
|    total_timesteps | 226082   |
| train/             |          |
|    actor_loss      | -705     |
|    critic_loss     | 542      |
|    ent_coef        | 0.292    |
|    ent_coef_loss   | 0.164    |
|    learning_rate   | 0.0003   |
|    n_updates       | 216081   |
---------------------------------
---------------------------------
| rollout/           |          |
|    ep_len_mean     | 217      |
|    ep_rew_mean     | 7.19     |
| time/              |          |
|    episodes        | 1148     |
|    fps             | 154      |
|    time_elapsed    | 1467     |
|    total_timesteps | 227058   |
| train/             |          |
|    actor_loss      | -709     |
|    critic_loss     | 526      |
|    ent_coef        | 0.288    |
|    ent_coef_loss   | -0.382   |
|    learning_rate   | 0.0003   |
|    n_updates       | 217057   |
---------------------------------
---------------------------------
| rollout/           |          |
|    ep_len_mean     | 219      |
|    ep_rew_mean     | 7.18     |
| time/              |          |
|    episodes        | 1152     |
|    fps             | 154      |
|    time_elapsed    | 1474     |
|    total_timesteps | 228066   |
| train/             |          |
|    actor_loss      | -676     |
|    critic_loss     | 690      |
|    ent_coef        | 0.294    |
|    ent_coef_loss   | 0.0443   |
|    learning_rate   | 0.0003   |
|    n_updates       | 218065   |
---------------------------------
---------------------------------
| rollout/           |          |
|    ep_len_mean     | 219      |
|    ep_rew_mean     | 7        |
| time/              |          |
|    episodes        | 1156     |
|    fps             | 154      |
|    time_elapsed    | 1481     |
|    total_timesteps | 228981   |
| train/             |          |
|    actor_loss      | -695     |
|    critic_loss     | 766      |
|    ent_coef        | 0.318    |
|    ent_coef_loss   | -0.916   |
|    learning_rate   | 0.0003   |
|    n_updates       | 218980   |
---------------------------------
---------------------------------
| rollout/           |          |
|    ep_len_mean     | 218      |
|    ep_rew_mean     | 6.75     |
| time/              |          |
|    episodes        | 1160     |
|    fps             | 154      |
|    time_elapsed    | 1488     |
|    total_timesteps | 229943   |
| train/             |          |
|    actor_loss      | -810     |
|    critic_loss     | 459      |
|    ent_coef        | 0.301    |
|    ent_coef_loss   | 0.427    |
|    learning_rate   | 0.0003   |
|    n_updates       | 219942   |
---------------------------------
---------------------------------
| rollout/           |          |
|    ep_len_mean     | 219      |
|    ep_rew_mean     | 6.84     |
| time/              |          |
|    episodes        | 1164     |
|    fps             | 154      |
|    time_elapsed    | 1494     |
|    total_timesteps | 230854   |
| train/             |          |
|    actor_loss      | -780     |
|    critic_loss     | 600      |
|    ent_coef        | 0.247    |
|    ent_coef_loss   | -0.395   |
|    learning_rate   | 0.0003   |
|    n_updates       | 220853   |
---------------------------------
---------------------------------
| rollout/           |          |
|    ep_len_mean     | 220      |
|    ep_rew_mean     | 6.93     |
| time/              |          |
|    episodes        | 1168     |
|    fps             | 154      |
|    time_elapsed    | 1501     |
|    total_timesteps | 231805   |
| train/             |          |
|    actor_loss      | -668     |
|    critic_loss     | 529      |
|    ent_coef        | 0.282    |
|    ent_coef_loss   | -1.57    |
|    learning_rate   | 0.0003   |
|    n_updates       | 221804   |
---------------------------------
---------------------------------
| rollout/           |          |
|    ep_len_mean     | 217      |
|    ep_rew_mean     | 6.58     |
| time/              |          |
|    episodes        | 1172     |
|    fps             | 154      |
|    time_elapsed    | 1507     |
|    total_timesteps | 232599   |
| train/             |          |
|    actor_loss      | -665     |
|    critic_loss     | 880      |
|    ent_coef        | 0.288    |
|    ent_coef_loss   | -1.41    |
|    learning_rate   | 0.0003   |
|    n_updates       | 222598   |
---------------------------------
---------------------------------
| rollout/           |          |
|    ep_len_mean     | 219      |
|    ep_rew_mean     | 6.68     |
| time/              |          |
|    episodes        | 1176     |
|    fps             | 154      |
|    time_elapsed    | 1515     |
|    total_timesteps | 233714   |
| train/             |          |
|    actor_loss      | -754     |
|    critic_loss     | 1.5e+03  |
|    ent_coef        | 0.251    |
|    ent_coef_loss   | 0.594    |
|    learning_rate   | 0.0003   |
|    n_updates       | 223713   |
---------------------------------
---------------------------------
| rollout/           |          |
|    ep_len_mean     | 220      |
|    ep_rew_mean     | 6.71     |
| time/              |          |
|    episodes        | 1180     |
|    fps             | 154      |
|    time_elapsed    | 1522     |
|    total_timesteps | 234767   |
| train/             |          |
|    actor_loss      | -657     |
|    critic_loss     | 533      |
|    ent_coef        | 0.243    |
|    ent_coef_loss   | -0.716   |
|    learning_rate   | 0.0003   |
|    n_updates       | 224766   |
---------------------------------
---------------------------------
| rollout/           |          |
|    ep_len_mean     | 224      |
|    ep_rew_mean     | 6.99     |
| time/              |          |
|    episodes        | 1184     |
|    fps             | 154      |
|    time_elapsed    | 1530     |
|    total_timesteps | 236009   |
| train/             |          |
|    actor_loss      | -766     |
|    critic_loss     | 787      |
|    ent_coef        | 0.253    |
|    ent_coef_loss   | 1.28     |
|    learning_rate   | 0.0003   |
|    n_updates       | 226008   |
---------------------------------
---------------------------------
| rollout/           |          |
|    ep_len_mean     | 224      |
|    ep_rew_mean     | 6.95     |
| time/              |          |
|    episodes        | 1188     |
|    fps             | 154      |
|    time_elapsed    | 1536     |
|    total_timesteps | 236977   |
| train/             |          |
|    actor_loss      | -763     |
|    critic_loss     | 425      |
|    ent_coef        | 0.249    |
|    ent_coef_loss   | 0.155    |
|    learning_rate   | 0.0003   |
|    n_updates       | 226976   |
---------------------------------
---------------------------------
| rollout/           |          |
|    ep_len_mean     | 224      |
|    ep_rew_mean     | 7.02     |
| time/              |          |
|    episodes        | 1192     |
|    fps             | 154      |
|    time_elapsed    | 1543     |
|    total_timesteps | 237911   |
| train/             |          |
|    actor_loss      | -570     |
|    critic_loss     | 603      |
|    ent_coef        | 0.25     |
|    ent_coef_loss   | -1.53    |
|    learning_rate   | 0.0003   |
|    n_updates       | 227910   |
---------------------------------
---------------------------------
| rollout/           |          |
|    ep_len_mean     | 224      |
|    ep_rew_mean     | 7        |
| time/              |          |
|    episodes        | 1196     |
|    fps             | 154      |
|    time_elapsed    | 1549     |
|    total_timesteps | 238844   |
| train/             |          |
|    actor_loss      | -596     |
|    critic_loss     | 550      |
|    ent_coef        | 0.267    |
|    ent_coef_loss   | -0.809   |
|    learning_rate   | 0.0003   |
|    n_updates       | 228843   |
---------------------------------
---------------------------------
| rollout/           |          |
|    ep_len_mean     | 226      |
|    ep_rew_mean     | 7.39     |
| time/              |          |
|    episodes        | 1200     |
|    fps             | 154      |
|    time_elapsed    | 1555     |
|    total_timesteps | 239867   |
| train/             |          |
|    actor_loss      | -597     |
|    critic_loss     | 567      |
|    ent_coef        | 0.27     |
|    ent_coef_loss   | -0.862   |
|    learning_rate   | 0.0003   |
|    n_updates       | 229866   |
---------------------------------
---------------------------------
| rollout/           |          |
|    ep_len_mean     | 227      |
|    ep_rew_mean     | 7.52     |
| time/              |          |
|    episodes        | 1204     |
|    fps             | 154      |
|    time_elapsed    | 1561     |
|    total_timesteps | 240854   |
| train/             |          |
|    actor_loss      | -572     |
|    critic_loss     | 428      |
|    ent_coef        | 0.292    |
|    ent_coef_loss   | 0.336    |
|    learning_rate   | 0.0003   |
|    n_updates       | 230853   |
---------------------------------
---------------------------------
| rollout/           |          |
|    ep_len_mean     | 231      |
|    ep_rew_mean     | 7.77     |
| time/              |          |
|    episodes        | 1208     |
|    fps             | 154      |
|    time_elapsed    | 1567     |
|    total_timesteps | 241863   |
| train/             |          |
|    actor_loss      | -558     |
|    critic_loss     | 511      |
|    ent_coef        | 0.293    |
|    ent_coef_loss   | -0.611   |
|    learning_rate   | 0.0003   |
|    n_updates       | 231862   |
---------------------------------
---------------------------------
| rollout/           |          |
|    ep_len_mean     | 235      |
|    ep_rew_mean     | 8.22     |
| time/              |          |
|    episodes        | 1212     |
|    fps             | 154      |
|    time_elapsed    | 1573     |
|    total_timesteps | 242894   |
| train/             |          |
|    actor_loss      | -564     |
|    critic_loss     | 553      |
|    ent_coef        | 0.315    |
|    ent_coef_loss   | -0.87    |
|    learning_rate   | 0.0003   |
|    n_updates       | 232893   |
---------------------------------
---------------------------------
| rollout/           |          |
|    ep_len_mean     | 237      |
|    ep_rew_mean     | 8.43     |
| time/              |          |
|    episodes        | 1216     |
|    fps             | 154      |
|    time_elapsed    | 1579     |
|    total_timesteps | 243933   |
| train/             |          |
|    actor_loss      | -669     |
|    critic_loss     | 533      |
|    ent_coef        | 0.306    |
|    ent_coef_loss   | -0.445   |
|    learning_rate   | 0.0003   |
|    n_updates       | 233932   |
---------------------------------
---------------------------------
| rollout/           |          |
|    ep_len_mean     | 241      |
|    ep_rew_mean     | 8.7      |
| time/              |          |
|    episodes        | 1220     |
|    fps             | 154      |
|    time_elapsed    | 1584     |
|    total_timesteps | 244905   |
| train/             |          |
|    actor_loss      | -543     |
|    critic_loss     | 411      |
|    ent_coef        | 0.296    |
|    ent_coef_loss   | -0.42    |
|    learning_rate   | 0.0003   |
|    n_updates       | 234904   |
---------------------------------
---------------------------------
| rollout/           |          |
|    ep_len_mean     | 242      |
|    ep_rew_mean     | 8.76     |
| time/              |          |
|    episodes        | 1224     |
|    fps             | 154      |
|    time_elapsed    | 1590     |
|    total_timesteps | 245918   |
| train/             |          |
|    actor_loss      | -536     |
|    critic_loss     | 584      |
|    ent_coef        | 0.297    |
|    ent_coef_loss   | 0.157    |
|    learning_rate   | 0.0003   |
|    n_updates       | 235917   |
---------------------------------
---------------------------------
| rollout/           |          |
|    ep_len_mean     | 246      |
|    ep_rew_mean     | 9.3      |
| time/              |          |
|    episodes        | 1228     |
|    fps             | 154      |
|    time_elapsed    | 1597     |
|    total_timesteps | 247081   |
| train/             |          |
|    actor_loss      | -519     |
|    critic_loss     | 485      |
|    ent_coef        | 0.281    |
|    ent_coef_loss   | -0.299   |
|    learning_rate   | 0.0003   |
|    n_updates       | 237080   |
---------------------------------
---------------------------------
| rollout/           |          |
|    ep_len_mean     | 247      |
|    ep_rew_mean     | 9.49     |
| time/              |          |
|    episodes        | 1232     |
|    fps             | 154      |
|    time_elapsed    | 1604     |
|    total_timesteps | 248164   |
| train/             |          |
|    actor_loss      | -505     |
|    critic_loss     | 386      |
|    ent_coef        | 0.258    |
|    ent_coef_loss   | -0.895   |
|    learning_rate   | 0.0003   |
|    n_updates       | 238163   |
---------------------------------
---------------------------------
| rollout/           |          |
|    ep_len_mean     | 247      |
|    ep_rew_mean     | 9.45     |
| time/              |          |
|    episodes        | 1236     |
|    fps             | 154      |
|    time_elapsed    | 1609     |
|    total_timesteps | 249103   |
| train/             |          |
|    actor_loss      | -492     |
|    critic_loss     | 372      |
|    ent_coef        | 0.236    |
|    ent_coef_loss   | 0.551    |
|    learning_rate   | 0.0003   |
|    n_updates       | 239102   |
---------------------------------
---------------------------------
| rollout/           |          |
|    ep_len_mean     | 249      |
|    ep_rew_mean     | 9.76     |
| time/              |          |
|    episodes        | 1240     |
|    fps             | 154      |
|    time_elapsed    | 1615     |
|    total_timesteps | 250095   |
| train/             |          |
|    actor_loss      | -465     |
|    critic_loss     | 416      |
|    ent_coef        | 0.195    |
|    ent_coef_loss   | -0.295   |
|    learning_rate   | 0.0003   |
|    n_updates       | 240094   |
---------------------------------
---------------------------------
| rollout/           |          |
|    ep_len_mean     | 249      |
|    ep_rew_mean     | 9.76     |
| time/              |          |
|    episodes        | 1244     |
|    fps             | 154      |
|    time_elapsed    | 1620     |
|    total_timesteps | 250986   |
| train/             |          |
|    actor_loss      | -474     |
|    critic_loss     | 548      |
|    ent_coef        | 0.22     |
|    ent_coef_loss   | 0.866    |
|    learning_rate   | 0.0003   |
|    n_updates       | 240985   |
---------------------------------
---------------------------------
| rollout/           |          |
|    ep_len_mean     | 250      |
|    ep_rew_mean     | 9.72     |
| time/              |          |
|    episodes        | 1248     |
|    fps             | 154      |
|    time_elapsed    | 1626     |
|    total_timesteps | 252052   |
| train/             |          |
|    actor_loss      | -462     |
|    critic_loss     | 607      |
|    ent_coef        | 0.225    |
|    ent_coef_loss   | 2.88     |
|    learning_rate   | 0.0003   |
|    n_updates       | 242051   |
---------------------------------
---------------------------------
| rollout/           |          |
|    ep_len_mean     | 250      |
|    ep_rew_mean     | 9.84     |
| time/              |          |
|    episodes        | 1252     |
|    fps             | 154      |
|    time_elapsed    | 1632     |
|    total_timesteps | 253067   |
| train/             |          |
|    actor_loss      | -452     |
|    critic_loss     | 372      |
|    ent_coef        | 0.217    |
|    ent_coef_loss   | 0.488    |
|    learning_rate   | 0.0003   |
|    n_updates       | 243066   |
---------------------------------
---------------------------------
| rollout/           |          |
|    ep_len_mean     | 249      |
|    ep_rew_mean     | 9.75     |
| time/              |          |
|    episodes        | 1256     |
|    fps             | 155      |
|    time_elapsed    | 1637     |
|    total_timesteps | 253910   |
| train/             |          |
|    actor_loss      | -445     |
|    critic_loss     | 381      |
|    ent_coef        | 0.228    |
|    ent_coef_loss   | -2.42    |
|    learning_rate   | 0.0003   |
|    n_updates       | 243909   |
---------------------------------
---------------------------------
| rollout/           |          |
|    ep_len_mean     | 248      |
|    ep_rew_mean     | 9.59     |
| time/              |          |
|    episodes        | 1260     |
|    fps             | 155      |
|    time_elapsed    | 1642     |
|    total_timesteps | 254724   |
| train/             |          |
|    actor_loss      | -453     |
|    critic_loss     | 472      |
|    ent_coef        | 0.231    |
|    ent_coef_loss   | -0.292   |
|    learning_rate   | 0.0003   |
|    n_updates       | 244723   |
---------------------------------
---------------------------------
| rollout/           |          |
|    ep_len_mean     | 248      |
|    ep_rew_mean     | 9.42     |
| time/              |          |
|    episodes        | 1264     |
|    fps             | 155      |
|    time_elapsed    | 1648     |
|    total_timesteps | 255659   |
| train/             |          |
|    actor_loss      | -591     |
|    critic_loss     | 568      |
|    ent_coef        | 0.222    |
|    ent_coef_loss   | -0.0447  |
|    learning_rate   | 0.0003   |
|    n_updates       | 245658   |
---------------------------------
---------------------------------
| rollout/           |          |
|    ep_len_mean     | 248      |
|    ep_rew_mean     | 9.35     |
| time/              |          |
|    episodes        | 1268     |
|    fps             | 155      |
|    time_elapsed    | 1653     |
|    total_timesteps | 256559   |
| train/             |          |
|    actor_loss      | -572     |
|    critic_loss     | 409      |
|    ent_coef        | 0.218    |
|    ent_coef_loss   | 0.31     |
|    learning_rate   | 0.0003   |
|    n_updates       | 246558   |
---------------------------------
---------------------------------
| rollout/           |          |
|    ep_len_mean     | 247      |
|    ep_rew_mean     | 9.33     |
| time/              |          |
|    episodes        | 1272     |
|    fps             | 155      |
|    time_elapsed    | 1658     |
|    total_timesteps | 257331   |
| train/             |          |
|    actor_loss      | -426     |
|    critic_loss     | 571      |
|    ent_coef        | 0.197    |
|    ent_coef_loss   | 4.97     |
|    learning_rate   | 0.0003   |
|    n_updates       | 247330   |
---------------------------------
---------------------------------
| rollout/           |          |
|    ep_len_mean     | 244      |
|    ep_rew_mean     | 9.13     |
| time/              |          |
|    episodes        | 1276     |
|    fps             | 155      |
|    time_elapsed    | 1662     |
|    total_timesteps | 258159   |
| train/             |          |
|    actor_loss      | -424     |
|    critic_loss     | 429      |
|    ent_coef        | 0.231    |
|    ent_coef_loss   | 0.0547   |
|    learning_rate   | 0.0003   |
|    n_updates       | 248158   |
---------------------------------
---------------------------------
| rollout/           |          |
|    ep_len_mean     | 242      |
|    ep_rew_mean     | 8.86     |
| time/              |          |
|    episodes        | 1280     |
|    fps             | 155      |
|    time_elapsed    | 1667     |
|    total_timesteps | 258933   |
| train/             |          |
|    actor_loss      | -424     |
|    critic_loss     | 474      |
|    ent_coef        | 0.235    |
|    ent_coef_loss   | 1.12     |
|    learning_rate   | 0.0003   |
|    n_updates       | 248932   |
---------------------------------
---------------------------------
| rollout/           |          |
|    ep_len_mean     | 238      |
|    ep_rew_mean     | 8.61     |
| time/              |          |
|    episodes        | 1284     |
|    fps             | 155      |
|    time_elapsed    | 1672     |
|    total_timesteps | 259773   |
| train/             |          |
|    actor_loss      | -398     |
|    critic_loss     | 817      |
|    ent_coef        | 0.231    |
|    ent_coef_loss   | 1.24     |
|    learning_rate   | 0.0003   |
|    n_updates       | 249772   |
---------------------------------
---------------------------------
| rollout/           |          |
|    ep_len_mean     | 236      |
|    ep_rew_mean     | 8.28     |
| time/              |          |
|    episodes        | 1288     |
|    fps             | 155      |
|    time_elapsed    | 1677     |
|    total_timesteps | 260565   |
| train/             |          |
|    actor_loss      | -405     |
|    critic_loss     | 420      |
|    ent_coef        | 0.232    |
|    ent_coef_loss   | -0.696   |
|    learning_rate   | 0.0003   |
|    n_updates       | 250564   |
---------------------------------
---------------------------------
| rollout/           |          |
|    ep_len_mean     | 235      |
|    ep_rew_mean     | 8.22     |
| time/              |          |
|    episodes        | 1292     |
|    fps             | 155      |
|    time_elapsed    | 1682     |
|    total_timesteps | 261439   |
| train/             |          |
|    actor_loss      | -407     |
|    critic_loss     | 484      |
|    ent_coef        | 0.249    |
|    ent_coef_loss   | -6.15    |
|    learning_rate   | 0.0003   |
|    n_updates       | 251438   |
---------------------------------
---------------------------------
| rollout/           |          |
|    ep_len_mean     | 234      |
|    ep_rew_mean     | 7.95     |
| time/              |          |
|    episodes        | 1296     |
|    fps             | 155      |
|    time_elapsed    | 1686     |
|    total_timesteps | 262249   |
| train/             |          |
|    actor_loss      | -407     |
|    critic_loss     | 449      |
|    ent_coef        | 0.214    |
|    ent_coef_loss   | 1.94     |
|    learning_rate   | 0.0003   |
|    n_updates       | 252248   |
---------------------------------
---------------------------------
| rollout/           |          |
|    ep_len_mean     | 232      |
|    ep_rew_mean     | 7.6      |
| time/              |          |
|    episodes        | 1300     |
|    fps             | 155      |
|    time_elapsed    | 1691     |
|    total_timesteps | 263067   |
| train/             |          |
|    actor_loss      | -391     |
|    critic_loss     | 532      |
|    ent_coef        | 0.224    |
|    ent_coef_loss   | 1.18     |
|    learning_rate   | 0.0003   |
|    n_updates       | 253066   |
---------------------------------
---------------------------------
| rollout/           |          |
|    ep_len_mean     | 230      |
|    ep_rew_mean     | 7.45     |
| time/              |          |
|    episodes        | 1304     |
|    fps             | 155      |
|    time_elapsed    | 1696     |
|    total_timesteps | 263833   |
| train/             |          |
|    actor_loss      | -554     |
|    critic_loss     | 512      |
|    ent_coef        | 0.23     |
|    ent_coef_loss   | 1.71     |
|    learning_rate   | 0.0003   |
|    n_updates       | 253832   |
---------------------------------
---------------------------------
| rollout/           |          |
|    ep_len_mean     | 228      |
|    ep_rew_mean     | 7.36     |
| time/              |          |
|    episodes        | 1308     |
|    fps             | 155      |
|    time_elapsed    | 1700     |
|    total_timesteps | 264649   |
| train/             |          |
|    actor_loss      | -398     |
|    critic_loss     | 995      |
|    ent_coef        | 0.239    |
|    ent_coef_loss   | -0.584   |
|    learning_rate   | 0.0003   |
|    n_updates       | 254648   |
---------------------------------
---------------------------------
| rollout/           |          |
|    ep_len_mean     | 226      |
|    ep_rew_mean     | 7.03     |
| time/              |          |
|    episodes        | 1312     |
|    fps             | 155      |
|    time_elapsed    | 1705     |
|    total_timesteps | 265463   |
| train/             |          |
|    actor_loss      | -350     |
|    critic_loss     | 2e+03    |
|    ent_coef        | 0.226    |
|    ent_coef_loss   | 0.0918   |
|    learning_rate   | 0.0003   |
|    n_updates       | 255462   |
---------------------------------
---------------------------------
| rollout/           |          |
|    ep_len_mean     | 223      |
|    ep_rew_mean     | 7.08     |
| time/              |          |
|    episodes        | 1316     |
|    fps             | 155      |
|    time_elapsed    | 1710     |
|    total_timesteps | 266241   |
| train/             |          |
|    actor_loss      | -383     |
|    critic_loss     | 660      |
|    ent_coef        | 0.242    |
|    ent_coef_loss   | 1.34     |
|    learning_rate   | 0.0003   |
|    n_updates       | 256240   |
---------------------------------
---------------------------------
| rollout/           |          |
|    ep_len_mean     | 221      |
|    ep_rew_mean     | 7.07     |
| time/              |          |
|    episodes        | 1320     |
|    fps             | 155      |
|    time_elapsed    | 1714     |
|    total_timesteps | 266998   |
| train/             |          |
|    actor_loss      | -387     |
|    critic_loss     | 577      |
|    ent_coef        | 0.247    |
|    ent_coef_loss   | 1.81     |
|    learning_rate   | 0.0003   |
|    n_updates       | 256997   |
---------------------------------
---------------------------------
| rollout/           |          |
|    ep_len_mean     | 218      |
|    ep_rew_mean     | 7.09     |
| time/              |          |
|    episodes        | 1324     |
|    fps             | 155      |
|    time_elapsed    | 1718     |
|    total_timesteps | 267762   |
| train/             |          |
|    actor_loss      | -382     |
|    critic_loss     | 501      |
|    ent_coef        | 0.242    |
|    ent_coef_loss   | -0.916   |
|    learning_rate   | 0.0003   |
|    n_updates       | 257761   |
---------------------------------
---------------------------------
| rollout/           |          |
|    ep_len_mean     | 215      |
|    ep_rew_mean     | 6.71     |
| time/              |          |
|    episodes        | 1328     |
|    fps             | 155      |
|    time_elapsed    | 1723     |
|    total_timesteps | 268555   |
| train/             |          |
|    actor_loss      | -519     |
|    critic_loss     | 709      |
|    ent_coef        | 0.256    |
|    ent_coef_loss   | -0.824   |
|    learning_rate   | 0.0003   |
|    n_updates       | 258554   |
---------------------------------
---------------------------------
| rollout/           |          |
|    ep_len_mean     | 211      |
|    ep_rew_mean     | 6.47     |
| time/              |          |
|    episodes        | 1332     |
|    fps             | 155      |
|    time_elapsed    | 1727     |
|    total_timesteps | 269299   |
| train/             |          |
|    actor_loss      | -372     |
|    critic_loss     | 645      |
|    ent_coef        | 0.236    |
|    ent_coef_loss   | -0.418   |
|    learning_rate   | 0.0003   |
|    n_updates       | 259298   |
---------------------------------
---------------------------------
| rollout/           |          |
|    ep_len_mean     | 210      |
|    ep_rew_mean     | 6.35     |
| time/              |          |
|    episodes        | 1336     |
|    fps             | 155      |
|    time_elapsed    | 1732     |
|    total_timesteps | 270100   |
| train/             |          |
|    actor_loss      | -381     |
|    critic_loss     | 370      |
|    ent_coef        | 0.282    |
|    ent_coef_loss   | -0.945   |
|    learning_rate   | 0.0003   |
|    n_updates       | 260099   |
---------------------------------
---------------------------------
| rollout/           |          |
|    ep_len_mean     | 207      |
|    ep_rew_mean     | 6.03     |
| time/              |          |
|    episodes        | 1340     |
|    fps             | 155      |
|    time_elapsed    | 1736     |
|    total_timesteps | 270833   |
| train/             |          |
|    actor_loss      | -382     |
|    critic_loss     | 528      |
|    ent_coef        | 0.272    |
|    ent_coef_loss   | 0.614    |
|    learning_rate   | 0.0003   |
|    n_updates       | 260832   |
---------------------------------
---------------------------------
| rollout/           |          |
|    ep_len_mean     | 206      |
|    ep_rew_mean     | 5.97     |
| time/              |          |
|    episodes        | 1344     |
|    fps             | 155      |
|    time_elapsed    | 1741     |
|    total_timesteps | 271597   |
| train/             |          |
|    actor_loss      | -361     |
|    critic_loss     | 520      |
|    ent_coef        | 0.294    |
|    ent_coef_loss   | -0.163   |
|    learning_rate   | 0.0003   |
|    n_updates       | 261596   |
---------------------------------
---------------------------------
| rollout/           |          |
|    ep_len_mean     | 202      |
|    ep_rew_mean     | 5.78     |
| time/              |          |
|    episodes        | 1348     |
|    fps             | 156      |
|    time_elapsed    | 1745     |
|    total_timesteps | 272294   |
| train/             |          |
|    actor_loss      | -363     |
|    critic_loss     | 469      |
|    ent_coef        | 0.284    |
|    ent_coef_loss   | 0.299    |
|    learning_rate   | 0.0003   |
|    n_updates       | 262293   |
---------------------------------
---------------------------------
| rollout/           |          |
|    ep_len_mean     | 200      |
|    ep_rew_mean     | 5.64     |
| time/              |          |
|    episodes        | 1352     |
|    fps             | 156      |
|    time_elapsed    | 1749     |
|    total_timesteps | 273072   |
| train/             |          |
|    actor_loss      | -532     |
|    critic_loss     | 1.44e+03 |
|    ent_coef        | 0.274    |
|    ent_coef_loss   | 0.693    |
|    learning_rate   | 0.0003   |
|    n_updates       | 263071   |
---------------------------------
---------------------------------
| rollout/           |          |
|    ep_len_mean     | 199      |
|    ep_rew_mean     | 5.62     |
| time/              |          |
|    episodes        | 1356     |
|    fps             | 156      |
|    time_elapsed    | 1754     |
|    total_timesteps | 273782   |
| train/             |          |
|    actor_loss      | -353     |
|    critic_loss     | 674      |
|    ent_coef        | 0.306    |
|    ent_coef_loss   | -0.746   |
|    learning_rate   | 0.0003   |
|    n_updates       | 263781   |
---------------------------------
---------------------------------
| rollout/           |          |
|    ep_len_mean     | 198      |
|    ep_rew_mean     | 5.65     |
| time/              |          |
|    episodes        | 1360     |
|    fps             | 156      |
|    time_elapsed    | 1758     |
|    total_timesteps | 274536   |
| train/             |          |
|    actor_loss      | -352     |
|    critic_loss     | 623      |
|    ent_coef        | 0.26     |
|    ent_coef_loss   | -1.54    |
|    learning_rate   | 0.0003   |
|    n_updates       | 264535   |
---------------------------------
---------------------------------
| rollout/           |          |
|    ep_len_mean     | 196      |
|    ep_rew_mean     | 5.8      |
| time/              |          |
|    episodes        | 1364     |
|    fps             | 156      |
|    time_elapsed    | 1762     |
|    total_timesteps | 275278   |
| train/             |          |
|    actor_loss      | -358     |
|    critic_loss     | 1.35e+03 |
|    ent_coef        | 0.292    |
|    ent_coef_loss   | 0.374    |
|    learning_rate   | 0.0003   |
|    n_updates       | 265277   |
---------------------------------
---------------------------------
| rollout/           |          |
|    ep_len_mean     | 194      |
|    ep_rew_mean     | 5.73     |
| time/              |          |
|    episodes        | 1368     |
|    fps             | 156      |
|    time_elapsed    | 1767     |
|    total_timesteps | 275986   |
| train/             |          |
|    actor_loss      | -377     |
|    critic_loss     | 856      |
|    ent_coef        | 0.316    |
|    ent_coef_loss   | 2.18     |
|    learning_rate   | 0.0003   |
|    n_updates       | 265985   |
---------------------------------
---------------------------------
| rollout/           |          |
|    ep_len_mean     | 194      |
|    ep_rew_mean     | 5.77     |
| time/              |          |
|    episodes        | 1372     |
|    fps             | 156      |
|    time_elapsed    | 1771     |
|    total_timesteps | 276738   |
| train/             |          |
|    actor_loss      | -572     |
|    critic_loss     | 3.21e+03 |
|    ent_coef        | 0.384    |
|    ent_coef_loss   | 0.966    |
|    learning_rate   | 0.0003   |
|    n_updates       | 266737   |
---------------------------------
---------------------------------
| rollout/           |          |
|    ep_len_mean     | 192      |
|    ep_rew_mean     | 5.62     |
| time/              |          |
|    episodes        | 1376     |
|    fps             | 156      |
|    time_elapsed    | 1775     |
|    total_timesteps | 277392   |
| train/             |          |
|    actor_loss      | -425     |
|    critic_loss     | 3.07e+03 |
|    ent_coef        | 0.423    |
|    ent_coef_loss   | 0.0119   |
|    learning_rate   | 0.0003   |
|    n_updates       | 267391   |
---------------------------------
---------------------------------
| rollout/           |          |
|    ep_len_mean     | 191      |
|    ep_rew_mean     | 5.39     |
| time/              |          |
|    episodes        | 1380     |
|    fps             | 156      |
|    time_elapsed    | 1779     |
|    total_timesteps | 277999   |
| train/             |          |
|    actor_loss      | -557     |
|    critic_loss     | 5.96e+03 |
|    ent_coef        | 0.522    |
|    ent_coef_loss   | 2.63     |
|    learning_rate   | 0.0003   |
|    n_updates       | 267998   |
---------------------------------
---------------------------------
| rollout/           |          |
|    ep_len_mean     | 189      |
|    ep_rew_mean     | 4.93     |
| time/              |          |
|    episodes        | 1384     |
|    fps             | 156      |
|    time_elapsed    | 1783     |
|    total_timesteps | 278652   |
| train/             |          |
|    actor_loss      | -734     |
|    critic_loss     | 6.47e+03 |
|    ent_coef        | 0.687    |
|    ent_coef_loss   | 1.89     |
|    learning_rate   | 0.0003   |
|    n_updates       | 268651   |
---------------------------------
---------------------------------
| rollout/           |          |
|    ep_len_mean     | 188      |
|    ep_rew_mean     | 4.7      |
| time/              |          |
|    episodes        | 1388     |
|    fps             | 156      |
|    time_elapsed    | 1788     |
|    total_timesteps | 279320   |
| train/             |          |
|    actor_loss      | -952     |
|    critic_loss     | 1.75e+04 |
|    ent_coef        | 0.915    |
|    ent_coef_loss   | 0.762    |
|    learning_rate   | 0.0003   |
|    n_updates       | 269319   |
---------------------------------
----------------------------------
| rollout/           |           |
|    ep_len_mean     | 185       |
|    ep_rew_mean     | 4.3       |
| time/              |           |
|    episodes        | 1392      |
|    fps             | 156       |
|    time_elapsed    | 1792      |
|    total_timesteps | 279963    |
| train/             |           |
|    actor_loss      | -1.24e+03 |
|    critic_loss     | 2.36e+04  |
|    ent_coef        | 1.18      |
|    ent_coef_loss   | -0.927    |
|    learning_rate   | 0.0003    |
|    n_updates       | 269962    |
----------------------------------
----------------------------------
| rollout/           |           |
|    ep_len_mean     | 184       |
|    ep_rew_mean     | 4.23      |
| time/              |           |
|    episodes        | 1396      |
|    fps             | 156       |
|    time_elapsed    | 1796      |
|    total_timesteps | 280609    |
| train/             |           |
|    actor_loss      | -1.98e+03 |
|    critic_loss     | 4.63e+04  |
|    ent_coef        | 1.54      |
|    ent_coef_loss   | -3.92     |
|    learning_rate   | 0.0003    |
|    n_updates       | 270608    |
----------------------------------
----------------------------------
| rollout/           |           |
|    ep_len_mean     | 182       |
|    ep_rew_mean     | 4.17      |
| time/              |           |
|    episodes        | 1400      |
|    fps             | 156       |
|    time_elapsed    | 1801      |
|    total_timesteps | 281299    |
| train/             |           |
|    actor_loss      | -2.89e+03 |
|    critic_loss     | 8.58e+04  |
|    ent_coef        | 1.99      |
|    ent_coef_loss   | -9.51     |
|    learning_rate   | 0.0003    |
|    n_updates       | 271298    |
----------------------------------
----------------------------------
| rollout/           |           |
|    ep_len_mean     | 182       |
|    ep_rew_mean     | 4.3       |
| time/              |           |
|    episodes        | 1404      |
|    fps             | 156       |
|    time_elapsed    | 1805      |
|    total_timesteps | 281991    |
| train/             |           |
|    actor_loss      | -4.02e+03 |
|    critic_loss     | 4.04e+05  |
|    ent_coef        | 2.46      |
|    ent_coef_loss   | -7.22     |
|    learning_rate   | 0.0003    |
|    n_updates       | 271990    |
----------------------------------
----------------------------------
| rollout/           |           |
|    ep_len_mean     | 180       |
|    ep_rew_mean     | 4.4       |
| time/              |           |
|    episodes        | 1408      |
|    fps             | 156       |
|    time_elapsed    | 1810      |
|    total_timesteps | 282682    |
| train/             |           |
|    actor_loss      | -5.54e+03 |
|    critic_loss     | 2.94e+05  |
|    ent_coef        | 2.97      |
|    ent_coef_loss   | -10.6     |
|    learning_rate   | 0.0003    |
|    n_updates       | 272681    |
----------------------------------
----------------------------------
| rollout/           |           |
|    ep_len_mean     | 178       |
|    ep_rew_mean     | 4.47      |
| time/              |           |
|    episodes        | 1412      |
|    fps             | 156       |
|    time_elapsed    | 1814      |
|    total_timesteps | 283300    |
| train/             |           |
|    actor_loss      | -6.98e+03 |
|    critic_loss     | 4.08e+05  |
|    ent_coef        | 3.61      |
|    ent_coef_loss   | -12.9     |
|    learning_rate   | 0.0003    |
|    n_updates       | 273299    |
----------------------------------
---------------------------------
| rollout/           |          |
|    ep_len_mean     | 177      |
|    ep_rew_mean     | 4.48     |
| time/              |          |
|    episodes        | 1416     |
|    fps             | 156      |
|    time_elapsed    | 1819     |
|    total_timesteps | 283968   |
| train/             |          |
|    actor_loss      | -8.5e+03 |
|    critic_loss     | 5.56e+05 |
|    ent_coef        | 4.33     |
|    ent_coef_loss   | -14.2    |
|    learning_rate   | 0.0003   |
|    n_updates       | 273967   |
---------------------------------
----------------------------------
| rollout/           |           |
|    ep_len_mean     | 177       |
|    ep_rew_mean     | 4.61      |
| time/              |           |
|    episodes        | 1420      |
|    fps             | 156       |
|    time_elapsed    | 1824      |
|    total_timesteps | 284710    |
| train/             |           |
|    actor_loss      | -1.04e+04 |
|    critic_loss     | 6.29e+05  |
|    ent_coef        | 5.25      |
|    ent_coef_loss   | -12       |
|    learning_rate   | 0.0003    |
|    n_updates       | 274709    |
----------------------------------
----------------------------------
| rollout/           |           |
|    ep_len_mean     | 177       |
|    ep_rew_mean     | 4.83      |
| time/              |           |
|    episodes        | 1424      |
|    fps             | 156       |
|    time_elapsed    | 1828      |
|    total_timesteps | 285508    |
| train/             |           |
|    actor_loss      | -1.19e+04 |
|    critic_loss     | 7.53e+05  |
|    ent_coef        | 6.25      |
|    ent_coef_loss   | -9.57     |
|    learning_rate   | 0.0003    |
|    n_updates       | 275507    |
----------------------------------
----------------------------------
| rollout/           |           |
|    ep_len_mean     | 177       |
|    ep_rew_mean     | 4.95      |
| time/              |           |
|    episodes        | 1428      |
|    fps             | 156       |
|    time_elapsed    | 1833      |
|    total_timesteps | 286294    |
| train/             |           |
|    actor_loss      | -1.34e+04 |
|    critic_loss     | 1.2e+06   |
|    ent_coef        | 7.43      |
|    ent_coef_loss   | -5.37     |
|    learning_rate   | 0.0003    |
|    n_updates       | 276293    |
----------------------------------
----------------------------------
| rollout/           |           |
|    ep_len_mean     | 178       |
|    ep_rew_mean     | 4.9       |
| time/              |           |
|    episodes        | 1432      |
|    fps             | 156       |
|    time_elapsed    | 1838      |
|    total_timesteps | 287053    |
| train/             |           |
|    actor_loss      | -1.53e+04 |
|    critic_loss     | 1.76e+06  |
|    ent_coef        | 8.36      |
|    ent_coef_loss   | -5.98     |
|    learning_rate   | 0.0003    |
|    n_updates       | 277052    |
----------------------------------
----------------------------------
| rollout/           |           |
|    ep_len_mean     | 177       |
|    ep_rew_mean     | 4.85      |
| time/              |           |
|    episodes        | 1436      |
|    fps             | 156       |
|    time_elapsed    | 1843      |
|    total_timesteps | 287767    |
| train/             |           |
|    actor_loss      | -1.63e+04 |
|    critic_loss     | 2.7e+06   |
|    ent_coef        | 9.05      |
|    ent_coef_loss   | -0.292    |
|    learning_rate   | 0.0003    |
|    n_updates       | 277766    |
----------------------------------
----------------------------------
| rollout/           |           |
|    ep_len_mean     | 176       |
|    ep_rew_mean     | 4.73      |
| time/              |           |
|    episodes        | 1440      |
|    fps             | 156       |
|    time_elapsed    | 1847      |
|    total_timesteps | 288441    |
| train/             |           |
|    actor_loss      | -1.66e+04 |
|    critic_loss     | 1e+06     |
|    ent_coef        | 8.5       |
|    ent_coef_loss   | 0.761     |
|    learning_rate   | 0.0003    |
|    n_updates       | 278440    |
----------------------------------
---------------------------------
| rollout/           |          |
|    ep_len_mean     | 176      |
|    ep_rew_mean     | 4.65     |
| time/              |          |
|    episodes        | 1444     |
|    fps             | 156      |
|    time_elapsed    | 1851     |
|    total_timesteps | 289148   |
| train/             |          |
|    actor_loss      | -1.7e+04 |
|    critic_loss     | 2.6e+06  |
|    ent_coef        | 7.91     |
|    ent_coef_loss   | 0.482    |
|    learning_rate   | 0.0003   |
|    n_updates       | 279147   |
---------------------------------
----------------------------------
| rollout/           |           |
|    ep_len_mean     | 176       |
|    ep_rew_mean     | 4.63      |
| time/              |           |
|    episodes        | 1448      |
|    fps             | 156       |
|    time_elapsed    | 1855      |
|    total_timesteps | 289894    |
| train/             |           |
|    actor_loss      | -1.72e+04 |
|    critic_loss     | 4.38e+05  |
|    ent_coef        | 7.59      |
|    ent_coef_loss   | 2.07      |
|    learning_rate   | 0.0003    |
|    n_updates       | 279893    |
----------------------------------
----------------------------------
| rollout/           |           |
|    ep_len_mean     | 177       |
|    ep_rew_mean     | 4.61      |
| time/              |           |
|    episodes        | 1452      |
|    fps             | 156       |
|    time_elapsed    | 1860      |
|    total_timesteps | 290801    |
| train/             |           |
|    actor_loss      | -1.72e+04 |
|    critic_loss     | 1.65e+06  |
|    ent_coef        | 7.5       |
|    ent_coef_loss   | 2.27      |
|    learning_rate   | 0.0003    |
|    n_updates       | 280800    |
----------------------------------
----------------------------------
| rollout/           |           |
|    ep_len_mean     | 180       |
|    ep_rew_mean     | 4.65      |
| time/              |           |
|    episodes        | 1456      |
|    fps             | 156       |
|    time_elapsed    | 1866      |
|    total_timesteps | 291765    |
| train/             |           |
|    actor_loss      | -1.81e+04 |
|    critic_loss     | 5.43e+05  |
|    ent_coef        | 7.18      |
|    ent_coef_loss   | -1.34     |
|    learning_rate   | 0.0003    |
|    n_updates       | 281764    |
----------------------------------
----------------------------------
| rollout/           |           |
|    ep_len_mean     | 182       |
|    ep_rew_mean     | 4.91      |
| time/              |           |
|    episodes        | 1460      |
|    fps             | 156       |
|    time_elapsed    | 1872      |
|    total_timesteps | 292745    |
| train/             |           |
|    actor_loss      | -1.84e+04 |
|    critic_loss     | 9.34e+05  |
|    ent_coef        | 6.84      |
|    ent_coef_loss   | 1.53      |
|    learning_rate   | 0.0003    |
|    n_updates       | 282744    |
----------------------------------
----------------------------------
| rollout/           |           |
|    ep_len_mean     | 185       |
|    ep_rew_mean     | 5.07      |
| time/              |           |
|    episodes        | 1464      |
|    fps             | 156       |
|    time_elapsed    | 1878      |
|    total_timesteps | 293735    |
| train/             |           |
|    actor_loss      | -1.78e+04 |
|    critic_loss     | 1.65e+06  |
|    ent_coef        | 6.1       |
|    ent_coef_loss   | 2.87      |
|    learning_rate   | 0.0003    |
|    n_updates       | 283734    |
----------------------------------
---------------------------------
| rollout/           |          |
|    ep_len_mean     | 186      |
|    ep_rew_mean     | 5.23     |
| time/              |          |
|    episodes        | 1468     |
|    fps             | 156      |
|    time_elapsed    | 1883     |
|    total_timesteps | 294564   |
| train/             |          |
|    actor_loss      | -1.9e+04 |
|    critic_loss     | 8.44e+05 |
|    ent_coef        | 5.93     |
|    ent_coef_loss   | -2.63    |
|    learning_rate   | 0.0003   |
|    n_updates       | 284563   |
---------------------------------
----------------------------------
| rollout/           |           |
|    ep_len_mean     | 187       |
|    ep_rew_mean     | 5.46      |
| time/              |           |
|    episodes        | 1472      |
|    fps             | 156       |
|    time_elapsed    | 1888      |
|    total_timesteps | 295474    |
| train/             |           |
|    actor_loss      | -1.91e+04 |
|    critic_loss     | 9.29e+05  |
|    ent_coef        | 5.83      |
|    ent_coef_loss   | 3.16      |
|    learning_rate   | 0.0003    |
|    n_updates       | 285473    |
----------------------------------
---------------------------------
| rollout/           |          |
|    ep_len_mean     | 191      |
|    ep_rew_mean     | 5.78     |
| time/              |          |
|    episodes        | 1476     |
|    fps             | 156      |
|    time_elapsed    | 1895     |
|    total_timesteps | 296488   |
| train/             |          |
|    actor_loss      | -1.9e+04 |
|    critic_loss     | 6.78e+05 |
|    ent_coef        | 5.78     |
|    ent_coef_loss   | -1.49    |
|    learning_rate   | 0.0003   |
|    n_updates       | 286487   |
---------------------------------
----------------------------------
| rollout/           |           |
|    ep_len_mean     | 193       |
|    ep_rew_mean     | 6.08      |
| time/              |           |
|    episodes        | 1480      |
|    fps             | 156       |
|    time_elapsed    | 1900      |
|    total_timesteps | 297338    |
| train/             |           |
|    actor_loss      | -1.93e+04 |
|    critic_loss     | 6.07e+05  |
|    ent_coef        | 5.24      |
|    ent_coef_loss   | -0.719    |
|    learning_rate   | 0.0003    |
|    n_updates       | 287337    |
----------------------------------
----------------------------------
| rollout/           |           |
|    ep_len_mean     | 195       |
|    ep_rew_mean     | 6.41      |
| time/              |           |
|    episodes        | 1484      |
|    fps             | 156       |
|    time_elapsed    | 1905      |
|    total_timesteps | 298143    |
| train/             |           |
|    actor_loss      | -1.91e+04 |
|    critic_loss     | 3.19e+05  |
|    ent_coef        | 5.07      |
|    ent_coef_loss   | 1.79      |
|    learning_rate   | 0.0003    |
|    n_updates       | 288142    |
----------------------------------
----------------------------------
| rollout/           |           |
|    ep_len_mean     | 195       |
|    ep_rew_mean     | 6.74      |
| time/              |           |
|    episodes        | 1488      |
|    fps             | 156       |
|    time_elapsed    | 1910      |
|    total_timesteps | 298857    |
| train/             |           |
|    actor_loss      | -1.91e+04 |
|    critic_loss     | 2.19e+06  |
|    ent_coef        | 4.9       |
|    ent_coef_loss   | 1.32      |
|    learning_rate   | 0.0003    |
|    n_updates       | 288856    |
----------------------------------
----------------------------------
| rollout/           |           |
|    ep_len_mean     | 196       |
|    ep_rew_mean     | 6.97      |
| time/              |           |
|    episodes        | 1492      |
|    fps             | 156       |
|    time_elapsed    | 1914      |
|    total_timesteps | 299555    |
| train/             |           |
|    actor_loss      | -1.95e+04 |
|    critic_loss     | 1.85e+06  |
|    ent_coef        | 4.74      |
|    ent_coef_loss   | -2.09     |
|    learning_rate   | 0.0003    |
|    n_updates       | 289554    |
----------------------------------
 100% ━━━━━━━━━━━━━━━━━━━━━━━━ 300,000/300,000  [ 0:31:57 < 0:00:00 , 154 it/s ]
Using cpu device
Wrapping the env in a DummyVecEnv.
Logging to experiments/RL/course_project/runs/walk_all_algos_300k/tensorboard/tqc/TQC_1
---------------------------------
| rollout/           |          |
|    ep_len_mean     | 199      |
|    ep_rew_mean     | 7.45     |
| time/              |          |
|    episodes        | 4        |
|    fps             | 2420     |
|    time_elapsed    | 0        |
|    total_timesteps | 797      |
---------------------------------
---------------------------------
| rollout/           |          |
|    ep_len_mean     | 214      |
|    ep_rew_mean     | 11.6     |
| time/              |          |
|    episodes        | 8        |
|    fps             | 2395     |
|    time_elapsed    | 0        |
|    total_timesteps | 1716     |
---------------------------------
---------------------------------
| rollout/           |          |
|    ep_len_mean     | 205      |
|    ep_rew_mean     | 10.1     |
| time/              |          |
|    episodes        | 12       |
|    fps             | 2444     |
|    time_elapsed    | 1        |
|    total_timesteps | 2455     |
---------------------------------
---------------------------------
| rollout/           |          |
|    ep_len_mean     | 209      |
|    ep_rew_mean     | 10.4     |
| time/              |          |
|    episodes        | 16       |
|    fps             | 2434     |
|    time_elapsed    | 1        |
|    total_timesteps | 3348     |
---------------------------------
---------------------------------
| rollout/           |          |
|    ep_len_mean     | 203      |
|    ep_rew_mean     | 9.36     |
| time/              |          |
|    episodes        | 20       |
|    fps             | 2463     |
|    time_elapsed    | 1        |
|    total_timesteps | 4055     |
---------------------------------
---------------------------------
| rollout/           |          |
|    ep_len_mean     | 203      |
|    ep_rew_mean     | 10.1     |
| time/              |          |
|    episodes        | 24       |
|    fps             | 2462     |
|    time_elapsed    | 1        |
|    total_timesteps | 4872     |
---------------------------------
---------------------------------
| rollout/           |          |
|    ep_len_mean     | 202      |
|    ep_rew_mean     | 10.3     |
| time/              |          |
|    episodes        | 28       |
|    fps             | 2470     |
|    time_elapsed    | 2        |
|    total_timesteps | 5668     |
---------------------------------
---------------------------------
| rollout/           |          |
|    ep_len_mean     | 207      |
|    ep_rew_mean     | 10.9     |
| time/              |          |
|    episodes        | 32       |
|    fps             | 2419     |
|    time_elapsed    | 2        |
|    total_timesteps | 6637     |
---------------------------------
---------------------------------
| rollout/           |          |
|    ep_len_mean     | 209      |
|    ep_rew_mean     | 10.8     |
| time/              |          |
|    episodes        | 36       |
|    fps             | 2418     |
|    time_elapsed    | 3        |
|    total_timesteps | 7515     |
---------------------------------
---------------------------------
| rollout/           |          |
|    ep_len_mean     | 207      |
|    ep_rew_mean     | 10.5     |
| time/              |          |
|    episodes        | 40       |
|    fps             | 2427     |
|    time_elapsed    | 3        |
|    total_timesteps | 8280     |
---------------------------------
---------------------------------
| rollout/           |          |
|    ep_len_mean     | 207      |
|    ep_rew_mean     | 10.7     |
| time/              |          |
|    episodes        | 44       |
|    fps             | 2425     |
|    time_elapsed    | 3        |
|    total_timesteps | 9127     |
---------------------------------
---------------------------------
| rollout/           |          |
|    ep_len_mean     | 206      |
|    ep_rew_mean     | 10.6     |
| time/              |          |
|    episodes        | 48       |
|    fps             | 2429     |
|    time_elapsed    | 4        |
|    total_timesteps | 9912     |
---------------------------------
---------------------------------
| rollout/           |          |
|    ep_len_mean     | 204      |
|    ep_rew_mean     | 10.2     |
| time/              |          |
|    episodes        | 52       |
|    fps             | 994      |
|    time_elapsed    | 10       |
|    total_timesteps | 10633    |
| train/             |          |
|    actor_loss      | -34      |
|    critic_loss     | 0.179    |
|    ent_coef        | 0.827    |
|    ent_coef_loss   | -4.78    |
|    learning_rate   | 0.0003   |
|    n_updates       | 632      |
---------------------------------
---------------------------------
| rollout/           |          |
|    ep_len_mean     | 205      |
|    ep_rew_mean     | 10.6     |
| time/              |          |
|    episodes        | 56       |
|    fps             | 573      |
|    time_elapsed    | 20       |
|    total_timesteps | 11506    |
| train/             |          |
|    actor_loss      | -58.4    |
|    critic_loss     | 0.0625   |
|    ent_coef        | 0.637    |
|    ent_coef_loss   | -11.4    |
|    learning_rate   | 0.0003   |
|    n_updates       | 1505     |
---------------------------------
---------------------------------
| rollout/           |          |
|    ep_len_mean     | 204      |
|    ep_rew_mean     | 10.6     |
| time/              |          |
|    episodes        | 60       |
|    fps             | 440      |
|    time_elapsed    | 27       |
|    total_timesteps | 12224    |
| train/             |          |
|    actor_loss      | -74.2    |
|    critic_loss     | 0.328    |
|    ent_coef        | 0.513    |
|    ent_coef_loss   | -16.8    |
|    learning_rate   | 0.0003   |
|    n_updates       | 2223     |
---------------------------------
---------------------------------
| rollout/           |          |
|    ep_len_mean     | 203      |
|    ep_rew_mean     | 10.3     |
| time/              |          |
|    episodes        | 64       |
|    fps             | 363      |
|    time_elapsed    | 35       |
|    total_timesteps | 12964    |
| train/             |          |
|    actor_loss      | -86.3    |
|    critic_loss     | 0.363    |
|    ent_coef        | 0.411    |
|    ent_coef_loss   | -22.3    |
|    learning_rate   | 0.0003   |
|    n_updates       | 2963     |
---------------------------------
---------------------------------
| rollout/           |          |
|    ep_len_mean     | 200      |
|    ep_rew_mean     | 9.99     |
| time/              |          |
|    episodes        | 68       |
|    fps             | 318      |
|    time_elapsed    | 42       |
|    total_timesteps | 13628    |
| train/             |          |
|    actor_loss      | -94.2    |
|    critic_loss     | 0.649    |
|    ent_coef        | 0.337    |
|    ent_coef_loss   | -27.1    |
|    learning_rate   | 0.0003   |
|    n_updates       | 3627     |
---------------------------------
---------------------------------
| rollout/           |          |
|    ep_len_mean     | 200      |
|    ep_rew_mean     | 9.82     |
| time/              |          |
|    episodes        | 72       |
|    fps             | 283      |
|    time_elapsed    | 50       |
|    total_timesteps | 14365    |
| train/             |          |
|    actor_loss      | -101     |
|    critic_loss     | 0.505    |
|    ent_coef        | 0.271    |
|    ent_coef_loss   | -32.2    |
|    learning_rate   | 0.0003   |
|    n_updates       | 4364     |
---------------------------------
---------------------------------
| rollout/           |          |
|    ep_len_mean     | 198      |
|    ep_rew_mean     | 9.5      |
| time/              |          |
|    episodes        | 76       |
|    fps             | 258      |
|    time_elapsed    | 58       |
|    total_timesteps | 15060    |
| train/             |          |
|    actor_loss      | -104     |
|    critic_loss     | 0.735    |
|    ent_coef        | 0.22     |
|    ent_coef_loss   | -36.8    |
|    learning_rate   | 0.0003   |
|    n_updates       | 5059     |
---------------------------------
---------------------------------
| rollout/           |          |
|    ep_len_mean     | 197      |
|    ep_rew_mean     | 9.32     |
| time/              |          |
|    episodes        | 80       |
|    fps             | 238      |
|    time_elapsed    | 66       |
|    total_timesteps | 15786    |
| train/             |          |
|    actor_loss      | -108     |
|    critic_loss     | 0.561    |
|    ent_coef        | 0.178    |
|    ent_coef_loss   | -41.5    |
|    learning_rate   | 0.0003   |
|    n_updates       | 5785     |
---------------------------------
---------------------------------
| rollout/           |          |
|    ep_len_mean     | 198      |
|    ep_rew_mean     | 9.22     |
| time/              |          |
|    episodes        | 84       |
|    fps             | 220      |
|    time_elapsed    | 75       |
|    total_timesteps | 16618    |
| train/             |          |
|    actor_loss      | -107     |
|    critic_loss     | 0.816    |
|    ent_coef        | 0.14     |
|    ent_coef_loss   | -45.5    |
|    learning_rate   | 0.0003   |
|    n_updates       | 6617     |
---------------------------------
---------------------------------
| rollout/           |          |
|    ep_len_mean     | 198      |
|    ep_rew_mean     | 9.05     |
| time/              |          |
|    episodes        | 88       |
|    fps             | 207      |
|    time_elapsed    | 84       |
|    total_timesteps | 17429    |
| train/             |          |
|    actor_loss      | -111     |
|    critic_loss     | 0.523    |
|    ent_coef        | 0.111    |
|    ent_coef_loss   | -49.9    |
|    learning_rate   | 0.0003   |
|    n_updates       | 7428     |
---------------------------------
---------------------------------
| rollout/           |          |
|    ep_len_mean     | 198      |
|    ep_rew_mean     | 8.81     |
| time/              |          |
|    episodes        | 92       |
|    fps             | 196      |
|    time_elapsed    | 92       |
|    total_timesteps | 18173    |
| train/             |          |
|    actor_loss      | -110     |
|    critic_loss     | 0.551    |
|    ent_coef        | 0.0894   |
|    ent_coef_loss   | -51.8    |
|    learning_rate   | 0.0003   |
|    n_updates       | 8172     |
---------------------------------
---------------------------------
| rollout/           |          |
|    ep_len_mean     | 197      |
|    ep_rew_mean     | 8.67     |
| time/              |          |
|    episodes        | 96       |
|    fps             | 188      |
|    time_elapsed    | 100      |
|    total_timesteps | 18929    |
| train/             |          |
|    actor_loss      | -109     |
|    critic_loss     | 0.708    |
|    ent_coef        | 0.0722   |
|    ent_coef_loss   | -52.5    |
|    learning_rate   | 0.0003   |
|    n_updates       | 8928     |
---------------------------------
---------------------------------
| rollout/           |          |
|    ep_len_mean     | 197      |
|    ep_rew_mean     | 8.52     |
| time/              |          |
|    episodes        | 100      |
|    fps             | 181      |
|    time_elapsed    | 108      |
|    total_timesteps | 19662    |
| train/             |          |
|    actor_loss      | -108     |
|    critic_loss     | 0.793    |
|    ent_coef        | 0.0589   |
|    ent_coef_loss   | -51.2    |
|    learning_rate   | 0.0003   |
|    n_updates       | 9661     |
---------------------------------
---------------------------------
| rollout/           |          |
|    ep_len_mean     | 198      |
|    ep_rew_mean     | 8.53     |
| time/              |          |
|    episodes        | 104      |
|    fps             | 173      |
|    time_elapsed    | 118      |
|    total_timesteps | 20574    |
| train/             |          |
|    actor_loss      | -106     |
|    critic_loss     | 0.718    |
|    ent_coef        | 0.0458   |
|    ent_coef_loss   | -56.2    |
|    learning_rate   | 0.0003   |
|    n_updates       | 10573    |
---------------------------------
---------------------------------
| rollout/           |          |
|    ep_len_mean     | 197      |
|    ep_rew_mean     | 8.25     |
| time/              |          |
|    episodes        | 108      |
|    fps             | 168      |
|    time_elapsed    | 127      |
|    total_timesteps | 21398    |
| train/             |          |
|    actor_loss      | -105     |
|    critic_loss     | 0.884    |
|    ent_coef        | 0.0367   |
|    ent_coef_loss   | -48.1    |
|    learning_rate   | 0.0003   |
|    n_updates       | 11397    |
---------------------------------
---------------------------------
| rollout/           |          |
|    ep_len_mean     | 198      |
|    ep_rew_mean     | 8.54     |
| time/              |          |
|    episodes        | 112      |
|    fps             | 162      |
|    time_elapsed    | 136      |
|    total_timesteps | 22277    |
| train/             |          |
|    actor_loss      | -104     |
|    critic_loss     | 0.911    |
|    ent_coef        | 0.0303   |
|    ent_coef_loss   | -27.2    |
|    learning_rate   | 0.0003   |
|    n_updates       | 12276    |
---------------------------------
---------------------------------
| rollout/           |          |
|    ep_len_mean     | 198      |
|    ep_rew_mean     | 8.46     |
| time/              |          |
|    episodes        | 116      |
|    fps             | 158      |
|    time_elapsed    | 146      |
|    total_timesteps | 23159    |
| train/             |          |
|    actor_loss      | -102     |
|    critic_loss     | 0.902    |
|    ent_coef        | 0.0253   |
|    ent_coef_loss   | -36.9    |
|    learning_rate   | 0.0003   |
|    n_updates       | 13158    |
---------------------------------
---------------------------------
| rollout/           |          |
|    ep_len_mean     | 199      |
|    ep_rew_mean     | 8.51     |
| time/              |          |
|    episodes        | 120      |
|    fps             | 154      |
|    time_elapsed    | 155      |
|    total_timesteps | 23967    |
| train/             |          |
|    actor_loss      | -96.1    |
|    critic_loss     | 1.27     |
|    ent_coef        | 0.023    |
|    ent_coef_loss   | -17.6    |
|    learning_rate   | 0.0003   |
|    n_updates       | 13966    |
---------------------------------
---------------------------------
| rollout/           |          |
|    ep_len_mean     | 199      |
|    ep_rew_mean     | 8.24     |
| time/              |          |
|    episodes        | 124      |
|    fps             | 151      |
|    time_elapsed    | 163      |
|    total_timesteps | 24751    |
| train/             |          |
|    actor_loss      | -99.1    |
|    critic_loss     | 1.05     |
|    ent_coef        | 0.0201   |
|    ent_coef_loss   | -11.5    |
|    learning_rate   | 0.0003   |
|    n_updates       | 14750    |
---------------------------------
---------------------------------
| rollout/           |          |
|    ep_len_mean     | 199      |
|    ep_rew_mean     | 8.05     |
| time/              |          |
|    episodes        | 128      |
|    fps             | 148      |
|    time_elapsed    | 172      |
|    total_timesteps | 25571    |
| train/             |          |
|    actor_loss      | -94.9    |
|    critic_loss     | 1.29     |
|    ent_coef        | 0.019    |
|    ent_coef_loss   | 4.1      |
|    learning_rate   | 0.0003   |
|    n_updates       | 15570    |
---------------------------------
---------------------------------
| rollout/           |          |
|    ep_len_mean     | 197      |
|    ep_rew_mean     | 7.68     |
| time/              |          |
|    episodes        | 132      |
|    fps             | 145      |
|    time_elapsed    | 180      |
|    total_timesteps | 26324    |
| train/             |          |
|    actor_loss      | -95.9    |
|    critic_loss     | 1.25     |
|    ent_coef        | 0.018    |
|    ent_coef_loss   | -15.3    |
|    learning_rate   | 0.0003   |
|    n_updates       | 16323    |
---------------------------------
---------------------------------
| rollout/           |          |
|    ep_len_mean     | 196      |
|    ep_rew_mean     | 7.74     |
| time/              |          |
|    episodes        | 136      |
|    fps             | 142      |
|    time_elapsed    | 189      |
|    total_timesteps | 27152    |
| train/             |          |
|    actor_loss      | -92.4    |
|    critic_loss     | 1.22     |
|    ent_coef        | 0.0161   |
|    ent_coef_loss   | 5.45     |
|    learning_rate   | 0.0003   |
|    n_updates       | 17151    |
---------------------------------
---------------------------------
| rollout/           |          |
|    ep_len_mean     | 196      |
|    ep_rew_mean     | 7.6      |
| time/              |          |
|    episodes        | 140      |
|    fps             | 140      |
|    time_elapsed    | 197      |
|    total_timesteps | 27895    |
| train/             |          |
|    actor_loss      | -89.7    |
|    critic_loss     | 1.8      |
|    ent_coef        | 0.0136   |
|    ent_coef_loss   | -14      |
|    learning_rate   | 0.0003   |
|    n_updates       | 17894    |
---------------------------------
---------------------------------
| rollout/           |          |
|    ep_len_mean     | 196      |
|    ep_rew_mean     | 7.55     |
| time/              |          |
|    episodes        | 144      |
|    fps             | 138      |
|    time_elapsed    | 206      |
|    total_timesteps | 28690    |
| train/             |          |
|    actor_loss      | -87.2    |
|    critic_loss     | 1.63     |
|    ent_coef        | 0.0149   |
|    ent_coef_loss   | 11.8     |
|    learning_rate   | 0.0003   |
|    n_updates       | 18689    |
---------------------------------
---------------------------------
| rollout/           |          |
|    ep_len_mean     | 195      |
|    ep_rew_mean     | 7.52     |
| time/              |          |
|    episodes        | 148      |
|    fps             | 137      |
|    time_elapsed    | 214      |
|    total_timesteps | 29458    |
| train/             |          |
|    actor_loss      | -90      |
|    critic_loss     | 1.57     |
|    ent_coef        | 0.0167   |
|    ent_coef_loss   | 1.83     |
|    learning_rate   | 0.0003   |
|    n_updates       | 19457    |
---------------------------------
---------------------------------
| rollout/           |          |
|    ep_len_mean     | 198      |
|    ep_rew_mean     | 7.76     |
| time/              |          |
|    episodes        | 152      |
|    fps             | 135      |
|    time_elapsed    | 225      |
|    total_timesteps | 30408    |
| train/             |          |
|    actor_loss      | -86.7    |
|    critic_loss     | 1.21     |
|    ent_coef        | 0.015    |
|    ent_coef_loss   | -14.2    |
|    learning_rate   | 0.0003   |
|    n_updates       | 20407    |
---------------------------------
---------------------------------
| rollout/           |          |
|    ep_len_mean     | 197      |
|    ep_rew_mean     | 7.54     |
| time/              |          |
|    episodes        | 156      |
|    fps             | 133      |
|    time_elapsed    | 233      |
|    total_timesteps | 31225    |
| train/             |          |
|    actor_loss      | -85.7    |
|    critic_loss     | 1.33     |
|    ent_coef        | 0.0139   |
|    ent_coef_loss   | 2.92     |
|    learning_rate   | 0.0003   |
|    n_updates       | 21224    |
---------------------------------
---------------------------------
| rollout/           |          |
|    ep_len_mean     | 199      |
|    ep_rew_mean     | 7.44     |
| time/              |          |
|    episodes        | 160      |
|    fps             | 131      |
|    time_elapsed    | 243      |
|    total_timesteps | 32076    |
| train/             |          |
|    actor_loss      | -82.1    |
|    critic_loss     | 1.5      |
|    ent_coef        | 0.0154   |
|    ent_coef_loss   | 4.28     |
|    learning_rate   | 0.0003   |
|    n_updates       | 22075    |
---------------------------------
---------------------------------
| rollout/           |          |
|    ep_len_mean     | 199      |
|    ep_rew_mean     | 7.56     |
| time/              |          |
|    episodes        | 164      |
|    fps             | 130      |
|    time_elapsed    | 251      |
|    total_timesteps | 32890    |
| train/             |          |
|    actor_loss      | -79.7    |
|    critic_loss     | 1.73     |
|    ent_coef        | 0.015    |
|    ent_coef_loss   | -7.06    |
|    learning_rate   | 0.0003   |
|    n_updates       | 22889    |
---------------------------------
---------------------------------
| rollout/           |          |
|    ep_len_mean     | 201      |
|    ep_rew_mean     | 7.72     |
| time/              |          |
|    episodes        | 168      |
|    fps             | 129      |
|    time_elapsed    | 260      |
|    total_timesteps | 33700    |
| train/             |          |
|    actor_loss      | -81.1    |
|    critic_loss     | 1.43     |
|    ent_coef        | 0.014    |
|    ent_coef_loss   | 1.56     |
|    learning_rate   | 0.0003   |
|    n_updates       | 23699    |
---------------------------------
---------------------------------
| rollout/           |          |
|    ep_len_mean     | 202      |
|    ep_rew_mean     | 7.73     |
| time/              |          |
|    episodes        | 172      |
|    fps             | 127      |
|    time_elapsed    | 270      |
|    total_timesteps | 34586    |
| train/             |          |
|    actor_loss      | -76.6    |
|    critic_loss     | 1.6      |
|    ent_coef        | 0.0139   |
|    ent_coef_loss   | 4.06     |
|    learning_rate   | 0.0003   |
|    n_updates       | 24585    |
---------------------------------
---------------------------------
| rollout/           |          |
|    ep_len_mean     | 206      |
|    ep_rew_mean     | 8.05     |
| time/              |          |
|    episodes        | 176      |
|    fps             | 126      |
|    time_elapsed    | 282      |
|    total_timesteps | 35700    |
| train/             |          |
|    actor_loss      | -76.1    |
|    critic_loss     | 1.52     |
|    ent_coef        | 0.0143   |
|    ent_coef_loss   | -5.7     |
|    learning_rate   | 0.0003   |
|    n_updates       | 25699    |
---------------------------------
---------------------------------
| rollout/           |          |
|    ep_len_mean     | 210      |
|    ep_rew_mean     | 8.29     |
| time/              |          |
|    episodes        | 180      |
|    fps             | 124      |
|    time_elapsed    | 294      |
|    total_timesteps | 36738    |
| train/             |          |
|    actor_loss      | -73      |
|    critic_loss     | 1.54     |
|    ent_coef        | 0.0129   |
|    ent_coef_loss   | 2.05     |
|    learning_rate   | 0.0003   |
|    n_updates       | 26737    |
---------------------------------
---------------------------------
| rollout/           |          |
|    ep_len_mean     | 210      |
|    ep_rew_mean     | 8.38     |
| time/              |          |
|    episodes        | 184      |
|    fps             | 123      |
|    time_elapsed    | 303      |
|    total_timesteps | 37611    |
| train/             |          |
|    actor_loss      | -73.5    |
|    critic_loss     | 1.88     |
|    ent_coef        | 0.0145   |
|    ent_coef_loss   | 6.84     |
|    learning_rate   | 0.0003   |
|    n_updates       | 27610    |
---------------------------------
---------------------------------
| rollout/           |          |
|    ep_len_mean     | 211      |
|    ep_rew_mean     | 8.67     |
| time/              |          |
|    episodes        | 188      |
|    fps             | 122      |
|    time_elapsed    | 314      |
|    total_timesteps | 38563    |
| train/             |          |
|    actor_loss      | -70.9    |
|    critic_loss     | 1.94     |
|    ent_coef        | 0.0134   |
|    ent_coef_loss   | -4       |
|    learning_rate   | 0.0003   |
|    n_updates       | 28562    |
---------------------------------
---------------------------------
| rollout/           |          |
|    ep_len_mean     | 215      |
|    ep_rew_mean     | 9.13     |
| time/              |          |
|    episodes        | 192      |
|    fps             | 121      |
|    time_elapsed    | 326      |
|    total_timesteps | 39627    |
| train/             |          |
|    actor_loss      | -72.1    |
|    critic_loss     | 1.75     |
|    ent_coef        | 0.0132   |
|    ent_coef_loss   | -1.92    |
|    learning_rate   | 0.0003   |
|    n_updates       | 29626    |
---------------------------------
---------------------------------
| rollout/           |          |
|    ep_len_mean     | 215      |
|    ep_rew_mean     | 9.11     |
| time/              |          |
|    episodes        | 196      |
|    fps             | 120      |
|    time_elapsed    | 335      |
|    total_timesteps | 40460    |
| train/             |          |
|    actor_loss      | -66.3    |
|    critic_loss     | 1.57     |
|    ent_coef        | 0.012    |
|    ent_coef_loss   | 5.38     |
|    learning_rate   | 0.0003   |
|    n_updates       | 30459    |
---------------------------------
---------------------------------
| rollout/           |          |
|    ep_len_mean     | 218      |
|    ep_rew_mean     | 9.29     |
| time/              |          |
|    episodes        | 200      |
|    fps             | 119      |
|    time_elapsed    | 345      |
|    total_timesteps | 41428    |
| train/             |          |
|    actor_loss      | -68.8    |
|    critic_loss     | 1.49     |
|    ent_coef        | 0.0121   |
|    ent_coef_loss   | -7.34    |
|    learning_rate   | 0.0003   |
|    n_updates       | 31427    |
---------------------------------
---------------------------------
| rollout/           |          |
|    ep_len_mean     | 216      |
|    ep_rew_mean     | 9.21     |
| time/              |          |
|    episodes        | 204      |
|    fps             | 119      |
|    time_elapsed    | 353      |
|    total_timesteps | 42168    |
| train/             |          |
|    actor_loss      | -63.6    |
|    critic_loss     | 1.73     |
|    ent_coef        | 0.012    |
|    ent_coef_loss   | -4.91    |
|    learning_rate   | 0.0003   |
|    n_updates       | 32167    |
---------------------------------
---------------------------------
| rollout/           |          |
|    ep_len_mean     | 215      |
|    ep_rew_mean     | 9.42     |
| time/              |          |
|    episodes        | 208      |
|    fps             | 118      |
|    time_elapsed    | 362      |
|    total_timesteps | 42933    |
| train/             |          |
|    actor_loss      | -63.6    |
|    critic_loss     | 1.65     |
|    ent_coef        | 0.0134   |
|    ent_coef_loss   | 4.9      |
|    learning_rate   | 0.0003   |
|    n_updates       | 32932    |
---------------------------------
---------------------------------
| rollout/           |          |
|    ep_len_mean     | 217      |
|    ep_rew_mean     | 9.47     |
| time/              |          |
|    episodes        | 212      |
|    fps             | 117      |
|    time_elapsed    | 373      |
|    total_timesteps | 43981    |
| train/             |          |
|    actor_loss      | -64.6    |
|    critic_loss     | 1.53     |
|    ent_coef        | 0.0119   |
|    ent_coef_loss   | -4.08    |
|    learning_rate   | 0.0003   |
|    n_updates       | 33980    |
---------------------------------
---------------------------------
| rollout/           |          |
|    ep_len_mean     | 216      |
|    ep_rew_mean     | 9.57     |
| time/              |          |
|    episodes        | 216      |
|    fps             | 117      |
|    time_elapsed    | 382      |
|    total_timesteps | 44805    |
| train/             |          |
|    actor_loss      | -61.3    |
|    critic_loss     | 1.27     |
|    ent_coef        | 0.0116   |
|    ent_coef_loss   | -12.3    |
|    learning_rate   | 0.0003   |
|    n_updates       | 34804    |
---------------------------------
---------------------------------
| rollout/           |          |
|    ep_len_mean     | 217      |
|    ep_rew_mean     | 9.68     |
| time/              |          |
|    episodes        | 220      |
|    fps             | 116      |
|    time_elapsed    | 391      |
|    total_timesteps | 45619    |
| train/             |          |
|    actor_loss      | -59.3    |
|    critic_loss     | 1.49     |
|    ent_coef        | 0.0122   |
|    ent_coef_loss   | 14       |
|    learning_rate   | 0.0003   |
|    n_updates       | 35618    |
---------------------------------
---------------------------------
| rollout/           |          |
|    ep_len_mean     | 216      |
|    ep_rew_mean     | 9.69     |
| time/              |          |
|    episodes        | 224      |
|    fps             | 116      |
|    time_elapsed    | 398      |
|    total_timesteps | 46330    |
| train/             |          |
|    actor_loss      | -62.8    |
|    critic_loss     | 1.45     |
|    ent_coef        | 0.0139   |
|    ent_coef_loss   | -6.63    |
|    learning_rate   | 0.0003   |
|    n_updates       | 36329    |
---------------------------------
---------------------------------
| rollout/           |          |
|    ep_len_mean     | 215      |
|    ep_rew_mean     | 9.68     |
| time/              |          |
|    episodes        | 228      |
|    fps             | 115      |
|    time_elapsed    | 406      |
|    total_timesteps | 47049    |
| train/             |          |
|    actor_loss      | -60.7    |
|    critic_loss     | 1.64     |
|    ent_coef        | 0.0124   |
|    ent_coef_loss   | -0.73    |
|    learning_rate   | 0.0003   |
|    n_updates       | 37048    |
---------------------------------
---------------------------------
| rollout/           |          |
|    ep_len_mean     | 217      |
|    ep_rew_mean     | 9.87     |
| time/              |          |
|    episodes        | 232      |
|    fps             | 115      |
|    time_elapsed    | 416      |
|    total_timesteps | 48012    |
| train/             |          |
|    actor_loss      | -55.3    |
|    critic_loss     | 1.36     |
|    ent_coef        | 0.0125   |
|    ent_coef_loss   | -8.6     |
|    learning_rate   | 0.0003   |
|    n_updates       | 38011    |
---------------------------------
---------------------------------
| rollout/           |          |
|    ep_len_mean     | 218      |
|    ep_rew_mean     | 9.8      |
| time/              |          |
|    episodes        | 236      |
|    fps             | 115      |
|    time_elapsed    | 425      |
|    total_timesteps | 48965    |
| train/             |          |
|    actor_loss      | -56.7    |
|    critic_loss     | 1.39     |
|    ent_coef        | 0.0125   |
|    ent_coef_loss   | -0.0733  |
|    learning_rate   | 0.0003   |
|    n_updates       | 38964    |
---------------------------------
---------------------------------
| rollout/           |          |
|    ep_len_mean     | 218      |
|    ep_rew_mean     | 9.64     |
| time/              |          |
|    episodes        | 240      |
|    fps             | 115      |
|    time_elapsed    | 431      |
|    total_timesteps | 49649    |
| train/             |          |
|    actor_loss      | -59.9    |
|    critic_loss     | 1.38     |
|    ent_coef        | 0.0124   |
|    ent_coef_loss   | -8.06    |
|    learning_rate   | 0.0003   |
|    n_updates       | 39648    |
---------------------------------
---------------------------------
| rollout/           |          |
|    ep_len_mean     | 219      |
|    ep_rew_mean     | 9.44     |
| time/              |          |
|    episodes        | 244      |
|    fps             | 114      |
|    time_elapsed    | 439      |
|    total_timesteps | 50545    |
| train/             |          |
|    actor_loss      | -55.3    |
|    critic_loss     | 1.49     |
|    ent_coef        | 0.0119   |
|    ent_coef_loss   | 5.29     |
|    learning_rate   | 0.0003   |
|    n_updates       | 40544    |
---------------------------------
---------------------------------
| rollout/           |          |
|    ep_len_mean     | 219      |
|    ep_rew_mean     | 9.41     |
| time/              |          |
|    episodes        | 248      |
|    fps             | 114      |
|    time_elapsed    | 447      |
|    total_timesteps | 51314    |
| train/             |          |
|    actor_loss      | -57.8    |
|    critic_loss     | 1.41     |
|    ent_coef        | 0.0117   |
|    ent_coef_loss   | -0.838   |
|    learning_rate   | 0.0003   |
|    n_updates       | 41313    |
---------------------------------
---------------------------------
| rollout/           |          |
|    ep_len_mean     | 218      |
|    ep_rew_mean     | 9.38     |
| time/              |          |
|    episodes        | 252      |
|    fps             | 114      |
|    time_elapsed    | 455      |
|    total_timesteps | 52174    |
| train/             |          |
|    actor_loss      | -55.6    |
|    critic_loss     | 1.47     |
|    ent_coef        | 0.0113   |
|    ent_coef_loss   | 7.56     |
|    learning_rate   | 0.0003   |
|    n_updates       | 42173    |
---------------------------------
---------------------------------
| rollout/           |          |
|    ep_len_mean     | 218      |
|    ep_rew_mean     | 9.49     |
| time/              |          |
|    episodes        | 256      |
|    fps             | 114      |
|    time_elapsed    | 463      |
|    total_timesteps | 53037    |
| train/             |          |
|    actor_loss      | -55      |
|    critic_loss     | 1.19     |
|    ent_coef        | 0.0106   |
|    ent_coef_loss   | -13.3    |
|    learning_rate   | 0.0003   |
|    n_updates       | 43036    |
---------------------------------
---------------------------------
| rollout/           |          |
|    ep_len_mean     | 219      |
|    ep_rew_mean     | 9.74     |
| time/              |          |
|    episodes        | 260      |
|    fps             | 114      |
|    time_elapsed    | 471      |
|    total_timesteps | 53984    |
| train/             |          |
|    actor_loss      | -53.7    |
|    critic_loss     | 1.24     |
|    ent_coef        | 0.0115   |
|    ent_coef_loss   | 7.36     |
|    learning_rate   | 0.0003   |
|    n_updates       | 43983    |
---------------------------------
---------------------------------
| rollout/           |          |
|    ep_len_mean     | 219      |
|    ep_rew_mean     | 9.65     |
| time/              |          |
|    episodes        | 264      |
|    fps             | 114      |
|    time_elapsed    | 479      |
|    total_timesteps | 54790    |
| train/             |          |
|    actor_loss      | -55.4    |
|    critic_loss     | 1.3      |
|    ent_coef        | 0.0116   |
|    ent_coef_loss   | 0.938    |
|    learning_rate   | 0.0003   |
|    n_updates       | 44789    |
---------------------------------
---------------------------------
| rollout/           |          |
|    ep_len_mean     | 221      |
|    ep_rew_mean     | 9.96     |
| time/              |          |
|    episodes        | 268      |
|    fps             | 114      |
|    time_elapsed    | 488      |
|    total_timesteps | 55826    |
| train/             |          |
|    actor_loss      | -52.7    |
|    critic_loss     | 1.43     |
|    ent_coef        | 0.0104   |
|    ent_coef_loss   | 1.18     |
|    learning_rate   | 0.0003   |
|    n_updates       | 45825    |
---------------------------------
---------------------------------
| rollout/           |          |
|    ep_len_mean     | 223      |
|    ep_rew_mean     | 10.2     |
| time/              |          |
|    episodes        | 272      |
|    fps             | 114      |
|    time_elapsed    | 498      |
|    total_timesteps | 56861    |
| train/             |          |
|    actor_loss      | -51.9    |
|    critic_loss     | 1.17     |
|    ent_coef        | 0.0117   |
|    ent_coef_loss   | 7.65     |
|    learning_rate   | 0.0003   |
|    n_updates       | 46860    |
---------------------------------
---------------------------------
| rollout/           |          |
|    ep_len_mean     | 219      |
|    ep_rew_mean     | 10.1     |
| time/              |          |
|    episodes        | 276      |
|    fps             | 113      |
|    time_elapsed    | 505      |
|    total_timesteps | 57585    |
| train/             |          |
|    actor_loss      | -50.5    |
|    critic_loss     | 1.25     |
|    ent_coef        | 0.0119   |
|    ent_coef_loss   | -1.56    |
|    learning_rate   | 0.0003   |
|    n_updates       | 47584    |
---------------------------------
---------------------------------
| rollout/           |          |
|    ep_len_mean     | 216      |
|    ep_rew_mean     | 9.81     |
| time/              |          |
|    episodes        | 280      |
|    fps             | 113      |
|    time_elapsed    | 512      |
|    total_timesteps | 58325    |
| train/             |          |
|    actor_loss      | -54.9    |
|    critic_loss     | 1.47     |
|    ent_coef        | 0.0106   |
|    ent_coef_loss   | 5.4      |
|    learning_rate   | 0.0003   |
|    n_updates       | 48324    |
---------------------------------
---------------------------------
| rollout/           |          |
|    ep_len_mean     | 216      |
|    ep_rew_mean     | 9.74     |
| time/              |          |
|    episodes        | 284      |
|    fps             | 113      |
|    time_elapsed    | 519      |
|    total_timesteps | 59162    |
| train/             |          |
|    actor_loss      | -54.4    |
|    critic_loss     | 1.26     |
|    ent_coef        | 0.0106   |
|    ent_coef_loss   | 4.65     |
|    learning_rate   | 0.0003   |
|    n_updates       | 49161    |
---------------------------------
---------------------------------
| rollout/           |          |
|    ep_len_mean     | 215      |
|    ep_rew_mean     | 9.74     |
| time/              |          |
|    episodes        | 288      |
|    fps             | 113      |
|    time_elapsed    | 528      |
|    total_timesteps | 60107    |
| train/             |          |
|    actor_loss      | -49.5    |
|    critic_loss     | 1.18     |
|    ent_coef        | 0.0105   |
|    ent_coef_loss   | -3.74    |
|    learning_rate   | 0.0003   |
|    n_updates       | 50106    |
---------------------------------
---------------------------------
| rollout/           |          |
|    ep_len_mean     | 215      |
|    ep_rew_mean     | 9.52     |
| time/              |          |
|    episodes        | 292      |
|    fps             | 113      |
|    time_elapsed    | 538      |
|    total_timesteps | 61121    |
| train/             |          |
|    actor_loss      | -52.6    |
|    critic_loss     | 1.1      |
|    ent_coef        | 0.0109   |
|    ent_coef_loss   | 14.3     |
|    learning_rate   | 0.0003   |
|    n_updates       | 51120    |
---------------------------------
---------------------------------
| rollout/           |          |
|    ep_len_mean     | 217      |
|    ep_rew_mean     | 9.77     |
| time/              |          |
|    episodes        | 296      |
|    fps             | 113      |
|    time_elapsed    | 548      |
|    total_timesteps | 62154    |
| train/             |          |
|    actor_loss      | -51.6    |
|    critic_loss     | 1.19     |
|    ent_coef        | 0.0111   |
|    ent_coef_loss   | 6.95     |
|    learning_rate   | 0.0003   |
|    n_updates       | 52153    |
---------------------------------
---------------------------------
| rollout/           |          |
|    ep_len_mean     | 220      |
|    ep_rew_mean     | 10.3     |
| time/              |          |
|    episodes        | 300      |
|    fps             | 112      |
|    time_elapsed    | 561      |
|    total_timesteps | 63420    |
| train/             |          |
|    actor_loss      | -51.5    |
|    critic_loss     | 1.14     |
|    ent_coef        | 0.00985  |
|    ent_coef_loss   | -1.66    |
|    learning_rate   | 0.0003   |
|    n_updates       | 53419    |
---------------------------------
---------------------------------
| rollout/           |          |
|    ep_len_mean     | 220      |
|    ep_rew_mean     | 10.6     |
| time/              |          |
|    episodes        | 304      |
|    fps             | 112      |
|    time_elapsed    | 568      |
|    total_timesteps | 64216    |
| train/             |          |
|    actor_loss      | -49      |
|    critic_loss     | 1.13     |
|    ent_coef        | 0.00982  |
|    ent_coef_loss   | 8.89     |
|    learning_rate   | 0.0003   |
|    n_updates       | 54215    |
---------------------------------
---------------------------------
| rollout/           |          |
|    ep_len_mean     | 221      |
|    ep_rew_mean     | 10.7     |
| time/              |          |
|    episodes        | 308      |
|    fps             | 112      |
|    time_elapsed    | 577      |
|    total_timesteps | 65057    |
| train/             |          |
|    actor_loss      | -51.3    |
|    critic_loss     | 1.1      |
|    ent_coef        | 0.0113   |
|    ent_coef_loss   | 7.49     |
|    learning_rate   | 0.0003   |
|    n_updates       | 55056    |
---------------------------------
---------------------------------
| rollout/           |          |
|    ep_len_mean     | 219      |
|    ep_rew_mean     | 10.6     |
| time/              |          |
|    episodes        | 312      |
|    fps             | 112      |
|    time_elapsed    | 585      |
|    total_timesteps | 65870    |
| train/             |          |
|    actor_loss      | -52.9    |
|    critic_loss     | 1.06     |
|    ent_coef        | 0.0106   |
|    ent_coef_loss   | 2.27     |
|    learning_rate   | 0.0003   |
|    n_updates       | 55869    |
---------------------------------
---------------------------------
| rollout/           |          |
|    ep_len_mean     | 221      |
|    ep_rew_mean     | 11.2     |
| time/              |          |
|    episodes        | 316      |
|    fps             | 112      |
|    time_elapsed    | 594      |
|    total_timesteps | 66868    |
| train/             |          |
|    actor_loss      | -50.6    |
|    critic_loss     | 0.957    |
|    ent_coef        | 0.0103   |
|    ent_coef_loss   | -3.25    |
|    learning_rate   | 0.0003   |
|    n_updates       | 56867    |
---------------------------------
---------------------------------
| rollout/           |          |
|    ep_len_mean     | 223      |
|    ep_rew_mean     | 11.5     |
| time/              |          |
|    episodes        | 320      |
|    fps             | 112      |
|    time_elapsed    | 604      |
|    total_timesteps | 67917    |
| train/             |          |
|    actor_loss      | -48.4    |
|    critic_loss     | 0.815    |
|    ent_coef        | 0.01     |
|    ent_coef_loss   | -7.98    |
|    learning_rate   | 0.0003   |
|    n_updates       | 57916    |
---------------------------------
---------------------------------
| rollout/           |          |
|    ep_len_mean     | 224      |
|    ep_rew_mean     | 11.4     |
| time/              |          |
|    episodes        | 324      |
|    fps             | 112      |
|    time_elapsed    | 612      |
|    total_timesteps | 68759    |
| train/             |          |
|    actor_loss      | -50.6    |
|    critic_loss     | 0.991    |
|    ent_coef        | 0.0103   |
|    ent_coef_loss   | 8.92     |
|    learning_rate   | 0.0003   |
|    n_updates       | 58758    |
---------------------------------
---------------------------------
| rollout/           |          |
|    ep_len_mean     | 226      |
|    ep_rew_mean     | 11.6     |
| time/              |          |
|    episodes        | 328      |
|    fps             | 112      |
|    time_elapsed    | 620      |
|    total_timesteps | 69624    |
| train/             |          |
|    actor_loss      | -48.9    |
|    critic_loss     | 0.959    |
|    ent_coef        | 0.00948  |
|    ent_coef_loss   | -6.47    |
|    learning_rate   | 0.0003   |
|    n_updates       | 59623    |
---------------------------------
---------------------------------
| rollout/           |          |
|    ep_len_mean     | 225      |
|    ep_rew_mean     | 11.7     |
| time/              |          |
|    episodes        | 332      |
|    fps             | 112      |
|    time_elapsed    | 628      |
|    total_timesteps | 70475    |
| train/             |          |
|    actor_loss      | -48.4    |
|    critic_loss     | 0.919    |
|    ent_coef        | 0.00868  |
|    ent_coef_loss   | 2.65     |
|    learning_rate   | 0.0003   |
|    n_updates       | 60474    |
---------------------------------
---------------------------------
| rollout/           |          |
|    ep_len_mean     | 226      |
|    ep_rew_mean     | 12.1     |
| time/              |          |
|    episodes        | 336      |
|    fps             | 111      |
|    time_elapsed    | 639      |
|    total_timesteps | 71613    |
| train/             |          |
|    actor_loss      | -50.8    |
|    critic_loss     | 0.869    |
|    ent_coef        | 0.00972  |
|    ent_coef_loss   | 11.8     |
|    learning_rate   | 0.0003   |
|    n_updates       | 61612    |
---------------------------------
---------------------------------
| rollout/           |          |
|    ep_len_mean     | 227      |
|    ep_rew_mean     | 12.4     |
| time/              |          |
|    episodes        | 340      |
|    fps             | 111      |
|    time_elapsed    | 646      |
|    total_timesteps | 72397    |
| train/             |          |
|    actor_loss      | -50.8    |
|    critic_loss     | 0.826    |
|    ent_coef        | 0.0102   |
|    ent_coef_loss   | -3.77    |
|    learning_rate   | 0.0003   |
|    n_updates       | 62396    |
---------------------------------
---------------------------------
| rollout/           |          |
|    ep_len_mean     | 229      |
|    ep_rew_mean     | 12.8     |
| time/              |          |
|    episodes        | 344      |
|    fps             | 111      |
|    time_elapsed    | 656      |
|    total_timesteps | 73442    |
| train/             |          |
|    actor_loss      | -50.6    |
|    critic_loss     | 0.824    |
|    ent_coef        | 0.00959  |
|    ent_coef_loss   | 0.0113   |
|    learning_rate   | 0.0003   |
|    n_updates       | 63441    |
---------------------------------
---------------------------------
| rollout/           |          |
|    ep_len_mean     | 231      |
|    ep_rew_mean     | 12.9     |
| time/              |          |
|    episodes        | 348      |
|    fps             | 111      |
|    time_elapsed    | 665      |
|    total_timesteps | 74411    |
| train/             |          |
|    actor_loss      | -50.9    |
|    critic_loss     | 0.707    |
|    ent_coef        | 0.00917  |
|    ent_coef_loss   | -12.7    |
|    learning_rate   | 0.0003   |
|    n_updates       | 64410    |
---------------------------------
---------------------------------
| rollout/           |          |
|    ep_len_mean     | 231      |
|    ep_rew_mean     | 12.8     |
| time/              |          |
|    episodes        | 352      |
|    fps             | 111      |
|    time_elapsed    | 674      |
|    total_timesteps | 75296    |
| train/             |          |
|    actor_loss      | -50.7    |
|    critic_loss     | 0.816    |
|    ent_coef        | 0.00833  |
|    ent_coef_loss   | 1.13     |
|    learning_rate   | 0.0003   |
|    n_updates       | 65295    |
---------------------------------
---------------------------------
| rollout/           |          |
|    ep_len_mean     | 232      |
|    ep_rew_mean     | 12.9     |
| time/              |          |
|    episodes        | 356      |
|    fps             | 111      |
|    time_elapsed    | 683      |
|    total_timesteps | 76252    |
| train/             |          |
|    actor_loss      | -50.9    |
|    critic_loss     | 0.8      |
|    ent_coef        | 0.00917  |
|    ent_coef_loss   | 2.14     |
|    learning_rate   | 0.0003   |
|    n_updates       | 66251    |
---------------------------------
---------------------------------
| rollout/           |          |
|    ep_len_mean     | 230      |
|    ep_rew_mean     | 12.8     |
| time/              |          |
|    episodes        | 360      |
|    fps             | 111      |
|    time_elapsed    | 689      |
|    total_timesteps | 76953    |
| train/             |          |
|    actor_loss      | -51.2    |
|    critic_loss     | 0.75     |
|    ent_coef        | 0.0084   |
|    ent_coef_loss   | -4.99    |
|    learning_rate   | 0.0003   |
|    n_updates       | 66952    |
---------------------------------
---------------------------------
| rollout/           |          |
|    ep_len_mean     | 229      |
|    ep_rew_mean     | 13       |
| time/              |          |
|    episodes        | 364      |
|    fps             | 111      |
|    time_elapsed    | 696      |
|    total_timesteps | 77687    |
| train/             |          |
|    actor_loss      | -49.2    |
|    critic_loss     | 0.741    |
|    ent_coef        | 0.00846  |
|    ent_coef_loss   | 6.5      |
|    learning_rate   | 0.0003   |
|    n_updates       | 67686    |
---------------------------------
---------------------------------
| rollout/           |          |
|    ep_len_mean     | 228      |
|    ep_rew_mean     | 12.8     |
| time/              |          |
|    episodes        | 368      |
|    fps             | 111      |
|    time_elapsed    | 705      |
|    total_timesteps | 78639    |
| train/             |          |
|    actor_loss      | -50.9    |
|    critic_loss     | 0.758    |
|    ent_coef        | 0.00838  |
|    ent_coef_loss   | -0.26    |
|    learning_rate   | 0.0003   |
|    n_updates       | 68638    |
---------------------------------
---------------------------------
| rollout/           |          |
|    ep_len_mean     | 226      |
|    ep_rew_mean     | 12.7     |
| time/              |          |
|    episodes        | 372      |
|    fps             | 111      |
|    time_elapsed    | 713      |
|    total_timesteps | 79483    |
| train/             |          |
|    actor_loss      | -51.9    |
|    critic_loss     | 0.738    |
|    ent_coef        | 0.00823  |
|    ent_coef_loss   | -8.06    |
|    learning_rate   | 0.0003   |
|    n_updates       | 69482    |
---------------------------------
---------------------------------
| rollout/           |          |
|    ep_len_mean     | 230      |
|    ep_rew_mean     | 13       |
| time/              |          |
|    episodes        | 376      |
|    fps             | 111      |
|    time_elapsed    | 723      |
|    total_timesteps | 80575    |
| train/             |          |
|    actor_loss      | -52.1    |
|    critic_loss     | 0.853    |
|    ent_coef        | 0.00855  |
|    ent_coef_loss   | -7.49    |
|    learning_rate   | 0.0003   |
|    n_updates       | 70574    |
---------------------------------
---------------------------------
| rollout/           |          |
|    ep_len_mean     | 233      |
|    ep_rew_mean     | 13.4     |
| time/              |          |
|    episodes        | 380      |
|    fps             | 111      |
|    time_elapsed    | 733      |
|    total_timesteps | 81606    |
| train/             |          |
|    actor_loss      | -48.7    |
|    critic_loss     | 0.748    |
|    ent_coef        | 0.00929  |
|    ent_coef_loss   | 0.941    |
|    learning_rate   | 0.0003   |
|    n_updates       | 71605    |
---------------------------------
---------------------------------
| rollout/           |          |
|    ep_len_mean     | 235      |
|    ep_rew_mean     | 13.5     |
| time/              |          |
|    episodes        | 384      |
|    fps             | 111      |
|    time_elapsed    | 742      |
|    total_timesteps | 82627    |
| train/             |          |
|    actor_loss      | -51.8    |
|    critic_loss     | 0.736    |
|    ent_coef        | 0.00853  |
|    ent_coef_loss   | -6.47    |
|    learning_rate   | 0.0003   |
|    n_updates       | 72626    |
---------------------------------
---------------------------------
| rollout/           |          |
|    ep_len_mean     | 235      |
|    ep_rew_mean     | 13.3     |
| time/              |          |
|    episodes        | 388      |
|    fps             | 111      |
|    time_elapsed    | 751      |
|    total_timesteps | 83577    |
| train/             |          |
|    actor_loss      | -50.7    |
|    critic_loss     | 0.77     |
|    ent_coef        | 0.00784  |
|    ent_coef_loss   | 1.73     |
|    learning_rate   | 0.0003   |
|    n_updates       | 73576    |
---------------------------------
---------------------------------
| rollout/           |          |
|    ep_len_mean     | 234      |
|    ep_rew_mean     | 13.4     |
| time/              |          |
|    episodes        | 392      |
|    fps             | 111      |
|    time_elapsed    | 760      |
|    total_timesteps | 84518    |
| train/             |          |
|    actor_loss      | -50.9    |
|    critic_loss     | 0.724    |
|    ent_coef        | 0.00832  |
|    ent_coef_loss   | -1.42    |
|    learning_rate   | 0.0003   |
|    n_updates       | 74517    |
---------------------------------
---------------------------------
| rollout/           |          |
|    ep_len_mean     | 232      |
|    ep_rew_mean     | 13.1     |
| time/              |          |
|    episodes        | 396      |
|    fps             | 111      |
|    time_elapsed    | 767      |
|    total_timesteps | 85318    |
| train/             |          |
|    actor_loss      | -48.5    |
|    critic_loss     | 0.737    |
|    ent_coef        | 0.00847  |
|    ent_coef_loss   | 6.92     |
|    learning_rate   | 0.0003   |
|    n_updates       | 75317    |
---------------------------------
---------------------------------
| rollout/           |          |
|    ep_len_mean     | 228      |
|    ep_rew_mean     | 12.4     |
| time/              |          |
|    episodes        | 400      |
|    fps             | 111      |
|    time_elapsed    | 776      |
|    total_timesteps | 86198    |
| train/             |          |
|    actor_loss      | -50.8    |
|    critic_loss     | 0.72     |
|    ent_coef        | 0.00854  |
|    ent_coef_loss   | -0.0201  |
|    learning_rate   | 0.0003   |
|    n_updates       | 76197    |
---------------------------------
---------------------------------
| rollout/           |          |
|    ep_len_mean     | 230      |
|    ep_rew_mean     | 12.5     |
| time/              |          |
|    episodes        | 404      |
|    fps             | 111      |
|    time_elapsed    | 785      |
|    total_timesteps | 87242    |
| train/             |          |
|    actor_loss      | -50      |
|    critic_loss     | 0.742    |
|    ent_coef        | 0.00904  |
|    ent_coef_loss   | 7.37     |
|    learning_rate   | 0.0003   |
|    n_updates       | 77241    |
---------------------------------
---------------------------------
| rollout/           |          |
|    ep_len_mean     | 232      |
|    ep_rew_mean     | 12.7     |
| time/              |          |
|    episodes        | 408      |
|    fps             | 110      |
|    time_elapsed    | 795      |
|    total_timesteps | 88254    |
| train/             |          |
|    actor_loss      | -51      |
|    critic_loss     | 0.756    |
|    ent_coef        | 0.00876  |
|    ent_coef_loss   | -0.597   |
|    learning_rate   | 0.0003   |
|    n_updates       | 78253    |
---------------------------------
---------------------------------
| rollout/           |          |
|    ep_len_mean     | 234      |
|    ep_rew_mean     | 13.2     |
| time/              |          |
|    episodes        | 412      |
|    fps             | 110      |
|    time_elapsed    | 804      |
|    total_timesteps | 89266    |
| train/             |          |
|    actor_loss      | -49.9    |
|    critic_loss     | 0.757    |
|    ent_coef        | 0.00807  |
|    ent_coef_loss   | 2.74     |
|    learning_rate   | 0.0003   |
|    n_updates       | 79265    |
---------------------------------
---------------------------------
| rollout/           |          |
|    ep_len_mean     | 233      |
|    ep_rew_mean     | 12.9     |
| time/              |          |
|    episodes        | 416      |
|    fps             | 110      |
|    time_elapsed    | 812      |
|    total_timesteps | 90128    |
| train/             |          |
|    actor_loss      | -50.5    |
|    critic_loss     | 0.663    |
|    ent_coef        | 0.00848  |
|    ent_coef_loss   | -4.82    |
|    learning_rate   | 0.0003   |
|    n_updates       | 80127    |
---------------------------------
---------------------------------
| rollout/           |          |
|    ep_len_mean     | 230      |
|    ep_rew_mean     | 12.7     |
| time/              |          |
|    episodes        | 420      |
|    fps             | 110      |
|    time_elapsed    | 819      |
|    total_timesteps | 90895    |
| train/             |          |
|    actor_loss      | -48.5    |
|    critic_loss     | 0.729    |
|    ent_coef        | 0.00854  |
|    ent_coef_loss   | 5.87     |
|    learning_rate   | 0.0003   |
|    n_updates       | 80894    |
---------------------------------
---------------------------------
| rollout/           |          |
|    ep_len_mean     | 229      |
|    ep_rew_mean     | 12.9     |
| time/              |          |
|    episodes        | 424      |
|    fps             | 110      |
|    time_elapsed    | 826      |
|    total_timesteps | 91652    |
| train/             |          |
|    actor_loss      | -48.9    |
|    critic_loss     | 0.654    |
|    ent_coef        | 0.00888  |
|    ent_coef_loss   | 4.16     |
|    learning_rate   | 0.0003   |
|    n_updates       | 81651    |
---------------------------------
---------------------------------
| rollout/           |          |
|    ep_len_mean     | 227      |
|    ep_rew_mean     | 12.9     |
| time/              |          |
|    episodes        | 428      |
|    fps             | 110      |
|    time_elapsed    | 833      |
|    total_timesteps | 92341    |
| train/             |          |
|    actor_loss      | -49.8    |
|    critic_loss     | 0.542    |
|    ent_coef        | 0.00842  |
|    ent_coef_loss   | -13.1    |
|    learning_rate   | 0.0003   |
|    n_updates       | 82340    |
---------------------------------
---------------------------------
| rollout/           |          |
|    ep_len_mean     | 227      |
|    ep_rew_mean     | 12.8     |
| time/              |          |
|    episodes        | 432      |
|    fps             | 110      |
|    time_elapsed    | 841      |
|    total_timesteps | 93178    |
| train/             |          |
|    actor_loss      | -49.9    |
|    critic_loss     | 0.569    |
|    ent_coef        | 0.00799  |
|    ent_coef_loss   | -10.3    |
|    learning_rate   | 0.0003   |
|    n_updates       | 83177    |
---------------------------------
---------------------------------
| rollout/           |          |
|    ep_len_mean     | 227      |
|    ep_rew_mean     | 13       |
| time/              |          |
|    episodes        | 436      |
|    fps             | 110      |
|    time_elapsed    | 851      |
|    total_timesteps | 94302    |
| train/             |          |
|    actor_loss      | -48.4    |
|    critic_loss     | 0.639    |
|    ent_coef        | 0.00777  |
|    ent_coef_loss   | 3.92     |
|    learning_rate   | 0.0003   |
|    n_updates       | 84301    |
---------------------------------
---------------------------------
| rollout/           |          |
|    ep_len_mean     | 231      |
|    ep_rew_mean     | 13.4     |
| time/              |          |
|    episodes        | 440      |
|    fps             | 110      |
|    time_elapsed    | 862      |
|    total_timesteps | 95454    |
| train/             |          |
|    actor_loss      | -49.8    |
|    critic_loss     | 0.726    |
|    ent_coef        | 0.00815  |
|    ent_coef_loss   | 6.42     |
|    learning_rate   | 0.0003   |
|    n_updates       | 85453    |
---------------------------------
---------------------------------
| rollout/           |          |
|    ep_len_mean     | 229      |
|    ep_rew_mean     | 13.7     |
| time/              |          |
|    episodes        | 444      |
|    fps             | 110      |
|    time_elapsed    | 870      |
|    total_timesteps | 96364    |
| train/             |          |
|    actor_loss      | -47.6    |
|    critic_loss     | 0.676    |
|    ent_coef        | 0.00753  |
|    ent_coef_loss   | 5.04     |
|    learning_rate   | 0.0003   |
|    n_updates       | 86363    |
---------------------------------
---------------------------------
| rollout/           |          |
|    ep_len_mean     | 229      |
|    ep_rew_mean     | 14       |
| time/              |          |
|    episodes        | 448      |
|    fps             | 110      |
|    time_elapsed    | 880      |
|    total_timesteps | 97345    |
| train/             |          |
|    actor_loss      | -46.2    |
|    critic_loss     | 0.709    |
|    ent_coef        | 0.00883  |
|    ent_coef_loss   | 8.52     |
|    learning_rate   | 0.0003   |
|    n_updates       | 87344    |
---------------------------------
---------------------------------
| rollout/           |          |
|    ep_len_mean     | 230      |
|    ep_rew_mean     | 14.3     |
| time/              |          |
|    episodes        | 452      |
|    fps             | 110      |
|    time_elapsed    | 889      |
|    total_timesteps | 98250    |
| train/             |          |
|    actor_loss      | -49.1    |
|    critic_loss     | 0.61     |
|    ent_coef        | 0.00796  |
|    ent_coef_loss   | -4.66    |
|    learning_rate   | 0.0003   |
|    n_updates       | 88249    |
---------------------------------
---------------------------------
| rollout/           |          |
|    ep_len_mean     | 229      |
|    ep_rew_mean     | 14.3     |
| time/              |          |
|    episodes        | 456      |
|    fps             | 110      |
|    time_elapsed    | 897      |
|    total_timesteps | 99127    |
| train/             |          |
|    actor_loss      | -47.8    |
|    critic_loss     | 0.599    |
|    ent_coef        | 0.0077   |
|    ent_coef_loss   | 1.7      |
|    learning_rate   | 0.0003   |
|    n_updates       | 89126    |
---------------------------------
---------------------------------
| rollout/           |          |
|    ep_len_mean     | 231      |
|    ep_rew_mean     | 14.6     |
| time/              |          |
|    episodes        | 460      |
|    fps             | 110      |
|    time_elapsed    | 905      |
|    total_timesteps | 100037   |
| train/             |          |
|    actor_loss      | -46.5    |
|    critic_loss     | 0.567    |
|    ent_coef        | 0.00785  |
|    ent_coef_loss   | 8.38     |
|    learning_rate   | 0.0003   |
|    n_updates       | 90036    |
---------------------------------
---------------------------------
| rollout/           |          |
|    ep_len_mean     | 234      |
|    ep_rew_mean     | 15       |
| time/              |          |
|    episodes        | 464      |
|    fps             | 110      |
|    time_elapsed    | 915      |
|    total_timesteps | 101102   |
| train/             |          |
|    actor_loss      | -47.2    |
|    critic_loss     | 0.57     |
|    ent_coef        | 0.00724  |
|    ent_coef_loss   | -4.33    |
|    learning_rate   | 0.0003   |
|    n_updates       | 91101    |
---------------------------------
---------------------------------
| rollout/           |          |
|    ep_len_mean     | 234      |
|    ep_rew_mean     | 15.3     |
| time/              |          |
|    episodes        | 468      |
|    fps             | 110      |
|    time_elapsed    | 924      |
|    total_timesteps | 102019   |
| train/             |          |
|    actor_loss      | -46.2    |
|    critic_loss     | 0.636    |
|    ent_coef        | 0.00773  |
|    ent_coef_loss   | -0.958   |
|    learning_rate   | 0.0003   |
|    n_updates       | 92018    |
---------------------------------
---------------------------------
| rollout/           |          |
|    ep_len_mean     | 234      |
|    ep_rew_mean     | 15.3     |
| time/              |          |
|    episodes        | 472      |
|    fps             | 110      |
|    time_elapsed    | 932      |
|    total_timesteps | 102876   |
| train/             |          |
|    actor_loss      | -45.1    |
|    critic_loss     | 0.58     |
|    ent_coef        | 0.00742  |
|    ent_coef_loss   | -3.3     |
|    learning_rate   | 0.0003   |
|    n_updates       | 92875    |
---------------------------------
---------------------------------
| rollout/           |          |
|    ep_len_mean     | 234      |
|    ep_rew_mean     | 15.5     |
| time/              |          |
|    episodes        | 476      |
|    fps             | 110      |
|    time_elapsed    | 942      |
|    total_timesteps | 103972   |
| train/             |          |
|    actor_loss      | -46.3    |
|    critic_loss     | 0.568    |
|    ent_coef        | 0.00735  |
|    ent_coef_loss   | 4.79     |
|    learning_rate   | 0.0003   |
|    n_updates       | 93971    |
---------------------------------
---------------------------------
| rollout/           |          |
|    ep_len_mean     | 233      |
|    ep_rew_mean     | 15.7     |
| time/              |          |
|    episodes        | 480      |
|    fps             | 110      |
|    time_elapsed    | 951      |
|    total_timesteps | 104951   |
| train/             |          |
|    actor_loss      | -44.9    |
|    critic_loss     | 0.598    |
|    ent_coef        | 0.00809  |
|    ent_coef_loss   | 13.7     |
|    learning_rate   | 0.0003   |
|    n_updates       | 94950    |
---------------------------------
---------------------------------
| rollout/           |          |
|    ep_len_mean     | 232      |
|    ep_rew_mean     | 15.9     |
| time/              |          |
|    episodes        | 484      |
|    fps             | 110      |
|    time_elapsed    | 959      |
|    total_timesteps | 105783   |
| train/             |          |
|    actor_loss      | -43.8    |
|    critic_loss     | 0.543    |
|    ent_coef        | 0.0076   |
|    ent_coef_loss   | -4.79    |
|    learning_rate   | 0.0003   |
|    n_updates       | 95782    |
---------------------------------
---------------------------------
| rollout/           |          |
|    ep_len_mean     | 230      |
|    ep_rew_mean     | 16.2     |
| time/              |          |
|    episodes        | 488      |
|    fps             | 110      |
|    time_elapsed    | 966      |
|    total_timesteps | 106580   |
| train/             |          |
|    actor_loss      | -42.8    |
|    critic_loss     | 0.523    |
|    ent_coef        | 0.00724  |
|    ent_coef_loss   | 4.61     |
|    learning_rate   | 0.0003   |
|    n_updates       | 96579    |
---------------------------------
---------------------------------
| rollout/           |          |
|    ep_len_mean     | 229      |
|    ep_rew_mean     | 16.4     |
| time/              |          |
|    episodes        | 492      |
|    fps             | 110      |
|    time_elapsed    | 975      |
|    total_timesteps | 107461   |
| train/             |          |
|    actor_loss      | -44.2    |
|    critic_loss     | 0.652    |
|    ent_coef        | 0.00822  |
|    ent_coef_loss   | -7.06    |
|    learning_rate   | 0.0003   |
|    n_updates       | 97460    |
---------------------------------
---------------------------------
| rollout/           |          |
|    ep_len_mean     | 231      |
|    ep_rew_mean     | 16.7     |
| time/              |          |
|    episodes        | 496      |
|    fps             | 110      |
|    time_elapsed    | 983      |
|    total_timesteps | 108392   |
| train/             |          |
|    actor_loss      | -44.1    |
|    critic_loss     | 0.611    |
|    ent_coef        | 0.00774  |
|    ent_coef_loss   | 8.2      |
|    learning_rate   | 0.0003   |
|    n_updates       | 98391    |
---------------------------------
---------------------------------
| rollout/           |          |
|    ep_len_mean     | 231      |
|    ep_rew_mean     | 16.9     |
| time/              |          |
|    episodes        | 500      |
|    fps             | 110      |
|    time_elapsed    | 992      |
|    total_timesteps | 109297   |
| train/             |          |
|    actor_loss      | -43      |
|    critic_loss     | 0.553    |
|    ent_coef        | 0.00785  |
|    ent_coef_loss   | -0.19    |
|    learning_rate   | 0.0003   |
|    n_updates       | 99296    |
---------------------------------
---------------------------------
| rollout/           |          |
|    ep_len_mean     | 231      |
|    ep_rew_mean     | 17.1     |
| time/              |          |
|    episodes        | 504      |
|    fps             | 110      |
|    time_elapsed    | 1001     |
|    total_timesteps | 110329   |
| train/             |          |
|    actor_loss      | -45.4    |
|    critic_loss     | 0.587    |
|    ent_coef        | 0.00654  |
|    ent_coef_loss   | 13.9     |
|    learning_rate   | 0.0003   |
|    n_updates       | 100328   |
---------------------------------
---------------------------------
| rollout/           |          |
|    ep_len_mean     | 229      |
|    ep_rew_mean     | 16.6     |
| time/              |          |
|    episodes        | 508      |
|    fps             | 110      |
|    time_elapsed    | 1009     |
|    total_timesteps | 111194   |
| train/             |          |
|    actor_loss      | -43.8    |
|    critic_loss     | 0.52     |
|    ent_coef        | 0.00691  |
|    ent_coef_loss   | 3.51     |
|    learning_rate   | 0.0003   |
|    n_updates       | 101193   |
---------------------------------
---------------------------------
| rollout/           |          |
|    ep_len_mean     | 227      |
|    ep_rew_mean     | 15.7     |
| time/              |          |
|    episodes        | 512      |
|    fps             | 110      |
|    time_elapsed    | 1017     |
|    total_timesteps | 111996   |
| train/             |          |
|    actor_loss      | -42.5    |
|    critic_loss     | 0.571    |
|    ent_coef        | 0.00737  |
|    ent_coef_loss   | -7.38    |
|    learning_rate   | 0.0003   |
|    n_updates       | 101995   |
---------------------------------
---------------------------------
| rollout/           |          |
|    ep_len_mean     | 228      |
|    ep_rew_mean     | 15.5     |
| time/              |          |
|    episodes        | 516      |
|    fps             | 110      |
|    time_elapsed    | 1025     |
|    total_timesteps | 112927   |
| train/             |          |
|    actor_loss      | -43.3    |
|    critic_loss     | 0.526    |
|    ent_coef        | 0.00714  |
|    ent_coef_loss   | 2.75     |
|    learning_rate   | 0.0003   |
|    n_updates       | 102926   |
---------------------------------
---------------------------------
| rollout/           |          |
|    ep_len_mean     | 230      |
|    ep_rew_mean     | 15.5     |
| time/              |          |
|    episodes        | 520      |
|    fps             | 110      |
|    time_elapsed    | 1035     |
|    total_timesteps | 113916   |
| train/             |          |
|    actor_loss      | -42.7    |
|    critic_loss     | 0.499    |
|    ent_coef        | 0.00703  |
|    ent_coef_loss   | -2.33    |
|    learning_rate   | 0.0003   |
|    n_updates       | 103915   |
---------------------------------
---------------------------------
| rollout/           |          |
|    ep_len_mean     | 233      |
|    ep_rew_mean     | 15.7     |
| time/              |          |
|    episodes        | 524      |
|    fps             | 110      |
|    time_elapsed    | 1045     |
|    total_timesteps | 114985   |
| train/             |          |
|    actor_loss      | -41.9    |
|    critic_loss     | 0.525    |
|    ent_coef        | 0.00644  |
|    ent_coef_loss   | 3.02     |
|    learning_rate   | 0.0003   |
|    n_updates       | 104984   |
---------------------------------
---------------------------------
| rollout/           |          |
|    ep_len_mean     | 233      |
|    ep_rew_mean     | 15.7     |
| time/              |          |
|    episodes        | 528      |
|    fps             | 109      |
|    time_elapsed    | 1051     |
|    total_timesteps | 115632   |
| train/             |          |
|    actor_loss      | -42.8    |
|    critic_loss     | 0.506    |
|    ent_coef        | 0.00733  |
|    ent_coef_loss   | -0.986   |
|    learning_rate   | 0.0003   |
|    n_updates       | 105631   |
---------------------------------
---------------------------------
| rollout/           |          |
|    ep_len_mean     | 235      |
|    ep_rew_mean     | 16       |
| time/              |          |
|    episodes        | 532      |
|    fps             | 109      |
|    time_elapsed    | 1060     |
|    total_timesteps | 116650   |
| train/             |          |
|    actor_loss      | -42.5    |
|    critic_loss     | 0.444    |
|    ent_coef        | 0.00666  |
|    ent_coef_loss   | -13.6    |
|    learning_rate   | 0.0003   |
|    n_updates       | 106649   |
---------------------------------
---------------------------------
| rollout/           |          |
|    ep_len_mean     | 233      |
|    ep_rew_mean     | 15.9     |
| time/              |          |
|    episodes        | 536      |
|    fps             | 109      |
|    time_elapsed    | 1069     |
|    total_timesteps | 117595   |
| train/             |          |
|    actor_loss      | -42.4    |
|    critic_loss     | 0.599    |
|    ent_coef        | 0.007    |
|    ent_coef_loss   | 8.28     |
|    learning_rate   | 0.0003   |
|    n_updates       | 107594   |
---------------------------------
---------------------------------
| rollout/           |          |
|    ep_len_mean     | 231      |
|    ep_rew_mean     | 15.9     |
| time/              |          |
|    episodes        | 540      |
|    fps             | 109      |
|    time_elapsed    | 1078     |
|    total_timesteps | 118575   |
| train/             |          |
|    actor_loss      | -39.9    |
|    critic_loss     | 0.549    |
|    ent_coef        | 0.00688  |
|    ent_coef_loss   | -2.06    |
|    learning_rate   | 0.0003   |
|    n_updates       | 108574   |
---------------------------------
---------------------------------
| rollout/           |          |
|    ep_len_mean     | 233      |
|    ep_rew_mean     | 15.5     |
| time/              |          |
|    episodes        | 544      |
|    fps             | 109      |
|    time_elapsed    | 1088     |
|    total_timesteps | 119636   |
| train/             |          |
|    actor_loss      | -43      |
|    critic_loss     | 0.446    |
|    ent_coef        | 0.00745  |
|    ent_coef_loss   | -10.7    |
|    learning_rate   | 0.0003   |
|    n_updates       | 109635   |
---------------------------------
---------------------------------
| rollout/           |          |
|    ep_len_mean     | 234      |
|    ep_rew_mean     | 15.7     |
| time/              |          |
|    episodes        | 548      |
|    fps             | 109      |
|    time_elapsed    | 1098     |
|    total_timesteps | 120741   |
| train/             |          |
|    actor_loss      | -42.2    |
|    critic_loss     | 0.549    |
|    ent_coef        | 0.00667  |
|    ent_coef_loss   | 2.49     |
|    learning_rate   | 0.0003   |
|    n_updates       | 110740   |
---------------------------------
---------------------------------
| rollout/           |          |
|    ep_len_mean     | 236      |
|    ep_rew_mean     | 15.6     |
| time/              |          |
|    episodes        | 552      |
|    fps             | 109      |
|    time_elapsed    | 1109     |
|    total_timesteps | 121844   |
| train/             |          |
|    actor_loss      | -41.7    |
|    critic_loss     | 0.536    |
|    ent_coef        | 0.00689  |
|    ent_coef_loss   | 8.54     |
|    learning_rate   | 0.0003   |
|    n_updates       | 111843   |
---------------------------------
---------------------------------
| rollout/           |          |
|    ep_len_mean     | 240      |
|    ep_rew_mean     | 15.7     |
| time/              |          |
|    episodes        | 556      |
|    fps             | 109      |
|    time_elapsed    | 1121     |
|    total_timesteps | 123126   |
| train/             |          |
|    actor_loss      | -39.8    |
|    critic_loss     | 0.499    |
|    ent_coef        | 0.00679  |
|    ent_coef_loss   | 4.84     |
|    learning_rate   | 0.0003   |
|    n_updates       | 113125   |
---------------------------------
---------------------------------
| rollout/           |          |
|    ep_len_mean     | 240      |
|    ep_rew_mean     | 15.6     |
| time/              |          |
|    episodes        | 560      |
|    fps             | 109      |
|    time_elapsed    | 1129     |
|    total_timesteps | 124025   |
| train/             |          |
|    actor_loss      | -41.5    |
|    critic_loss     | 0.558    |
|    ent_coef        | 0.0076   |
|    ent_coef_loss   | -0.0925  |
|    learning_rate   | 0.0003   |
|    n_updates       | 114024   |
---------------------------------
---------------------------------
| rollout/           |          |
|    ep_len_mean     | 239      |
|    ep_rew_mean     | 15.2     |
| time/              |          |
|    episodes        | 564      |
|    fps             | 109      |
|    time_elapsed    | 1138     |
|    total_timesteps | 124966   |
| train/             |          |
|    actor_loss      | -39.7    |
|    critic_loss     | 0.529    |
|    ent_coef        | 0.00695  |
|    ent_coef_loss   | -3.2     |
|    learning_rate   | 0.0003   |
|    n_updates       | 114965   |
---------------------------------
---------------------------------
| rollout/           |          |
|    ep_len_mean     | 240      |
|    ep_rew_mean     | 15.1     |
| time/              |          |
|    episodes        | 568      |
|    fps             | 109      |
|    time_elapsed    | 1149     |
|    total_timesteps | 126053   |
| train/             |          |
|    actor_loss      | -40.2    |
|    critic_loss     | 0.427    |
|    ent_coef        | 0.00629  |
|    ent_coef_loss   | -3.98    |
|    learning_rate   | 0.0003   |
|    n_updates       | 116052   |
---------------------------------
---------------------------------
| rollout/           |          |
|    ep_len_mean     | 240      |
|    ep_rew_mean     | 15.1     |
| time/              |          |
|    episodes        | 572      |
|    fps             | 109      |
|    time_elapsed    | 1158     |
|    total_timesteps | 126861   |
| train/             |          |
|    actor_loss      | -39.7    |
|    critic_loss     | 0.482    |
|    ent_coef        | 0.00614  |
|    ent_coef_loss   | 1.8      |
|    learning_rate   | 0.0003   |
|    n_updates       | 116860   |
---------------------------------
---------------------------------
| rollout/           |          |
|    ep_len_mean     | 237      |
|    ep_rew_mean     | 15.1     |
| time/              |          |
|    episodes        | 576      |
|    fps             | 109      |
|    time_elapsed    | 1165     |
|    total_timesteps | 127639   |
| train/             |          |
|    actor_loss      | -39.7    |
|    critic_loss     | 0.497    |
|    ent_coef        | 0.00601  |
|    ent_coef_loss   | 6.06     |
|    learning_rate   | 0.0003   |
|    n_updates       | 117638   |
---------------------------------
---------------------------------
| rollout/           |          |
|    ep_len_mean     | 236      |
|    ep_rew_mean     | 15       |
| time/              |          |
|    episodes        | 580      |
|    fps             | 109      |
|    time_elapsed    | 1174     |
|    total_timesteps | 128549   |
| train/             |          |
|    actor_loss      | -39.5    |
|    critic_loss     | 0.581    |
|    ent_coef        | 0.00649  |
|    ent_coef_loss   | 12.7     |
|    learning_rate   | 0.0003   |
|    n_updates       | 118548   |
---------------------------------
---------------------------------
| rollout/           |          |
|    ep_len_mean     | 241      |
|    ep_rew_mean     | 15.3     |
| time/              |          |
|    episodes        | 584      |
|    fps             | 109      |
|    time_elapsed    | 1186     |
|    total_timesteps | 129870   |
| train/             |          |
|    actor_loss      | -38.7    |
|    critic_loss     | 0.538    |
|    ent_coef        | 0.00739  |
|    ent_coef_loss   | -3.05    |
|    learning_rate   | 0.0003   |
|    n_updates       | 119869   |
---------------------------------
---------------------------------
| rollout/           |          |
|    ep_len_mean     | 246      |
|    ep_rew_mean     | 15.6     |
| time/              |          |
|    episodes        | 588      |
|    fps             | 109      |
|    time_elapsed    | 1198     |
|    total_timesteps | 131164   |
| train/             |          |
|    actor_loss      | -38.6    |
|    critic_loss     | 0.576    |
|    ent_coef        | 0.00767  |
|    ent_coef_loss   | 0.849    |
|    learning_rate   | 0.0003   |
|    n_updates       | 121163   |
---------------------------------
---------------------------------
| rollout/           |          |
|    ep_len_mean     | 247      |
|    ep_rew_mean     | 15.5     |
| time/              |          |
|    episodes        | 592      |
|    fps             | 109      |
|    time_elapsed    | 1207     |
|    total_timesteps | 132138   |
| train/             |          |
|    actor_loss      | -38.4    |
|    critic_loss     | 0.565    |
|    ent_coef        | 0.0069   |
|    ent_coef_loss   | 9.36     |
|    learning_rate   | 0.0003   |
|    n_updates       | 122137   |
---------------------------------
---------------------------------
| rollout/           |          |
|    ep_len_mean     | 247      |
|    ep_rew_mean     | 15.5     |
| time/              |          |
|    episodes        | 596      |
|    fps             | 109      |
|    time_elapsed    | 1216     |
|    total_timesteps | 133050   |
| train/             |          |
|    actor_loss      | -37.6    |
|    critic_loss     | 0.415    |
|    ent_coef        | 0.00593  |
|    ent_coef_loss   | -9.84    |
|    learning_rate   | 0.0003   |
|    n_updates       | 123049   |
---------------------------------
---------------------------------
| rollout/           |          |
|    ep_len_mean     | 248      |
|    ep_rew_mean     | 15.7     |
| time/              |          |
|    episodes        | 600      |
|    fps             | 109      |
|    time_elapsed    | 1226     |
|    total_timesteps | 134073   |
| train/             |          |
|    actor_loss      | -38.5    |
|    critic_loss     | 0.473    |
|    ent_coef        | 0.00634  |
|    ent_coef_loss   | 12.2     |
|    learning_rate   | 0.0003   |
|    n_updates       | 124072   |
---------------------------------
---------------------------------
| rollout/           |          |
|    ep_len_mean     | 246      |
|    ep_rew_mean     | 15.7     |
| time/              |          |
|    episodes        | 604      |
|    fps             | 109      |
|    time_elapsed    | 1235     |
|    total_timesteps | 134965   |
| train/             |          |
|    actor_loss      | -40      |
|    critic_loss     | 0.411    |
|    ent_coef        | 0.00705  |
|    ent_coef_loss   | -11.3    |
|    learning_rate   | 0.0003   |
|    n_updates       | 124964   |
---------------------------------
---------------------------------
| rollout/           |          |
|    ep_len_mean     | 248      |
|    ep_rew_mean     | 16.2     |
| time/              |          |
|    episodes        | 608      |
|    fps             | 109      |
|    time_elapsed    | 1245     |
|    total_timesteps | 136041   |
| train/             |          |
|    actor_loss      | -37.7    |
|    critic_loss     | 0.415    |
|    ent_coef        | 0.00659  |
|    ent_coef_loss   | 1.8      |
|    learning_rate   | 0.0003   |
|    n_updates       | 126040   |
---------------------------------
---------------------------------
| rollout/           |          |
|    ep_len_mean     | 253      |
|    ep_rew_mean     | 17.2     |
| time/              |          |
|    episodes        | 612      |
|    fps             | 109      |
|    time_elapsed    | 1257     |
|    total_timesteps | 137307   |
| train/             |          |
|    actor_loss      | -37.7    |
|    critic_loss     | 0.559    |
|    ent_coef        | 0.006    |
|    ent_coef_loss   | 4.04     |
|    learning_rate   | 0.0003   |
|    n_updates       | 127306   |
---------------------------------
---------------------------------
| rollout/           |          |
|    ep_len_mean     | 254      |
|    ep_rew_mean     | 17.4     |
| time/              |          |
|    episodes        | 616      |
|    fps             | 109      |
|    time_elapsed    | 1266     |
|    total_timesteps | 138315   |
| train/             |          |
|    actor_loss      | -37.4    |
|    critic_loss     | 0.379    |
|    ent_coef        | 0.00578  |
|    ent_coef_loss   | -9.52    |
|    learning_rate   | 0.0003   |
|    n_updates       | 128314   |
---------------------------------
---------------------------------
| rollout/           |          |
|    ep_len_mean     | 252      |
|    ep_rew_mean     | 17.5     |
| time/              |          |
|    episodes        | 620      |
|    fps             | 109      |
|    time_elapsed    | 1274     |
|    total_timesteps | 139097   |
| train/             |          |
|    actor_loss      | -37.7    |
|    critic_loss     | 0.432    |
|    ent_coef        | 0.00607  |
|    ent_coef_loss   | 12.3     |
|    learning_rate   | 0.0003   |
|    n_updates       | 129096   |
---------------------------------
---------------------------------
| rollout/           |          |
|    ep_len_mean     | 249      |
|    ep_rew_mean     | 17.2     |
| time/              |          |
|    episodes        | 624      |
|    fps             | 109      |
|    time_elapsed    | 1281     |
|    total_timesteps | 139853   |
| train/             |          |
|    actor_loss      | -36.2    |
|    critic_loss     | 0.486    |
|    ent_coef        | 0.00609  |
|    ent_coef_loss   | 6.71     |
|    learning_rate   | 0.0003   |
|    n_updates       | 129852   |
---------------------------------
---------------------------------
| rollout/           |          |
|    ep_len_mean     | 250      |
|    ep_rew_mean     | 17.6     |
| time/              |          |
|    episodes        | 628      |
|    fps             | 109      |
|    time_elapsed    | 1289     |
|    total_timesteps | 140670   |
| train/             |          |
|    actor_loss      | -35.7    |
|    critic_loss     | 0.417    |
|    ent_coef        | 0.00582  |
|    ent_coef_loss   | -0.0318  |
|    learning_rate   | 0.0003   |
|    n_updates       | 130669   |
---------------------------------
---------------------------------
| rollout/           |          |
|    ep_len_mean     | 252      |
|    ep_rew_mean     | 17.8     |
| time/              |          |
|    episodes        | 632      |
|    fps             | 108      |
|    time_elapsed    | 1301     |
|    total_timesteps | 141885   |
| train/             |          |
|    actor_loss      | -36.1    |
|    critic_loss     | 0.358    |
|    ent_coef        | 0.00535  |
|    ent_coef_loss   | -0.79    |
|    learning_rate   | 0.0003   |
|    n_updates       | 131884   |
---------------------------------
---------------------------------
| rollout/           |          |
|    ep_len_mean     | 255      |
|    ep_rew_mean     | 18.1     |
| time/              |          |
|    episodes        | 636      |
|    fps             | 108      |
|    time_elapsed    | 1314     |
|    total_timesteps | 143098   |
| train/             |          |
|    actor_loss      | -36.1    |
|    critic_loss     | 0.502    |
|    ent_coef        | 0.00561  |
|    ent_coef_loss   | 7.02     |
|    learning_rate   | 0.0003   |
|    n_updates       | 133097   |
---------------------------------
---------------------------------
| rollout/           |          |
|    ep_len_mean     | 256      |
|    ep_rew_mean     | 18       |
| time/              |          |
|    episodes        | 640      |
|    fps             | 108      |
|    time_elapsed    | 1325     |
|    total_timesteps | 144142   |
| train/             |          |
|    actor_loss      | -37.1    |
|    critic_loss     | 0.38     |
|    ent_coef        | 0.00556  |
|    ent_coef_loss   | -2       |
|    learning_rate   | 0.0003   |
|    n_updates       | 134141   |
---------------------------------
---------------------------------
| rollout/           |          |
|    ep_len_mean     | 254      |
|    ep_rew_mean     | 17.9     |
| time/              |          |
|    episodes        | 644      |
|    fps             | 108      |
|    time_elapsed    | 1335     |
|    total_timesteps | 145073   |
| train/             |          |
|    actor_loss      | -35.6    |
|    critic_loss     | 0.422    |
|    ent_coef        | 0.00545  |
|    ent_coef_loss   | 10       |
|    learning_rate   | 0.0003   |
|    n_updates       | 135072   |
---------------------------------
---------------------------------
| rollout/           |          |
|    ep_len_mean     | 252      |
|    ep_rew_mean     | 17.5     |
| time/              |          |
|    episodes        | 648      |
|    fps             | 108      |
|    time_elapsed    | 1344     |
|    total_timesteps | 145902   |
| train/             |          |
|    actor_loss      | -36.2    |
|    critic_loss     | 0.441    |
|    ent_coef        | 0.0059   |
|    ent_coef_loss   | 9.18     |
|    learning_rate   | 0.0003   |
|    n_updates       | 135901   |
---------------------------------
---------------------------------
| rollout/           |          |
|    ep_len_mean     | 250      |
|    ep_rew_mean     | 17.6     |
| time/              |          |
|    episodes        | 652      |
|    fps             | 108      |
|    time_elapsed    | 1355     |
|    total_timesteps | 146829   |
| train/             |          |
|    actor_loss      | -36.6    |
|    critic_loss     | 0.37     |
|    ent_coef        | 0.00566  |
|    ent_coef_loss   | 0.868    |
|    learning_rate   | 0.0003   |
|    n_updates       | 136828   |
---------------------------------
---------------------------------
| rollout/           |          |
|    ep_len_mean     | 247      |
|    ep_rew_mean     | 17.3     |
| time/              |          |
|    episodes        | 656      |
|    fps             | 108      |
|    time_elapsed    | 1365     |
|    total_timesteps | 147787   |
| train/             |          |
|    actor_loss      | -35.1    |
|    critic_loss     | 0.41     |
|    ent_coef        | 0.00594  |
|    ent_coef_loss   | 8        |
|    learning_rate   | 0.0003   |
|    n_updates       | 137786   |
---------------------------------
---------------------------------
| rollout/           |          |
|    ep_len_mean     | 247      |
|    ep_rew_mean     | 17.3     |
| time/              |          |
|    episodes        | 660      |
|    fps             | 108      |
|    time_elapsed    | 1376     |
|    total_timesteps | 148765   |
| train/             |          |
|    actor_loss      | -34.5    |
|    critic_loss     | 0.351    |
|    ent_coef        | 0.00588  |
|    ent_coef_loss   | 2.89     |
|    learning_rate   | 0.0003   |
|    n_updates       | 138764   |
---------------------------------
---------------------------------
| rollout/           |          |
|    ep_len_mean     | 249      |
|    ep_rew_mean     | 17.5     |
| time/              |          |
|    episodes        | 664      |
|    fps             | 107      |
|    time_elapsed    | 1388     |
|    total_timesteps | 149817   |
| train/             |          |
|    actor_loss      | -32.9    |
|    critic_loss     | 0.349    |
|    ent_coef        | 0.00589  |
|    ent_coef_loss   | 0.654    |
|    learning_rate   | 0.0003   |
|    n_updates       | 139816   |
---------------------------------
---------------------------------
| rollout/           |          |
|    ep_len_mean     | 250      |
|    ep_rew_mean     | 17.7     |
| time/              |          |
|    episodes        | 668      |
|    fps             | 107      |
|    time_elapsed    | 1402     |
|    total_timesteps | 151097   |
| train/             |          |
|    actor_loss      | -35.4    |
|    critic_loss     | 0.37     |
|    ent_coef        | 0.00583  |
|    ent_coef_loss   | 5.8      |
|    learning_rate   | 0.0003   |
|    n_updates       | 141096   |
---------------------------------
---------------------------------
| rollout/           |          |
|    ep_len_mean     | 251      |
|    ep_rew_mean     | 18       |
| time/              |          |
|    episodes        | 672      |
|    fps             | 107      |
|    time_elapsed    | 1412     |
|    total_timesteps | 151974   |
| train/             |          |
|    actor_loss      | -35      |
|    critic_loss     | 0.325    |
|    ent_coef        | 0.00528  |
|    ent_coef_loss   | -5.56    |
|    learning_rate   | 0.0003   |
|    n_updates       | 141973   |
---------------------------------
---------------------------------
| rollout/           |          |
|    ep_len_mean     | 251      |
|    ep_rew_mean     | 17.8     |
| time/              |          |
|    episodes        | 676      |
|    fps             | 107      |
|    time_elapsed    | 1421     |
|    total_timesteps | 152740   |
| train/             |          |
|    actor_loss      | -34.5    |
|    critic_loss     | 0.341    |
|    ent_coef        | 0.00515  |
|    ent_coef_loss   | -2.06    |
|    learning_rate   | 0.0003   |
|    n_updates       | 142739   |
---------------------------------
---------------------------------
| rollout/           |          |
|    ep_len_mean     | 250      |
|    ep_rew_mean     | 17.6     |
| time/              |          |
|    episodes        | 680      |
|    fps             | 107      |
|    time_elapsed    | 1429     |
|    total_timesteps | 153536   |
| train/             |          |
|    actor_loss      | -34.3    |
|    critic_loss     | 0.32     |
|    ent_coef        | 0.00531  |
|    ent_coef_loss   | 6.52     |
|    learning_rate   | 0.0003   |
|    n_updates       | 143535   |
---------------------------------
---------------------------------
| rollout/           |          |
|    ep_len_mean     | 244      |
|    ep_rew_mean     | 17.4     |
| time/              |          |
|    episodes        | 684      |
|    fps             | 107      |
|    time_elapsed    | 1437     |
|    total_timesteps | 154291   |
| train/             |          |
|    actor_loss      | -33.9    |
|    critic_loss     | 0.293    |
|    ent_coef        | 0.00543  |
|    ent_coef_loss   | 2.34     |
|    learning_rate   | 0.0003   |
|    n_updates       | 144290   |
---------------------------------
---------------------------------
| rollout/           |          |
|    ep_len_mean     | 241      |
|    ep_rew_mean     | 17.4     |
| time/              |          |
|    episodes        | 688      |
|    fps             | 107      |
|    time_elapsed    | 1447     |
|    total_timesteps | 155304   |
| train/             |          |
|    actor_loss      | -32.6    |
|    critic_loss     | 0.406    |
|    ent_coef        | 0.00613  |
|    ent_coef_loss   | 9.12     |
|    learning_rate   | 0.0003   |
|    n_updates       | 145303   |
---------------------------------
---------------------------------
| rollout/           |          |
|    ep_len_mean     | 243      |
|    ep_rew_mean     | 17.6     |
| time/              |          |
|    episodes        | 692      |
|    fps             | 107      |
|    time_elapsed    | 1458     |
|    total_timesteps | 156429   |
| train/             |          |
|    actor_loss      | -33.5    |
|    critic_loss     | 0.29     |
|    ent_coef        | 0.00539  |
|    ent_coef_loss   | -0.493   |
|    learning_rate   | 0.0003   |
|    n_updates       | 146428   |
---------------------------------
---------------------------------
| rollout/           |          |
|    ep_len_mean     | 247      |
|    ep_rew_mean     | 18.2     |
| time/              |          |
|    episodes        | 696      |
|    fps             | 107      |
|    time_elapsed    | 1470     |
|    total_timesteps | 157706   |
| train/             |          |
|    actor_loss      | -33.1    |
|    critic_loss     | 0.3      |
|    ent_coef        | 0.0054   |
|    ent_coef_loss   | 1.64     |
|    learning_rate   | 0.0003   |
|    n_updates       | 147705   |
---------------------------------
---------------------------------
| rollout/           |          |
|    ep_len_mean     | 244      |
|    ep_rew_mean     | 17.7     |
| time/              |          |
|    episodes        | 700      |
|    fps             | 107      |
|    time_elapsed    | 1477     |
|    total_timesteps | 158508   |
| train/             |          |
|    actor_loss      | -32.2    |
|    critic_loss     | 0.309    |
|    ent_coef        | 0.00513  |
|    ent_coef_loss   | 4.28     |
|    learning_rate   | 0.0003   |
|    n_updates       | 148507   |
---------------------------------
---------------------------------
| rollout/           |          |
|    ep_len_mean     | 246      |
|    ep_rew_mean     | 17.8     |
| time/              |          |
|    episodes        | 704      |
|    fps             | 107      |
|    time_elapsed    | 1488     |
|    total_timesteps | 159594   |
| train/             |          |
|    actor_loss      | -32.6    |
|    critic_loss     | 0.28     |
|    ent_coef        | 0.00494  |
|    ent_coef_loss   | -1.09    |
|    learning_rate   | 0.0003   |
|    n_updates       | 149593   |
---------------------------------
---------------------------------
| rollout/           |          |
|    ep_len_mean     | 245      |
|    ep_rew_mean     | 17.7     |
| time/              |          |
|    episodes        | 708      |
|    fps             | 107      |
|    time_elapsed    | 1497     |
|    total_timesteps | 160541   |
| train/             |          |
|    actor_loss      | -32.3    |
|    critic_loss     | 0.276    |
|    ent_coef        | 0.00522  |
|    ent_coef_loss   | -5.64    |
|    learning_rate   | 0.0003   |
|    n_updates       | 150540   |
---------------------------------
---------------------------------
| rollout/           |          |
|    ep_len_mean     | 240      |
|    ep_rew_mean     | 17.1     |
| time/              |          |
|    episodes        | 712      |
|    fps             | 107      |
|    time_elapsed    | 1504     |
|    total_timesteps | 161286   |
| train/             |          |
|    actor_loss      | -32.1    |
|    critic_loss     | 0.34     |
|    ent_coef        | 0.00549  |
|    ent_coef_loss   | 4.94     |
|    learning_rate   | 0.0003   |
|    n_updates       | 151285   |
---------------------------------
---------------------------------
| rollout/           |          |
|    ep_len_mean     | 238      |
|    ep_rew_mean     | 17       |
| time/              |          |
|    episodes        | 716      |
|    fps             | 107      |
|    time_elapsed    | 1512     |
|    total_timesteps | 162165   |
| train/             |          |
|    actor_loss      | -32.7    |
|    critic_loss     | 0.433    |
|    ent_coef        | 0.00523  |
|    ent_coef_loss   | 6.29     |
|    learning_rate   | 0.0003   |
|    n_updates       | 152164   |
---------------------------------
---------------------------------
| rollout/           |          |
|    ep_len_mean     | 241      |
|    ep_rew_mean     | 16.8     |
| time/              |          |
|    episodes        | 720      |
|    fps             | 107      |
|    time_elapsed    | 1522     |
|    total_timesteps | 163220   |
| train/             |          |
|    actor_loss      | -32.4    |
|    critic_loss     | 0.36     |
|    ent_coef        | 0.00536  |
|    ent_coef_loss   | 1.96     |
|    learning_rate   | 0.0003   |
|    n_updates       | 153219   |
---------------------------------
---------------------------------
| rollout/           |          |
|    ep_len_mean     | 244      |
|    ep_rew_mean     | 16.9     |
| time/              |          |
|    episodes        | 724      |
|    fps             | 107      |
|    time_elapsed    | 1532     |
|    total_timesteps | 164266   |
| train/             |          |
|    actor_loss      | -31.4    |
|    critic_loss     | 0.312    |
|    ent_coef        | 0.00474  |
|    ent_coef_loss   | 2.29     |
|    learning_rate   | 0.0003   |
|    n_updates       | 154265   |
---------------------------------
---------------------------------
| rollout/           |          |
|    ep_len_mean     | 244      |
|    ep_rew_mean     | 16.7     |
| time/              |          |
|    episodes        | 728      |
|    fps             | 107      |
|    time_elapsed    | 1540     |
|    total_timesteps | 165096   |
| train/             |          |
|    actor_loss      | -31.8    |
|    critic_loss     | 0.381    |
|    ent_coef        | 0.00503  |
|    ent_coef_loss   | 11.9     |
|    learning_rate   | 0.0003   |
|    n_updates       | 155095   |
---------------------------------
---------------------------------
| rollout/           |          |
|    ep_len_mean     | 241      |
|    ep_rew_mean     | 16.4     |
| time/              |          |
|    episodes        | 732      |
|    fps             | 107      |
|    time_elapsed    | 1548     |
|    total_timesteps | 165978   |
| train/             |          |
|    actor_loss      | -30.7    |
|    critic_loss     | 0.263    |
|    ent_coef        | 0.00508  |
|    ent_coef_loss   | -7.03    |
|    learning_rate   | 0.0003   |
|    n_updates       | 155977   |
---------------------------------
---------------------------------
| rollout/           |          |
|    ep_len_mean     | 239      |
|    ep_rew_mean     | 16.6     |
| time/              |          |
|    episodes        | 736      |
|    fps             | 107      |
|    time_elapsed    | 1558     |
|    total_timesteps | 167025   |
| train/             |          |
|    actor_loss      | -30.8    |
|    critic_loss     | 0.284    |
|    ent_coef        | 0.00483  |
|    ent_coef_loss   | -8.16    |
|    learning_rate   | 0.0003   |
|    n_updates       | 157024   |
---------------------------------
---------------------------------
| rollout/           |          |
|    ep_len_mean     | 237      |
|    ep_rew_mean     | 16.5     |
| time/              |          |
|    episodes        | 740      |
|    fps             | 107      |
|    time_elapsed    | 1565     |
|    total_timesteps | 167835   |
| train/             |          |
|    actor_loss      | -31.7    |
|    critic_loss     | 0.272    |
|    ent_coef        | 0.00479  |
|    ent_coef_loss   | -3.04    |
|    learning_rate   | 0.0003   |
|    n_updates       | 157834   |
---------------------------------
---------------------------------
| rollout/           |          |
|    ep_len_mean     | 236      |
|    ep_rew_mean     | 16.9     |
| time/              |          |
|    episodes        | 744      |
|    fps             | 107      |
|    time_elapsed    | 1573     |
|    total_timesteps | 168685   |
| train/             |          |
|    actor_loss      | -30.4    |
|    critic_loss     | 0.3      |
|    ent_coef        | 0.00498  |
|    ent_coef_loss   | -3.51    |
|    learning_rate   | 0.0003   |
|    n_updates       | 158684   |
---------------------------------
---------------------------------
| rollout/           |          |
|    ep_len_mean     | 242      |
|    ep_rew_mean     | 17.6     |
| time/              |          |
|    episodes        | 748      |
|    fps             | 107      |
|    time_elapsed    | 1586     |
|    total_timesteps | 170102   |
| train/             |          |
|    actor_loss      | -29.8    |
|    critic_loss     | 0.289    |
|    ent_coef        | 0.00624  |
|    ent_coef_loss   | 0.284    |
|    learning_rate   | 0.0003   |
|    n_updates       | 160101   |
---------------------------------
---------------------------------
| rollout/           |          |
|    ep_len_mean     | 243      |
|    ep_rew_mean     | 17.8     |
| time/              |          |
|    episodes        | 752      |
|    fps             | 107      |
|    time_elapsed    | 1596     |
|    total_timesteps | 171161   |
| train/             |          |
|    actor_loss      | -30.8    |
|    critic_loss     | 0.265    |
|    ent_coef        | 0.0048   |
|    ent_coef_loss   | -8.94    |
|    learning_rate   | 0.0003   |
|    n_updates       | 161160   |
---------------------------------
---------------------------------
| rollout/           |          |
|    ep_len_mean     | 248      |
|    ep_rew_mean     | 18.1     |
| time/              |          |
|    episodes        | 756      |
|    fps             | 107      |
|    time_elapsed    | 1610     |
|    total_timesteps | 172557   |
| train/             |          |
|    actor_loss      | -29.8    |
|    critic_loss     | 0.251    |
|    ent_coef        | 0.00458  |
|    ent_coef_loss   | -1.6     |
|    learning_rate   | 0.0003   |
|    n_updates       | 162556   |
---------------------------------
---------------------------------
| rollout/           |          |
|    ep_len_mean     | 246      |
|    ep_rew_mean     | 18.1     |
| time/              |          |
|    episodes        | 760      |
|    fps             | 107      |
|    time_elapsed    | 1617     |
|    total_timesteps | 173326   |
| train/             |          |
|    actor_loss      | -30.1    |
|    critic_loss     | 0.257    |
|    ent_coef        | 0.00475  |
|    ent_coef_loss   | 0.903    |
|    learning_rate   | 0.0003   |
|    n_updates       | 163325   |
---------------------------------
---------------------------------
| rollout/           |          |
|    ep_len_mean     | 246      |
|    ep_rew_mean     | 18.4     |
| time/              |          |
|    episodes        | 764      |
|    fps             | 107      |
|    time_elapsed    | 1627     |
|    total_timesteps | 174455   |
| train/             |          |
|    actor_loss      | -31.8    |
|    critic_loss     | 0.261    |
|    ent_coef        | 0.00491  |
|    ent_coef_loss   | -0.991   |
|    learning_rate   | 0.0003   |
|    n_updates       | 164454   |
---------------------------------
---------------------------------
| rollout/           |          |
|    ep_len_mean     | 242      |
|    ep_rew_mean     | 18.1     |
| time/              |          |
|    episodes        | 768      |
|    fps             | 107      |
|    time_elapsed    | 1635     |
|    total_timesteps | 175265   |
| train/             |          |
|    actor_loss      | -30.7    |
|    critic_loss     | 0.285    |
|    ent_coef        | 0.00489  |
|    ent_coef_loss   | 14.2     |
|    learning_rate   | 0.0003   |
|    n_updates       | 165264   |
---------------------------------
---------------------------------
| rollout/           |          |
|    ep_len_mean     | 241      |
|    ep_rew_mean     | 18       |
| time/              |          |
|    episodes        | 772      |
|    fps             | 107      |
|    time_elapsed    | 1642     |
|    total_timesteps | 176032   |
| train/             |          |
|    actor_loss      | -30.5    |
|    critic_loss     | 0.218    |
|    ent_coef        | 0.00535  |
|    ent_coef_loss   | 14.1     |
|    learning_rate   | 0.0003   |
|    n_updates       | 166031   |
---------------------------------
---------------------------------
| rollout/           |          |
|    ep_len_mean     | 241      |
|    ep_rew_mean     | 18.1     |
| time/              |          |
|    episodes        | 776      |
|    fps             | 107      |
|    time_elapsed    | 1650     |
|    total_timesteps | 176887   |
| train/             |          |
|    actor_loss      | -28.8    |
|    critic_loss     | 0.33     |
|    ent_coef        | 0.00635  |
|    ent_coef_loss   | -8.14    |
|    learning_rate   | 0.0003   |
|    n_updates       | 166886   |
---------------------------------
---------------------------------
| rollout/           |          |
|    ep_len_mean     | 244      |
|    ep_rew_mean     | 18.5     |
| time/              |          |
|    episodes        | 780      |
|    fps             | 107      |
|    time_elapsed    | 1660     |
|    total_timesteps | 177966   |
| train/             |          |
|    actor_loss      | -29.2    |
|    critic_loss     | 0.237    |
|    ent_coef        | 0.00485  |
|    ent_coef_loss   | -10.3    |
|    learning_rate   | 0.0003   |
|    n_updates       | 167965   |
---------------------------------
---------------------------------
| rollout/           |          |
|    ep_len_mean     | 244      |
|    ep_rew_mean     | 18.4     |
| time/              |          |
|    episodes        | 784      |
|    fps             | 107      |
|    time_elapsed    | 1667     |
|    total_timesteps | 178740   |
| train/             |          |
|    actor_loss      | -28.7    |
|    critic_loss     | 0.29     |
|    ent_coef        | 0.00481  |
|    ent_coef_loss   | 10.4     |
|    learning_rate   | 0.0003   |
|    n_updates       | 168739   |
---------------------------------
---------------------------------
| rollout/           |          |
|    ep_len_mean     | 247      |
|    ep_rew_mean     | 18.8     |
| time/              |          |
|    episodes        | 788      |
|    fps             | 107      |
|    time_elapsed    | 1679     |
|    total_timesteps | 179962   |
| train/             |          |
|    actor_loss      | -28.8    |
|    critic_loss     | 0.267    |
|    ent_coef        | 0.00513  |
|    ent_coef_loss   | 3.24     |
|    learning_rate   | 0.0003   |
|    n_updates       | 169961   |
---------------------------------
---------------------------------
| rollout/           |          |
|    ep_len_mean     | 244      |
|    ep_rew_mean     | 19       |
| time/              |          |
|    episodes        | 792      |
|    fps             | 107      |
|    time_elapsed    | 1687     |
|    total_timesteps | 180797   |
| train/             |          |
|    actor_loss      | -28.5    |
|    critic_loss     | 0.266    |
|    ent_coef        | 0.00479  |
|    ent_coef_loss   | 4.51     |
|    learning_rate   | 0.0003   |
|    n_updates       | 170796   |
---------------------------------
---------------------------------
| rollout/           |          |
|    ep_len_mean     | 241      |
|    ep_rew_mean     | 18.7     |
| time/              |          |
|    episodes        | 796      |
|    fps             | 107      |
|    time_elapsed    | 1696     |
|    total_timesteps | 181783   |
| train/             |          |
|    actor_loss      | -28.5    |
|    critic_loss     | 0.275    |
|    ent_coef        | 0.00482  |
|    ent_coef_loss   | 10.5     |
|    learning_rate   | 0.0003   |
|    n_updates       | 171782   |
---------------------------------
---------------------------------
| rollout/           |          |
|    ep_len_mean     | 243      |
|    ep_rew_mean     | 19.3     |
| time/              |          |
|    episodes        | 800      |
|    fps             | 107      |
|    time_elapsed    | 1707     |
|    total_timesteps | 182842   |
| train/             |          |
|    actor_loss      | -28.7    |
|    critic_loss     | 0.252    |
|    ent_coef        | 0.00458  |
|    ent_coef_loss   | -3.94    |
|    learning_rate   | 0.0003   |
|    n_updates       | 172841   |
---------------------------------
---------------------------------
| rollout/           |          |
|    ep_len_mean     | 241      |
|    ep_rew_mean     | 19.5     |
| time/              |          |
|    episodes        | 804      |
|    fps             | 107      |
|    time_elapsed    | 1715     |
|    total_timesteps | 183710   |
| train/             |          |
|    actor_loss      | -28.2    |
|    critic_loss     | 0.179    |
|    ent_coef        | 0.00425  |
|    ent_coef_loss   | -13.7    |
|    learning_rate   | 0.0003   |
|    n_updates       | 173709   |
---------------------------------
---------------------------------
| rollout/           |          |
|    ep_len_mean     | 241      |
|    ep_rew_mean     | 19.7     |
| time/              |          |
|    episodes        | 808      |
|    fps             | 107      |
|    time_elapsed    | 1724     |
|    total_timesteps | 184648   |
| train/             |          |
|    actor_loss      | -29.5    |
|    critic_loss     | 0.259    |
|    ent_coef        | 0.00442  |
|    ent_coef_loss   | 5.71     |
|    learning_rate   | 0.0003   |
|    n_updates       | 174647   |
---------------------------------
---------------------------------
| rollout/           |          |
|    ep_len_mean     | 242      |
|    ep_rew_mean     | 19.7     |
| time/              |          |
|    episodes        | 812      |
|    fps             | 107      |
|    time_elapsed    | 1731     |
|    total_timesteps | 185458   |
| train/             |          |
|    actor_loss      | -28.7    |
|    critic_loss     | 0.22     |
|    ent_coef        | 0.00449  |
|    ent_coef_loss   | -4.37    |
|    learning_rate   | 0.0003   |
|    n_updates       | 175457   |
---------------------------------
---------------------------------
| rollout/           |          |
|    ep_len_mean     | 243      |
|    ep_rew_mean     | 20       |
| time/              |          |
|    episodes        | 816      |
|    fps             | 107      |
|    time_elapsed    | 1741     |
|    total_timesteps | 186453   |
| train/             |          |
|    actor_loss      | -28.8    |
|    critic_loss     | 0.235    |
|    ent_coef        | 0.00434  |
|    ent_coef_loss   | -3.08    |
|    learning_rate   | 0.0003   |
|    n_updates       | 176452   |
---------------------------------
---------------------------------
| rollout/           |          |
|    ep_len_mean     | 241      |
|    ep_rew_mean     | 20.4     |
| time/              |          |
|    episodes        | 820      |
|    fps             | 107      |
|    time_elapsed    | 1749     |
|    total_timesteps | 187294   |
| train/             |          |
|    actor_loss      | -28.5    |
|    critic_loss     | 0.209    |
|    ent_coef        | 0.0049   |
|    ent_coef_loss   | -10.3    |
|    learning_rate   | 0.0003   |
|    n_updates       | 177293   |
---------------------------------
---------------------------------
| rollout/           |          |
|    ep_len_mean     | 239      |
|    ep_rew_mean     | 20.6     |
| time/              |          |
|    episodes        | 824      |
|    fps             | 107      |
|    time_elapsed    | 1757     |
|    total_timesteps | 188135   |
| train/             |          |
|    actor_loss      | -29      |
|    critic_loss     | 0.276    |
|    ent_coef        | 0.00474  |
|    ent_coef_loss   | 8.56     |
|    learning_rate   | 0.0003   |
|    n_updates       | 178134   |
---------------------------------
---------------------------------
| rollout/           |          |
|    ep_len_mean     | 241      |
|    ep_rew_mean     | 21.1     |
| time/              |          |
|    episodes        | 828      |
|    fps             | 107      |
|    time_elapsed    | 1767     |
|    total_timesteps | 189231   |
| train/             |          |
|    actor_loss      | -28      |
|    critic_loss     | 0.25     |
|    ent_coef        | 0.00459  |
|    ent_coef_loss   | -3.92    |
|    learning_rate   | 0.0003   |
|    n_updates       | 179230   |
---------------------------------
---------------------------------
| rollout/           |          |
|    ep_len_mean     | 241      |
|    ep_rew_mean     | 21       |
| time/              |          |
|    episodes        | 832      |
|    fps             | 107      |
|    time_elapsed    | 1775     |
|    total_timesteps | 190076   |
| train/             |          |
|    actor_loss      | -28.1    |
|    critic_loss     | 0.271    |
|    ent_coef        | 0.0048   |
|    ent_coef_loss   | 4.19     |
|    learning_rate   | 0.0003   |
|    n_updates       | 180075   |
---------------------------------
---------------------------------
| rollout/           |          |
|    ep_len_mean     | 240      |
|    ep_rew_mean     | 20.7     |
| time/              |          |
|    episodes        | 836      |
|    fps             | 107      |
|    time_elapsed    | 1784     |
|    total_timesteps | 191004   |
| train/             |          |
|    actor_loss      | -27.8    |
|    critic_loss     | 0.241    |
|    ent_coef        | 0.00465  |
|    ent_coef_loss   | 4.26     |
|    learning_rate   | 0.0003   |
|    n_updates       | 181003   |
---------------------------------
---------------------------------
| rollout/           |          |
|    ep_len_mean     | 243      |
|    ep_rew_mean     | 21.1     |
| time/              |          |
|    episodes        | 840      |
|    fps             | 106      |
|    time_elapsed    | 1800     |
|    total_timesteps | 192164   |
| train/             |          |
|    actor_loss      | -27.3    |
|    critic_loss     | 0.241    |
|    ent_coef        | 0.00438  |
|    ent_coef_loss   | 1.09     |
|    learning_rate   | 0.0003   |
|    n_updates       | 182163   |
---------------------------------
---------------------------------
| rollout/           |          |
|    ep_len_mean     | 245      |
|    ep_rew_mean     | 21.2     |
| time/              |          |
|    episodes        | 844      |
|    fps             | 106      |
|    time_elapsed    | 1812     |
|    total_timesteps | 193198   |
| train/             |          |
|    actor_loss      | -28.3    |
|    critic_loss     | 0.224    |
|    ent_coef        | 0.00423  |
|    ent_coef_loss   | 0.133    |
|    learning_rate   | 0.0003   |
|    n_updates       | 183197   |
---------------------------------
---------------------------------
| rollout/           |          |
|    ep_len_mean     | 239      |
|    ep_rew_mean     | 20.7     |
| time/              |          |
|    episodes        | 848      |
|    fps             | 106      |
|    time_elapsed    | 1820     |
|    total_timesteps | 194041   |
| train/             |          |
|    actor_loss      | -28.3    |
|    critic_loss     | 0.224    |
|    ent_coef        | 0.00496  |
|    ent_coef_loss   | -5.07    |
|    learning_rate   | 0.0003   |
|    n_updates       | 184040   |
---------------------------------
---------------------------------
| rollout/           |          |
|    ep_len_mean     | 238      |
|    ep_rew_mean     | 20.7     |
| time/              |          |
|    episodes        | 852      |
|    fps             | 106      |
|    time_elapsed    | 1829     |
|    total_timesteps | 194943   |
| train/             |          |
|    actor_loss      | -28.8    |
|    critic_loss     | 0.244    |
|    ent_coef        | 0.00428  |
|    ent_coef_loss   | -13      |
|    learning_rate   | 0.0003   |
|    n_updates       | 184942   |
---------------------------------
---------------------------------
| rollout/           |          |
|    ep_len_mean     | 234      |
|    ep_rew_mean     | 20.9     |
| time/              |          |
|    episodes        | 856      |
|    fps             | 106      |
|    time_elapsed    | 1840     |
|    total_timesteps | 195989   |
| train/             |          |
|    actor_loss      | -27.3    |
|    critic_loss     | 0.267    |
|    ent_coef        | 0.00407  |
|    ent_coef_loss   | 7.69     |
|    learning_rate   | 0.0003   |
|    n_updates       | 185988   |
---------------------------------
---------------------------------
| rollout/           |          |
|    ep_len_mean     | 236      |
|    ep_rew_mean     | 21.2     |
| time/              |          |
|    episodes        | 860      |
|    fps             | 106      |
|    time_elapsed    | 1849     |
|    total_timesteps | 196941   |
| train/             |          |
|    actor_loss      | -26.8    |
|    critic_loss     | 0.211    |
|    ent_coef        | 0.00436  |
|    ent_coef_loss   | -1.56    |
|    learning_rate   | 0.0003   |
|    n_updates       | 186940   |
---------------------------------
---------------------------------
| rollout/           |          |
|    ep_len_mean     | 235      |
|    ep_rew_mean     | 21.1     |
| time/              |          |
|    episodes        | 864      |
|    fps             | 106      |
|    time_elapsed    | 1860     |
|    total_timesteps | 197929   |
| train/             |          |
|    actor_loss      | -27.8    |
|    critic_loss     | 0.203    |
|    ent_coef        | 0.00418  |
|    ent_coef_loss   | 4.43     |
|    learning_rate   | 0.0003   |
|    n_updates       | 187928   |
---------------------------------
---------------------------------
| rollout/           |          |
|    ep_len_mean     | 236      |
|    ep_rew_mean     | 21.2     |
| time/              |          |
|    episodes        | 868      |
|    fps             | 106      |
|    time_elapsed    | 1869     |
|    total_timesteps | 198851   |
| train/             |          |
|    actor_loss      | -26.3    |
|    critic_loss     | 0.182    |
|    ent_coef        | 0.00399  |
|    ent_coef_loss   | 1.45     |
|    learning_rate   | 0.0003   |
|    n_updates       | 188850   |
---------------------------------
---------------------------------
| rollout/           |          |
|    ep_len_mean     | 238      |
|    ep_rew_mean     | 21.3     |
| time/              |          |
|    episodes        | 872      |
|    fps             | 106      |
|    time_elapsed    | 1878     |
|    total_timesteps | 199866   |
| train/             |          |
|    actor_loss      | -27.9    |
|    critic_loss     | 0.248    |
|    ent_coef        | 0.0041   |
|    ent_coef_loss   | 5.27     |
|    learning_rate   | 0.0003   |
|    n_updates       | 189865   |
---------------------------------
---------------------------------
| rollout/           |          |
|    ep_len_mean     | 239      |
|    ep_rew_mean     | 21.3     |
| time/              |          |
|    episodes        | 876      |
|    fps             | 106      |
|    time_elapsed    | 1887     |
|    total_timesteps | 200775   |
| train/             |          |
|    actor_loss      | -26.7    |
|    critic_loss     | 0.2      |
|    ent_coef        | 0.00439  |
|    ent_coef_loss   | 0.685    |
|    learning_rate   | 0.0003   |
|    n_updates       | 190774   |
---------------------------------
---------------------------------
| rollout/           |          |
|    ep_len_mean     | 238      |
|    ep_rew_mean     | 21.4     |
| time/              |          |
|    episodes        | 880      |
|    fps             | 106      |
|    time_elapsed    | 1897     |
|    total_timesteps | 201765   |
| train/             |          |
|    actor_loss      | -27.4    |
|    critic_loss     | 0.2      |
|    ent_coef        | 0.00436  |
|    ent_coef_loss   | 1.88     |
|    learning_rate   | 0.0003   |
|    n_updates       | 191764   |
---------------------------------
---------------------------------
| rollout/           |          |
|    ep_len_mean     | 239      |
|    ep_rew_mean     | 21.6     |
| time/              |          |
|    episodes        | 884      |
|    fps             | 106      |
|    time_elapsed    | 1905     |
|    total_timesteps | 202594   |
| train/             |          |
|    actor_loss      | -26.9    |
|    critic_loss     | 0.249    |
|    ent_coef        | 0.0043   |
|    ent_coef_loss   | 7.67     |
|    learning_rate   | 0.0003   |
|    n_updates       | 192593   |
---------------------------------
---------------------------------
| rollout/           |          |
|    ep_len_mean     | 240      |
|    ep_rew_mean     | 21.7     |
| time/              |          |
|    episodes        | 888      |
|    fps             | 106      |
|    time_elapsed    | 1918     |
|    total_timesteps | 203954   |
| train/             |          |
|    actor_loss      | -26.6    |
|    critic_loss     | 0.198    |
|    ent_coef        | 0.0043   |
|    ent_coef_loss   | -4.01    |
|    learning_rate   | 0.0003   |
|    n_updates       | 193953   |
---------------------------------
---------------------------------
| rollout/           |          |
|    ep_len_mean     | 243      |
|    ep_rew_mean     | 22       |
| time/              |          |
|    episodes        | 892      |
|    fps             | 106      |
|    time_elapsed    | 1928     |
|    total_timesteps | 205092   |
| train/             |          |
|    actor_loss      | -27.5    |
|    critic_loss     | 0.227    |
|    ent_coef        | 0.0043   |
|    ent_coef_loss   | 7.85     |
|    learning_rate   | 0.0003   |
|    n_updates       | 195091   |
---------------------------------
---------------------------------
| rollout/           |          |
|    ep_len_mean     | 243      |
|    ep_rew_mean     | 22.1     |
| time/              |          |
|    episodes        | 896      |
|    fps             | 106      |
|    time_elapsed    | 1939     |
|    total_timesteps | 206095   |
| train/             |          |
|    actor_loss      | -26.6    |
|    critic_loss     | 0.243    |
|    ent_coef        | 0.00415  |
|    ent_coef_loss   | -3.63    |
|    learning_rate   | 0.0003   |
|    n_updates       | 196094   |
---------------------------------
---------------------------------
| rollout/           |          |
|    ep_len_mean     | 244      |
|    ep_rew_mean     | 22.1     |
| time/              |          |
|    episodes        | 900      |
|    fps             | 106      |
|    time_elapsed    | 1950     |
|    total_timesteps | 207220   |
| train/             |          |
|    actor_loss      | -26.5    |
|    critic_loss     | 0.188    |
|    ent_coef        | 0.00383  |
|    ent_coef_loss   | -2.5     |
|    learning_rate   | 0.0003   |
|    n_updates       | 197219   |
---------------------------------
---------------------------------
| rollout/           |          |
|    ep_len_mean     | 246      |
|    ep_rew_mean     | 21.9     |
| time/              |          |
|    episodes        | 904      |
|    fps             | 106      |
|    time_elapsed    | 1961     |
|    total_timesteps | 208360   |
| train/             |          |
|    actor_loss      | -26.6    |
|    critic_loss     | 0.191    |
|    ent_coef        | 0.00411  |
|    ent_coef_loss   | -9.36    |
|    learning_rate   | 0.0003   |
|    n_updates       | 198359   |
---------------------------------
---------------------------------
| rollout/           |          |
|    ep_len_mean     | 250      |
|    ep_rew_mean     | 22.3     |
| time/              |          |
|    episodes        | 908      |
|    fps             | 106      |
|    time_elapsed    | 1975     |
|    total_timesteps | 209697   |
| train/             |          |
|    actor_loss      | -26.9    |
|    critic_loss     | 0.234    |
|    ent_coef        | 0.00405  |
|    ent_coef_loss   | 4.43     |
|    learning_rate   | 0.0003   |
|    n_updates       | 199696   |
---------------------------------
---------------------------------
| rollout/           |          |
|    ep_len_mean     | 254      |
|    ep_rew_mean     | 22.7     |
| time/              |          |
|    episodes        | 912      |
|    fps             | 106      |
|    time_elapsed    | 1987     |
|    total_timesteps | 210892   |
| train/             |          |
|    actor_loss      | -26.7    |
|    critic_loss     | 0.156    |
|    ent_coef        | 0.00386  |
|    ent_coef_loss   | -4.63    |
|    learning_rate   | 0.0003   |
|    n_updates       | 200891   |
---------------------------------
---------------------------------
| rollout/           |          |
|    ep_len_mean     | 255      |
|    ep_rew_mean     | 22.8     |
| time/              |          |
|    episodes        | 916      |
|    fps             | 106      |
|    time_elapsed    | 1998     |
|    total_timesteps | 211956   |
| train/             |          |
|    actor_loss      | -26.7    |
|    critic_loss     | 0.265    |
|    ent_coef        | 0.00398  |
|    ent_coef_loss   | 6.81     |
|    learning_rate   | 0.0003   |
|    n_updates       | 201955   |
---------------------------------
---------------------------------
| rollout/           |          |
|    ep_len_mean     | 255      |
|    ep_rew_mean     | 22.7     |
| time/              |          |
|    episodes        | 920      |
|    fps             | 106      |
|    time_elapsed    | 2006     |
|    total_timesteps | 212778   |
| train/             |          |
|    actor_loss      | -26.6    |
|    critic_loss     | 0.181    |
|    ent_coef        | 0.00381  |
|    ent_coef_loss   | 6.28     |
|    learning_rate   | 0.0003   |
|    n_updates       | 202777   |
---------------------------------
---------------------------------
| rollout/           |          |
|    ep_len_mean     | 255      |
|    ep_rew_mean     | 22.8     |
| time/              |          |
|    episodes        | 924      |
|    fps             | 106      |
|    time_elapsed    | 2015     |
|    total_timesteps | 213681   |
| train/             |          |
|    actor_loss      | -25.7    |
|    critic_loss     | 0.195    |
|    ent_coef        | 0.00383  |
|    ent_coef_loss   | 2.31     |
|    learning_rate   | 0.0003   |
|    n_updates       | 203680   |
---------------------------------
---------------------------------
| rollout/           |          |
|    ep_len_mean     | 254      |
|    ep_rew_mean     | 22.8     |
| time/              |          |
|    episodes        | 928      |
|    fps             | 105      |
|    time_elapsed    | 2025     |
|    total_timesteps | 214649   |
| train/             |          |
|    actor_loss      | -25.4    |
|    critic_loss     | 0.226    |
|    ent_coef        | 0.00382  |
|    ent_coef_loss   | -7.17    |
|    learning_rate   | 0.0003   |
|    n_updates       | 204648   |
---------------------------------
---------------------------------
| rollout/           |          |
|    ep_len_mean     | 255      |
|    ep_rew_mean     | 22.7     |
| time/              |          |
|    episodes        | 932      |
|    fps             | 105      |
|    time_elapsed    | 2034     |
|    total_timesteps | 215538   |
| train/             |          |
|    actor_loss      | -25.9    |
|    critic_loss     | 0.204    |
|    ent_coef        | 0.00362  |
|    ent_coef_loss   | 0.159    |
|    learning_rate   | 0.0003   |
|    n_updates       | 205537   |
---------------------------------
---------------------------------
| rollout/           |          |
|    ep_len_mean     | 257      |
|    ep_rew_mean     | 22.8     |
| time/              |          |
|    episodes        | 936      |
|    fps             | 105      |
|    time_elapsed    | 2047     |
|    total_timesteps | 216742   |
| train/             |          |
|    actor_loss      | -25.4    |
|    critic_loss     | 0.21     |
|    ent_coef        | 0.00382  |
|    ent_coef_loss   | -2.71    |
|    learning_rate   | 0.0003   |
|    n_updates       | 206741   |
---------------------------------
---------------------------------
| rollout/           |          |
|    ep_len_mean     | 254      |
|    ep_rew_mean     | 22.6     |
| time/              |          |
|    episodes        | 940      |
|    fps             | 105      |
|    time_elapsed    | 2055     |
|    total_timesteps | 217564   |
| train/             |          |
|    actor_loss      | -25.5    |
|    critic_loss     | 0.208    |
|    ent_coef        | 0.00379  |
|    ent_coef_loss   | 10.2     |
|    learning_rate   | 0.0003   |
|    n_updates       | 207563   |
---------------------------------
---------------------------------
| rollout/           |          |
|    ep_len_mean     | 260      |
|    ep_rew_mean     | 22.8     |
| time/              |          |
|    episodes        | 944      |
|    fps             | 105      |
|    time_elapsed    | 2071     |
|    total_timesteps | 219187   |
| train/             |          |
|    actor_loss      | -26      |
|    critic_loss     | 0.167    |
|    ent_coef        | 0.00407  |
|    ent_coef_loss   | -5.79    |
|    learning_rate   | 0.0003   |
|    n_updates       | 209186   |
---------------------------------
---------------------------------
| rollout/           |          |
|    ep_len_mean     | 266      |
|    ep_rew_mean     | 23.8     |
| time/              |          |
|    episodes        | 948      |
|    fps             | 105      |
|    time_elapsed    | 2085     |
|    total_timesteps | 220614   |
| train/             |          |
|    actor_loss      | -25.5    |
|    critic_loss     | 0.188    |
|    ent_coef        | 0.0034   |
|    ent_coef_loss   | -0.763   |
|    learning_rate   | 0.0003   |
|    n_updates       | 210613   |
---------------------------------
---------------------------------
| rollout/           |          |
|    ep_len_mean     | 269      |
|    ep_rew_mean     | 24.2     |
| time/              |          |
|    episodes        | 952      |
|    fps             | 105      |
|    time_elapsed    | 2098     |
|    total_timesteps | 221861   |
| train/             |          |
|    actor_loss      | -25      |
|    critic_loss     | 0.173    |
|    ent_coef        | 0.00381  |
|    ent_coef_loss   | 4.88     |
|    learning_rate   | 0.0003   |
|    n_updates       | 211860   |
---------------------------------
---------------------------------
| rollout/           |          |
|    ep_len_mean     | 277      |
|    ep_rew_mean     | 24.9     |
| time/              |          |
|    episodes        | 956      |
|    fps             | 105      |
|    time_elapsed    | 2115     |
|    total_timesteps | 223667   |
| train/             |          |
|    actor_loss      | -25.1    |
|    critic_loss     | 0.168    |
|    ent_coef        | 0.00393  |
|    ent_coef_loss   | 8.76     |
|    learning_rate   | 0.0003   |
|    n_updates       | 213666   |
---------------------------------
---------------------------------
| rollout/           |          |
|    ep_len_mean     | 279      |
|    ep_rew_mean     | 25.1     |
| time/              |          |
|    episodes        | 960      |
|    fps             | 105      |
|    time_elapsed    | 2126     |
|    total_timesteps | 224819   |
| train/             |          |
|    actor_loss      | -25.4    |
|    critic_loss     | 0.165    |
|    ent_coef        | 0.00358  |
|    ent_coef_loss   | 3.51     |
|    learning_rate   | 0.0003   |
|    n_updates       | 214818   |
---------------------------------
---------------------------------
| rollout/           |          |
|    ep_len_mean     | 280      |
|    ep_rew_mean     | 25.3     |
| time/              |          |
|    episodes        | 964      |
|    fps             | 105      |
|    time_elapsed    | 2137     |
|    total_timesteps | 225926   |
| train/             |          |
|    actor_loss      | -24.4    |
|    critic_loss     | 0.18     |
|    ent_coef        | 0.00343  |
|    ent_coef_loss   | 7.38     |
|    learning_rate   | 0.0003   |
|    n_updates       | 215925   |
---------------------------------
---------------------------------
| rollout/           |          |
|    ep_len_mean     | 281      |
|    ep_rew_mean     | 25.6     |
| time/              |          |
|    episodes        | 968      |
|    fps             | 105      |
|    time_elapsed    | 2147     |
|    total_timesteps | 226987   |
| train/             |          |
|    actor_loss      | -24.7    |
|    critic_loss     | 0.216    |
|    ent_coef        | 0.00351  |
|    ent_coef_loss   | 9.21     |
|    learning_rate   | 0.0003   |
|    n_updates       | 216986   |
---------------------------------
---------------------------------
| rollout/           |          |
|    ep_len_mean     | 282      |
|    ep_rew_mean     | 25.8     |
| time/              |          |
|    episodes        | 972      |
|    fps             | 105      |
|    time_elapsed    | 2158     |
|    total_timesteps | 228081   |
| train/             |          |
|    actor_loss      | -24.7    |
|    critic_loss     | 0.194    |
|    ent_coef        | 0.0038   |
|    ent_coef_loss   | -0.824   |
|    learning_rate   | 0.0003   |
|    n_updates       | 218080   |
---------------------------------
---------------------------------
| rollout/           |          |
|    ep_len_mean     | 287      |
|    ep_rew_mean     | 26.7     |
| time/              |          |
|    episodes        | 976      |
|    fps             | 105      |
|    time_elapsed    | 2172     |
|    total_timesteps | 229494   |
| train/             |          |
|    actor_loss      | -23.7    |
|    critic_loss     | 0.227    |
|    ent_coef        | 0.00385  |
|    ent_coef_loss   | 11.5     |
|    learning_rate   | 0.0003   |
|    n_updates       | 219493   |
---------------------------------
---------------------------------
| rollout/           |          |
|    ep_len_mean     | 289      |
|    ep_rew_mean     | 26.8     |
| time/              |          |
|    episodes        | 980      |
|    fps             | 105      |
|    time_elapsed    | 2195     |
|    total_timesteps | 230659   |
| train/             |          |
|    actor_loss      | -25.4    |
|    critic_loss     | 0.163    |
|    ent_coef        | 0.00359  |
|    ent_coef_loss   | 2.3      |
|    learning_rate   | 0.0003   |
|    n_updates       | 220658   |
---------------------------------
---------------------------------
| rollout/           |          |
|    ep_len_mean     | 291      |
|    ep_rew_mean     | 27       |
| time/              |          |
|    episodes        | 984      |
|    fps             | 105      |
|    time_elapsed    | 2206     |
|    total_timesteps | 231704   |
| train/             |          |
|    actor_loss      | -24.9    |
|    critic_loss     | 0.168    |
|    ent_coef        | 0.00361  |
|    ent_coef_loss   | -9.44    |
|    learning_rate   | 0.0003   |
|    n_updates       | 221703   |
---------------------------------
---------------------------------
| rollout/           |          |
|    ep_len_mean     | 291      |
|    ep_rew_mean     | 27       |
| time/              |          |
|    episodes        | 988      |
|    fps             | 104      |
|    time_elapsed    | 2223     |
|    total_timesteps | 233103   |
| train/             |          |
|    actor_loss      | -25.2    |
|    critic_loss     | 0.149    |
|    ent_coef        | 0.0034   |
|    ent_coef_loss   | -1.97    |
|    learning_rate   | 0.0003   |
|    n_updates       | 223102   |
---------------------------------
---------------------------------
| rollout/           |          |
|    ep_len_mean     | 290      |
|    ep_rew_mean     | 27.1     |
| time/              |          |
|    episodes        | 992      |
|    fps             | 104      |
|    time_elapsed    | 2235     |
|    total_timesteps | 234098   |
| train/             |          |
|    actor_loss      | -24.8    |
|    critic_loss     | 0.161    |
|    ent_coef        | 0.00311  |
|    ent_coef_loss   | 1.9      |
|    learning_rate   | 0.0003   |
|    n_updates       | 224097   |
---------------------------------
---------------------------------
| rollout/           |          |
|    ep_len_mean     | 290      |
|    ep_rew_mean     | 27.1     |
| time/              |          |
|    episodes        | 996      |
|    fps             | 104      |
|    time_elapsed    | 2248     |
|    total_timesteps | 235138   |
| train/             |          |
|    actor_loss      | -24.4    |
|    critic_loss     | 0.25     |
|    ent_coef        | 0.00315  |
|    ent_coef_loss   | -2.16    |
|    learning_rate   | 0.0003   |
|    n_updates       | 225137   |
---------------------------------
---------------------------------
| rollout/           |          |
|    ep_len_mean     | 288      |
|    ep_rew_mean     | 27.2     |
| time/              |          |
|    episodes        | 1000     |
|    fps             | 104      |
|    time_elapsed    | 2260     |
|    total_timesteps | 235995   |
| train/             |          |
|    actor_loss      | -24.1    |
|    critic_loss     | 0.127    |
|    ent_coef        | 0.00307  |
|    ent_coef_loss   | -7.94    |
|    learning_rate   | 0.0003   |
|    n_updates       | 225994   |
---------------------------------
---------------------------------
| rollout/           |          |
|    ep_len_mean     | 286      |
|    ep_rew_mean     | 27.7     |
| time/              |          |
|    episodes        | 1004     |
|    fps             | 104      |
|    time_elapsed    | 2273     |
|    total_timesteps | 236993   |
| train/             |          |
|    actor_loss      | -24.3    |
|    critic_loss     | 0.137    |
|    ent_coef        | 0.00307  |
|    ent_coef_loss   | -1.3     |
|    learning_rate   | 0.0003   |
|    n_updates       | 226992   |
---------------------------------
---------------------------------
| rollout/           |          |
|    ep_len_mean     | 283      |
|    ep_rew_mean     | 27.4     |
| time/              |          |
|    episodes        | 1008     |
|    fps             | 104      |
|    time_elapsed    | 2284     |
|    total_timesteps | 237952   |
| train/             |          |
|    actor_loss      | -24      |
|    critic_loss     | 0.197    |
|    ent_coef        | 0.00311  |
|    ent_coef_loss   | 14.4     |
|    learning_rate   | 0.0003   |
|    n_updates       | 227951   |
---------------------------------
---------------------------------
| rollout/           |          |
|    ep_len_mean     | 280      |
|    ep_rew_mean     | 27.2     |
| time/              |          |
|    episodes        | 1012     |
|    fps             | 104      |
|    time_elapsed    | 2294     |
|    total_timesteps | 238849   |
| train/             |          |
|    actor_loss      | -24.7    |
|    critic_loss     | 0.14     |
|    ent_coef        | 0.00307  |
|    ent_coef_loss   | -0.0407  |
|    learning_rate   | 0.0003   |
|    n_updates       | 228848   |
---------------------------------
---------------------------------
| rollout/           |          |
|    ep_len_mean     | 279      |
|    ep_rew_mean     | 27.3     |
| time/              |          |
|    episodes        | 1016     |
|    fps             | 104      |
|    time_elapsed    | 2304     |
|    total_timesteps | 239840   |
| train/             |          |
|    actor_loss      | -24.7    |
|    critic_loss     | 0.124    |
|    ent_coef        | 0.00336  |
|    ent_coef_loss   | -4.53    |
|    learning_rate   | 0.0003   |
|    n_updates       | 229839   |
---------------------------------
---------------------------------
| rollout/           |          |
|    ep_len_mean     | 280      |
|    ep_rew_mean     | 27.5     |
| time/              |          |
|    episodes        | 1020     |
|    fps             | 104      |
|    time_elapsed    | 2313     |
|    total_timesteps | 240731   |
| train/             |          |
|    actor_loss      | -23.2    |
|    critic_loss     | 0.152    |
|    ent_coef        | 0.00339  |
|    ent_coef_loss   | -3.73    |
|    learning_rate   | 0.0003   |
|    n_updates       | 230730   |
---------------------------------
---------------------------------
| rollout/           |          |
|    ep_len_mean     | 280      |
|    ep_rew_mean     | 27.7     |
| time/              |          |
|    episodes        | 1024     |
|    fps             | 104      |
|    time_elapsed    | 2323     |
|    total_timesteps | 241703   |
| train/             |          |
|    actor_loss      | -24.1    |
|    critic_loss     | 0.138    |
|    ent_coef        | 0.00325  |
|    ent_coef_loss   | -4.22    |
|    learning_rate   | 0.0003   |
|    n_updates       | 231702   |
---------------------------------
---------------------------------
| rollout/           |          |
|    ep_len_mean     | 280      |
|    ep_rew_mean     | 27.5     |
| time/              |          |
|    episodes        | 1028     |
|    fps             | 103      |
|    time_elapsed    | 2333     |
|    total_timesteps | 242651   |
| train/             |          |
|    actor_loss      | -23      |
|    critic_loss     | 0.141    |
|    ent_coef        | 0.00319  |
|    ent_coef_loss   | 0.223    |
|    learning_rate   | 0.0003   |
|    n_updates       | 232650   |
---------------------------------
---------------------------------
| rollout/           |          |
|    ep_len_mean     | 280      |
|    ep_rew_mean     | 27.7     |
| time/              |          |
|    episodes        | 1032     |
|    fps             | 103      |
|    time_elapsed    | 2344     |
|    total_timesteps | 243584   |
| train/             |          |
|    actor_loss      | -23.3    |
|    critic_loss     | 0.133    |
|    ent_coef        | 0.00325  |
|    ent_coef_loss   | -6.07    |
|    learning_rate   | 0.0003   |
|    n_updates       | 233583   |
---------------------------------
---------------------------------
| rollout/           |          |
|    ep_len_mean     | 279      |
|    ep_rew_mean     | 27.5     |
| time/              |          |
|    episodes        | 1036     |
|    fps             | 103      |
|    time_elapsed    | 2355     |
|    total_timesteps | 244608   |
| train/             |          |
|    actor_loss      | -23.3    |
|    critic_loss     | 0.13     |
|    ent_coef        | 0.00335  |
|    ent_coef_loss   | 0.961    |
|    learning_rate   | 0.0003   |
|    n_updates       | 234607   |
---------------------------------
---------------------------------
| rollout/           |          |
|    ep_len_mean     | 283      |
|    ep_rew_mean     | 28.2     |
| time/              |          |
|    episodes        | 1040     |
|    fps             | 103      |
|    time_elapsed    | 2370     |
|    total_timesteps | 245891   |
| train/             |          |
|    actor_loss      | -23.4    |
|    critic_loss     | 0.115    |
|    ent_coef        | 0.0032   |
|    ent_coef_loss   | -11.9    |
|    learning_rate   | 0.0003   |
|    n_updates       | 235890   |
---------------------------------
---------------------------------
| rollout/           |          |
|    ep_len_mean     | 279      |
|    ep_rew_mean     | 28.2     |
| time/              |          |
|    episodes        | 1044     |
|    fps             | 103      |
|    time_elapsed    | 2385     |
|    total_timesteps | 247096   |
| train/             |          |
|    actor_loss      | -23.3    |
|    critic_loss     | 0.109    |
|    ent_coef        | 0.0032   |
|    ent_coef_loss   | 1.2      |
|    learning_rate   | 0.0003   |
|    n_updates       | 237095   |
---------------------------------
---------------------------------
| rollout/           |          |
|    ep_len_mean     | 274      |
|    ep_rew_mean     | 27.7     |
| time/              |          |
|    episodes        | 1048     |
|    fps             | 103      |
|    time_elapsed    | 2396     |
|    total_timesteps | 248030   |
| train/             |          |
|    actor_loss      | -22.4    |
|    critic_loss     | 0.116    |
|    ent_coef        | 0.00332  |
|    ent_coef_loss   | -1.64    |
|    learning_rate   | 0.0003   |
|    n_updates       | 238029   |
---------------------------------
---------------------------------
| rollout/           |          |
|    ep_len_mean     | 273      |
|    ep_rew_mean     | 27.7     |
| time/              |          |
|    episodes        | 1052     |
|    fps             | 103      |
|    time_elapsed    | 2411     |
|    total_timesteps | 249114   |
| train/             |          |
|    actor_loss      | -22.4    |
|    critic_loss     | 0.113    |
|    ent_coef        | 0.00333  |
|    ent_coef_loss   | -0.817   |
|    learning_rate   | 0.0003   |
|    n_updates       | 239113   |
---------------------------------
---------------------------------
| rollout/           |          |
|    ep_len_mean     | 264      |
|    ep_rew_mean     | 27       |
| time/              |          |
|    episodes        | 1056     |
|    fps             | 103      |
|    time_elapsed    | 2424     |
|    total_timesteps | 250064   |
| train/             |          |
|    actor_loss      | -21.8    |
|    critic_loss     | 0.149    |
|    ent_coef        | 0.00316  |
|    ent_coef_loss   | 12       |
|    learning_rate   | 0.0003   |
|    n_updates       | 240063   |
---------------------------------
---------------------------------
| rollout/           |          |
|    ep_len_mean     | 263      |
|    ep_rew_mean     | 26.8     |
| time/              |          |
|    episodes        | 1060     |
|    fps             | 102      |
|    time_elapsed    | 2439     |
|    total_timesteps | 251168   |
| train/             |          |
|    actor_loss      | -22.2    |
|    critic_loss     | 0.164    |
|    ent_coef        | 0.00321  |
|    ent_coef_loss   | 2.4      |
|    learning_rate   | 0.0003   |
|    n_updates       | 241167   |
---------------------------------
---------------------------------
| rollout/           |          |
|    ep_len_mean     | 261      |
|    ep_rew_mean     | 26.5     |
| time/              |          |
|    episodes        | 1064     |
|    fps             | 102      |
|    time_elapsed    | 2452     |
|    total_timesteps | 252068   |
| train/             |          |
|    actor_loss      | -22.4    |
|    critic_loss     | 0.124    |
|    ent_coef        | 0.00311  |
|    ent_coef_loss   | 0.892    |
|    learning_rate   | 0.0003   |
|    n_updates       | 242067   |
---------------------------------
---------------------------------
| rollout/           |          |
|    ep_len_mean     | 259      |
|    ep_rew_mean     | 26.3     |
| time/              |          |
|    episodes        | 1068     |
|    fps             | 102      |
|    time_elapsed    | 2464     |
|    total_timesteps | 252856   |
| train/             |          |
|    actor_loss      | -21.7    |
|    critic_loss     | 0.136    |
|    ent_coef        | 0.00304  |
|    ent_coef_loss   | 11.1     |
|    learning_rate   | 0.0003   |
|    n_updates       | 242855   |
---------------------------------
---------------------------------
| rollout/           |          |
|    ep_len_mean     | 256      |
|    ep_rew_mean     | 26.2     |
| time/              |          |
|    episodes        | 1072     |
|    fps             | 102      |
|    time_elapsed    | 2473     |
|    total_timesteps | 253662   |
| train/             |          |
|    actor_loss      | -21.3    |
|    critic_loss     | 0.129    |
|    ent_coef        | 0.00311  |
|    ent_coef_loss   | 13.9     |
|    learning_rate   | 0.0003   |
|    n_updates       | 243661   |
---------------------------------
---------------------------------
| rollout/           |          |
|    ep_len_mean     | 251      |
|    ep_rew_mean     | 25.7     |
| time/              |          |
|    episodes        | 1076     |
|    fps             | 102      |
|    time_elapsed    | 2483     |
|    total_timesteps | 254568   |
| train/             |          |
|    actor_loss      | -21.3    |
|    critic_loss     | 0.117    |
|    ent_coef        | 0.00292  |
|    ent_coef_loss   | -5.14    |
|    learning_rate   | 0.0003   |
|    n_updates       | 244567   |
---------------------------------
---------------------------------
| rollout/           |          |
|    ep_len_mean     | 248      |
|    ep_rew_mean     | 25.7     |
| time/              |          |
|    episodes        | 1080     |
|    fps             | 102      |
|    time_elapsed    | 2492     |
|    total_timesteps | 255421   |
| train/             |          |
|    actor_loss      | -21.3    |
|    critic_loss     | 0.132    |
|    ent_coef        | 0.00316  |
|    ent_coef_loss   | -0.486   |
|    learning_rate   | 0.0003   |
|    n_updates       | 245420   |
---------------------------------
---------------------------------
| rollout/           |          |
|    ep_len_mean     | 246      |
|    ep_rew_mean     | 25.6     |
| time/              |          |
|    episodes        | 1084     |
|    fps             | 102      |
|    time_elapsed    | 2500     |
|    total_timesteps | 256276   |
| train/             |          |
|    actor_loss      | -22.1    |
|    critic_loss     | 0.129    |
|    ent_coef        | 0.0032   |
|    ent_coef_loss   | 3.71     |
|    learning_rate   | 0.0003   |
|    n_updates       | 246275   |
---------------------------------
---------------------------------
| rollout/           |          |
|    ep_len_mean     | 240      |
|    ep_rew_mean     | 25.3     |
| time/              |          |
|    episodes        | 1088     |
|    fps             | 102      |
|    time_elapsed    | 2509     |
|    total_timesteps | 257151   |
| train/             |          |
|    actor_loss      | -20.9    |
|    critic_loss     | 0.118    |
|    ent_coef        | 0.003    |
|    ent_coef_loss   | -0.427   |
|    learning_rate   | 0.0003   |
|    n_updates       | 247150   |
---------------------------------
---------------------------------
| rollout/           |          |
|    ep_len_mean     | 240      |
|    ep_rew_mean     | 25.1     |
| time/              |          |
|    episodes        | 1092     |
|    fps             | 102      |
|    time_elapsed    | 2518     |
|    total_timesteps | 258092   |
| train/             |          |
|    actor_loss      | -20.9    |
|    critic_loss     | 0.119    |
|    ent_coef        | 0.00307  |
|    ent_coef_loss   | 8.38     |
|    learning_rate   | 0.0003   |
|    n_updates       | 248091   |
---------------------------------
---------------------------------
| rollout/           |          |
|    ep_len_mean     | 238      |
|    ep_rew_mean     | 25.1     |
| time/              |          |
|    episodes        | 1096     |
|    fps             | 102      |
|    time_elapsed    | 2526     |
|    total_timesteps | 258954   |
| train/             |          |
|    actor_loss      | -21.6    |
|    critic_loss     | 0.132    |
|    ent_coef        | 0.00321  |
|    ent_coef_loss   | -0.922   |
|    learning_rate   | 0.0003   |
|    n_updates       | 248953   |
---------------------------------
---------------------------------
| rollout/           |          |
|    ep_len_mean     | 239      |
|    ep_rew_mean     | 25.6     |
| time/              |          |
|    episodes        | 1100     |
|    fps             | 102      |
|    time_elapsed    | 2535     |
|    total_timesteps | 259878   |
| train/             |          |
|    actor_loss      | -21      |
|    critic_loss     | 0.119    |
|    ent_coef        | 0.00301  |
|    ent_coef_loss   | -0.404   |
|    learning_rate   | 0.0003   |
|    n_updates       | 249877   |
---------------------------------
---------------------------------
| rollout/           |          |
|    ep_len_mean     | 238      |
|    ep_rew_mean     | 25.5     |
| time/              |          |
|    episodes        | 1104     |
|    fps             | 102      |
|    time_elapsed    | 2544     |
|    total_timesteps | 260803   |
| train/             |          |
|    actor_loss      | -21.1    |
|    critic_loss     | 0.153    |
|    ent_coef        | 0.00294  |
|    ent_coef_loss   | 4.96     |
|    learning_rate   | 0.0003   |
|    n_updates       | 250802   |
---------------------------------
---------------------------------
| rollout/           |          |
|    ep_len_mean     | 240      |
|    ep_rew_mean     | 26.1     |
| time/              |          |
|    episodes        | 1108     |
|    fps             | 102      |
|    time_elapsed    | 2554     |
|    total_timesteps | 261951   |
| train/             |          |
|    actor_loss      | -20.7    |
|    critic_loss     | 0.114    |
|    ent_coef        | 0.00282  |
|    ent_coef_loss   | 1.11     |
|    learning_rate   | 0.0003   |
|    n_updates       | 251950   |
---------------------------------
---------------------------------
| rollout/           |          |
|    ep_len_mean     | 239      |
|    ep_rew_mean     | 26.1     |
| time/              |          |
|    episodes        | 1112     |
|    fps             | 102      |
|    time_elapsed    | 2562     |
|    total_timesteps | 262764   |
| train/             |          |
|    actor_loss      | -20.9    |
|    critic_loss     | 0.127    |
|    ent_coef        | 0.00275  |
|    ent_coef_loss   | 12.2     |
|    learning_rate   | 0.0003   |
|    n_updates       | 252763   |
---------------------------------
---------------------------------
| rollout/           |          |
|    ep_len_mean     | 237      |
|    ep_rew_mean     | 26.2     |
| time/              |          |
|    episodes        | 1116     |
|    fps             | 102      |
|    time_elapsed    | 2570     |
|    total_timesteps | 263589   |
| train/             |          |
|    actor_loss      | -21.7    |
|    critic_loss     | 0.0927   |
|    ent_coef        | 0.0028   |
|    ent_coef_loss   | -7.4     |
|    learning_rate   | 0.0003   |
|    n_updates       | 253588   |
---------------------------------
---------------------------------
| rollout/           |          |
|    ep_len_mean     | 239      |
|    ep_rew_mean     | 26.5     |
| time/              |          |
|    episodes        | 1120     |
|    fps             | 102      |
|    time_elapsed    | 2580     |
|    total_timesteps | 264609   |
| train/             |          |
|    actor_loss      | -21.2    |
|    critic_loss     | 0.102    |
|    ent_coef        | 0.00279  |
|    ent_coef_loss   | 1.26     |
|    learning_rate   | 0.0003   |
|    n_updates       | 254608   |
---------------------------------
---------------------------------
| rollout/           |          |
|    ep_len_mean     | 240      |
|    ep_rew_mean     | 26.8     |
| time/              |          |
|    episodes        | 1124     |
|    fps             | 102      |
|    time_elapsed    | 2590     |
|    total_timesteps | 265717   |
| train/             |          |
|    actor_loss      | -20.9    |
|    critic_loss     | 0.127    |
|    ent_coef        | 0.00292  |
|    ent_coef_loss   | -1.81    |
|    learning_rate   | 0.0003   |
|    n_updates       | 255716   |
---------------------------------
---------------------------------
| rollout/           |          |
|    ep_len_mean     | 240      |
|    ep_rew_mean     | 27.3     |
| time/              |          |
|    episodes        | 1128     |
|    fps             | 102      |
|    time_elapsed    | 2599     |
|    total_timesteps | 266638   |
| train/             |          |
|    actor_loss      | -20.7    |
|    critic_loss     | 0.106    |
|    ent_coef        | 0.00278  |
|    ent_coef_loss   | 5.18     |
|    learning_rate   | 0.0003   |
|    n_updates       | 256637   |
---------------------------------
---------------------------------
| rollout/           |          |
|    ep_len_mean     | 240      |
|    ep_rew_mean     | 27.5     |
| time/              |          |
|    episodes        | 1132     |
|    fps             | 102      |
|    time_elapsed    | 2608     |
|    total_timesteps | 267612   |
| train/             |          |
|    actor_loss      | -21.6    |
|    critic_loss     | 0.097    |
|    ent_coef        | 0.00277  |
|    ent_coef_loss   | -8.4     |
|    learning_rate   | 0.0003   |
|    n_updates       | 257611   |
---------------------------------
---------------------------------
| rollout/           |          |
|    ep_len_mean     | 244      |
|    ep_rew_mean     | 28.3     |
| time/              |          |
|    episodes        | 1136     |
|    fps             | 102      |
|    time_elapsed    | 2621     |
|    total_timesteps | 269016   |
| train/             |          |
|    actor_loss      | -20.4    |
|    critic_loss     | 0.133    |
|    ent_coef        | 0.00272  |
|    ent_coef_loss   | 11       |
|    learning_rate   | 0.0003   |
|    n_updates       | 259015   |
---------------------------------
---------------------------------
| rollout/           |          |
|    ep_len_mean     | 245      |
|    ep_rew_mean     | 28.3     |
| time/              |          |
|    episodes        | 1140     |
|    fps             | 102      |
|    time_elapsed    | 2634     |
|    total_timesteps | 270347   |
| train/             |          |
|    actor_loss      | -20.7    |
|    critic_loss     | 0.116    |
|    ent_coef        | 0.00258  |
|    ent_coef_loss   | -6.79    |
|    learning_rate   | 0.0003   |
|    n_updates       | 260346   |
---------------------------------
---------------------------------
| rollout/           |          |
|    ep_len_mean     | 245      |
|    ep_rew_mean     | 28.5     |
| time/              |          |
|    episodes        | 1144     |
|    fps             | 102      |
|    time_elapsed    | 2647     |
|    total_timesteps | 271631   |
| train/             |          |
|    actor_loss      | -20      |
|    critic_loss     | 0.117    |
|    ent_coef        | 0.00261  |
|    ent_coef_loss   | 8.3      |
|    learning_rate   | 0.0003   |
|    n_updates       | 261630   |
---------------------------------
---------------------------------
| rollout/           |          |
|    ep_len_mean     | 246      |
|    ep_rew_mean     | 28.5     |
| time/              |          |
|    episodes        | 1148     |
|    fps             | 102      |
|    time_elapsed    | 2657     |
|    total_timesteps | 272654   |
| train/             |          |
|    actor_loss      | -20.1    |
|    critic_loss     | 0.106    |
|    ent_coef        | 0.0027   |
|    ent_coef_loss   | 0.0955   |
|    learning_rate   | 0.0003   |
|    n_updates       | 262653   |
---------------------------------
---------------------------------
| rollout/           |          |
|    ep_len_mean     | 252      |
|    ep_rew_mean     | 28.8     |
| time/              |          |
|    episodes        | 1152     |
|    fps             | 102      |
|    time_elapsed    | 2673     |
|    total_timesteps | 274285   |
| train/             |          |
|    actor_loss      | -20.6    |
|    critic_loss     | 0.103    |
|    ent_coef        | 0.00281  |
|    ent_coef_loss   | -7.97    |
|    learning_rate   | 0.0003   |
|    n_updates       | 264284   |
---------------------------------
---------------------------------
| rollout/           |          |
|    ep_len_mean     | 253      |
|    ep_rew_mean     | 29.4     |
| time/              |          |
|    episodes        | 1156     |
|    fps             | 102      |
|    time_elapsed    | 2683     |
|    total_timesteps | 275334   |
| train/             |          |
|    actor_loss      | -19.6    |
|    critic_loss     | 0.117    |
|    ent_coef        | 0.00269  |
|    ent_coef_loss   | 8.8      |
|    learning_rate   | 0.0003   |
|    n_updates       | 265333   |
---------------------------------
---------------------------------
| rollout/           |          |
|    ep_len_mean     | 254      |
|    ep_rew_mean     | 29.6     |
| time/              |          |
|    episodes        | 1160     |
|    fps             | 102      |
|    time_elapsed    | 2697     |
|    total_timesteps | 276614   |
| train/             |          |
|    actor_loss      | -20.1    |
|    critic_loss     | 0.0907   |
|    ent_coef        | 0.00283  |
|    ent_coef_loss   | -3.71    |
|    learning_rate   | 0.0003   |
|    n_updates       | 266613   |
---------------------------------
---------------------------------
| rollout/           |          |
|    ep_len_mean     | 256      |
|    ep_rew_mean     | 29.9     |
| time/              |          |
|    episodes        | 1164     |
|    fps             | 102      |
|    time_elapsed    | 2708     |
|    total_timesteps | 277690   |
| train/             |          |
|    actor_loss      | -20      |
|    critic_loss     | 0.0918   |
|    ent_coef        | 0.00271  |
|    ent_coef_loss   | -9.36    |
|    learning_rate   | 0.0003   |
|    n_updates       | 267689   |
---------------------------------
---------------------------------
| rollout/           |          |
|    ep_len_mean     | 258      |
|    ep_rew_mean     | 30.3     |
| time/              |          |
|    episodes        | 1168     |
|    fps             | 102      |
|    time_elapsed    | 2719     |
|    total_timesteps | 278702   |
| train/             |          |
|    actor_loss      | -20.1    |
|    critic_loss     | 0.0835   |
|    ent_coef        | 0.00277  |
|    ent_coef_loss   | -10.8    |
|    learning_rate   | 0.0003   |
|    n_updates       | 268701   |
---------------------------------
---------------------------------
| rollout/           |          |
|    ep_len_mean     | 264      |
|    ep_rew_mean     | 31       |
| time/              |          |
|    episodes        | 1172     |
|    fps             | 102      |
|    time_elapsed    | 2733     |
|    total_timesteps | 280078   |
| train/             |          |
|    actor_loss      | -19.9    |
|    critic_loss     | 0.117    |
|    ent_coef        | 0.00273  |
|    ent_coef_loss   | 6.3      |
|    learning_rate   | 0.0003   |
|    n_updates       | 270077   |
---------------------------------
---------------------------------
| rollout/           |          |
|    ep_len_mean     | 268      |
|    ep_rew_mean     | 31.3     |
| time/              |          |
|    episodes        | 1176     |
|    fps             | 102      |
|    time_elapsed    | 2745     |
|    total_timesteps | 281321   |
| train/             |          |
|    actor_loss      | -19.4    |
|    critic_loss     | 0.0978   |
|    ent_coef        | 0.00276  |
|    ent_coef_loss   | -1.58    |
|    learning_rate   | 0.0003   |
|    n_updates       | 271320   |
---------------------------------
---------------------------------
| rollout/           |          |
|    ep_len_mean     | 271      |
|    ep_rew_mean     | 31.5     |
| time/              |          |
|    episodes        | 1180     |
|    fps             | 102      |
|    time_elapsed    | 2757     |
|    total_timesteps | 282484   |
| train/             |          |
|    actor_loss      | -19.8    |
|    critic_loss     | 0.0992   |
|    ent_coef        | 0.00254  |
|    ent_coef_loss   | -4.87    |
|    learning_rate   | 0.0003   |
|    n_updates       | 272483   |
---------------------------------
---------------------------------
| rollout/           |          |
|    ep_len_mean     | 273      |
|    ep_rew_mean     | 31.6     |
| time/              |          |
|    episodes        | 1184     |
|    fps             | 102      |
|    time_elapsed    | 2767     |
|    total_timesteps | 283549   |
| train/             |          |
|    actor_loss      | -19.5    |
|    critic_loss     | 0.0945   |
|    ent_coef        | 0.00256  |
|    ent_coef_loss   | 1.87     |
|    learning_rate   | 0.0003   |
|    n_updates       | 273548   |
---------------------------------
---------------------------------
| rollout/           |          |
|    ep_len_mean     | 272      |
|    ep_rew_mean     | 31.4     |
| time/              |          |
|    episodes        | 1188     |
|    fps             | 102      |
|    time_elapsed    | 2775     |
|    total_timesteps | 284390   |
| train/             |          |
|    actor_loss      | -19.1    |
|    critic_loss     | 0.101    |
|    ent_coef        | 0.00259  |
|    ent_coef_loss   | -0.901   |
|    learning_rate   | 0.0003   |
|    n_updates       | 274389   |
---------------------------------
---------------------------------
| rollout/           |          |
|    ep_len_mean     | 273      |
|    ep_rew_mean     | 31.5     |
| time/              |          |
|    episodes        | 1192     |
|    fps             | 102      |
|    time_elapsed    | 2785     |
|    total_timesteps | 285374   |
| train/             |          |
|    actor_loss      | -18.8    |
|    critic_loss     | 0.104    |
|    ent_coef        | 0.00253  |
|    ent_coef_loss   | 11.1     |
|    learning_rate   | 0.0003   |
|    n_updates       | 275373   |
---------------------------------
---------------------------------
| rollout/           |          |
|    ep_len_mean     | 273      |
|    ep_rew_mean     | 31.7     |
| time/              |          |
|    episodes        | 1196     |
|    fps             | 102      |
|    time_elapsed    | 2793     |
|    total_timesteps | 286256   |
| train/             |          |
|    actor_loss      | -19.4    |
|    critic_loss     | 0.074    |
|    ent_coef        | 0.00252  |
|    ent_coef_loss   | -7.71    |
|    learning_rate   | 0.0003   |
|    n_updates       | 276255   |
---------------------------------
---------------------------------
| rollout/           |          |
|    ep_len_mean     | 273      |
|    ep_rew_mean     | 31.7     |
| time/              |          |
|    episodes        | 1200     |
|    fps             | 102      |
|    time_elapsed    | 2802     |
|    total_timesteps | 287215   |
| train/             |          |
|    actor_loss      | -18.6    |
|    critic_loss     | 0.0914   |
|    ent_coef        | 0.00241  |
|    ent_coef_loss   | -1.26    |
|    learning_rate   | 0.0003   |
|    n_updates       | 277214   |
---------------------------------
---------------------------------
| rollout/           |          |
|    ep_len_mean     | 274      |
|    ep_rew_mean     | 31.4     |
| time/              |          |
|    episodes        | 1204     |
|    fps             | 102      |
|    time_elapsed    | 2811     |
|    total_timesteps | 288180   |
| train/             |          |
|    actor_loss      | -20.4    |
|    critic_loss     | 0.0883   |
|    ent_coef        | 0.0025   |
|    ent_coef_loss   | -6.4     |
|    learning_rate   | 0.0003   |
|    n_updates       | 278179   |
---------------------------------
---------------------------------
| rollout/           |          |
|    ep_len_mean     | 274      |
|    ep_rew_mean     | 31       |
| time/              |          |
|    episodes        | 1208     |
|    fps             | 102      |
|    time_elapsed    | 2822     |
|    total_timesteps | 289305   |
| train/             |          |
|    actor_loss      | -18.8    |
|    critic_loss     | 0.0869   |
|    ent_coef        | 0.00247  |
|    ent_coef_loss   | 6.2      |
|    learning_rate   | 0.0003   |
|    n_updates       | 279304   |
---------------------------------
---------------------------------
| rollout/           |          |
|    ep_len_mean     | 278      |
|    ep_rew_mean     | 31.9     |
| time/              |          |
|    episodes        | 1212     |
|    fps             | 102      |
|    time_elapsed    | 2834     |
|    total_timesteps | 290581   |
| train/             |          |
|    actor_loss      | -18.4    |
|    critic_loss     | 0.0897   |
|    ent_coef        | 0.00256  |
|    ent_coef_loss   | 1.81     |
|    learning_rate   | 0.0003   |
|    n_updates       | 280580   |
---------------------------------
---------------------------------
| rollout/           |          |
|    ep_len_mean     | 290      |
|    ep_rew_mean     | 33.5     |
| time/              |          |
|    episodes        | 1216     |
|    fps             | 102      |
|    time_elapsed    | 2853     |
|    total_timesteps | 292610   |
| train/             |          |
|    actor_loss      | -19.4    |
|    critic_loss     | 0.0779   |
|    ent_coef        | 0.00241  |
|    ent_coef_loss   | 1.33     |
|    learning_rate   | 0.0003   |
|    n_updates       | 282609   |
---------------------------------
---------------------------------
| rollout/           |          |
|    ep_len_mean     | 296      |
|    ep_rew_mean     | 34.2     |
| time/              |          |
|    episodes        | 1220     |
|    fps             | 102      |
|    time_elapsed    | 2869     |
|    total_timesteps | 294228   |
| train/             |          |
|    actor_loss      | -18.8    |
|    critic_loss     | 0.0886   |
|    ent_coef        | 0.00238  |
|    ent_coef_loss   | 0.697    |
|    learning_rate   | 0.0003   |
|    n_updates       | 284227   |
---------------------------------
---------------------------------
| rollout/           |          |
|    ep_len_mean     | 294      |
|    ep_rew_mean     | 34.3     |
| time/              |          |
|    episodes        | 1224     |
|    fps             | 102      |
|    time_elapsed    | 2877     |
|    total_timesteps | 295130   |
| train/             |          |
|    actor_loss      | -19.1    |
|    critic_loss     | 0.097    |
|    ent_coef        | 0.00235  |
|    ent_coef_loss   | 2.69     |
|    learning_rate   | 0.0003   |
|    n_updates       | 285129   |
---------------------------------
---------------------------------
| rollout/           |          |
|    ep_len_mean     | 295      |
|    ep_rew_mean     | 34.4     |
| time/              |          |
|    episodes        | 1228     |
|    fps             | 102      |
|    time_elapsed    | 2887     |
|    total_timesteps | 296163   |
| train/             |          |
|    actor_loss      | -19.1    |
|    critic_loss     | 0.0829   |
|    ent_coef        | 0.00253  |
|    ent_coef_loss   | -2.24    |
|    learning_rate   | 0.0003   |
|    n_updates       | 286162   |
---------------------------------
---------------------------------
| rollout/           |          |
|    ep_len_mean     | 302      |
|    ep_rew_mean     | 35.5     |
| time/              |          |
|    episodes        | 1232     |
|    fps             | 102      |
|    time_elapsed    | 2902     |
|    total_timesteps | 297772   |
| train/             |          |
|    actor_loss      | -19.3    |
|    critic_loss     | 0.0964   |
|    ent_coef        | 0.00235  |
|    ent_coef_loss   | -7.62    |
|    learning_rate   | 0.0003   |
|    n_updates       | 287771   |
---------------------------------
---------------------------------
| rollout/           |          |
|    ep_len_mean     | 305      |
|    ep_rew_mean     | 36       |
| time/              |          |
|    episodes        | 1236     |
|    fps             | 102      |
|    time_elapsed    | 2918     |
|    total_timesteps | 299498   |
| train/             |          |
|    actor_loss      | -18.6    |
|    critic_loss     | 0.0785   |
|    ent_coef        | 0.00223  |
|    ent_coef_loss   | -3.88    |
|    learning_rate   | 0.0003   |
|    n_updates       | 289497   |
---------------------------------
 100% ━━━━━━━━━━━━━━━━━━━━━━━━ 300,000/300,000  [ 0:48:43 < 0:00:00 , 104 it/s ]
