#{"t_start": 1776897899.1852999, "env_id": "BDXCourseProjectWalk-v0"}
r,l,t
1.679263,207,0.69851
24.016881,247,0.847779
3.128187,167,0.915808
7.629417,230,1.016864
3.13421,170,1.093809
5.903658,173,1.166488
3.445471,174,1.237065
1.973037,150,1.301348
12.316496,246,1.410195
4.686739,202,1.499363
2.391309,156,1.920008
4.743008,199,2.015486
7.256994,238,2.129393
3.625017,197,2.217551
7.349933,211,2.312964
1.721458,164,2.379459
2.798583,167,2.448215
3.582562,195,2.534596
3.411043,171,2.603881
9.386451,198,2.687895
6.194341,205,2.775477
10.801977,228,3.223003
22.996773,341,3.386207
1.904541,154,3.44538
8.702316,211,3.536344
7.061573,206,3.622969
1.385457,161,3.686712
5.586512,169,3.755385
1.930171,154,3.822835
10.307798,234,3.926281
5.468594,179,4.000088
3.062395,198,4.478322
8.638806,235,4.590075
8.665924,215,4.683939
2.897659,182,4.759208
6.399735,209,4.847084
1.433994,149,4.904803
3.638618,190,4.987984
4.017369,195,5.071859
8.53909,216,5.170387
2.114805,167,5.240002
12.922731,212,5.675507
13.465818,274,5.805576
5.102437,202,5.933368
5.414282,203,6.033385
4.88866,201,6.126536
0.981085,165,6.194578
2.928655,200,6.287515
4.058865,182,6.364861
1.514142,149,6.422471
5.752522,219,6.517205
8.535637,226,6.95452
5.66726,200,7.037447
1.90262,164,7.103272
4.379225,207,7.193016
6.870695,222,7.287244
6.068854,225,7.389544
3.972899,196,7.494419
9.643654,300,7.637353
2.030918,156,7.70135
9.494244,247,7.816206
5.549534,200,8.312046
8.112734,231,8.420603
1.213033,175,8.495006
6.847419,220,8.592323
13.979372,263,8.718294
7.663102,222,8.821075
6.078076,204,8.91202
16.043946,302,9.055859
7.951025,231,9.16463
5.07348,181,9.5979
18.305284,292,9.739551
3.206689,194,9.825908
8.736795,219,9.930199
14.927316,272,10.144594
15.074376,267,10.290264
5.78202,203,10.387026
3.115557,185,10.478232
18.581797,268,10.650234
2.685672,160,11.264307
29.515707,282,11.440409
8.821672,221,11.565913
4.089428,205,11.687203
3.591464,170,11.777157
3.00492,192,11.886111
9.109747,222,12.019391
12.665896,218,12.147264
5.76926,208,12.262316
3.277866,167,12.346854
2.124191,157,12.934212
5.348693,211,13.054765
4.869889,212,13.178279
3.655811,210,13.297982
9.866012,228,13.431354
2.111584,174,13.527693
3.320776,202,13.641839
5.628481,194,13.744792
6.691954,211,13.864982
1.844496,200,13.970515
1.922499,191,14.592026
15.129848,286,14.834653
7.571317,190,14.941884
2.276103,178,15.055702
10.705612,230,15.225331
17.990407,261,15.48174
4.868218,193,15.592613
11.093274,220,15.731345
15.31259,260,15.888918
3.056837,164,16.556431
8.065811,220,16.801868
13.555887,244,16.989752
3.126726,195,17.113936
6.102898,201,17.282038
6.109009,188,17.609188
8.93377,212,17.826472
9.940474,211,17.955749
6.629335,220,18.084755
7.875635,191,18.20572
15.085556,221,19.056973
7.147177,200,19.177944
4.866677,197,19.30547
28.239116,255,19.468224
6.392462,186,19.579721
21.238272,265,19.755055
11.802616,203,19.883943
4.791664,197,20.00326
13.973226,299,20.194572
8.692004,220,21.002621
4.549787,188,21.118352
10.204431,222,21.263553
0.290261,250,21.408946
5.472532,195,21.515037
10.649564,239,21.660594
4.713361,209,21.782889
10.220771,222,21.92179
8.006555,231,22.066021
2.216674,182,22.172054
6.787797,206,22.840716
8.626462,223,22.978117
21.809077,236,23.121418
2.628425,205,23.242338
6.371638,202,23.36119
2.242855,204,23.482218
13.006991,241,23.64177
11.421256,219,23.78455
7.778741,225,23.925906
5.118919,196,24.552259
9.858728,277,24.73489
3.622886,183,24.840238
7.582506,212,24.963562
8.826634,216,25.105433
6.805199,204,25.24042
6.692032,207,25.367494
19.380909,258,25.529943
27.795853,331,25.752798
9.212037,218,26.401742
28.325154,286,26.601858
9.215927,221,26.742495
32.487125,359,26.98461
8.6303,212,27.112828
32.070819,271,27.290894
12.966608,226,27.428114
23.019956,269,27.597563
11.111797,224,28.283186
10.182371,230,28.41811
6.175363,187,28.529665
11.517801,191,28.640407
6.669776,184,28.749637
11.478852,236,28.966403
5.263631,210,29.083367
8.094973,288,29.256907
38.173833,313,29.463676
15.108366,199,30.136918
7.885903,204,30.248708
19.105007,275,30.409139
11.748217,227,30.542506
19.652395,302,30.724843
23.246649,258,30.869754
15.833563,227,31.011579
38.590078,323,31.229868
12.102152,252,31.918966
42.916601,390,32.172765
8.509494,192,32.28403
13.567051,226,32.422342
15.015922,248,32.575526
25.869781,319,32.788005
3.582189,186,32.884163
10.759347,228,33.016892
14.637077,235,33.660481
31.05559,281,33.852697
13.066731,241,34.010917
14.992943,228,34.166899
14.001674,247,34.336628
12.675855,246,34.490585
36.707485,355,34.718417
9.872008,231,34.8674
21.437139,281,35.616405
4.949578,186,35.722636
30.000907,233,35.876782
11.784412,203,35.994605
25.475898,286,36.170389
17.481711,211,36.315827
3.846983,181,36.423211
5.214728,200,36.5541
11.160266,198,36.681142
37.806356,352,37.477225
13.168243,248,37.630271
17.62035,247,37.785491
7.94821,201,37.904855
11.285248,224,38.039043
19.644132,232,38.173798
25.215224,305,38.37194
53.231853,428,39.202582
27.868544,278,39.389513
29.296757,282,39.587691
15.297756,188,39.702863
33.044797,290,39.879061
12.613077,248,40.030281
5.642912,182,40.133426
17.437838,223,40.285284
27.987544,298,40.484791
11.891872,217,41.19312
10.450853,212,41.32097
56.005916,339,41.552586
22.334542,257,41.722217
2.070556,173,41.817316
10.546204,205,41.951677
8.225131,232,42.092655
40.283471,289,42.288429
18.138659,252,42.974328
18.645526,266,43.130348
28.984796,290,43.305131
34.858472,323,43.499568
13.932639,265,43.659738
30.314863,230,43.795522
25.192769,272,43.970776
6.487996,221,44.11201
6.513051,191,44.790877
14.761033,211,44.910499
22.524269,243,45.103481
9.483464,208,45.248168
5.084135,184,45.377954
24.691451,340,45.606696
64.938946,399,45.884688
22.79331,258,46.084268
32.272374,274,46.810895
17.223609,232,46.947506
13.169593,206,47.078779
5.535077,198,47.186795
56.040867,411,47.522484
28.436751,218,47.665625
54.738596,383,47.925329
38.090508,305,48.664369
8.428431,215,48.780779
56.540489,397,49.050208
13.58379,218,49.180859
22.982464,288,49.374893
17.12558,203,49.501962
12.117617,200,49.625817
9.585657,194,49.738705
13.250519,211,49.862228
74.189594,473,50.680609
21.410087,242,50.831929
21.190576,255,50.996618
10.682792,192,51.118847
11.518884,197,51.240735
11.989405,206,51.375768
25.503472,266,51.54708
31.659478,247,51.715447
78.133686,454,52.615744
44.071034,350,52.857028
8.196208,189,52.970885
27.016174,294,53.160961
18.064048,249,53.309265
56.288544,290,53.491639
28.145123,298,54.186518
19.304441,227,54.325573
30.510979,299,54.523932
43.55568,318,54.729591
21.990428,198,54.837913
20.065197,271,55.00781
24.298856,214,55.141169
34.28226,245,55.285017
64.75521,360,56.03809
19.263594,224,56.188097
40.521882,266,56.373705
17.46839,268,56.553401
28.771724,214,56.683133
18.713014,220,56.819694
40.926692,328,57.004391
51.159926,406,57.582159
10.13302,217,57.682448
46.564884,346,57.860184
17.051134,259,57.984042
40.445685,304,58.136657
21.102999,267,58.267128
17.382874,217,58.372478
60.9608,366,58.556549
36.043102,247,59.027795
30.936322,262,59.159187
31.286444,293,59.306253
20.913775,210,59.413225
63.121734,502,59.666512
28.164614,271,59.804951
29.228511,300,59.947431
11.526946,200,60.41183
31.517573,268,60.538434
30.08776,212,60.637859
34.534469,317,60.797895
33.38905,295,60.949139
40.265788,289,61.095528
27.713278,307,61.235801
14.828339,184,61.68752
26.526521,213,61.78916
68.234864,327,61.950736
42.869439,313,62.113697
50.396361,348,62.281473
35.152293,255,62.404297
7.520322,215,62.506615
38.071231,281,62.649589
64.050544,346,63.167239
12.270502,196,63.255346
13.209324,221,63.360139
14.843848,266,63.479332
31.320843,252,63.601299
39.765492,244,63.713225
34.123946,286,63.844574
41.174581,295,63.978373
19.668519,225,64.422365
60.722878,306,64.571175
47.799435,379,64.768958
23.374238,215,64.864683
31.710858,235,64.97928
11.725392,210,65.075135
24.798108,254,65.19345
27.285461,274,65.672012
45.10645,308,65.82588
38.756241,316,65.976919
41.465869,407,66.171819
50.651608,371,66.359342
29.776921,249,66.475155
28.088812,253,66.593426
38.795881,246,67.054931
21.13258,246,67.173848
43.550734,253,67.302397
21.912763,233,67.418762
29.138509,219,67.523826
38.090819,288,67.664413
36.964447,240,67.777354
42.590946,275,67.916353
30.778574,306,68.430485
63.801645,425,68.651788
37.474804,306,68.811162
12.980147,198,68.904892
13.830922,218,69.011321
16.744385,219,69.110673
50.919137,399,69.315133
69.887156,350,69.841785
23.988975,270,69.972518
63.345042,383,70.156811
17.383828,212,70.258212
30.511943,253,70.379019
33.24895,215,70.488867
57.379357,315,70.652057
40.935029,266,71.160421
29.696412,214,71.26034
30.67546,215,71.363099
56.409636,403,71.585821
40.26669,316,71.749617
40.077144,263,71.881796
34.563097,340,72.06559
47.095149,334,72.60237
27.638649,241,72.716864
32.903076,319,72.873838
73.521516,373,73.066405
41.447347,234,73.174715
27.509605,247,73.295532
29.051476,225,73.406262
33.249015,232,73.519359
27.030493,206,73.979197
46.776676,302,74.141228
29.702425,232,74.254477
33.429459,271,74.398599
8.676475,203,74.494621
24.992178,246,74.609698
61.37855,380,74.806813
70.037193,328,75.329746
31.140509,246,75.454844
42.247024,254,75.580075
37.47323,221,75.687765
34.996911,261,75.823917
15.165556,245,75.941722
45.385545,325,76.107786
55.635512,371,76.314362
32.490263,370,76.871846
30.375807,272,77.002132
58.098623,323,77.164933
82.754009,525,77.434801
30.479259,265,77.571694
75.369228,455,78.188463
23.776748,252,78.308134
159.570583,713,78.716972
29.722608,222,78.822477
33.536351,218,78.926804
88.788695,412,79.140076
39.686438,353,79.685748
36.590801,243,79.804211
54.918996,355,79.983812
51.914513,412,80.197981
46.523514,274,80.337766
19.880884,225,80.451493
58.172277,300,80.621899
13.065715,245,81.277632
31.184305,224,81.388508
29.644425,249,81.521085
13.050311,220,81.631031
56.668239,295,81.791834
43.135406,255,81.920151
37.589277,255,82.041114
20.385046,205,82.138351
40.468258,247,82.70488
11.552368,199,82.80182
29.802725,236,82.920307
25.118089,321,83.072339
23.498444,207,83.166875
60.329404,416,83.37812
29.50763,217,83.476632
17.558233,215,83.576309
28.03532,212,84.008191
26.933979,252,84.1271
23.201311,199,84.218892
14.979446,224,84.329711
41.613673,274,84.487563
31.101263,229,84.634375
17.174474,192,84.741073
21.338908,210,84.852295
26.017464,218,84.970949
27.695086,238,85.477676
25.810376,200,85.575103
33.396892,212,85.67378
25.186432,205,85.809944
34.697632,290,85.953447
32.617767,262,86.075483
35.513455,219,86.174594
28.872776,207,86.277064
28.029174,244,86.393553
32.602864,204,86.840091
39.215628,280,86.977698
34.704105,230,87.084841
34.829987,233,87.192271
34.442596,223,87.295612
28.696781,209,87.388562
34.20865,215,87.487536
27.039106,202,87.577563
22.00469,208,87.669642
44.850398,255,88.153894
27.580031,220,88.260972
31.253861,216,88.363679
19.700238,202,88.456684
18.600535,212,88.556534
40.27148,296,88.711142
38.715087,239,88.826506
50.612686,315,88.986215
26.643863,212,89.086008
41.211438,250,89.576657
50.536962,258,89.705196
26.108427,263,89.8323
35.168947,230,89.940964
32.233525,219,90.04513
24.612231,218,90.148388
22.226301,242,90.267448
37.202682,225,90.372927
20.365272,220,90.838243
33.074934,248,90.956867
19.038363,200,91.045025
41.761242,329,91.222161
34.723103,242,91.333194
41.526789,283,91.477092
39.884081,240,91.590771
20.205868,293,91.745432
12.746418,198,92.187964
18.550889,245,92.310877
152.700655,765,92.764178
37.171102,231,92.877747
69.712892,337,93.050682
44.765743,323,93.214072
19.522059,217,93.678845
19.426109,211,93.777694
30.250593,219,93.880933
45.001432,245,94.011157
29.11628,212,94.119499
31.790261,210,94.231293
80.302331,452,94.506296
59.676894,356,94.689988
28.682344,212,95.197796
28.666303,232,95.318834
33.721804,225,95.455726
28.96302,221,95.588121
33.468107,212,95.715272
44.337283,310,95.896623
41.609756,233,96.022063
27.901942,209,96.14134
13.873346,200,96.251508
22.191792,219,96.777371
27.884558,208,96.875721
23.700124,211,96.972903
31.671333,278,97.104733
26.918598,227,97.205707
34.25174,219,97.301081
40.381623,276,97.434493
24.198848,210,97.529362
37.269146,239,97.643263
12.771212,201,98.193109
27.439292,219,98.318113
30.800582,225,98.431389
25.812661,202,98.535152
63.559397,328,98.720665
27.269703,214,98.817903
29.859476,216,98.91845
25.648206,238,99.03358
15.967662,220,99.1321
37.137659,221,99.575715
34.542454,239,99.683409
29.987109,217,99.77982
41.164431,234,99.883951
29.099067,235,99.988948
25.241268,232,100.095883
46.960719,301,100.246871
36.049149,217,100.347188
45.621191,325,100.862683
43.64161,232,100.968347
34.462801,232,101.073118
46.231727,286,101.210053
39.727357,231,101.315457
31.353858,248,101.432426
26.614079,237,101.543123
44.882107,253,101.664742
31.278021,280,102.13595
34.585633,229,102.240125
49.172444,286,102.373189
32.707332,240,102.484396
25.894149,212,102.586519
39.668298,269,102.721483
35.339457,228,102.83355
36.820854,245,102.971676
23.313545,241,103.514934
50.64564,293,103.662296
27.432788,214,103.756247
35.125677,308,103.903239
31.675629,214,104.004656
32.249671,226,104.105434
31.407932,228,104.20911
25.630273,251,104.332046
36.066331,229,104.442854
31.967635,218,104.922731
25.100509,263,105.060302
33.256137,224,105.171069
36.481262,215,105.278868
31.358924,212,105.377781
63.529781,321,105.538252
22.184602,207,105.634752
32.149647,208,105.740071
30.163115,209,105.837065
29.889214,216,106.303245
36.913584,296,106.470873
34.086832,213,106.576935
27.298943,224,106.683378
49.877501,326,106.851952
34.630543,215,106.95563
40.568304,227,107.069271
27.96513,204,107.162159
39.939093,225,107.622598
34.510364,225,107.727987
38.011574,214,107.825182
35.589879,209,107.91796
40.185782,232,108.02521
33.196365,207,108.11986
36.449536,217,108.21678
30.08276,293,108.357795
32.085127,210,108.451435
33.661646,221,108.89435
35.177127,209,108.987766
51.664505,356,109.175505
35.380767,247,109.301195
30.671853,231,109.41405
78.886653,403,109.644254
78.293753,474,109.922568
34.727385,232,110.406467
32.182665,213,110.508309
56.450614,305,110.682407
104.983136,474,111.021076
47.915407,327,111.224903
40.648176,246,111.349233
55.954831,290,111.529935
68.012067,382,112.111154
31.393761,260,112.249652
31.570281,212,112.344464
45.41299,247,112.462716
32.59521,226,112.566775
42.717806,234,112.676622
29.896717,271,112.80438
51.207254,291,113.284643
37.050156,260,113.407465
46.940703,255,113.532311
44.774622,276,113.67847
35.245388,228,113.792637
31.329274,226,113.901418
38.475954,340,114.09178
32.237499,303,114.254362
47.424469,245,114.741758
33.152262,207,114.839963
31.908497,209,114.934787
29.012179,215,115.041798
46.799489,273,115.186212
55.513233,282,115.337519
45.122132,252,115.465976
28.744062,239,115.581036
58.654604,336,116.124709
44.353303,322,116.304468
88.039632,517,116.61842
48.218621,254,116.742838
31.600193,257,116.869368
41.791196,252,116.986121
57.466279,292,117.140162
39.467799,324,117.683113
51.701342,288,117.832434
30.348649,290,117.983206
53.432883,331,118.183791
43.099147,235,118.316476
79.376094,333,118.535029
37.957559,268,118.686489
44.357404,294,119.208641
46.558781,306,119.420307
45.449213,254,119.586061
37.772128,220,119.723946
26.373746,242,119.864677
20.495753,211,119.972333
30.906128,211,120.087562
56.23422,289,120.238955
40.750733,230,120.718852
27.092145,209,120.812247
31.093108,206,120.909477
41.172988,224,121.013146
38.239766,222,121.117271
77.597639,389,121.321573
63.045027,315,121.48012
43.80455,231,121.591198
39.084198,240,122.049352
69.111214,350,122.231073
31.647632,280,122.36329
35.093822,221,122.468225
72.881469,349,122.648015
104.39968,493,122.934715
49.555379,255,123.393988
35.889584,250,123.509464
131.603097,684,123.91759
56.436538,305,124.086017
53.289688,275,124.232776
46.735872,247,124.361438
69.30471,354,124.921713
56.891071,295,125.079854
46.786524,251,125.208995
41.034309,229,125.317817
40.081845,275,125.460773
63.998611,313,125.638853
39.210097,226,125.754387
74.236973,350,125.945741
35.772473,220,126.415753
50.473942,261,126.553119
45.311635,256,126.687978
34.603966,209,126.78183
50.282787,284,126.927123
64.406486,321,127.085248
47.476289,248,127.207386
47.438809,251,127.692002
50.748256,317,127.867008
135.910048,660,128.26311
42.893534,234,128.382369
118.025416,665,128.782346
34.683654,218,129.248104
44.511703,229,129.363248
38.415653,223,129.470424
41.214187,230,129.579479
65.332347,325,129.752365
39.158406,232,129.869058
84.04486,418,130.102715
37.081192,222,130.20629
56.014802,295,130.701999
50.878892,265,130.83337
47.368863,248,130.951499
49.968963,254,131.086771
43.025823,265,131.215484
45.141313,239,131.337962
61.723541,299,131.518604
36.638136,211,131.643157
48.25086,263,132.163479
54.68264,338,132.355127
40.563321,233,132.472174
47.414085,259,132.603089
25.055398,213,132.711384
53.818889,325,132.881105
50.285039,265,133.01209
43.17136,255,133.514
48.583307,257,133.654251
40.458498,226,133.767872
64.321975,306,133.929526
44.662604,244,134.054371
51.812356,265,134.192752
41.160473,224,134.307688
57.173452,291,134.460188
37.107088,231,134.936188
52.732647,275,135.084925
57.685082,281,135.242642
38.337568,245,135.368525
40.543718,224,135.480913
77.594999,370,135.68828
18.406749,199,135.780734
34.405203,211,135.884319
62.601271,402,136.440004
43.768334,232,136.560262
48.061235,257,136.696035
60.73827,300,136.854711
97.926613,434,137.120432
15.590419,206,137.228393
40.556797,224,137.369119
53.433736,264,137.934553
41.85469,232,138.060404
62.958454,314,138.230084
44.369229,273,138.370324
47.85513,251,138.496892
48.654881,410,138.745739
32.789455,338,138.984047
25.162762,204,139.518199
39.267157,219,139.644227
33.641984,216,139.778666
32.498822,225,139.904359
58.641658,301,140.076471
44.781367,237,140.207173
29.533513,211,140.315987
80.399322,372,140.522316
82.794832,390,141.086584
46.226715,359,141.272635
26.843911,214,141.383738
24.984479,219,141.496507
43.643321,232,141.616797
44.865023,241,141.74335
53.16443,269,141.879252
75.742786,361,142.074189
45.5786,261,142.567776
37.445576,220,142.673863
39.215137,223,142.781536
42.858754,230,142.891099
39.028127,229,142.999152
60.949768,316,143.163472
67.900378,337,143.332281
48.826979,248,143.45162
54.701712,285,143.938454
57.133414,291,144.085261
42.786975,230,144.192997
54.719558,291,144.340054
50.025708,256,144.467031
81.120065,370,144.664965
55.863111,312,144.82775
40.249877,228,145.324572
28.295362,232,145.444428
45.324965,241,145.567001
48.248739,299,145.726704
46.894592,387,145.930782
63.924648,342,146.117895
34.689995,214,146.213377
38.491196,223,146.665405
47.033072,252,146.789779
46.11598,241,146.907054
49.786584,261,147.029285
41.069958,228,147.135133
47.235363,283,147.286929
36.055748,219,147.405567
42.084811,230,147.526789
35.770709,237,148.01538
38.517802,223,148.128889
44.328446,307,148.299558
73.865155,347,148.491874
32.069543,205,148.595395
40.64291,227,148.723942
40.929448,227,148.85113
28.997058,222,148.966124
103.790243,492,149.621861
23.57292,216,149.736309
50.180565,263,149.882016
51.786089,275,150.022169
52.02203,278,150.162447
36.945556,224,150.269022
51.647457,260,150.399538
58.600062,307,150.55422
36.499684,217,151.002271
43.304707,259,151.12927
75.833653,385,151.335228
43.686015,245,151.454452
69.536663,335,151.625312
52.661441,262,151.754523
131.059227,886,152.718698
40.998902,228,152.841898
27.597061,200,152.938633
54.639437,278,153.100045
80.958565,382,153.320185
39.340516,224,153.437941
43.16908,233,153.967935
44.762582,269,154.112555
61.412273,301,154.287788
53.269749,274,154.435151
31.772546,229,154.552554
70.125198,351,154.780573
67.170748,330,154.962659
38.648964,226,155.069066
34.08367,213,155.530699
37.732805,219,155.634654
36.792086,221,155.739503
72.056178,328,155.915585
31.3955,219,156.019496
43.717691,235,156.136552
54.708782,272,156.272919
60.962682,321,156.531308
23.966293,201,156.969505
37.276917,213,157.067721
50.592249,258,157.18976
28.743894,207,157.28341
48.51233,246,157.407488
48.254237,272,157.544024
62.840288,317,157.710183
41.982066,228,157.82163
102.754239,467,158.426346
66.226832,329,158.599104
78.587975,356,158.795037
75.525058,358,159.038064
87.234342,423,159.271776
34.147005,211,159.374286
41.414473,231,159.830081
84.403263,359,160.028204
56.860022,272,160.160371
96.041048,437,160.405502
38.500305,230,160.514651
64.050193,301,160.667573
49.955772,322,161.190622
68.394723,323,161.370389
48.334233,259,161.499162
82.699369,398,161.734432
60.049941,301,161.945291
43.631631,239,162.064741
77.271202,366,162.261517
41.616259,232,162.745007
71.505142,332,162.929726
57.393189,281,163.076016
52.712733,267,163.209474
67.339363,322,163.375232
43.364143,231,163.484517
47.35027,246,163.609629
51.731847,299,164.105633
51.000199,397,164.319129
50.18098,271,164.453266
84.131146,406,164.667738
58.668196,299,164.829969
43.498583,232,164.940477
46.942242,247,165.06054
39.518623,233,165.516585
79.838097,363,165.709568
48.83153,288,165.855291
49.943789,275,165.990874
44.759223,237,166.108438
70.293013,371,166.345899
73.81303,356,166.549625
68.44087,326,167.122356
44.033786,325,167.304572
79.852266,372,167.511831
64.604399,313,167.680297
35.90346,240,167.801372
50.49318,269,167.944438
62.487829,303,168.447413
75.586577,344,168.629453
54.619142,305,168.788624
29.424556,276,168.938674
53.814818,269,169.078261
89.254317,426,169.312707
52.472807,325,169.49381
41.814034,224,169.941399
67.674535,319,170.099942
59.901712,320,170.256375
38.166325,230,170.369963
42.782175,237,170.487568
42.014609,294,170.640126
82.96463,401,170.865145
45.350248,277,171.346942
48.999341,269,171.483306
43.048367,294,171.637322
42.232761,236,171.750985
95.604763,424,171.995871
60.040253,289,172.139523
48.944593,247,172.260734
90.396587,408,172.827061
41.451845,228,172.936169
39.066821,224,173.045401
73.464217,359,173.231054
44.364939,238,173.348369
37.347753,216,173.444709
37.081822,255,173.571327
50.518189,268,174.046867
35.038869,240,174.164533
66.847763,322,174.329498
38.061953,232,174.446416
127.133989,656,174.845959
77.987061,362,175.034623
30.356404,205,175.135282
75.016462,363,175.71771
32.487651,214,175.817693
42.644374,248,175.936318
34.898675,213,176.034702
43.506786,236,176.150818
39.250307,219,176.253818
49.450743,251,176.381968
75.088621,360,176.923114
56.447236,279,177.066766
45.719254,241,177.188091
64.023809,311,177.400911
91.658174,413,177.621267
68.079149,325,177.838927
47.566189,241,177.963403
53.527053,268,178.465204
66.199303,335,178.677723
55.359833,293,178.830134
47.410053,258,178.962648
42.703313,246,179.083272
47.857821,251,179.206767
38.773847,218,179.312074
51.688374,275,179.454427
75.548372,372,180.023217
37.88414,219,180.13129
54.952372,279,180.280127
36.828168,222,180.386812
41.020081,225,180.497744
55.923893,287,180.650419
58.078179,300,180.805573
43.755072,235,180.927071
68.89816,333,181.462922
62.830138,299,181.611287
49.702482,251,181.74012
58.984383,303,181.904304
53.966844,281,182.041481
46.560729,240,182.164212
46.658239,243,182.287443
42.963901,228,182.743626
45.018562,231,182.855687
45.85028,238,182.973497
60.831723,295,183.123566
67.235358,320,183.282406
71.339611,335,183.455545
39.354053,223,183.564563
37.150963,233,183.677495
51.39459,265,184.150553
44.469917,248,184.267663
41.489757,229,184.376922
77.850165,360,184.648606
69.846278,336,184.854637
39.292751,225,184.959739
48.365183,262,185.087413
71.683323,328,185.588829
71.928418,341,185.754207
40.911839,225,185.861686
45.149092,236,185.973867
88.117026,433,186.25494
46.595366,239,186.371699
43.108453,233,186.482178
44.417575,236,186.940032
57.104715,278,187.071915
76.71921,410,187.280272
69.376916,338,187.452878
44.197205,232,187.558769
53.628284,271,187.683301
53.431042,319,187.838619
49.851609,260,188.303773
41.638476,232,188.412091
54.681823,269,188.541315
65.84093,318,188.700746
34.420792,216,188.803454
64.102872,376,189.005065
66.589736,357,189.277014
42.159439,239,189.732753
40.167751,225,189.838701
105.263588,503,190.101772
63.416276,313,190.260737
50.251927,336,190.436576
119.226559,586,190.758777
203.190664,960,191.62983
47.294913,243,191.747152
43.665415,306,191.898747
58.215038,304,192.044036
63.73233,311,192.589731
74.594196,361,192.779355
50.526671,251,192.901561
80.949194,370,193.100939
44.004564,243,193.213103
50.974936,269,193.346193
43.252608,268,193.473897
69.725434,324,193.969041
107.624917,472,194.209335
41.261584,230,194.314792
187.632849,1047,194.949411
45.84251,244,195.421885
69.586697,325,195.594444
77.597012,354,195.789077
57.636332,286,195.931158
34.566228,211,196.026381
82.698978,404,196.228405
41.550061,231,196.332474
102.528507,459,196.907658
68.260071,314,197.061703
48.175797,251,197.174818
98.790344,438,197.448018
72.53089,340,197.64585
44.40024,255,197.885549
78.950895,410,198.52009
56.017766,328,198.683651
61.169977,328,198.841387
76.112242,436,199.08014
60.259778,301,199.228848
91.693491,501,199.826471
62.485872,310,199.987639
74.383274,349,200.17023
94.542665,457,200.421858
111.650897,495,200.692417
53.502876,262,200.81492
37.357633,230,201.264062
59.627752,312,201.419451
61.920557,309,201.571913
76.148575,347,201.747182
47.810998,244,201.867617
64.565274,318,202.032856
70.100949,331,202.20043
804.125026,3987,205.299249
62.660408,306,205.769851
68.092885,321,205.92513
96.322851,446,206.165012
72.969785,339,206.336941
56.059406,291,206.473483
47.814353,251,206.59158
144.066387,614,207.259405
31.442141,206,207.350725
33.771801,218,207.44474
35.601263,222,207.543676
60.976714,301,207.692855
64.371383,323,207.851044
79.802454,381,208.046274
53.255599,290,208.509981
64.101981,319,208.665275
43.733824,234,208.768561
71.891395,340,208.937388
65.688371,316,209.097309
49.214796,253,209.213887
85.66515,430,209.758669
70.4682,326,209.923003
49.80946,264,210.050525
42.056946,232,210.155903
53.191061,288,210.28906
50.142059,280,210.426621
62.978213,313,210.576485
62.911833,309,211.060261
41.354451,242,211.173337
53.006763,293,211.316593
39.934363,226,211.416466
32.814285,220,211.51517
58.633084,301,211.661547
51.636031,303,211.812145
57.350814,302,211.9568
65.953107,324,212.447484
68.670566,332,212.616564
57.750559,297,212.761035
61.593778,312,212.925422
54.752714,282,213.068187
68.14925,313,213.222818
63.989637,312,213.727416
60.933614,309,213.883865
62.1825,324,214.047261
72.701371,347,214.232642
32.181818,211,214.328086
52.36301,290,214.463642
37.718802,219,214.561045
41.492896,273,214.685541
32.325469,212,215.129722
53.768543,303,215.296495
41.677423,243,215.409615
62.986544,323,215.565455
53.679035,285,215.703288
50.073359,290,215.840138
40.762761,232,215.952578
59.314552,299,216.434885
42.402446,233,216.54543
63.331023,312,216.700008
59.441102,306,216.845919
40.362642,225,217.038166
41.56635,231,217.147164
63.713565,305,217.294407
69.658433,337,217.473248
40.219059,243,217.925078
64.518432,313,218.091758
68.44444,330,218.259884
40.161463,268,218.386109
73.010276,350,218.574158
33.484438,215,218.66626
55.694149,286,218.804047
80.910392,383,219.339763
70.794189,335,219.510907
62.731152,324,219.676903
55.107741,303,219.825512
51.562355,295,219.966586
55.618409,297,220.115565
52.875533,293,220.594936
39.698391,234,220.700759
61.566005,306,220.855915
55.809953,295,221.003037
62.840999,318,221.171381
39.787111,229,221.314769
72.224044,355,221.5001
60.898869,303,221.985401
62.560906,308,222.142365
74.918674,371,222.336335
34.408654,276,222.465211
30.099563,245,222.576321
34.949853,293,222.72083
36.857997,224,222.821033
55.897911,294,223.298723
41.154753,250,223.415992
40.399266,260,223.534695
92.51879,429,223.760521
41.766881,293,223.917595
32.518098,224,224.019851
59.540314,299,224.170479
40.858037,308,224.663018
60.888554,366,224.851056
41.265565,258,224.97433
72.583058,360,225.170373
44.211638,255,225.296155
34.572341,220,225.408474
66.155094,335,225.582696
31.174257,293,226.068764
69.361088,339,226.242225
68.235384,326,226.414338
41.216118,243,226.528506
44.247875,272,226.660283
39.424065,244,226.772896
67.910107,346,226.957726
72.037618,360,227.4665
48.823317,283,227.619165
66.243763,329,227.786037
68.561662,338,227.962666
68.55955,334,228.148131
69.941547,348,228.331546
65.167584,308,228.809409
58.147698,296,228.956574
60.184385,308,229.114237
48.733446,255,229.236626
68.920915,348,229.406696
68.905401,342,229.576748
48.715301,263,229.69625
52.531108,294,230.163881
39.589458,270,230.286406
70.4308,379,230.479333
46.119785,266,230.608811
39.20877,307,230.760703
69.486789,351,230.940706
35.507711,217,231.038202
62.81054,327,231.545716
44.657082,269,231.675285
48.983331,297,231.823827
33.861275,308,231.975663
33.245953,277,232.109711
61.729018,323,232.274307
53.403011,295,232.412123
63.620447,318,232.906207
71.299545,352,233.099191
54.19,287,233.239082
61.314427,311,233.389601
74.44689,385,233.579938
48.136785,255,233.697376
36.564905,238,234.133822
83.028762,395,234.337565
96.663158,446,234.568533
63.435753,313,234.719699
65.093142,326,234.883356
67.08182,327,235.05059
62.551754,339,235.554016
45.446196,248,235.669587
66.107003,330,235.828567
50.365182,266,235.954697
49.222106,314,236.114824
66.777,328,236.282617
63.515055,320,236.440674
59.013694,312,236.922525
70.814091,378,237.112224
47.160104,299,237.263735
63.122023,338,237.430393
42.288077,270,237.553667
67.286723,346,237.72303
37.91614,282,238.18628
52.543754,285,238.329023
40.672898,243,238.442466
66.785565,355,238.622205
36.127322,306,238.771489
53.158403,284,238.90886
40.659173,236,239.016919
58.943039,312,239.499375
54.985874,311,239.656616
37.819815,224,239.75832
66.558637,348,239.934854
36.454807,294,240.074183
73.974525,360,240.255483
52.825291,286,240.390964
61.952984,339,240.891597
55.05844,346,241.067311
68.038815,365,241.263338
66.242129,345,241.441378
49.300839,314,241.599034
61.590021,339,241.767337
61.091512,313,242.261204
73.938554,364,242.449312
52.91262,291,242.586664
47.42799,287,242.723313
73.117903,369,242.918045
61.22788,342,243.087996
31.648368,249,243.200006
35.740331,246,243.642312
50.76789,269,243.765283
50.304805,337,243.930075
63.833378,350,244.094903
36.673189,267,244.220771
43.001497,287,244.359147
61.529907,346,244.858456
24.964385,243,244.981833
63.386474,340,245.152372
71.678702,351,245.339125
37.956495,254,245.456184
70.36307,362,245.637271
30.281423,271,245.774978
25.346446,218,246.24071
54.886452,281,246.381986
33.103538,248,246.497202
32.707386,241,246.646912
56.889731,314,246.806144
61.04645,311,246.961125
42.03877,244,247.077716
65.247135,331,247.254742
76.17229,367,247.788473
71.234798,348,247.966209
52.790576,275,248.110469
77.804174,371,248.31006
36.781588,230,248.414376
65.012289,331,248.579866
50.832801,276,249.041569
52.540739,318,249.200851
36.280646,237,249.308287
46.860916,345,249.480629
70.460879,337,249.651407
29.923704,229,249.75561
64.687479,337,249.960757
53.705752,336,250.47355
70.46453,350,250.652895
61.8683,317,250.806296
31.440351,251,250.926434
39.158569,268,251.049667
71.392571,347,251.233016
60.203826,318,251.39192
61.479114,307,251.885303
57.144539,300,252.036742
70.02008,372,252.254284
54.0753,353,252.487908
67.984285,336,252.673012
31.942784,240,252.787173
32.290558,217,253.226176
37.030909,249,253.341444
53.496834,275,253.472716
65.704367,339,253.651378
70.95425,361,253.841316
50.289977,286,253.98595
40.198847,240,254.097415
58.890581,341,254.629044
42.053172,239,254.760744
50.169404,266,254.88751
51.259538,292,255.025613
47.871799,293,255.169396
43.69588,245,255.289517
69.037304,341,255.498312
56.581162,339,256.014397
78.897507,384,256.267072
57.929671,296,256.413606
64.227004,355,256.614837
44.192923,245,256.735407
57.988282,333,256.920309
72.798785,361,257.510232
56.865582,328,257.723608
64.915478,323,257.891113
64.489529,327,258.05632
31.281057,269,258.187373
42.660633,248,258.311489
35.401349,231,258.415571
54.012286,322,258.925007
32.626686,221,259.027925
47.148121,253,259.153926
60.196779,308,259.314615
54.835521,309,259.472959
54.833379,337,259.64685
57.132236,304,259.795175
63.403972,351,260.319133
68.662282,336,260.498123
49.510556,278,260.633227
73.966868,355,260.822097
36.5907,234,260.9336
42.827173,255,261.057973
63.168036,315,261.220886
60.147842,332,261.731562
38.535393,295,261.875885
47.530905,274,262.01756
36.186383,244,262.135222
39.587382,234,262.265042
65.194919,326,262.441671
26.003049,277,262.576768
39.394481,274,262.711499
62.488575,324,263.216578
47.46786,268,263.34648
47.908162,253,263.468475
36.71841,256,263.593407
55.568811,281,263.729694
43.043031,273,263.857909
36.686833,226,263.96219
39.381673,249,264.423914
66.924223,350,264.602379
46.021669,257,264.726018
35.898029,235,264.835859
29.976938,234,264.947066
50.321783,328,265.1135
71.266866,363,265.300442
43.479434,242,265.751368
38.387371,268,265.919211
58.376876,337,266.089057
53.686135,325,266.259944
37.286086,254,266.382466
46.517735,268,266.553844
35.470194,248,266.67149
74.554117,364,267.201457
52.164217,325,267.369459
64.041822,354,267.55108
30.703463,222,267.655641
29.972727,235,267.766647
59.272867,364,267.949755
82.887039,386,268.142899
46.487824,245,268.596491
48.566321,268,268.727417
62.475185,334,268.898614
62.901156,321,269.061239
40.977916,233,269.172379
58.010755,326,269.340331
33.325875,223,269.446033
38.322618,230,269.889753
74.707575,359,270.082144
48.781358,268,270.211853
32.946224,241,270.333099
70.921046,341,270.514629
34.633458,240,270.624998
75.931354,367,270.819276
41.068497,241,271.341638
68.358948,334,271.521034
63.922616,345,271.707547
66.610974,331,271.870556
55.036526,281,272.017359
50.348137,289,272.210351
73.759952,346,272.410225
116.880353,533,273.06135
36.649464,263,273.194526
72.169042,368,273.388245
36.977311,274,273.521926
70.716954,346,273.700615
71.114302,368,273.891027
37.570301,258,274.358216
58.078391,297,274.510534
71.730667,384,274.713378
53.277412,303,274.870506
59.796813,285,275.027652
67.798985,340,275.198943
54.878755,332,275.722946
68.995895,334,275.902956
55.883046,312,276.063624
59.037098,361,276.253893
62.516979,346,276.439955
36.739565,227,276.546431
27.52707,262,276.671021
88.458483,418,277.237196
60.012897,358,277.432057
48.454638,275,277.564866
59.24596,346,277.746292
41.910704,295,277.888432
51.739159,269,278.019289
69.008429,345,278.548847
67.735221,332,278.726557
61.422193,319,278.885492
54.25282,288,279.025384
64.816839,342,279.20257
61.83991,341,279.387825
80.944951,375,279.938039
73.529768,358,280.134835
56.726738,303,280.361904
79.704954,374,280.565177
61.372955,337,280.740972
76.544922,359,280.96492
49.695074,281,281.480132
79.307156,373,281.683561
56.858949,299,281.840348
56.687452,298,281.988872
74.377074,380,282.197506
102.868727,467,282.455549
78.489002,368,283.004167
61.745276,320,283.165926
32.623265,260,283.292864
76.389826,360,283.488444
72.209804,336,283.666983
44.782412,244,283.783766
69.53079,335,284.307239
86.006389,401,284.537933
48.438859,246,284.658159
108.138108,496,285.020567
38.387709,236,285.14061
84.503145,379,285.363343
80.899953,390,285.970874
55.633043,282,286.118747
81.164014,384,286.347228
81.624439,375,286.551618
47.178767,287,286.70541
157.854622,618,287.411716
61.911605,365,287.61484
50.800114,263,287.748575
63.654167,342,287.925715
50.162467,277,288.058831
96.695632,454,288.305593
37.301242,244,288.427854
72.947837,342,288.974311
57.887859,284,289.119823
43.227507,255,289.248268
85.786287,388,289.469757
44.733248,289,289.619138
88.075872,409,289.845033
58.773912,292,290.354767
65.957425,323,290.526914
65.332855,317,290.689308
60.97515,337,290.858285
67.652281,346,291.050893
119.408614,517,291.350967
140.297464,611,292.069966
77.260774,364,292.267338
70.187312,340,292.465359
61.366259,313,292.637143
66.351587,333,292.818062
49.101696,276,293.379876
68.7259,346,293.568166
78.07208,377,293.77564
84.719569,389,293.986946
76.82506,364,294.183071
78.722002,370,294.390275
48.429221,288,294.901199
75.589063,356,295.098914
105.421694,471,295.374673
67.492894,334,295.562091
69.841918,353,295.751935
62.728056,319,296.295008
67.330678,327,296.47
79.838732,374,296.66606
64.994143,329,296.828805
62.347109,327,296.997198
54.458937,293,297.149688
79.110972,374,297.344582
57.293732,331,297.852438
52.532934,292,298.000633
70.057894,346,298.180373
69.461659,342,298.36145
64.69981,320,298.52928
79.161537,399,298.738749
69.504427,340,299.238468
38.833788,258,299.355432
35.230553,245,299.473768
33.458078,273,299.600053
34.451313,251,299.712388
55.64149,283,299.849528
77.820037,363,300.041723
49.246602,274,300.514011
54.646309,272,300.64865
77.592217,404,300.868806
61.565197,308,301.026389
64.514246,326,301.199743
58.807468,319,301.363834
34.412806,267,301.868202
71.106812,352,302.050016
62.98016,331,302.216422
41.803813,251,302.332199
85.418677,391,302.535114
25.412694,264,302.665813
48.516655,269,302.794843
36.694008,226,303.222833
63.783299,335,303.395535
66.064193,337,303.571434
65.101026,338,303.741488
76.198746,360,303.931385
70.03935,347,304.108678
81.462581,394,304.693557
68.21626,361,304.891992
69.318666,346,305.082097
52.674096,274,305.21701
52.181466,292,305.364744
68.036615,335,305.541409
70.515823,364,306.079622
26.758315,283,306.216687
77.76964,380,306.417999
43.740703,237,306.53468
62.549078,335,306.70392
34.906208,225,306.803674
29.097408,241,306.917073
59.2075,298,307.397575
64.011264,342,307.596264
65.02973,330,307.774551
45.171674,262,307.899968
68.161955,349,308.079107
37.358832,258,308.202755
46.752238,259,308.329401
65.507566,332,308.838481
43.151483,264,308.965199
66.770316,329,309.138077
43.742721,241,309.252239
66.887167,327,309.416522
39.841449,259,309.54255
28.839853,241,309.652264
67.264306,348,310.160441
56.524264,293,310.300928
47.237257,249,310.418647
73.622206,362,310.646862
39.736248,243,310.764168
70.704821,365,310.957926
61.170037,298,311.111119
46.628814,253,311.575259
74.582212,366,311.764861
71.921136,367,311.962373
32.149764,271,312.095477
38.433854,280,312.232829
56.48581,282,312.371549
62.364588,321,312.545942
53.682558,297,313.025142
68.627455,335,313.194352
72.205118,354,313.381564
48.373296,271,313.521137
65.672058,312,313.677418
80.634372,378,313.881088
73.91972,363,314.399348
46.943078,276,314.538596
53.293357,273,314.667206
68.478788,343,314.847974
68.842274,334,315.017503
70.714749,358,315.200288
70.045666,349,315.719504
69.562431,338,315.897468
53.003904,285,316.038511
71.81216,362,316.231992
59.455311,289,316.379665
64.496808,324,316.555245
75.387951,349,316.733408
75.907413,371,317.256099
57.882182,302,317.402401
50.982897,267,317.537299
38.625141,278,317.673592
56.278676,284,317.807971
64.168457,327,317.978021
61.29767,297,318.453313
69.325842,342,318.629949
41.327564,260,318.754936
62.527577,332,318.923169
42.021061,262,319.047877
76.429444,377,319.249875
68.590135,329,319.415162
51.134858,261,319.874692
57.084615,285,320.01762
74.37612,371,320.206783
52.515923,280,320.349245
69.241686,333,320.521414
76.52261,370,320.708552
73.436385,359,321.23873
42.382752,237,321.353011
62.812757,321,321.51617
71.479172,356,321.695514
73.283514,363,321.884875
74.999497,366,322.075453
80.262985,378,322.619781
71.186856,350,322.800114
69.289041,339,322.972474
64.708717,316,323.134794
63.494957,312,323.29962
53.039396,298,323.446687
66.823598,329,323.613661
52.389327,270,324.078217
44.610631,238,324.193525
79.432078,372,324.387063
60.803468,306,324.545701
59.062516,292,324.686539
45.842193,310,324.838223
53.407378,349,325.342585
48.407955,271,325.474081
49.737855,310,325.630706
47.094119,265,325.758447
67.500034,340,325.932252
57.284471,297,326.083775
66.057512,336,326.249401
31.434793,250,326.703096
59.315108,292,326.848805
44.962763,255,326.965398
71.690362,351,327.211052
61.489534,320,327.376152
66.521141,332,327.551584
70.20388,349,327.73319
69.424638,331,328.252626
76.505378,365,328.444822
48.776892,259,328.569444
68.932038,332,328.737924
83.990177,400,328.947563
64.170783,328,329.113386
64.45219,340,329.627275
48.675706,256,329.748451
48.45436,259,329.872665
76.925337,372,330.066713
41.79222,287,330.207313
71.659513,346,330.381158
46.291966,248,330.497714
47.707676,258,330.963116
62.262806,307,331.118199
47.023459,264,331.248546
66.93571,333,331.425726
70.417021,356,331.656613
42.715282,269,331.791275
63.997275,324,332.327732
49.8551,260,332.506346
48.670003,255,332.641036
66.769182,321,332.816354
57.380376,289,332.962486
78.90934,369,333.160328
57.152314,284,333.304501
41.899383,262,333.804459
69.640114,325,333.982496
70.465791,350,334.170811
77.305216,364,334.368054
71.434538,358,334.559325
58.360374,301,334.713008
59.190554,302,334.863973
72.768348,360,335.409568
58.65753,314,335.573708
63.164744,318,335.738193
47.427559,256,335.861942
31.12119,268,335.990245
63.36619,315,336.197496
48.725284,262,336.688824
65.487291,322,336.856605
58.872602,301,337.011344
68.778799,348,337.2139
69.483722,324,337.397478
76.29015,364,337.604535
59.830745,301,337.762735
67.281661,346,338.285889
74.567514,354,338.489695
53.496837,275,338.628484
74.767805,355,338.816766
46.632774,251,338.937702
77.59724,338,339.116189
46.222533,257,339.591582
36.167008,245,339.709606
56.596717,288,339.858994
80.037783,370,340.063737
58.51782,295,340.215669
74.442315,364,340.40222
75.948948,346,340.589381
75.319036,352,341.115754
48.964384,256,341.240869
42.294545,250,341.362013
88.806035,408,341.580422
60.290528,291,341.72792
65.232195,306,341.897992
47.672324,260,342.373224
59.034593,292,342.55075
64.814711,315,342.731738
53.144802,284,342.872273
41.914063,246,342.990872
33.247334,255,343.116503
63.668519,322,343.283282
59.974185,298,343.434165
68.65779,331,343.950051
62.619968,314,344.118986
60.972574,299,344.324406
51.112687,265,344.461467
42.21451,248,344.585918
73.453978,358,345.037907
56.200914,296,345.59704
31.571303,262,345.727126
69.483154,322,345.904115
46.59695,241,346.02349
56.901771,293,346.184986
68.726031,330,346.463172
59.930776,288,346.644887
74.022325,349,347.215478
68.231959,329,347.41705
84.646969,379,347.666169
80.340822,362,347.890955
52.882889,265,348.035468
49.259089,251,348.16107
69.588162,330,348.338137
63.958266,315,348.898719
67.927537,326,349.083126
74.516946,339,349.27111
77.477328,358,349.548011
63.328999,306,349.751108
60.912808,297,349.920647
58.547441,294,350.478604
55.324461,271,350.632206
67.34006,323,350.817127
46.953018,280,350.971515
62.856252,298,351.129692
40.876534,233,351.298743
49.346107,257,351.430829
65.491398,311,351.965526
66.222975,316,352.134674
63.250849,302,352.298289
53.320835,262,352.436014
53.988675,274,352.575381
84.993373,384,352.795138
69.502577,329,352.970569
73.03888,333,353.500117
63.944019,296,353.663142
88.039431,405,353.888335
75.115237,345,354.08594
83.389763,379,354.30413
69.549749,319,354.538248
82.872433,376,355.203417
63.708911,302,355.370272
63.2839,305,355.539539
82.535654,383,355.754259
88.258821,401,355.973352
73.684385,342,356.168535
78.257215,359,356.738297
53.800039,271,356.88107
42.25681,233,357.003001
83.774709,375,357.224334
65.240888,303,357.381166
85.121069,388,357.59968
85.086854,393,358.24842
78.043716,356,358.459101
74.284469,345,358.6564
44.354658,239,358.781185
82.331547,368,358.992093
73.780827,349,359.18535
75.49879,352,359.736255
66.653,310,359.903383
88.283526,394,360.143353
82.462611,372,360.348721
82.173781,370,360.562392
86.97292,393,360.795734
71.773052,325,361.331511
63.70009,301,361.496278
63.624979,300,361.654061
87.617923,390,361.875908
62.405329,287,362.0222
74.395065,347,362.20407
42.640108,231,362.674312
76.208781,350,362.881386
73.033557,329,363.064163
81.93977,370,363.26854
101.387007,448,363.52892
82.563174,368,363.738756
52.32872,264,364.218588
72.049626,331,364.401881
59.105806,280,364.549319
60.708547,282,364.697881
83.646013,376,364.92373
84.989909,392,365.247005
74.329362,337,365.921497
77.7629,353,366.12833
65.939615,315,366.305097
81.373703,377,366.520241
52.716189,265,366.656967
90.978173,396,366.881985
63.602088,300,367.407508
69.662387,333,367.585622
101.853808,452,367.859268
77.97543,358,368.05866
72.095921,335,368.255826
75.261326,341,368.442797
79.812013,381,369.020585
56.469423,276,369.162392
120.533116,514,369.462944
81.399834,377,369.688454
68.450644,312,369.930178
75.441238,343,370.514112
63.925259,302,370.686618
58.409269,285,370.848392
53.243565,274,370.998827
73.274164,333,371.19955
55.706013,284,371.352372
55.895705,277,371.507384
54.73575,269,372.014814
60.008001,284,372.17089
63.14705,297,372.332741
80.355942,363,372.542313
61.029339,294,372.749576
76.714663,346,372.940217
60.906988,298,373.111938
50.596829,258,373.595798
58.3411,283,373.746049
72.291648,326,373.927893
111.349297,478,374.213627
44.532249,267,374.350501
55.675913,294,374.497269
81.221605,380,375.119569
97.898231,435,375.370683
53.308686,267,375.510108
70.666706,341,375.69259
49.513828,256,375.825372
57.963766,291,375.983413
63.180047,307,376.143125
83.913096,373,376.724725
60.49476,279,376.872746
69.972619,319,377.058634
69.823898,323,377.240634
58.011829,286,377.390002
87.584542,385,377.599969
91.041524,401,378.295292
68.69801,322,378.470962
91.055974,401,378.713273
63.408733,301,378.883577
88.525909,391,379.177195
79.054674,364,379.392057
70.893547,333,379.956581
64.124012,295,380.112295
63.616808,303,380.282926
81.699183,385,380.495331
78.407362,348,380.68143
119.748183,515,381.34212
67.985552,312,381.516145
52.472555,261,381.648266
66.243002,307,381.817167
88.415345,389,382.039275
53.384418,257,382.176226
76.619203,351,382.374177
63.929744,306,382.90399
76.117835,348,383.103852
56.203776,272,383.320967
64.18908,299,383.518519
43.322049,234,383.644035
62.709683,300,383.827428
79.295972,371,384.461296
55.499759,272,384.62729
72.010617,338,384.840991
77.03256,350,385.064071
52.501671,263,385.215735
140.522936,602,385.653424
79.491045,366,386.248402
80.383847,369,386.450378
63.419938,297,386.625755
80.745006,366,386.839984
42.496462,246,386.960636
73.823477,334,387.140088
71.159457,341,387.680732
83.33793,382,387.902639
55.957249,277,388.051812
80.158393,362,388.256658
70.191473,325,388.442379
83.226862,381,388.658781
69.238064,326,389.203934
61.958972,299,389.371311
77.763939,360,389.57364
67.230751,304,389.74445
63.255425,300,389.905836
85.321607,386,390.122744
68.475091,335,390.714905
57.221186,274,390.865407
86.244756,382,391.086294
55.49511,276,391.232964
72.984645,333,391.420981
71.624299,326,391.60367
77.070757,358,391.800916
55.964433,278,392.368941
52.977854,271,392.508497
57.907989,287,392.657333
43.950795,246,392.777524
40.342697,227,392.891183
46.564487,246,393.009319
44.568174,239,393.125278
60.698674,292,393.280192
65.922496,308,393.785884
54.802698,270,393.93382
56.196261,273,394.081233
52.250487,263,394.218565
61.144749,292,394.373286
70.917292,332,394.551571
64.918537,312,394.722671
60.628564,298,395.260162
68.736617,319,395.448787
46.664753,245,395.5781
67.508401,326,395.771124
47.080202,249,395.906067
56.229462,287,396.074901
77.912437,351,396.286761
54.375901,265,396.800334
45.98047,261,396.934011
62.194357,300,397.095944
79.398168,358,397.300756
48.992212,248,397.425193
60.156397,288,397.579127
67.842826,322,397.753443
66.286017,329,398.283863
99.382836,430,398.593029
53.890742,258,398.78674
78.251274,355,398.993178
68.35321,312,399.16977
84.856507,381,399.386759
57.16548,276,399.878156
52.9484,272,400.022496
60.595858,297,400.17968
62.074947,292,400.392161
59.05543,283,400.547307
70.098021,328,400.731833
70.022265,317,401.247571
74.711627,338,401.431233
76.222615,348,401.628558
54.321251,262,401.768821
48.681189,246,401.898557
78.518224,367,402.10725
80.701809,369,402.317918
39.996757,231,402.786684
80.697226,366,402.999143
62.810777,292,403.15956
52.056473,264,403.289226
71.622564,324,403.472379
53.202514,268,403.612724
67.069266,313,403.786429
79.70593,361,404.34752
54.782931,270,404.491006
85.110775,377,404.711816
70.074441,324,404.899286
86.106333,391,405.178892
64.638292,304,405.348681
51.462198,254,405.842745
52.534224,257,405.981005
61.751522,295,406.138418
71.214867,329,406.317765
58.083777,285,406.467268
68.228651,318,406.657384
75.851491,348,406.849479
57.719446,276,407.354718
58.508406,281,407.502328
74.460794,337,407.684781
58.529163,323,407.860055
61.83814,295,408.017876
84.927657,385,408.231455
72.641976,331,408.831457
40.664548,222,408.944618
73.206665,340,409.133754
48.445039,246,409.26754
54.825083,273,409.419294
39.082784,223,409.541913
48.316088,247,409.676104
54.757363,269,409.822456
64.798975,315,410.339827
81.562568,374,410.54656
52.685312,264,410.681419
63.055423,292,410.8344
66.541293,308,410.994547
57.995854,286,411.145576
42.367202,232,411.260556
51.930122,255,411.785978
43.739067,231,411.902816
73.683575,341,412.092085
69.676092,340,412.281996
56.119222,274,412.423802
44.806747,232,412.535479
82.455516,375,412.742375
68.858911,332,413.275101
39.390765,227,413.386813
76.979121,351,413.580147
70.56433,330,413.750673
41.78385,235,413.866774
39.511747,223,413.976446
47.940298,243,414.097616
59.000475,284,414.584068
73.491845,344,414.777294
67.565432,312,414.963074
66.745608,312,415.134598
82.562633,374,415.352164
63.044724,296,415.51641
53.31645,276,415.6629
66.114411,303,416.208889
64.372208,304,416.383378
71.236964,332,416.594325
44.114337,247,416.71696
51.89308,269,416.854198
71.767864,338,417.042128
58.634869,284,417.237158
52.437685,265,417.738896
75.52025,340,417.935679
84.200591,377,418.158086
51.473253,268,418.304475
56.142019,274,418.454824
41.593671,231,418.575481
64.987502,300,418.736305
72.437318,337,419.281733
52.587291,258,419.41376
61.785513,293,419.569695
42.246539,230,419.680187
75.975073,365,419.883242
76.217354,353,420.082484
41.019424,228,420.196043
86.815489,378,420.760231
64.612136,308,420.929507
67.310848,313,421.104994
78.697447,360,421.310977
73.876101,348,421.501621
55.377812,266,421.646956
57.246204,271,422.145402
74.409277,342,422.342175
62.530931,303,422.510411
63.001046,300,422.678498
55.47575,269,422.873285
63.393108,306,423.03885
74.203519,336,423.218035
77.169764,355,423.767057
61.566923,298,423.935864
72.760643,333,424.124658
71.07081,333,424.312867
71.4946,333,424.495162
57.605276,286,424.648908
77.39636,354,425.224492
50.771035,262,425.368631
43.359778,228,425.483368
75.406263,342,425.681488
90.225508,394,425.911127
77.64766,357,426.121575
63.013184,300,426.622983
57.607682,275,426.769988
47.012658,241,426.89745
53.781263,264,427.042907
90.248925,394,427.264371
60.743412,290,427.417902
47.424527,241,427.538283
58.376513,288,428.038947
64.61223,304,428.203632
62.7103,293,428.361366
65.724366,310,428.583603
64.52102,302,428.752007
69.612028,321,428.928874
78.224949,358,429.135679
53.844294,271,429.621801
65.371783,306,429.790322
79.112177,351,429.992386
57.915996,282,430.138959
72.200983,344,430.332552
61.54243,292,430.489049
54.44328,271,430.628772
54.193111,268,431.11616
40.731761,224,431.231362
71.442281,368,431.439411
54.370726,270,431.582652
58.549611,278,431.729192
51.687501,259,431.865518
53.199542,262,432.004269
46.677757,240,432.481988
58.365078,280,432.636756
61.48039,297,432.800108
69.76134,328,432.989347
80.404411,364,433.194842
71.278313,330,433.377392
58.697522,284,433.531588
54.946337,267,434.04072
56.879542,278,434.243753
58.653907,286,434.398922
56.308667,274,434.549614
63.228285,296,434.720751
67.306801,317,434.932643
58.516893,279,435.099877
79.463648,350,435.675208
72.28193,336,435.875628
80.917005,363,436.103505
78.344086,360,436.328029
66.237718,309,436.50922
57.406469,287,436.669196
54.659607,262,437.16122
50.329196,249,437.295428
60.478198,291,437.460022
58.129062,284,437.616002
72.528555,343,437.809539
53.322892,259,437.950381
81.236152,364,438.170782
44.344434,231,438.638386
55.361905,275,438.793253
64.138286,296,438.966738
60.695257,287,439.13588
59.409379,285,439.311429
61.021306,289,439.493
87.324641,391,439.777488
62.514392,297,440.448303
76.844741,347,440.680588
68.590332,313,440.878291
46.206485,237,441.012569
56.407978,269,441.172785
54.288253,265,441.329941
54.667628,264,441.47988
77.147303,356,442.120532
55.71856,265,442.28669
74.483653,356,442.527917
52.526533,263,442.692107
73.516478,338,442.914852
66.687735,304,443.113921
58.56349,278,443.293839
73.0375,337,443.914821
59.900872,285,444.096874
73.642736,340,444.330912
87.675628,400,444.602529
51.374053,257,444.767724
90.468515,402,445.116699
52.541504,259,445.718249
86.792368,388,446.002844
82.641329,369,446.265379
69.604647,321,446.481094
49.522462,248,446.64126
88.180348,396,446.904383
64.777812,297,447.511996
71.981217,342,447.746623
61.064943,294,447.939487
52.392488,258,448.106836
49.735504,246,448.267219
48.970347,252,448.417749
77.372306,353,448.663228
56.749393,276,449.25787
84.315795,378,449.512046
48.901186,250,449.664859
59.590242,286,449.847801
74.151696,343,450.085275
75.722551,358,450.34552
69.185485,321,450.559421
68.472104,321,451.341164
83.894598,380,451.647606
49.929558,248,451.820107
70.955548,329,452.064063
58.979347,285,452.274156
60.636045,292,452.590691
53.322251,260,452.787694
61.913504,300,453.488608
51.3895,257,453.669363
50.489301,255,453.851871
49.973212,245,454.019047
49.707289,247,454.199087
54.995789,270,454.393326
49.99262,249,454.558909
46.752692,238,454.726481
81.197949,367,455.52143
63.021071,298,455.748845
79.850529,356,456.038747
59.485212,290,456.266404
57.393178,275,456.471033
84.175233,378,456.805407
88.861681,399,457.61495
70.164772,325,457.948608
82.030012,370,458.261473
79.788151,367,458.558267
50.162461,256,458.740069
65.938315,312,458.982361
88.595869,399,459.787707
81.477889,378,460.093688
45.501033,241,460.268067
46.767039,240,460.502082
58.713671,354,461.033631
67.461171,362,461.422048
80.213109,361,462.320614
74.959919,345,462.603886
41.080504,225,462.759887
87.125417,377,463.050938
71.363164,333,463.35593
77.658109,361,463.631124
39.98327,221,463.772403
74.279508,357,464.47575
65.144259,373,464.755174
52.180334,262,464.949075
78.908043,374,465.242683
55.225215,351,465.505427
62.582386,298,465.729473
76.700591,370,466.753425
86.660663,391,467.212538
77.777574,359,467.546572
89.710486,400,467.912061
64.048899,306,468.257729
61.587771,295,469.162561
75.605507,390,469.561554
40.454744,223,469.749716
70.291989,329,470.041539
79.868381,364,470.38715
88.017716,391,470.728524
65.939718,319,471.450746
71.249822,351,471.731365
54.57188,288,471.944543
76.265459,372,472.237113
72.329226,337,472.49992
72.510959,343,472.766932
62.918748,300,472.996105
76.427881,367,473.754047
71.65178,342,474.021733
62.026041,381,474.339767
79.014721,376,474.653074
75.670618,359,474.966773
55.044842,269,475.243864
80.289601,371,476.641739
47.551625,246,476.960989
62.908384,300,477.324281
89.004421,414,477.757805
78.393846,362,478.068756
75.928369,436,478.86793
85.557447,384,479.154834
68.862838,327,479.400544
67.6255,350,479.688915
78.226578,368,480.0378
72.490716,336,480.335271
76.769305,361,481.088373
88.758061,407,481.395777
74.592485,357,481.669934
75.729554,356,481.948614
46.494757,241,482.12327
73.623278,344,482.396908
71.633087,334,483.12021
75.089828,364,483.431816
70.117935,340,483.711424
62.92909,379,484.013271
78.535481,379,484.352251
78.806559,385,484.678219
71.146586,342,485.574972
73.367726,339,485.971208
61.874864,300,486.24589
70.075694,385,486.634096
63.277392,304,486.8873
76.458693,356,487.173825
75.698692,357,487.938752
54.378853,343,488.205107
83.108978,378,488.5043
67.462452,382,488.793254
29.867219,212,488.9253
85.558584,392,489.243176
92.694875,402,490.262424
80.804004,372,490.638517
45.372515,234,490.824888
80.620071,379,491.234519
97.472767,434,491.6038
86.459994,383,492.348059
76.611407,352,492.63435
81.277817,364,492.929883
73.432632,351,493.199833
79.68088,418,493.585685
52.894809,263,493.775713
78.549512,356,494.57463
65.539417,316,494.831234
59.171927,285,495.066952
44.381342,235,495.245041
95.364439,422,495.61294
87.725658,383,495.930491
55.516893,274,496.610185
44.735903,247,496.784214
72.949171,336,497.048311
75.179103,346,497.313173
66.317446,304,497.533211
74.769979,343,497.778904
79.239298,360,498.04589
77.67226,354,498.855238
75.416619,341,499.133531
73.03974,329,499.402917
77.133625,375,499.700976
91.692918,439,500.052413
89.801376,398,500.855724
73.025086,332,501.118224
63.366886,299,501.346962
63.466743,299,501.575179
86.646814,380,501.892039
58.01504,282,502.107263
93.57622,410,502.981361
56.372839,275,503.190633
80.048764,366,503.511092
84.600465,376,503.838633
53.734565,269,504.058926
89.320285,405,504.426866
76.393212,348,505.348904
45.644662,236,505.559444
78.493922,360,505.92692
100.635521,432,506.373771
73.87307,339,506.825634
82.339591,402,507.24974
64.288014,289,508.130628
75.115816,346,508.458074
72.207484,327,508.780286
44.811983,247,509.004695
69.646276,327,509.329745
78.980033,349,509.677155
82.684614,374,510.066939
78.826524,382,510.991394
88.393196,387,511.348661
92.384617,388,511.701029
98.057208,421,512.080861
89.919189,417,512.454612
76.494506,346,513.186831
132.527345,557,513.666805
79.596845,355,513.946928
93.878199,402,514.346735
56.631749,277,514.567414
72.678966,331,515.338375
82.252286,380,515.660992
80.733093,362,515.952417
58.219031,287,516.168862
53.217058,265,516.388922
87.798916,387,516.788747
80.976719,343,517.677828
98.429551,372,517.995372
58.450535,272,518.214811
42.365443,227,518.38488
120.947112,676,519.075439
104.436397,540,520.183982
50.357507,249,520.391632
55.689745,279,520.613022
74.504258,336,520.889162
74.443911,359,521.172545
79.897266,363,521.465134
84.43622,375,522.495949
92.522507,395,522.885887
49.15099,249,523.082968
81.099169,364,523.370204
80.674422,357,523.661396
65.580837,311,523.883911
77.32654,380,524.652432
79.802892,353,525.009337
81.546559,362,525.317425
76.088955,344,525.597025
75.538436,340,525.866604
61.636552,311,526.113221
59.326244,282,526.815363
87.296477,383,527.134144
73.534566,337,527.395639
34.975878,216,527.535564
55.404186,270,527.718184
59.67109,280,527.91522
73.154621,329,528.152243
65.723609,306,528.8024
75.783698,347,529.070401
62.669618,293,529.285137
70.200995,324,529.521331
48.322929,245,529.681955
116.21188,503,530.066654
77.798261,351,530.758692
51.75038,251,530.932487
80.47453,358,531.241657
51.155578,255,531.423269
63.038285,292,531.653686
51.952514,256,531.835287
81.380561,360,532.109215
76.384357,339,532.788015
79.549085,361,533.054893
62.218599,282,533.297056
111.81839,499,533.71317
78.233062,351,534.020222
60.171803,292,534.270915
63.968738,289,535.111358
78.162419,354,535.408329
99.373402,421,535.925357
63.192624,301,536.217732
78.054936,358,536.623338
42.506262,227,536.792315
87.562925,390,537.54633
58.258539,279,537.741597
49.065244,253,537.913189
72.901503,331,538.136753
44.350865,231,538.278147
89.925142,390,538.558397
95.912822,418,539.26845
82.396566,368,539.530894
54.255284,262,539.700279
96.84428,415,539.987844
70.611611,323,540.191129
62.806625,291,540.369206
43.261837,227,540.500972
96.593672,437,541.223787
93.460206,407,541.527628
98.142596,434,541.840673
71.593766,326,542.056078
81.535444,364,542.30387
77.024165,353,542.918523
100.846872,412,543.202625
77.857808,345,543.422938
100.177309,421,543.702839
144.097543,873,544.696121
46.469352,232,544.825876
72.64951,330,545.085005
61.650893,284,545.270981
86.85443,377,545.527131
86.133172,375,545.775352
101.477102,425,546.418029
112.856197,505,546.756615
83.556332,367,546.980959
125.404364,544,547.336169
140.766051,1015,548.385134
65.479033,291,548.55843
61.998814,290,548.728455
80.988314,357,548.950045
96.385529,411,549.211432
79.486539,350,549.784579
81.549859,365,550.01008
122.366677,527,550.359821
86.176481,380,550.594106
66.039044,303,550.768573
75.960114,342,551.346636
79.999096,356,551.570271
85.704069,373,551.80231
87.378211,389,552.044362
83.9157,367,552.285098
82.036156,365,552.519244
83.025569,359,553.140665
69.534369,314,553.388233
88.984103,371,553.631534
77.585861,343,553.845173
115.813935,500,554.183516
88.97944,388,554.822437
73.436682,330,555.056956
75.14313,335,555.282848
72.164712,322,555.49893
74.144757,333,555.71656
63.758199,299,555.904089
75.33397,330,556.117693
65.424796,297,556.69348
129.370471,561,557.082847
68.584659,319,557.286563
63.973042,303,557.471851
116.349161,596,557.898761
54.197256,262,558.436246
91.251316,363,558.675742
85.980885,374,558.922061
81.167752,359,559.169
69.939212,325,559.386465
56.424056,270,559.558104
71.545475,325,560.17781
55.484448,264,560.331644
57.87157,279,560.501049
89.159824,392,560.839294
58.396574,274,561.009738
89.299605,392,561.282783
60.65326,280,561.848628
58.381513,274,562.020273
59.802824,277,562.190513
58.418337,278,562.36449
74.020157,331,562.585895
84.684524,367,562.832404
57.566212,273,562.99442
62.57769,283,563.572904
62.449078,290,563.762134
62.206836,281,563.941806
51.614695,258,564.102463
54.930153,267,564.264505
59.069515,275,564.427195
62.266502,290,564.613054
61.657308,289,564.800293
55.118878,264,565.377516
81.896098,355,565.626061
59.533046,276,565.81751
67.200743,304,566.011028
53.695218,265,566.176065
54.598848,263,566.343514
80.725739,358,566.975225
81.052597,361,567.255238
64.62842,291,567.438662
62.622753,294,567.621707
51.644257,253,567.765388
67.387146,315,567.958435
60.353222,284,568.139972
81.767002,362,568.744027
58.226382,276,568.904844
58.761992,274,569.07178
61.216802,278,569.243945
59.103628,281,569.414541
64.032733,299,569.609026
56.829436,274,569.781491
61.040084,290,570.340822
54.019087,256,570.490624
71.81201,316,570.686021
57.262735,281,570.854202
101.919486,394,571.098536
67.940713,318,571.289012
57.937127,275,571.4456
52.006297,254,571.948694
52.86227,249,572.082552
76.581393,336,572.302247
59.128858,284,572.476503
55.1737,270,572.637944
70.509096,323,572.845128
56.684261,271,573.009941
60.108358,278,573.556301
54.559662,274,573.722052
56.753462,263,573.890363
58.316395,273,574.111701
76.562559,302,574.34784
55.723642,265,574.513484
55.899529,268,574.683762
55.729251,267,574.856111
49.272453,244,575.435068
74.745799,334,575.660276
65.393852,301,575.855729
51.914796,251,576.011485
54.047522,264,576.171496
62.158564,294,576.358577
73.508944,333,576.586399
59.614912,279,577.131279
54.441849,263,577.283566
58.527423,283,577.453814
53.698145,261,577.6062
57.06998,273,577.769457
73.770874,343,577.989988
55.453683,268,578.143186
57.12092,276,578.701451
72.142584,307,578.888465
53.017251,257,579.036353
53.435995,261,579.185869
46.756418,240,579.320393
68.636681,313,579.510891
57.312129,270,579.680662
79.090701,326,580.348393
40.02698,231,580.501099
73.041468,337,580.720558
60.771568,286,580.896029
45.431623,234,581.036947
38.090117,218,581.160978
65.935521,301,581.35761
57.75851,270,581.518233
48.382679,243,582.036433
53.051899,263,582.190696
57.866349,277,582.364289
65.029879,302,582.552669
53.557507,257,582.708935
60.721916,282,582.886163
46.878716,235,583.020908
57.728078,278,583.195046
62.288274,290,583.771491
51.253945,264,583.926476
52.856056,260,584.077632
62.052248,298,584.269349
66.702814,315,584.463785
52.351899,247,584.605247
59.106674,280,584.781726
49.955953,254,585.345732
46.680381,242,585.488735
53.281798,261,585.652753
56.443041,284,585.826885
57.044071,278,586.036541
61.013941,288,586.220569
47.879831,246,586.367628
63.263427,297,586.56201
54.975781,266,587.178493
46.277877,241,587.327422
52.880396,256,587.480776
64.954025,301,587.670908
63.106411,299,587.859788
75.422647,344,588.094978
45.821184,245,588.237653
67.447071,310,588.817164
70.51868,320,589.03415
58.311803,273,589.203923
74.605734,342,589.42888
68.638728,309,589.615333
57.132244,265,589.77988
78.658006,346,590.009003
55.195486,267,590.556788
49.661319,244,590.708065
79.62547,353,590.947556
58.696202,280,591.162024
62.616617,287,591.346965
63.899161,285,591.542722
63.597651,285,591.741072
81.448027,362,592.43754
53.693639,264,592.598461
43.867098,242,592.751425
74.722617,337,592.994097
56.70049,273,593.162271
73.6286,336,593.399423
59.665272,289,593.582795
90.681037,377,594.45644
54.479305,255,594.682503
79.5485,345,594.965989
74.818218,342,595.541159
56.325792,268,595.894724
85.248544,380,596.260048
64.631492,300,596.984443
54.973802,265,597.178702
58.508893,282,597.37543
56.4387,269,597.554724
52.44827,256,597.719676
57.374649,279,597.922806
58.776929,281,598.112325
71.210128,322,598.752801
63.005043,300,599.023381
60.098443,285,599.293274
65.06661,297,599.522665
75.726364,340,599.817628
84.50775,368,600.153863
59.350637,279,600.347023
58.889534,284,600.963337
70.511261,311,601.177489
79.050194,356,601.439198
82.966808,368,601.68866
44.386515,229,601.821837
61.889485,291,602.010188
58.056042,278,602.576601
67.440254,306,602.78234
78.292473,352,603.01646
50.60699,249,603.163174
53.187228,263,603.319805
71.103972,329,603.524561
86.316577,374,603.787503
53.093906,260,604.428141
71.819533,354,604.708804
64.940743,292,604.92873
62.105794,272,605.113665
66.760783,312,605.335292
42.85668,247,605.483451
61.735296,272,605.652787
71.795308,326,606.401747
67.866735,309,606.646009
64.948893,298,606.878105
74.504519,315,607.106563
45.433697,234,607.300581
57.415792,260,607.47271
57.324862,270,607.645475
52.425602,259,608.170389
54.230685,264,608.32876
55.811403,265,608.480447
54.389292,263,608.635188
87.435856,371,608.873834
71.368036,304,609.054331
56.991081,272,609.208533
44.341299,231,609.328461
51.038505,251,609.816165
45.039872,241,609.942518
61.614354,290,610.114312
42.140759,231,610.234561
66.829586,308,610.418915
59.703045,287,610.586539
44.091312,236,610.721778
54.931655,274,611.264334
59.476802,284,611.435763
65.17433,303,611.721493
54.670948,269,611.893697
49.635132,244,612.059379
55.667513,267,612.222489
48.816491,246,612.363896
66.339226,309,612.556698
46.647884,239,613.05173
59.865902,271,613.206068
55.030418,263,613.354765
67.591131,293,613.524535
56.036848,268,613.671574
53.39517,265,613.821898
55.460189,277,613.977352
52.848276,265,614.121501
54.527363,266,614.622396
53.539467,267,614.768238
63.343321,294,615.000199
62.784149,285,615.201578
61.440162,268,615.451716
54.523303,264,615.625076
65.200277,300,615.822463
42.484834,229,616.312498
62.011111,279,616.470356
70.342957,324,616.662379
54.000193,254,616.803944
70.606927,299,616.977017
57.829994,274,617.125127
61.086098,292,617.282311
73.628376,327,617.807509
88.681286,363,618.019626
52.247236,247,618.149407
67.405758,302,618.325937
56.228083,268,618.473666
57.473594,276,618.624594
59.861861,285,618.780057
63.487938,287,619.27084
72.269991,316,619.449221
56.161335,269,619.586208
49.883138,254,619.714996
60.095277,289,619.872386
52.868583,256,620.000098
72.446052,331,620.187218
48.61538,241,620.304645
89.968934,364,620.957377
70.210007,316,621.153498
70.43148,315,621.348678
44.748769,234,621.479159
65.674251,302,621.661604
62.808241,288,621.830901
48.790321,244,622.342772
61.452497,280,622.505292
48.14372,244,622.634091
83.905653,337,622.824284
103.336033,394,623.05492
89.40854,379,623.274987
79.793077,345,623.477382
55.171514,272,623.976504
54.631585,264,624.120173
80.494094,367,624.348281
79.657948,373,624.5715
52.465101,260,624.769634
89.544443,360,625.025918
56.929336,276,625.632945
68.140579,312,625.83411
66.27434,280,625.996976
56.442863,276,626.152224
44.908877,240,626.279395
50.641967,245,626.409334
62.008503,287,626.564171
60.157537,287,626.725473
52.690645,249,627.203957
54.42207,262,627.343344
61.083052,271,627.491012
59.495741,285,627.645982
57.200013,274,627.791246
60.680173,290,627.952293
65.087887,289,628.10634
64.657866,281,628.600147
61.700552,282,628.801231
57.031353,272,628.957871
79.487403,344,629.179643
62.166562,277,629.329883
61.412956,263,629.476357
52.227014,259,629.619845
75.518674,341,630.242593
45.081707,235,630.37321
83.235841,353,630.639697
55.695522,258,630.780769
69.280276,307,630.961938
93.720748,385,631.196694
52.095696,256,631.381061
77.622518,343,632.013655
56.554189,269,632.167598
90.047442,377,632.393982
77.59386,343,632.599096
62.573192,288,632.759114
47.312935,242,632.883534
78.705636,337,633.085711
73.24628,326,633.61244
54.91899,269,633.753173
58.17417,273,633.897105
85.033723,364,634.099048
70.227693,314,634.297528
94.30235,332,634.482987
64.633784,291,635.096194
61.021805,273,635.25861
53.311782,259,635.402202
53.323568,250,635.542422
53.745272,277,635.692743
58.338762,264,635.847008
54.434085,267,636.000362
119.01685,474,636.622895
78.187358,336,636.811357
77.406711,323,636.99108
62.837821,277,637.17423
62.212648,279,637.32965
70.137117,298,637.493229
54.331627,258,637.629247
83.310647,355,638.178832
52.4513,252,638.306001
65.074414,282,638.452718
50.168628,258,638.57789
74.056129,331,638.761121
54.288049,255,638.893251
56.857623,273,639.04035
92.272458,384,639.592243
82.107504,357,639.798367
53.328335,250,639.930566
56.997557,266,640.06963
59.826536,267,640.206641
51.13652,251,640.332685
58.264429,257,640.502877
55.63305,266,641.005117
69.900726,319,641.181112
59.541101,267,641.33118
81.099819,356,641.580243
63.865062,292,641.752889
59.025614,269,641.901643
55.98809,259,642.047449
75.815279,351,642.656477
61.25088,269,642.80923
84.102252,353,643.025026
68.419787,315,643.215245
50.281005,244,643.353536
63.445903,289,643.558922
85.046663,355,643.768014
54.561133,255,644.246266
49.423645,248,644.399436
53.633381,251,644.528168
59.115576,263,644.668819
104.491842,360,644.868092
55.247195,257,645.010007
70.061909,291,645.173103
95.379625,389,645.720208
64.045408,299,645.873882
69.114484,292,646.019749
63.005528,279,646.158187
80.032652,357,646.347777
61.206369,271,646.482016
87.101144,370,646.680172
79.368732,334,647.195896
62.566693,269,647.327911
94.491035,349,647.50735
87.745053,372,647.709054
47.514629,237,647.818777
84.047412,369,648.027527
82.296593,332,648.518751
63.694385,276,648.661069
88.803128,354,648.847205
70.575798,301,649.00727
58.591674,260,649.14125
82.822517,319,649.304462
72.328855,311,649.46084
41.514832,271,649.916849
70.107558,314,650.084612
72.258997,291,650.25822
70.635659,295,650.409273
85.958748,366,650.602288
81.2289,351,650.790406
68.74587,303,651.273389
73.148312,289,651.417465
90.037324,374,651.614286
49.037357,249,651.73157
62.230477,284,651.873012
44.416381,243,651.988403
31.793702,239,652.10052
70.682965,322,652.594644
62.217524,274,652.728857
59.595087,266,652.858539
86.183683,327,653.019663
57.994616,276,653.155761
94.82887,375,653.354266
42.060288,233,653.461913
41.21431,234,653.566218
67.372456,297,654.046413
71.034216,309,654.204083
63.987102,295,654.351456
47.605352,245,654.465108
41.613994,231,654.57138
70.685967,299,654.716958
45.169685,236,654.832901
98.570732,376,655.374221
82.551122,319,655.533594
70.793545,305,655.685516
63.841939,275,655.820288
47.426834,241,655.935773
104.19422,375,656.152639
66.203512,287,656.298754
45.7727,243,656.741285
62.362516,291,656.882213
133.898067,504,657.160846
86.421937,365,657.354478
69.567624,289,657.497705
57.270369,282,657.634584
74.09224,306,658.112893
84.725881,361,658.303636
52.034141,264,658.425974
86.225964,349,658.610732
66.090292,285,658.752957
56.853488,278,658.88747
49.568816,261,659.013838
54.339663,272,659.469807
115.831606,469,659.719202
81.08894,349,659.902188
65.268835,285,660.049986
55.117204,261,660.168881
82.123905,333,660.333806
69.025206,297,660.808274
112.650751,427,661.034311
99.176227,451,661.262164
64.924393,297,661.403715
93.572985,380,661.604388
97.734179,388,662.138708
43.06459,235,662.244674
86.569286,347,662.420349
99.604363,358,662.593738
75.399451,302,662.741776
69.211036,281,662.87889
87.076224,343,663.054829
62.573959,271,663.514721
83.781885,337,663.688417
79.96954,342,663.866847
112.392597,520,664.148015
61.847763,293,664.299141
112.500611,404,664.879145
43.401148,296,665.030854
61.250179,278,665.173801
70.999295,313,665.328968
60.87203,274,665.460914
70.936295,320,665.623569
81.284255,325,665.785279
76.567956,307,666.270145
84.023835,348,666.44237
50.561613,262,666.567621
101.93664,447,666.798585
36.407962,222,666.899519
42.24907,253,667.0209
103.885259,379,667.211459
38.789282,233,667.644867
82.595255,330,667.814447
67.725824,334,667.976247
107.541249,409,668.188701
40.746063,226,668.294079
54.370887,254,668.414971
60.752239,268,668.546482
87.308268,328,669.043094
64.842653,279,669.183187
159.901239,1128,669.820096
88.012381,492,670.441948
57.072723,251,670.564764
79.299455,346,670.738593
56.135343,263,670.862654
79.372364,329,671.034852
74.854087,331,671.202101
39.077435,223,671.301737
88.746158,336,671.804161
90.170993,386,672.012856
81.424554,335,672.189474
72.735611,324,672.348709
69.552953,320,672.504872
63.156194,280,672.647945
86.74765,359,673.168835
63.774295,293,673.316698
72.876509,322,673.478741
58.358714,267,673.610207
76.399172,300,673.761716
98.503469,362,673.943538
40.675359,226,674.051477
94.731862,548,674.680156
70.012968,323,674.84475
54.681534,334,675.01584
53.219027,281,675.158516
69.026517,296,675.306395
81.739776,459,675.910496
90.868815,354,676.092065
113.688953,492,676.355541
74.964644,332,676.525701
57.117502,253,676.651286
68.916515,343,676.82165
50.498208,245,677.269788
55.154919,260,677.396753
60.702002,263,677.524204
55.586285,255,677.640359
53.788978,261,677.762219
67.680092,321,677.924852
51.387113,278,678.059543
58.109044,262,678.188026
49.118883,264,678.638375
58.927222,273,678.768218
57.006753,264,678.89333
72.548675,326,679.065788
75.938784,316,679.2229
105.330227,531,679.496984
69.589031,298,679.971692
78.713376,311,680.134823
56.436605,259,680.263061
52.789196,267,680.391003
48.135216,243,680.505046
33.131229,264,680.633305
182.692217,1218,681.651966
112.043021,884,682.140664
63.759874,291,682.285583
54.613227,263,682.416032
74.901626,355,682.920229
51.566583,269,683.054632
180.644615,772,683.509857
41.389892,273,683.63975
66.617651,294,683.787985
36.254284,257,684.239717
102.439184,383,684.432762
51.566205,281,684.561127
81.842984,369,684.750701
55.096433,258,684.876144
65.502066,280,685.02264
142.488742,831,685.825103
91.756519,386,686.019488
50.813217,245,686.140233
47.374771,286,686.281574
62.071672,266,686.40669
97.254332,353,686.913887
41.505616,276,687.045085
106.178706,423,687.26684
89.91891,360,687.453328
82.651117,305,687.602518
61.121668,285,687.738043
49.341651,280,687.870178
55.785172,262,688.327677
73.535259,311,688.483808
67.999465,284,688.626591
86.355388,392,688.822783
121.132475,467,689.101455
74.470704,316,689.258003
123.227669,497,689.844735
47.261529,234,689.955164
106.107256,415,690.169782
134.336288,517,690.435694
85.356399,359,690.621123
60.488148,324,691.116139
107.104793,402,691.322959
62.824247,264,691.450074
115.002743,929,691.966415
122.410795,751,692.723207
87.00615,364,692.906457
82.971247,332,693.074775
66.542125,277,693.211381
34.168364,274,693.340607
57.067216,274,693.472455
61.466694,276,693.930672
150.164138,626,694.28256
79.458307,359,694.46848
73.580979,326,694.633405
47.753956,240,694.744629
77.753641,320,695.283442
74.474571,341,695.480512
53.99231,251,695.599876
52.806303,313,695.760609
87.073053,303,695.911864
81.029887,348,696.092747
101.620855,741,696.835448
96.731406,364,697.014602
130.300041,499,697.278017
79.003714,312,697.434571
45.578237,233,697.542175
130.748248,473,698.108023
74.258288,322,698.273487
122.254723,500,698.537728
72.275572,310,698.694463
40.322677,263,698.816035
120.949215,514,699.089216
73.220562,308,699.572975
71.183748,294,699.719126
49.638679,241,699.83093
134.950149,533,700.114771
50.947605,259,700.243112
97.884377,430,700.464912
87.783058,483,701.046349
64.016745,269,701.182696
52.717677,261,701.311063
71.806407,345,701.489353
89.230124,352,701.663724
150.802141,589,702.30426
102.793852,381,702.501306
48.923016,250,702.62187
52.105749,243,702.736525
81.468662,341,702.913073
74.933409,298,703.059447
93.758349,380,703.589446
51.47336,249,703.707494
86.828817,325,703.871482
88.645448,341,704.042264
56.961085,266,704.173091
91.233714,310,704.329222
65.578485,292,704.47288
79.116847,362,705.039481
136.733806,614,705.388886
93.755028,436,705.605201
163.329172,787,706.029445
70.310896,297,706.512246
45.238219,289,706.651139
48.393052,239,706.76453
137.416371,486,707.018881
116.712115,454,707.251553
76.534794,307,707.730047
84.166155,326,707.890696
64.433724,288,708.030503
56.544792,259,708.16014
82.247116,307,708.315841
34.688314,261,708.439648
121.847925,494,708.694312
52.633723,247,709.140475
44.681036,232,709.250755
144.021647,970,709.795282
92.159874,367,709.989303
69.673723,296,710.137117
82.317775,337,710.637717
75.947215,310,710.793491
80.615107,393,710.985843
51.727835,329,711.14984
100.840948,392,711.350619
97.242835,401,711.882132
77.511888,311,712.036949
112.74744,558,712.337367
57.370293,289,712.473402
89.506122,338,712.642417
106.495142,508,713.244423
48.586179,294,713.383451
135.114674,512,713.651638
116.422088,602,713.976461
29.921959,212,714.071644
108.392633,427,714.62712
65.09395,270,714.760979
82.736107,317,714.930341
175.196213,752,715.385012
92.385584,325,715.5616
57.567683,259,715.696165
65.271694,272,716.186197
54.254287,252,716.312009
40.019445,224,716.414474
141.565573,505,716.675008
70.882813,297,716.820617
124.855904,709,717.543456
44.853656,230,717.650034
87.827257,327,717.814061
149.450365,757,718.233268
80.044662,309,718.382309
150.598587,583,719.05776
137.094812,564,719.359351
75.309193,301,719.50614
65.727576,278,719.640123
95.744436,360,719.825448
82.413735,375,720.346878
109.271996,401,720.553777
46.432376,236,720.662279
67.905034,274,720.797401
111.011476,698,721.169877
91.29646,347,721.667248
71.978287,286,721.803962
63.93897,270,721.932742
66.391608,276,722.063022
45.556119,233,722.17161
95.567636,366,722.363421
48.058119,241,722.474244
150.807744,1029,723.38254
55.564218,252,723.501246
64.372021,277,723.641683
83.948587,340,723.814395
75.334377,297,723.960524
89.701322,348,724.47782
68.169512,276,724.614937
53.885521,253,724.73395
93.360174,358,724.921338
59.685718,260,725.048067
152.335054,789,725.811205
62.860044,275,725.975438
73.275407,291,726.117377
55.40575,310,726.273216
61.916137,264,726.403035
73.234431,295,726.548325
128.72351,781,727.318786
62.942822,266,727.449075
163.365092,611,727.775526
88.351212,370,727.960398
87.349296,364,728.148603
82.036797,343,728.656205
143.301481,625,729.002393
86.038685,361,729.190478
94.865847,385,729.398326
53.968435,257,729.51951
144.543046,633,730.186792
93.474381,329,730.355551
77.360511,425,730.575492
66.506574,282,730.718398
55.066678,261,730.846625
78.502236,357,731.032663
76.55071,303,731.517211
83.492342,307,731.668174
63.85657,265,731.797301
133.020207,594,732.12131
58.750668,262,732.244213
65.194833,284,732.38776
58.782828,257,732.838853
58.283694,260,732.967071
55.134261,275,733.096987
25.338963,227,733.200683
95.100289,337,733.375211
57.833714,273,733.505125
91.678156,380,733.702969
73.881316,299,734.215421
47.167375,239,734.330633
41.436307,224,734.435801
54.87572,254,734.55438
124.856429,449,734.796878
67.759073,272,734.936774
66.122694,271,735.071718
72.940327,292,735.548958
55.737217,256,735.6746
116.879001,472,735.929939
62.380735,293,736.077623
72.814693,314,736.232199
67.764198,297,736.384872
55.882983,255,736.512528
121.854705,402,737.051635
68.737297,296,737.197477
62.163346,282,737.33614
51.040912,258,737.458697
45.144256,236,737.567694
59.669996,261,737.691705
67.382594,273,737.819275
43.318729,228,738.250899
49.149717,245,738.368759
65.851686,272,738.502421
100.273226,376,738.695321
96.202601,357,738.877344
88.689081,353,739.057704
61.400719,259,739.183674
48.114162,250,739.670195
85.416239,333,739.838118
151.718746,559,740.132532
55.973852,248,740.251373
53.277287,266,740.381614
100.554359,367,740.564915
60.499674,272,741.021634
67.05228,270,741.153969
63.515093,262,741.281361
87.293474,379,741.476865
59.166834,259,741.60219
39.658159,224,741.70478
95.619227,370,741.897569
54.90552,268,742.354576
75.860601,321,742.514668
48.63264,243,742.6283
42.455016,243,742.741786
26.048955,226,742.843495
25.161871,238,742.957632
59.529825,259,743.082578
169.750523,856,743.881382
48.575973,268,744.010927
51.556661,279,744.142529
77.685329,300,744.287506
80.378561,314,744.446936
65.322381,263,744.574944
56.372154,261,745.079983
75.5412,325,745.247799
83.860389,376,745.442268
33.130836,240,745.551744
37.011045,263,745.678762
63.326184,282,745.816533
63.646335,261,745.942146
79.998428,304,746.424806
77.027718,336,746.593691
26.450474,228,746.702044
47.588845,249,746.822544
57.135275,265,746.952577
88.511342,358,747.133157
93.997911,385,747.327446
45.725534,234,747.768303
68.368591,276,747.899854
124.644164,454,748.134698
107.322958,389,748.33399
149.506727,562,748.6372
42.367674,254,749.079619
37.828193,222,749.181114
86.05178,402,749.391485
60.966484,263,749.518886
147.18634,534,749.795256
63.092991,318,749.990825
59.797115,265,750.121238
62.755284,271,750.586619
83.20201,306,750.742158
40.808667,226,750.845921
42.731081,234,750.953751
38.963743,233,751.060922
57.294033,256,751.183148
32.838438,217,751.28107
57.797259,265,751.408989
51.410627,248,751.854628
60.36657,266,751.984328
75.209691,295,752.130307
72.622277,320,752.292761
57.243425,250,752.417492
54.338943,279,752.550716
46.773818,235,752.661582
150.04647,524,753.262311
66.419796,278,753.399833
87.138072,305,753.550313
73.86102,284,753.689492
36.627571,221,753.791585
52.985517,250,753.908627
115.286752,386,754.106621
69.650891,276,754.585862
50.764046,243,754.704282
76.269692,297,754.855352
54.753073,249,754.978219
116.224926,403,755.229685
55.188517,266,755.362135
69.104433,279,755.505224
47.893384,239,755.945811
49.855797,252,756.066405
52.784274,251,756.187037
75.124245,288,756.32963
39.926982,223,756.437276
40.399422,224,756.541169
59.303723,262,756.671921
42.607088,235,756.778187
48.234605,296,757.253437
47.264934,244,757.371268
90.104686,333,757.543704
63.659304,287,757.684566
54.565458,264,757.80896
49.991886,246,757.920524
78.506043,341,758.092287
110.36688,453,758.662288
91.2246,376,758.853046
41.338102,257,758.975707
59.415658,263,759.104685
102.638003,375,759.296808
57.493292,262,759.424374
42.647414,243,759.861431
90.921946,349,760.043323
45.192835,245,760.155602
58.689978,271,760.284767
62.069406,279,760.423525
135.113612,501,760.682808
57.303427,258,760.809318
68.702406,303,761.287498
79.604328,299,761.438519
60.259366,271,761.569063
49.392875,307,761.713616
67.095179,298,761.861865
47.212507,257,761.984611
51.304387,242,762.097382
43.892029,227,762.534199
73.723789,297,762.683238
58.382058,262,762.811297
59.561864,274,762.941954
49.886007,247,763.058437
51.976074,262,763.18265
46.740885,237,763.291752
150.846482,1024,764.20036
99.400671,378,764.397421
104.663323,370,764.588169
52.620665,253,764.713216
46.758115,246,764.827962
79.801722,321,765.332517
175.555414,666,765.699594
68.315767,283,765.837227
104.046729,747,766.293378
102.363608,370,766.808937
86.663664,325,766.974699
79.413295,294,767.124883
39.644985,225,767.22693
74.798968,302,767.371198
50.859055,269,767.505822
65.963322,270,767.63884
47.90556,240,768.084536
76.302203,329,768.250101
42.21101,235,768.357353
62.262541,273,768.493044
77.098848,345,768.674255
54.35117,278,768.803203
114.882223,502,769.066559
73.950361,298,769.539739
77.338745,451,769.76681
41.867308,259,769.889541
81.678998,326,770.055483
39.013597,240,770.164243
91.996191,322,770.323347
37.923945,227,770.42339
132.399182,464,770.999983
49.063133,240,771.114314
132.328579,1130,771.745728
41.819435,243,772.185318
41.180573,224,772.288228
92.023189,377,772.484052
169.926267,788,772.921976
66.115176,285,773.061402
50.379,246,773.176888
102.427147,376,773.706508
51.436982,262,773.830486
57.972755,262,773.955239
75.910703,297,774.150093
39.53334,226,774.252719
54.775261,264,774.380816
45.740291,242,774.498029
38.542317,218,774.598208
45.061805,234,775.048184
81.457173,323,775.219197
93.480551,363,775.407772
113.207496,811,775.867321
52.107958,244,775.986575
129.472964,728,776.722646
65.358293,278,776.858671
157.460572,525,777.140756
79.341683,335,777.307739
95.993269,357,777.822718
39.392224,232,777.928626
80.371866,321,778.088109
71.298868,311,778.245545
47.257036,240,778.355791
81.856526,335,778.526182
78.615842,338,778.705177
40.431957,222,779.13294
60.728888,314,779.327302
71.295726,299,779.480024
55.896452,252,779.603792
67.829617,289,779.748563
149.193116,1039,780.647832
100.173965,596,780.967178
59.661687,258,781.087337
49.023593,237,781.201071
90.955329,315,781.360241
61.635125,280,781.500896
117.97259,452,782.079038
83.532041,322,782.242238
100.279463,382,782.444017
141.129679,515,782.719531
47.29346,232,782.825585
111.856183,417,783.37383
51.615199,260,783.496978
113.560718,392,783.704601
52.933228,308,783.848417
65.647929,273,783.979255
93.77527,342,784.158692
108.106197,388,784.700445
106.534476,670,785.112446
91.837813,344,785.293874
76.201888,296,785.440073
50.25904,250,785.560066
97.722599,368,785.746622
78.850275,303,786.220387
79.331478,305,786.376019
69.873666,307,786.525989
70.241082,289,786.671963
53.045941,249,786.793596
84.119265,329,786.963924
86.505198,340,787.143609
110.720485,372,787.662627
90.120332,331,787.83457
88.885803,350,788.012801
72.230452,300,788.162385
68.554056,286,788.298857
134.116058,734,789.01961
49.629656,270,789.14943
92.274299,342,789.328191
49.034876,254,789.450705
74.489967,291,789.598387
71.483197,288,789.76803
73.296685,294,789.916893
63.358037,275,790.376328
45.941613,238,790.486421
75.793583,316,790.64852
50.045692,248,790.765634
88.366679,349,790.945834
131.722619,751,791.690466
109.556645,403,791.918798
81.692538,330,792.089978
51.964824,247,792.208486
68.220691,287,792.350214
84.081485,360,792.54079
87.017656,357,793.06184
76.929051,307,793.222251
71.149255,292,793.366934
64.952507,292,793.517266
69.794455,284,793.658239
43.118043,236,793.767775
45.822672,242,793.883885
54.041511,261,794.006273
87.81479,339,794.509617
75.231512,328,794.674436
120.296425,483,794.965448
52.48339,272,795.106022
67.025308,306,795.264984
58.088048,269,795.398814
137.477177,483,795.99233
81.315126,310,796.149018
74.439442,300,796.302176
71.586903,293,796.450533
102.309371,410,796.673274
27.198822,225,796.774333
82.440127,308,797.256017
64.554005,354,797.436623
51.086236,268,797.570544
51.762118,271,797.712163
89.936532,365,797.910875
67.266516,324,798.081888
65.605617,287,798.224636
67.674736,304,798.710598
86.626479,338,798.889622
74.423267,302,799.042378
98.564342,366,799.239347
78.697424,330,799.410784
41.721581,230,799.522364
28.836787,231,799.961763
87.655515,320,800.127039
72.921309,292,800.27145
82.041223,312,800.426393
81.190428,336,800.60157
60.578454,275,800.735529
45.837215,294,800.880864
97.148516,358,801.399857
57.492374,288,801.541444
79.54773,407,801.758086
113.418288,440,801.994127
70.967968,303,802.144869
52.789721,273,802.27217
65.658891,279,802.739761
55.813001,315,802.899624
108.616086,412,803.11656
100.39106,337,803.29359
62.207226,307,803.448724
95.043606,344,803.628234
63.523301,288,804.095655
98.015929,362,804.284463
62.439447,276,804.418179
71.651602,296,804.56501
95.226708,332,804.736438
85.156384,318,804.937478
49.835724,254,805.064239
39.003821,250,805.517295
39.053779,251,805.640406
69.312206,294,805.787907
83.264269,309,805.944878
68.385646,287,806.090156
95.902087,369,806.285012
80.47225,306,806.439168
42.220508,233,806.879279
46.197828,239,806.99214
71.387855,290,807.134308
43.683352,242,807.247806
81.695164,319,807.413329
57.187159,281,807.549738
76.386739,303,807.702878
96.658349,354,808.20567
46.473326,259,808.3302
54.825891,298,808.477893
51.511112,255,808.602023
101.848364,354,808.791754
48.419745,255,808.915234
86.37226,356,809.105195
81.444589,332,809.601401
109.958029,549,809.893943
40.683799,264,810.01948
106.348972,369,810.211766
65.417095,284,810.354522
60.115097,289,810.499245
74.634147,293,810.981345
30.842261,239,811.088275
129.259541,451,811.324639
70.908723,293,811.466476
54.977412,258,811.591559
69.799986,325,811.761333
80.916454,342,811.933813
131.641918,497,812.514381
76.6397,293,812.666025
102.291556,469,812.90709
101.27923,399,813.106654
31.806604,236,813.212292
39.798962,234,813.644817
51.03668,252,813.767331
98.05854,370,813.954896
79.830722,304,814.10828
87.10557,342,814.283304
27.680938,225,814.38362
127.442817,427,814.625368
36.5662,231,815.124442
83.467108,319,815.290652
81.666285,329,815.458984
75.003716,305,815.613036
134.416687,483,815.86781
80.269303,335,816.039302
84.276666,350,816.548206
44.590885,239,816.656467
66.899056,277,816.795013
59.519752,273,816.929671
43.507136,252,817.046256
64.046001,326,817.215637
94.894048,341,817.396033
126.649506,466,817.975234
87.281653,438,818.206335
83.796162,314,818.367517
46.750519,254,818.489499
79.552206,297,818.641165
41.792397,237,818.753344
158.125351,667,819.439861
74.607176,290,819.583517
50.855358,261,819.711116
69.372916,288,819.856436
178.994265,765,820.591515
88.400204,339,820.768982
78.080275,303,820.917815
87.827023,337,821.092468
45.611404,240,821.206278
37.281029,237,821.313277
98.243445,351,821.49366
61.482663,279,821.958907
104.027637,535,822.236919
56.416369,327,822.394041
86.816456,343,822.571697
52.404102,276,822.708736
45.294473,268,822.836448
74.008006,283,823.29908
39.312194,229,823.402562
63.787594,275,823.538786
130.965812,487,823.793511
77.445538,303,823.944319
64.501693,260,824.063418
87.265663,430,824.608111
33.285845,250,824.721822
72.101869,312,824.911278
61.652941,271,825.038108
96.057025,419,825.255462
105.081253,394,825.455762
70.344486,294,825.597849
45.498928,248,826.046878
57.899997,301,826.186415
73.94321,285,826.318021
40.542697,226,826.422981
51.272649,268,826.551845
57.081919,267,826.682622
76.824341,366,826.872853
68.155141,302,827.358446
126.630759,691,827.724721
16.136748,194,827.807553
27.453351,246,827.919625
135.099337,754,828.32608
85.232729,342,828.829501
38.122366,225,828.931384
140.033406,524,829.203812
143.390584,542,829.483838
57.976597,321,829.636142
24.739709,243,830.079208
137.989999,493,830.339259
88.470278,346,830.551068
26.17823,230,830.657868
77.962159,295,830.811046
156.739504,783,831.577329
62.663877,280,831.709889
36.779075,220,831.81272
85.991781,337,831.981889
85.655176,335,832.156975
71.955059,377,832.350136
123.349143,494,832.942317
50.824593,261,833.06784
65.281258,278,833.205502
166.782305,825,833.649695
40.311782,252,833.771376
47.019616,254,834.215154
39.095096,252,834.333241
166.208204,1036,834.927238
60.923654,287,835.073616
42.535206,232,835.185587
78.184225,319,835.678428
99.79134,348,835.882334
39.229881,252,836.001936
43.180885,227,836.105692
71.468429,317,836.270034
69.596229,300,836.418383
55.835,290,836.560553
181.123147,619,837.259214
44.288488,270,837.383856
72.506778,282,837.521474
148.288499,530,837.811713
20.961014,235,837.917475
128.378005,477,838.495216
86.183885,332,838.663787
91.922503,336,838.835264
68.267824,291,838.981902
83.587285,333,839.148083
31.753139,245,839.26041
69.921897,284,839.402892
43.494349,268,839.857907
65.397748,294,840.003587
99.323767,352,840.186239
78.311319,295,840.335077
89.818849,343,840.511463
65.685714,285,840.645977
94.73729,345,841.152378
57.318618,272,841.281954
98.565148,658,841.62748
135.261821,532,841.918869
27.522325,254,842.037169
97.160982,442,842.592406
81.848465,345,842.775085
104.783206,346,842.952292
32.535517,218,843.048992
74.439703,297,843.199953
71.448125,286,843.339932
50.277031,254,843.462575
49.246235,280,843.919778
65.827864,293,844.065649
162.485972,609,844.409955
54.730592,261,844.543131
61.392489,263,844.676146
73.935207,288,844.811388
81.169588,307,845.313006
69.929704,288,845.456716
86.954544,455,845.700876
96.164577,414,845.914338
38.043539,232,846.01936
137.586005,813,846.82513
34.212329,225,846.931711
61.957243,265,847.061622
69.658682,304,847.216082
62.7784,272,847.353782
66.970652,287,847.500184
72.766715,293,847.648747
73.283131,303,848.137682
55.009202,272,848.268268
122.974236,421,848.49118
87.791469,315,848.651942
80.989073,339,848.821373
90.910988,369,849.012099
80.63787,313,849.499044
167.164435,789,849.942056
183.062086,703,850.306499
73.115766,291,850.453855
67.162043,271,850.915988
54.395986,276,851.051016
76.305032,327,851.22262
31.66245,227,851.323298
80.385067,308,851.47768
89.9844,338,851.653452
73.039606,286,851.797307
99.616115,351,852.309486
151.034255,944,852.884511
26.014381,254,853.001173
96.095284,360,853.184129
95.523106,348,853.690091
67.47919,270,853.825524
115.87984,487,854.103813
84.712629,336,854.27495
98.554077,370,854.467157
73.65907,321,854.634049
82.625784,337,855.188915
72.227552,282,855.330225
49.902275,246,855.44404
62.36777,279,855.578274
82.018747,418,855.790412
55.17812,251,855.913736
63.855445,278,856.048762
29.113242,233,856.480888
134.38973,509,856.757186
63.374344,280,856.895935
87.438046,336,857.072024
124.505912,576,857.3849
76.41864,296,857.861198
108.337644,487,858.122824
79.80756,414,858.335646
35.494457,232,858.444653
83.769427,324,858.614345
222.830049,832,859.404721
67.03686,291,859.547588
70.89459,302,859.700536
76.128431,395,859.911933
83.078707,332,860.089938
37.161235,219,860.189508
47.865855,240,860.629385
57.73318,257,860.758244
73.584276,296,860.911043
74.48775,284,861.056441
123.143221,458,861.303389
86.377673,339,861.482461
30.429454,225,861.584564
108.333952,388,862.121127
31.318405,247,862.234836
96.047778,361,862.423413
32.904208,245,862.535879
81.604782,338,862.70579
70.195727,281,862.847088
77.943424,323,863.339292
65.190369,309,863.4929
97.059968,587,863.820245
59.420041,257,863.950114
93.807519,395,864.160032
82.669133,307,864.31253
68.308062,312,864.796568
79.827193,313,864.967166
137.383278,493,865.240526
87.572339,340,865.417456
70.50292,280,865.557616
76.842828,317,865.720369
82.743088,325,866.217414
128.304126,479,866.487392
89.669525,337,866.667612
72.216918,297,866.825169
67.659337,280,866.968846
108.403832,374,867.172519
60.43892,353,867.684437
35.153418,248,867.802291
110.416685,379,868.000402
178.582812,632,868.347228
87.290585,316,868.505969
67.943734,283,868.980655
156.479526,770,869.42424
52.209724,260,869.553984
51.615926,243,869.670825
79.340145,300,869.82051
74.633954,309,869.980618
52.745256,249,870.460863
84.247408,335,870.63657
64.365264,277,870.768282
52.765796,260,870.891587
77.898442,308,871.052168
62.593976,273,871.190937
67.765692,284,871.329888
137.964197,666,872.01768
144.976569,489,872.289951
17.408176,221,872.389274
84.727731,332,872.565735
69.790597,314,872.730182
48.300193,266,873.190463
45.982668,237,873.300599
93.106903,333,873.470892
76.107285,302,873.628135
84.915069,316,873.795849
79.144641,319,873.968777
63.204741,270,874.10066
67.175617,293,874.585258
79.334476,315,874.758222
270.775423,1413,875.585782
88.617056,379,876.128815
143.780692,693,876.536079
48.987581,284,876.677478
88.588615,340,876.852376
48.079385,280,876.995888
107.090382,366,877.522528
205.326436,959,878.094538
96.611717,333,878.265891
41.245282,227,878.371502
81.170176,305,878.524285
137.766757,658,879.220373
64.942859,272,879.355764
42.396523,265,879.483896
87.745932,317,879.649923
34.950356,248,879.768313
75.795588,334,879.940786
70.377375,310,880.427986
59.154394,261,880.55442
38.99463,288,880.694481
21.026965,229,880.799254
67.913118,286,880.93863
81.811588,333,881.107687
95.60196,361,881.29513
47.450927,263,881.750455
68.789574,299,881.893778
64.448615,282,882.038025
48.990004,267,882.167815
77.064243,302,882.31883
93.413893,355,882.503493
47.651436,240,882.615659
71.165524,298,883.101837
49.194785,246,883.215904
86.869751,315,883.373199
50.877914,251,883.494223
69.252163,314,883.659759
100.462863,356,883.847057
85.344039,328,884.047335
62.843217,282,884.510931
87.221857,314,884.671961
112.138888,398,884.890694
71.034744,303,885.055878
77.886502,328,885.235229
87.901762,314,885.393092
55.66875,256,885.84172
62.293312,312,885.99404
82.003473,327,886.164122
50.156855,260,886.290922
91.350777,353,886.477884
76.940106,294,886.621823
322.026406,1691,887.920008
51.380514,254,888.046536
71.265635,293,888.193724
93.994815,355,888.695973
76.684716,301,888.84651
64.460729,309,889.00346
114.46885,377,889.199851
67.303544,289,889.373117
110.599505,385,889.581645
65.046027,299,889.737444
81.132316,330,890.237351
55.185314,257,890.359965
310.690106,1122,891.010557
46.887483,306,891.167802
104.222719,366,891.684318
115.599888,372,891.880159
26.393301,247,891.993172
81.548776,318,892.164245
97.287181,381,892.36486
101.228508,375,892.562415
79.057588,337,893.066162
57.426711,256,893.189035
73.849864,289,893.331707
131.970044,457,893.5768
75.914426,327,893.737908
68.220824,309,893.895354
63.191773,302,894.374942
89.500809,321,894.537515
100.90327,354,894.719767
114.563692,703,895.159902
113.369625,412,895.375647
81.989973,313,895.86178
61.591565,268,895.989774
74.765665,288,896.133963
303.611779,1100,896.757845
67.855566,278,897.231795
151.021138,492,897.498047
73.791781,308,897.654348
275.739567,1081,898.257145
201.392473,912,899.093909
388.058185,1689,900.442979
206.482826,928,900.973771
61.402953,318,901.136839
122.039821,538,901.748623
38.254188,222,901.850039
214.692601,931,902.381507
28.823984,228,902.486544
68.396528,273,902.62158
59.321911,262,903.073671
63.173265,270,903.210815
28.537373,231,903.317713
66.92531,276,903.458356
125.42207,682,903.845047
69.327197,280,903.976194
257.344618,1025,904.942714
87.202887,325,905.123588
200.874266,804,905.570628
42.443087,338,906.072095
50.010675,246,906.193132
172.39626,706,906.606986
84.114358,327,906.778456
81.17723,316,906.939769
38.195132,231,907.37708
76.872724,341,907.553532
153.833293,541,907.857966
122.805943,439,908.086126
172.886517,591,908.396963
128.443073,499,909.003284
130.480808,472,909.248583
90.63142,341,909.429079
515.383772,1883,910.89074
53.617343,251,911.011854
201.004299,812,911.805965
39.220296,251,911.927981
54.84375,257,912.053737
291.157887,1112,912.692382
33.164978,287,912.834862
95.528637,371,913.358811
189.529619,905,913.865048
39.866618,222,913.966598
63.086423,303,914.119451
67.765793,285,914.262189
118.903412,525,914.883249
76.191924,307,915.051774
202.829377,1151,915.726278
68.072641,277,916.233523
357.507921,1699,917.24075
218.798044,1182,918.232113
49.847172,314,918.402463
68.210509,299,918.547699
78.564062,330,918.72161
383.846442,1804,920.085763
125.742973,481,920.679944
149.802119,514,920.965357
47.80918,254,921.080377
84.10853,308,921.237296
50.353787,301,921.389579
84.277834,315,921.552007
61.748185,267,922.005583
65.991233,297,922.158111
79.959359,325,922.334029
118.296527,521,922.635748
107.095926,361,922.856144
74.04535,308,923.017084
73.754349,300,923.506464
71.45122,302,923.664219
188.141993,657,924.024942
57.131257,250,924.14809
116.100297,376,924.353791
166.954866,559,925.006324
66.262503,274,925.147746
36.453165,221,925.250233
78.865856,318,925.421879
49.226214,280,925.560242
63.390737,291,925.704165
77.158988,302,925.855329
29.294681,225,926.291015
62.390122,271,926.42569
101.312439,343,926.603567
59.15725,265,926.731967
45.665375,247,926.848294
62.423994,257,926.973458
110.064174,376,927.166995
78.360357,291,927.64534
64.257312,294,927.793658
73.823075,304,927.933871
70.5853,280,928.071276
90.526864,344,928.291735
71.971231,348,928.476755
62.482172,266,928.609602
58.588856,256,929.061073
64.937652,267,929.191937
88.103887,453,929.44645
71.652972,318,929.610519
335.579177,1443,930.773506
81.455966,309,930.934967
75.132354,300,931.087262
92.809482,405,931.308781
71.910317,322,931.475392
68.886007,299,931.958932
95.169146,553,932.268659
87.128621,328,932.446212
26.554546,238,932.558234
145.892874,536,932.854676
186.423759,926,933.699645
58.74393,292,933.846764
246.546783,1094,934.812812
30.247177,226,934.924156
94.464757,321,935.092828
80.904486,326,935.264777
120.514953,447,935.512624
213.30512,1002,936.40322
37.502749,246,936.521337
59.954305,261,936.64847
197.751082,762,937.065028
89.232527,343,937.243835
97.53238,389,937.785561
76.535397,311,937.946687
72.336721,283,938.085781
55.810707,306,938.240233
66.276861,292,938.39098
49.255363,246,938.512171
70.63313,274,938.646907
75.43162,313,939.128874
69.140143,279,939.299071
212.332341,867,939.78727
144.035939,533,940.083936
172.458955,623,940.763293
82.170574,317,940.926149
62.303624,266,941.057982
123.223163,405,941.265501
80.230279,306,941.423404
43.982228,250,941.544841
64.990857,262,941.995899
30.882931,245,942.11026
59.184964,265,942.236177
153.767803,642,942.599453
93.815509,339,942.777225
65.788569,276,942.911074
59.41329,262,943.360849
62.802394,312,943.528859
114.156499,407,943.750969
135.466757,616,944.095002
92.13724,332,944.268854
90.561907,337,944.811095
69.477472,303,944.969176
128.270779,472,945.234034
47.369717,247,945.351504
62.601491,267,945.485026
62.369695,260,945.608908
55.873503,250,945.727301
48.179654,247,946.170259
75.918987,343,946.352338
172.458207,612,946.692945
75.85016,313,946.853671
96.749004,336,947.030875
73.175604,328,947.539625
85.191739,373,947.736658
55.869359,259,947.862729
65.00063,278,947.993825
91.602771,341,948.172285
352.051082,1418,949.308667
48.842829,251,949.426674
58.4262,263,949.559167
58.707037,263,949.683027
103.751416,366,949.911033
48.840679,241,950.355565
169.889992,640,950.706213
78.028542,292,950.851015
79.107958,317,951.007092
50.174421,251,951.12581
57.161235,260,951.254256
82.470661,312,951.739569
62.858191,265,951.871612
106.809371,469,952.137407
107.328417,440,952.375469
172.24692,626,952.731444
57.849916,259,953.181859
63.767579,276,953.317762
65.424497,270,953.45071
184.702684,719,953.850428
46.93218,240,953.963981
69.102843,287,954.1025
72.699796,298,954.581185
134.089996,459,954.824928
66.63257,281,954.969863
74.32326,296,955.123813
55.317361,258,955.292831
106.003647,374,955.503533
90.88451,387,956.081178
182.644647,836,956.540983
74.485199,283,956.691805
77.158295,303,956.855725
81.599489,384,957.06678
81.74208,318,957.563833
79.646576,306,957.717661
67.622788,300,957.868421
271.615721,989,958.412202
60.499688,265,958.540184
66.380876,281,959.008169
71.951355,285,959.148806
65.246629,270,959.282071
57.716861,291,959.417828
83.17469,408,959.630369
135.004797,492,959.886813
43.392649,264,960.338805
35.544647,217,960.435349
39.593034,228,960.538987
69.565789,335,960.712186
68.036187,334,960.887071
209.927997,856,961.716571
83.611563,311,961.871485
101.796673,435,962.091018
91.343981,340,962.265719
112.908025,381,962.460644
71.186828,293,962.610361
42.213772,235,963.045507
75.656221,337,963.217872
81.049395,307,963.371981
65.038601,265,963.494856
66.647364,281,963.64078
126.435905,411,963.856842
66.564891,272,963.989265
72.725841,285,964.460521
71.019178,312,964.621609
47.427731,247,964.747975
78.873146,321,964.960548
48.550465,287,965.113201
99.278473,378,965.322646
82.798773,301,965.80735
65.933956,313,965.968727
60.758561,271,966.092289
86.397929,342,966.273063
112.527478,470,966.534292
52.710748,251,966.660001
28.832827,235,966.775326
46.09162,266,967.233796
37.467738,252,967.350469
82.632943,313,967.509948
79.867881,307,967.668075
89.797821,334,967.843488
137.680849,480,968.110927
66.098714,272,968.569626
95.911215,429,968.798103
97.552338,356,968.982506
79.582737,300,969.135623
78.340239,356,969.328998
122.243608,522,969.604351
59.277218,342,970.108898
73.79265,318,970.27244
101.588635,465,970.516707
94.911717,377,970.728503
117.685705,388,970.934784
359.641565,1476,972.131609
71.350885,281,972.27112
100.157513,355,972.458012
78.629366,298,972.936981
165.120381,603,973.257786
102.835597,348,973.434733
73.301008,353,973.621845
86.002986,481,973.887451
111.82486,394,974.424011
62.008442,262,974.553465
126.050531,549,974.861436
119.119437,407,975.09195
67.880805,281,975.238455
81.077943,318,975.730434
94.856513,409,975.94805
69.424827,364,976.13752
46.711648,243,976.248173
210.170579,699,976.633544
76.079175,300,976.791674
265.714105,873,977.619869
36.782137,234,977.730681
103.287158,395,977.938076
45.945568,246,978.053688
71.488593,273,978.180967
219.835236,756,978.9748
45.36316,290,979.117151
64.172155,295,979.264286
96.689493,338,979.431012
48.736607,245,979.543375
228.316336,1004,980.459869
80.139317,304,980.608197
26.092835,235,980.718911
36.544236,221,980.820374
95.365386,384,981.020251
75.400198,319,981.515258
74.203291,300,981.657966
67.216542,268,981.788821
180.459324,656,982.157947
348.701991,1208,983.17663
62.759236,262,983.30004
48.538208,261,983.422709
111.384599,401,983.629653
73.487546,297,983.784781
60.15388,265,984.238155
63.40798,269,984.366084
61.98835,300,984.510077
52.401804,259,984.632987
70.343812,323,984.798147
130.045573,475,985.04894
259.723897,1007,985.999986
112.909289,474,986.248046
216.59017,755,986.657844
126.176681,481,987.248858
74.069732,292,987.395019
200.490473,700,987.775938
67.347284,347,987.951501
90.782701,375,988.471572
100.991472,351,988.65543
74.935982,289,988.792215
67.615861,283,988.933916
101.202059,356,989.116768
107.39034,409,989.323751
82.358863,302,989.473307
102.363463,365,989.988302
56.225949,265,990.115167
98.125854,348,990.292157
61.350962,338,990.464532
97.774887,350,990.646934
165.844442,589,991.296715
55.461304,252,991.414136
222.526146,842,991.890702
168.510775,599,992.217923
60.795707,344,992.725535
205.194352,899,993.259678
84.966423,356,993.438057
67.114209,282,993.577633
84.560896,333,993.750465
72.640401,279,994.217393
162.279505,607,994.581599
73.010537,315,994.744328
44.679279,232,994.866779
68.33455,290,995.016778
135.388558,513,995.622027
139.387016,536,995.926321
72.600616,283,996.062207
71.083562,283,996.201792
101.362429,380,996.397809
120.278513,513,997.017208
69.994922,283,997.153504
129.003534,483,997.416916
73.365862,282,997.55545
52.538589,254,997.67378
53.761504,261,997.79483
79.837582,299,997.950565
131.81358,516,998.553422
70.994653,285,998.687951
112.415383,469,998.941598
129.919217,642,999.291775
97.02079,397,999.826529
56.812559,272,999.961512
157.306969,536,1000.279722
44.287769,273,1000.4069
63.156909,280,1000.548001
105.644766,381,1000.742806
60.583169,261,1001.19906
133.106351,590,1001.510678
135.312991,455,1001.75276
78.459893,315,1001.904688
42.137222,240,1002.024544
66.247914,316,1002.181012
248.451415,923,1003.008012
34.472956,254,1003.128117
90.582845,399,1003.33645
56.625446,257,1003.458095
43.304434,286,1003.928206
59.65797,326,1004.096956
41.910035,247,1004.208236
185.272757,601,1004.532633
68.677379,284,1004.67214
87.920733,480,1004.927389
150.471606,708,1005.686913
57.603481,283,1005.82305
132.331151,454,1006.058922
56.763856,251,1006.176026
253.257686,919,1007.006272
99.947216,399,1007.205415
79.158543,302,1007.360932
73.983246,285,1007.495762
86.255767,322,1007.655329
212.109773,826,1008.429912
66.432513,330,1008.597907
171.630248,657,1008.95527
231.727244,867,1009.755603
95.700735,405,1009.968824
91.508159,320,1010.132916
175.975984,651,1010.494163
50.968293,257,1010.6143
65.822995,282,1011.080201
147.18652,491,1011.343182
161.877162,745,1011.757839
60.996111,269,1011.887237
33.117606,259,1012.012833
226.682938,873,1012.804593
168.717861,666,1013.168388
47.641308,279,1013.307708
86.596632,315,1013.821099
72.026963,298,1013.968296
85.452439,344,1014.148631
27.382232,216,1014.24604
69.381734,294,1014.385428
96.280898,391,1014.58745
36.594083,246,1014.698001
207.495576,755,1015.46619
90.884032,343,1015.643961
75.974935,290,1015.783966
65.246716,282,1015.918842
69.894391,276,1016.053063
57.155355,280,1016.514199
62.356359,290,1016.655426
67.853151,387,1016.849802
68.301765,280,1016.986153
46.452574,248,1017.105682
58.157496,258,1017.228728
60.562381,316,1017.384944
65.71022,270,1017.845073
60.032621,269,1017.972717
49.463224,249,1018.090217
40.577614,231,1018.199212
102.977011,366,1018.387425
60.869159,260,1018.508295
65.32194,270,1018.633999
76.610595,314,1018.795332
137.46659,458,1019.40481
79.262564,296,1019.552283
72.937493,359,1019.727799
90.123312,319,1019.883685
109.930847,390,1020.085285
65.647729,274,1020.224572
46.215903,239,1020.659819
69.280675,288,1020.798677
66.926738,274,1020.92746
60.470609,278,1021.060408
57.178674,335,1021.236524
68.359028,273,1021.370649
46.404902,245,1021.48429
61.662123,272,1021.93573
247.369722,852,1022.408692
76.358059,316,1022.56598
49.430762,241,1022.677526
80.378033,299,1022.827824
58.499465,269,1023.283766
74.82729,294,1023.425389
94.380045,357,1023.607005
92.528213,328,1023.772648
95.04143,342,1023.951323
102.300995,352,1024.136799
75.933388,291,1024.285952
126.428147,496,1024.932408
68.845894,290,1025.079836
95.403997,360,1025.273137
78.319389,325,1025.437887
74.845662,325,1025.599292
114.213047,387,1026.138227
43.990928,235,1026.247945
91.981087,366,1026.43614
45.83909,249,1026.551741
81.549989,298,1026.696609
148.672474,568,1027.008806
179.736617,605,1027.670751
56.330414,280,1027.804628
64.643989,272,1027.932022
111.838858,375,1028.126329
79.658503,317,1028.286964
64.012194,290,1028.43196
86.64329,315,1028.915242
148.406625,491,1029.177144
87.654418,351,1029.355491
223.057317,846,1029.815665
81.93577,349,1030.325699
67.729668,289,1030.468102
64.747337,289,1030.606933
76.017736,350,1030.789675
205.678598,739,1031.235571
64.288332,270,1031.689921
58.874742,262,1031.817054
77.228192,311,1032.013005
69.302124,276,1032.146041
78.289971,291,1032.28898
58.859574,267,1032.419437
79.711552,302,1032.56585
94.75231,346,1033.07158
68.112024,306,1033.229685
75.093662,299,1033.377604
49.695119,263,1033.500316
80.083552,328,1033.668621
111.840012,393,1033.870011
49.078119,270,1033.998193
80.390795,300,1034.478747
61.296468,274,1034.61297
84.945529,304,1034.764555
52.386384,261,1034.890169
62.263822,318,1035.057868
70.03325,286,1035.203491
68.626563,275,1035.337791
47.161472,242,1035.7791
51.416699,257,1035.897829
63.196539,272,1036.030233
71.201646,277,1036.165563
69.652052,283,1036.306844
110.29218,376,1036.497696
63.225509,273,1036.628759
56.380423,256,1037.075845
40.318149,250,1037.19178
67.802894,356,1037.37526
161.713624,633,1037.713428
68.476938,285,1037.884504
73.795216,284,1038.025423
102.51197,345,1038.532614
46.707842,241,1038.644788
56.355282,254,1038.764402
68.516915,296,1038.91191
61.923443,265,1039.039237
168.163274,735,1039.44242
58.307255,271,1039.900952
80.614786,347,1040.078298
65.995536,308,1040.229603
52.394676,259,1040.352638
41.514048,262,1040.477999
66.203225,272,1040.609882
104.422317,379,1040.812197
94.920035,320,1041.303112
109.802561,373,1041.496489
141.579731,530,1041.767037
119.940295,413,1041.98187
95.734583,330,1042.151209
71.371597,284,1042.62314
73.482159,294,1042.765196
88.766403,318,1042.921953
66.19128,300,1043.067408
50.198008,244,1043.181991
58.098207,259,1043.303994
68.199959,275,1043.434857
53.74973,256,1043.912335
40.730421,247,1044.03295
88.462941,312,1044.190673
66.100278,274,1044.323976
67.777524,281,1044.458651
56.114694,269,1044.585156
58.775928,267,1044.715063
57.704872,258,1044.839295
49.596234,246,1045.300086
152.416571,548,1045.608
45.411518,266,1045.734869
124.13168,481,1045.981171
94.893075,338,1046.148253
60.138481,255,1046.267179
80.801626,308,1046.754198
101.856904,375,1046.952085
124.879824,386,1047.153525
44.837807,235,1047.263512
54.499784,264,1047.389733
61.842507,277,1047.520051
77.728151,298,1047.992107
85.267288,318,1048.155167
55.63751,264,1048.274171
80.093432,312,1048.431458
78.529524,303,1048.57947
138.399068,466,1048.823942
56.569196,256,1048.943356
65.462171,264,1049.433246
80.547258,315,1049.592004
65.672241,286,1049.728309
110.213566,384,1049.917287
78.603674,296,1050.062846
57.87764,265,1050.184615
67.71876,280,1050.319701
87.141534,328,1050.821022
49.702918,245,1050.933646
53.995459,260,1051.053798
42.795646,244,1051.170723
78.019583,295,1051.31238
91.228455,315,1051.473456
103.253639,355,1051.648329
51.141782,270,1052.103389
62.357026,279,1052.239123
61.188839,280,1052.373868
71.421746,278,1052.509242
68.957691,287,1052.645314
103.877505,571,1052.940022
78.121011,303,1053.414435
100.062138,387,1053.607331
57.232751,256,1053.727227
89.655809,338,1053.90347
60.781277,269,1054.034045
35.17775,226,1054.135221
49.261986,274,1054.269866
82.193915,300,1054.749998
69.360259,292,1054.945967
127.426679,465,1055.204706
80.535516,309,1055.358227
60.500603,271,1055.493945
53.936169,246,1055.610748
77.406115,302,1056.087024
87.302926,336,1056.259337
72.988302,286,1056.399586
68.560896,279,1056.539251
48.473716,261,1056.661127
81.040174,295,1056.806521
124.189934,444,1057.040902
68.399795,278,1057.505283
61.639417,266,1057.628075
141.390405,471,1057.873482
65.298075,269,1058.004709
92.005571,319,1058.164632
140.495516,503,1058.429903
111.996532,409,1058.97122
188.600167,725,1059.349996
132.392943,503,1059.661481
122.127615,498,1060.256862
41.604957,230,1060.361259
73.634609,290,1060.50675
65.610674,280,1060.643124
95.520217,364,1060.822686
83.275896,373,1061.017217
60.557078,267,1061.14445
63.498513,276,1061.608967
82.654252,308,1061.756604
80.481762,301,1061.907259
69.834011,277,1062.042442
127.948208,420,1062.261777
63.669703,272,1062.390482
64.05855,264,1062.520413
74.603973,293,1062.990204
175.656291,572,1063.30285
105.670842,363,1063.501385
51.265664,259,1063.625181
97.695243,401,1063.831813
171.847602,660,1064.50793
61.169795,275,1064.644786
99.189635,385,1064.836207
80.160212,295,1065.022197
131.366625,502,1065.297497
61.571825,273,1065.761696
86.717306,320,1065.92694
71.819789,285,1066.07091
66.364652,277,1066.204158
74.118499,275,1066.337461
141.493289,520,1066.611109
61.421157,261,1066.73341
63.523379,287,1067.203766
113.439238,378,1067.407436
72.939477,283,1067.547431
55.601064,254,1067.66847
77.524835,304,1067.818628
114.078077,443,1068.051778
66.12317,275,1068.511785
78.012379,412,1068.725513
62.793664,266,1068.851064
63.271969,274,1068.980504
104.595921,476,1069.222625
81.929521,308,1069.375897
145.187151,539,1069.986636
70.657268,278,1070.121836
89.621875,312,1070.273746
90.654379,319,1070.432747
70.200436,343,1070.613118
79.261931,300,1070.764086
74.341242,286,1071.227657
88.384732,324,1071.388286
68.72106,328,1071.548186
57.693573,260,1071.677695
46.992108,239,1071.787758
60.748838,261,1071.910991
74.187489,286,1072.049266
64.533886,282,1072.510484
64.597575,277,1072.646818
34.692316,219,1072.74681
75.761473,292,1072.888961
52.660976,271,1073.018234
106.399801,394,1073.215339
67.033089,316,1073.371591
63.457116,289,1073.839979
83.951229,301,1073.98746
131.569824,479,1074.231129
68.946835,301,1074.37608
87.069876,318,1074.532506
87.27711,331,1074.705651
125.47717,424,1075.312738
86.258667,335,1075.483246
63.24257,266,1075.61333
61.529525,261,1075.73996
86.412082,305,1075.889433
93.511697,344,1076.05942
63.187344,303,1076.201546
141.875854,491,1076.805699
93.30357,362,1076.981474
70.524258,279,1077.112578
93.558617,372,1077.295535
65.4913,318,1077.447793
54.836356,322,1077.940174
139.838492,511,1078.201757
63.280944,260,1078.323681
54.168277,252,1078.444685
99.417152,365,1078.628288
142.777495,464,1078.866296
67.711164,271,1079.323274
66.649075,281,1079.458798
85.38367,318,1079.617402
69.924741,280,1079.758844
153.512306,495,1080.018741
59.218343,303,1080.164302
77.556879,295,1080.631236
59.18342,268,1080.764014
95.132894,409,1080.970159
113.811831,454,1081.211325
91.911691,343,1081.384294
64.784637,270,1081.512214
52.752993,249,1081.627527
61.218323,264,1082.083487
137.325335,515,1082.344359
66.348965,289,1082.484636
49.483003,248,1082.598208
81.471396,317,1082.752852
75.436245,296,1082.891858
63.60688,308,1083.366939
96.962842,356,1083.550213
86.159647,332,1083.721024
58.029855,253,1083.840727
99.070585,342,1084.012283
71.036092,282,1084.144507
59.325096,258,1084.265905
53.778715,246,1084.707493
52.666134,251,1084.858245
70.872908,275,1085.00997
38.979111,226,1085.118835
63.027326,323,1085.281354
160.117774,659,1085.615405
99.729919,345,1086.125412
67.775246,273,1086.260018
50.527233,267,1086.382884
71.894928,279,1086.519979
71.296012,287,1086.657061
55.779096,252,1086.780104
126.163195,448,1087.010203
100.88521,392,1087.530964
129.599447,507,1087.793702
59.061197,264,1087.921093
137.421403,507,1088.176926
53.785412,247,1088.290136
108.81456,356,1088.804473
84.206739,346,1088.973105
129.037552,407,1089.177636
79.104446,303,1089.32472
63.49131,360,1089.500074
82.704388,334,1089.664521
123.413649,455,1090.227977
136.400499,488,1090.480031
74.437674,287,1090.621987
86.187885,314,1090.820311
51.032781,244,1090.933014
78.566809,299,1091.078297
43.250333,231,1091.507211
65.467295,277,1091.641922
89.618187,323,1091.805213
68.093468,272,1091.937314
27.958684,237,1092.047163
59.846252,295,1092.192872
40.921183,226,1092.297885
145.180157,492,1092.882911
66.207269,266,1093.010149
64.511235,275,1093.142672
51.552128,268,1093.267422
87.520823,325,1093.430748
131.807238,464,1093.671656
141.223952,509,1094.272377
33.866501,226,1094.372027
62.158711,268,1094.499857
53.977197,254,1094.622228
88.879221,322,1094.782711
75.151456,285,1094.925257
73.800851,285,1095.073
85.843752,328,1095.567522
125.755156,468,1095.808612
94.304753,334,1095.971669
65.949569,275,1096.105251
52.228218,248,1096.220103
61.68381,271,1096.379414
140.385921,565,1097.010948
73.962124,296,1097.157675
98.801641,347,1097.336486
151.45231,632,1097.659713
94.705275,334,1097.834069
