Using cpu device
Wrapping the env in a DummyVecEnv.
Logging to experiments/RL/course_project/runs/ppo_sac_imitation_bugfix_500k/tensorboard/ppo/PPO_1
---------------------------------
| rollout/           |          |
|    ep_len_mean     | 197      |
|    ep_rew_mean     | 7.73     |
| time/              |          |
|    fps             | 2329     |
|    iterations      | 1        |
|    time_elapsed    | 0        |
|    total_timesteps | 2048     |
---------------------------------
-----------------------------------------
| rollout/                |             |
|    ep_len_mean          | 193         |
|    ep_rew_mean          | 6.63        |
| time/                   |             |
|    fps                  | 1938        |
|    iterations           | 2           |
|    time_elapsed         | 2           |
|    total_timesteps      | 4096        |
| train/                  |             |
|    approx_kl            | 0.013585851 |
|    clip_fraction        | 0.131       |
|    clip_range           | 0.2         |
|    entropy_loss         | -21.3       |
|    explained_variance   | -0.06473887 |
|    learning_rate        | 0.0003      |
|    loss                 | 0.0858      |
|    n_updates            | 10          |
|    policy_gradient_loss | -0.0279     |
|    std                  | 0.999       |
|    value_loss           | 0.613       |
-----------------------------------------
-----------------------------------------
| rollout/                |             |
|    ep_len_mean          | 196         |
|    ep_rew_mean          | 7.46        |
| time/                   |             |
|    fps                  | 1856        |
|    iterations           | 3           |
|    time_elapsed         | 3           |
|    total_timesteps      | 6144        |
| train/                  |             |
|    approx_kl            | 0.017407902 |
|    clip_fraction        | 0.162       |
|    clip_range           | 0.2         |
|    entropy_loss         | -21.2       |
|    explained_variance   | 0.42215782  |
|    learning_rate        | 0.0003      |
|    loss                 | 0.178       |
|    n_updates            | 20          |
|    policy_gradient_loss | -0.034      |
|    std                  | 0.994       |
|    value_loss           | 0.598       |
-----------------------------------------
-----------------------------------------
| rollout/                |             |
|    ep_len_mean          | 199         |
|    ep_rew_mean          | 8.09        |
| time/                   |             |
|    fps                  | 1813        |
|    iterations           | 4           |
|    time_elapsed         | 4           |
|    total_timesteps      | 8192        |
| train/                  |             |
|    approx_kl            | 0.015906904 |
|    clip_fraction        | 0.179       |
|    clip_range           | 0.2         |
|    entropy_loss         | -21.2       |
|    explained_variance   | 0.46451515  |
|    learning_rate        | 0.0003      |
|    loss                 | 0.152       |
|    n_updates            | 30          |
|    policy_gradient_loss | -0.0384     |
|    std                  | 0.992       |
|    value_loss           | 0.687       |
-----------------------------------------
-----------------------------------------
| rollout/                |             |
|    ep_len_mean          | 198         |
|    ep_rew_mean          | 7.9         |
| time/                   |             |
|    fps                  | 1794        |
|    iterations           | 5           |
|    time_elapsed         | 5           |
|    total_timesteps      | 10240       |
| train/                  |             |
|    approx_kl            | 0.016429942 |
|    clip_fraction        | 0.168       |
|    clip_range           | 0.2         |
|    entropy_loss         | -21.1       |
|    explained_variance   | 0.59974575  |
|    learning_rate        | 0.0003      |
|    loss                 | 0.058       |
|    n_updates            | 40          |
|    policy_gradient_loss | -0.0361     |
|    std                  | 0.99        |
|    value_loss           | 0.721       |
-----------------------------------------
-----------------------------------------
| rollout/                |             |
|    ep_len_mean          | 197         |
|    ep_rew_mean          | 8.03        |
| time/                   |             |
|    fps                  | 1781        |
|    iterations           | 6           |
|    time_elapsed         | 6           |
|    total_timesteps      | 12288       |
| train/                  |             |
|    approx_kl            | 0.017067965 |
|    clip_fraction        | 0.17        |
|    clip_range           | 0.2         |
|    entropy_loss         | -21.1       |
|    explained_variance   | 0.6323179   |
|    learning_rate        | 0.0003      |
|    loss                 | 0.201       |
|    n_updates            | 50          |
|    policy_gradient_loss | -0.0359     |
|    std                  | 0.986       |
|    value_loss           | 0.778       |
-----------------------------------------
-----------------------------------------
| rollout/                |             |
|    ep_len_mean          | 198         |
|    ep_rew_mean          | 8.45        |
| time/                   |             |
|    fps                  | 1771        |
|    iterations           | 7           |
|    time_elapsed         | 8           |
|    total_timesteps      | 14336       |
| train/                  |             |
|    approx_kl            | 0.016880076 |
|    clip_fraction        | 0.189       |
|    clip_range           | 0.2         |
|    entropy_loss         | -21.1       |
|    explained_variance   | 0.7261989   |
|    learning_rate        | 0.0003      |
|    loss                 | 0.152       |
|    n_updates            | 60          |
|    policy_gradient_loss | -0.0377     |
|    std                  | 0.988       |
|    value_loss           | 0.629       |
-----------------------------------------
-----------------------------------------
| rollout/                |             |
|    ep_len_mean          | 197         |
|    ep_rew_mean          | 8.67        |
| time/                   |             |
|    fps                  | 1766        |
|    iterations           | 8           |
|    time_elapsed         | 9           |
|    total_timesteps      | 16384       |
| train/                  |             |
|    approx_kl            | 0.014590059 |
|    clip_fraction        | 0.152       |
|    clip_range           | 0.2         |
|    entropy_loss         | -21.1       |
|    explained_variance   | 0.7820972   |
|    learning_rate        | 0.0003      |
|    loss                 | 0.14        |
|    n_updates            | 70          |
|    policy_gradient_loss | -0.031      |
|    std                  | 0.985       |
|    value_loss           | 0.728       |
-----------------------------------------
-----------------------------------------
| rollout/                |             |
|    ep_len_mean          | 198         |
|    ep_rew_mean          | 9.06        |
| time/                   |             |
|    fps                  | 1761        |
|    iterations           | 9           |
|    time_elapsed         | 10          |
|    total_timesteps      | 18432       |
| train/                  |             |
|    approx_kl            | 0.017372645 |
|    clip_fraction        | 0.189       |
|    clip_range           | 0.2         |
|    entropy_loss         | -21.1       |
|    explained_variance   | 0.81671596  |
|    learning_rate        | 0.0003      |
|    loss                 | 0.143       |
|    n_updates            | 80          |
|    policy_gradient_loss | -0.0328     |
|    std                  | 0.984       |
|    value_loss           | 0.64        |
-----------------------------------------
----------------------------------------
| rollout/                |            |
|    ep_len_mean          | 199        |
|    ep_rew_mean          | 9.35       |
| time/                   |            |
|    fps                  | 1753       |
|    iterations           | 10         |
|    time_elapsed         | 11         |
|    total_timesteps      | 20480      |
| train/                  |            |
|    approx_kl            | 0.01872598 |
|    clip_fraction        | 0.192      |
|    clip_range           | 0.2        |
|    entropy_loss         | -21        |
|    explained_variance   | 0.73545146 |
|    learning_rate        | 0.0003     |
|    loss                 | 0.238      |
|    n_updates            | 90         |
|    policy_gradient_loss | -0.0328    |
|    std                  | 0.984      |
|    value_loss           | 0.841      |
----------------------------------------
-----------------------------------------
| rollout/                |             |
|    ep_len_mean          | 201         |
|    ep_rew_mean          | 9.87        |
| time/                   |             |
|    fps                  | 1747        |
|    iterations           | 11          |
|    time_elapsed         | 12          |
|    total_timesteps      | 22528       |
| train/                  |             |
|    approx_kl            | 0.019403765 |
|    clip_fraction        | 0.213       |
|    clip_range           | 0.2         |
|    entropy_loss         | -21         |
|    explained_variance   | 0.7403711   |
|    learning_rate        | 0.0003      |
|    loss                 | 0.199       |
|    n_updates            | 100         |
|    policy_gradient_loss | -0.0371     |
|    std                  | 0.981       |
|    value_loss           | 0.717       |
-----------------------------------------
-----------------------------------------
| rollout/                |             |
|    ep_len_mean          | 201         |
|    ep_rew_mean          | 10.2        |
| time/                   |             |
|    fps                  | 1745        |
|    iterations           | 12          |
|    time_elapsed         | 14          |
|    total_timesteps      | 24576       |
| train/                  |             |
|    approx_kl            | 0.015935175 |
|    clip_fraction        | 0.175       |
|    clip_range           | 0.2         |
|    entropy_loss         | -21         |
|    explained_variance   | 0.80007994  |
|    learning_rate        | 0.0003      |
|    loss                 | 0.719       |
|    n_updates            | 110         |
|    policy_gradient_loss | -0.034      |
|    std                  | 0.98        |
|    value_loss           | 0.677       |
-----------------------------------------
-----------------------------------------
| rollout/                |             |
|    ep_len_mean          | 200         |
|    ep_rew_mean          | 10.5        |
| time/                   |             |
|    fps                  | 1742        |
|    iterations           | 13          |
|    time_elapsed         | 15          |
|    total_timesteps      | 26624       |
| train/                  |             |
|    approx_kl            | 0.019176796 |
|    clip_fraction        | 0.192       |
|    clip_range           | 0.2         |
|    entropy_loss         | -21         |
|    explained_variance   | 0.8148109   |
|    learning_rate        | 0.0003      |
|    loss                 | 0.216       |
|    n_updates            | 120         |
|    policy_gradient_loss | -0.0319     |
|    std                  | 0.979       |
|    value_loss           | 0.697       |
-----------------------------------------
-----------------------------------------
| rollout/                |             |
|    ep_len_mean          | 202         |
|    ep_rew_mean          | 10.9        |
| time/                   |             |
|    fps                  | 1736        |
|    iterations           | 14          |
|    time_elapsed         | 16          |
|    total_timesteps      | 28672       |
| train/                  |             |
|    approx_kl            | 0.016740527 |
|    clip_fraction        | 0.168       |
|    clip_range           | 0.2         |
|    entropy_loss         | -21         |
|    explained_variance   | 0.84362864  |
|    learning_rate        | 0.0003      |
|    loss                 | 0.0659      |
|    n_updates            | 130         |
|    policy_gradient_loss | -0.0317     |
|    std                  | 0.977       |
|    value_loss           | 0.547       |
-----------------------------------------
-----------------------------------------
| rollout/                |             |
|    ep_len_mean          | 206         |
|    ep_rew_mean          | 11.7        |
| time/                   |             |
|    fps                  | 1729        |
|    iterations           | 15          |
|    time_elapsed         | 17          |
|    total_timesteps      | 30720       |
| train/                  |             |
|    approx_kl            | 0.015506942 |
|    clip_fraction        | 0.171       |
|    clip_range           | 0.2         |
|    entropy_loss         | -20.9       |
|    explained_variance   | 0.83357084  |
|    learning_rate        | 0.0003      |
|    loss                 | 0.269       |
|    n_updates            | 140         |
|    policy_gradient_loss | -0.0347     |
|    std                  | 0.975       |
|    value_loss           | 0.592       |
-----------------------------------------
-----------------------------------------
| rollout/                |             |
|    ep_len_mean          | 207         |
|    ep_rew_mean          | 12.1        |
| time/                   |             |
|    fps                  | 1727        |
|    iterations           | 16          |
|    time_elapsed         | 18          |
|    total_timesteps      | 32768       |
| train/                  |             |
|    approx_kl            | 0.017007615 |
|    clip_fraction        | 0.189       |
|    clip_range           | 0.2         |
|    entropy_loss         | -20.9       |
|    explained_variance   | 0.76092577  |
|    learning_rate        | 0.0003      |
|    loss                 | 0.0982      |
|    n_updates            | 150         |
|    policy_gradient_loss | -0.0364     |
|    std                  | 0.972       |
|    value_loss           | 0.756       |
-----------------------------------------
-----------------------------------------
| rollout/                |             |
|    ep_len_mean          | 208         |
|    ep_rew_mean          | 12.4        |
| time/                   |             |
|    fps                  | 1723        |
|    iterations           | 17          |
|    time_elapsed         | 20          |
|    total_timesteps      | 34816       |
| train/                  |             |
|    approx_kl            | 0.018684119 |
|    clip_fraction        | 0.195       |
|    clip_range           | 0.2         |
|    entropy_loss         | -20.8       |
|    explained_variance   | 0.8667056   |
|    learning_rate        | 0.0003      |
|    loss                 | 0.233       |
|    n_updates            | 160         |
|    policy_gradient_loss | -0.0337     |
|    std                  | 0.971       |
|    value_loss           | 0.447       |
-----------------------------------------
-----------------------------------------
| rollout/                |             |
|    ep_len_mean          | 211         |
|    ep_rew_mean          | 12.9        |
| time/                   |             |
|    fps                  | 1718        |
|    iterations           | 18          |
|    time_elapsed         | 21          |
|    total_timesteps      | 36864       |
| train/                  |             |
|    approx_kl            | 0.019096395 |
|    clip_fraction        | 0.198       |
|    clip_range           | 0.2         |
|    entropy_loss         | -20.8       |
|    explained_variance   | 0.86838555  |
|    learning_rate        | 0.0003      |
|    loss                 | 0.29        |
|    n_updates            | 170         |
|    policy_gradient_loss | -0.0328     |
|    std                  | 0.972       |
|    value_loss           | 0.533       |
-----------------------------------------
-----------------------------------------
| rollout/                |             |
|    ep_len_mean          | 211         |
|    ep_rew_mean          | 12.9        |
| time/                   |             |
|    fps                  | 1717        |
|    iterations           | 19          |
|    time_elapsed         | 22          |
|    total_timesteps      | 38912       |
| train/                  |             |
|    approx_kl            | 0.020374294 |
|    clip_fraction        | 0.201       |
|    clip_range           | 0.2         |
|    entropy_loss         | -20.8       |
|    explained_variance   | 0.763345    |
|    learning_rate        | 0.0003      |
|    loss                 | 0.115       |
|    n_updates            | 180         |
|    policy_gradient_loss | -0.0392     |
|    std                  | 0.969       |
|    value_loss           | 0.827       |
-----------------------------------------
-----------------------------------------
| rollout/                |             |
|    ep_len_mean          | 212         |
|    ep_rew_mean          | 13.2        |
| time/                   |             |
|    fps                  | 1710        |
|    iterations           | 20          |
|    time_elapsed         | 23          |
|    total_timesteps      | 40960       |
| train/                  |             |
|    approx_kl            | 0.020876247 |
|    clip_fraction        | 0.223       |
|    clip_range           | 0.2         |
|    entropy_loss         | -20.8       |
|    explained_variance   | 0.8318956   |
|    learning_rate        | 0.0003      |
|    loss                 | 0.105       |
|    n_updates            | 190         |
|    policy_gradient_loss | -0.0414     |
|    std                  | 0.971       |
|    value_loss           | 0.53        |
-----------------------------------------
----------------------------------------
| rollout/                |            |
|    ep_len_mean          | 214        |
|    ep_rew_mean          | 13.6       |
| time/                   |            |
|    fps                  | 1699       |
|    iterations           | 21         |
|    time_elapsed         | 25         |
|    total_timesteps      | 43008      |
| train/                  |            |
|    approx_kl            | 0.01754504 |
|    clip_fraction        | 0.204      |
|    clip_range           | 0.2        |
|    entropy_loss         | -20.9      |
|    explained_variance   | 0.85034823 |
|    learning_rate        | 0.0003     |
|    loss                 | 0.174      |
|    n_updates            | 200        |
|    policy_gradient_loss | -0.0339    |
|    std                  | 0.974      |
|    value_loss           | 0.658      |
----------------------------------------
-----------------------------------------
| rollout/                |             |
|    ep_len_mean          | 218         |
|    ep_rew_mean          | 14.5        |
| time/                   |             |
|    fps                  | 1696        |
|    iterations           | 22          |
|    time_elapsed         | 26          |
|    total_timesteps      | 45056       |
| train/                  |             |
|    approx_kl            | 0.015663555 |
|    clip_fraction        | 0.161       |
|    clip_range           | 0.2         |
|    entropy_loss         | -20.9       |
|    explained_variance   | 0.89021057  |
|    learning_rate        | 0.0003      |
|    loss                 | 0.193       |
|    n_updates            | 210         |
|    policy_gradient_loss | -0.027      |
|    std                  | 0.971       |
|    value_loss           | 0.503       |
-----------------------------------------
-----------------------------------------
| rollout/                |             |
|    ep_len_mean          | 221         |
|    ep_rew_mean          | 15.3        |
| time/                   |             |
|    fps                  | 1695        |
|    iterations           | 23          |
|    time_elapsed         | 27          |
|    total_timesteps      | 47104       |
| train/                  |             |
|    approx_kl            | 0.020948585 |
|    clip_fraction        | 0.206       |
|    clip_range           | 0.2         |
|    entropy_loss         | -20.8       |
|    explained_variance   | 0.83655113  |
|    learning_rate        | 0.0003      |
|    loss                 | 0.424       |
|    n_updates            | 220         |
|    policy_gradient_loss | -0.0383     |
|    std                  | 0.966       |
|    value_loss           | 0.704       |
-----------------------------------------
----------------------------------------
| rollout/                |            |
|    ep_len_mean          | 224        |
|    ep_rew_mean          | 16         |
| time/                   |            |
|    fps                  | 1694       |
|    iterations           | 24         |
|    time_elapsed         | 29         |
|    total_timesteps      | 49152      |
| train/                  |            |
|    approx_kl            | 0.02036426 |
|    clip_fraction        | 0.212      |
|    clip_range           | 0.2        |
|    entropy_loss         | -20.8      |
|    explained_variance   | 0.8947746  |
|    learning_rate        | 0.0003     |
|    loss                 | 0.0865     |
|    n_updates            | 230        |
|    policy_gradient_loss | -0.0357    |
|    std                  | 0.968      |
|    value_loss           | 0.52       |
----------------------------------------
-----------------------------------------
| rollout/                |             |
|    ep_len_mean          | 226         |
|    ep_rew_mean          | 16.3        |
| time/                   |             |
|    fps                  | 1693        |
|    iterations           | 25          |
|    time_elapsed         | 30          |
|    total_timesteps      | 51200       |
| train/                  |             |
|    approx_kl            | 0.017363913 |
|    clip_fraction        | 0.19        |
|    clip_range           | 0.2         |
|    entropy_loss         | -20.8       |
|    explained_variance   | 0.838151    |
|    learning_rate        | 0.0003      |
|    loss                 | 0.335       |
|    n_updates            | 240         |
|    policy_gradient_loss | -0.0351     |
|    std                  | 0.968       |
|    value_loss           | 0.843       |
-----------------------------------------
-----------------------------------------
| rollout/                |             |
|    ep_len_mean          | 225         |
|    ep_rew_mean          | 16.3        |
| time/                   |             |
|    fps                  | 1692        |
|    iterations           | 26          |
|    time_elapsed         | 31          |
|    total_timesteps      | 53248       |
| train/                  |             |
|    approx_kl            | 0.018778611 |
|    clip_fraction        | 0.202       |
|    clip_range           | 0.2         |
|    entropy_loss         | -20.8       |
|    explained_variance   | 0.8361008   |
|    learning_rate        | 0.0003      |
|    loss                 | 0.275       |
|    n_updates            | 250         |
|    policy_gradient_loss | -0.0369     |
|    std                  | 0.969       |
|    value_loss           | 0.926       |
-----------------------------------------
-----------------------------------------
| rollout/                |             |
|    ep_len_mean          | 229         |
|    ep_rew_mean          | 16.9        |
| time/                   |             |
|    fps                  | 1690        |
|    iterations           | 27          |
|    time_elapsed         | 32          |
|    total_timesteps      | 55296       |
| train/                  |             |
|    approx_kl            | 0.018959858 |
|    clip_fraction        | 0.188       |
|    clip_range           | 0.2         |
|    entropy_loss         | -20.8       |
|    explained_variance   | 0.8588706   |
|    learning_rate        | 0.0003      |
|    loss                 | 0.146       |
|    n_updates            | 260         |
|    policy_gradient_loss | -0.0342     |
|    std                  | 0.966       |
|    value_loss           | 0.834       |
-----------------------------------------
----------------------------------------
| rollout/                |            |
|    ep_len_mean          | 232        |
|    ep_rew_mean          | 17.4       |
| time/                   |            |
|    fps                  | 1688       |
|    iterations           | 28         |
|    time_elapsed         | 33         |
|    total_timesteps      | 57344      |
| train/                  |            |
|    approx_kl            | 0.01931626 |
|    clip_fraction        | 0.197      |
|    clip_range           | 0.2        |
|    entropy_loss         | -20.7      |
|    explained_variance   | 0.82505625 |
|    learning_rate        | 0.0003     |
|    loss                 | 0.643      |
|    n_updates            | 270        |
|    policy_gradient_loss | -0.0397    |
|    std                  | 0.965      |
|    value_loss           | 0.928      |
----------------------------------------
-----------------------------------------
| rollout/                |             |
|    ep_len_mean          | 235         |
|    ep_rew_mean          | 18          |
| time/                   |             |
|    fps                  | 1686        |
|    iterations           | 29          |
|    time_elapsed         | 35          |
|    total_timesteps      | 59392       |
| train/                  |             |
|    approx_kl            | 0.020872548 |
|    clip_fraction        | 0.227       |
|    clip_range           | 0.2         |
|    entropy_loss         | -20.7       |
|    explained_variance   | 0.8705496   |
|    learning_rate        | 0.0003      |
|    loss                 | 0.182       |
|    n_updates            | 280         |
|    policy_gradient_loss | -0.0396     |
|    std                  | 0.96        |
|    value_loss           | 0.828       |
-----------------------------------------
-----------------------------------------
| rollout/                |             |
|    ep_len_mean          | 238         |
|    ep_rew_mean          | 18.7        |
| time/                   |             |
|    fps                  | 1684        |
|    iterations           | 30          |
|    time_elapsed         | 36          |
|    total_timesteps      | 61440       |
| train/                  |             |
|    approx_kl            | 0.019249441 |
|    clip_fraction        | 0.209       |
|    clip_range           | 0.2         |
|    entropy_loss         | -20.6       |
|    explained_variance   | 0.8828517   |
|    learning_rate        | 0.0003      |
|    loss                 | 0.206       |
|    n_updates            | 290         |
|    policy_gradient_loss | -0.0349     |
|    std                  | 0.957       |
|    value_loss           | 0.741       |
-----------------------------------------
-----------------------------------------
| rollout/                |             |
|    ep_len_mean          | 242         |
|    ep_rew_mean          | 19.6        |
| time/                   |             |
|    fps                  | 1682        |
|    iterations           | 31          |
|    time_elapsed         | 37          |
|    total_timesteps      | 63488       |
| train/                  |             |
|    approx_kl            | 0.019041792 |
|    clip_fraction        | 0.213       |
|    clip_range           | 0.2         |
|    entropy_loss         | -20.6       |
|    explained_variance   | 0.86773324  |
|    learning_rate        | 0.0003      |
|    loss                 | 0.384       |
|    n_updates            | 300         |
|    policy_gradient_loss | -0.037      |
|    std                  | 0.953       |
|    value_loss           | 0.903       |
-----------------------------------------
-----------------------------------------
| rollout/                |             |
|    ep_len_mean          | 245         |
|    ep_rew_mean          | 20          |
| time/                   |             |
|    fps                  | 1679        |
|    iterations           | 32          |
|    time_elapsed         | 39          |
|    total_timesteps      | 65536       |
| train/                  |             |
|    approx_kl            | 0.018793385 |
|    clip_fraction        | 0.224       |
|    clip_range           | 0.2         |
|    entropy_loss         | -20.5       |
|    explained_variance   | 0.8640461   |
|    learning_rate        | 0.0003      |
|    loss                 | 0.187       |
|    n_updates            | 310         |
|    policy_gradient_loss | -0.0374     |
|    std                  | 0.951       |
|    value_loss           | 0.999       |
-----------------------------------------
-----------------------------------------
| rollout/                |             |
|    ep_len_mean          | 252         |
|    ep_rew_mean          | 21.2        |
| time/                   |             |
|    fps                  | 1676        |
|    iterations           | 33          |
|    time_elapsed         | 40          |
|    total_timesteps      | 67584       |
| train/                  |             |
|    approx_kl            | 0.019097729 |
|    clip_fraction        | 0.199       |
|    clip_range           | 0.2         |
|    entropy_loss         | -20.5       |
|    explained_variance   | 0.8435962   |
|    learning_rate        | 0.0003      |
|    loss                 | 0.198       |
|    n_updates            | 320         |
|    policy_gradient_loss | -0.0385     |
|    std                  | 0.951       |
|    value_loss           | 1.16        |
-----------------------------------------
-----------------------------------------
| rollout/                |             |
|    ep_len_mean          | 256         |
|    ep_rew_mean          | 22          |
| time/                   |             |
|    fps                  | 1674        |
|    iterations           | 34          |
|    time_elapsed         | 41          |
|    total_timesteps      | 69632       |
| train/                  |             |
|    approx_kl            | 0.020125296 |
|    clip_fraction        | 0.213       |
|    clip_range           | 0.2         |
|    entropy_loss         | -20.5       |
|    explained_variance   | 0.86361504  |
|    learning_rate        | 0.0003      |
|    loss                 | 0.76        |
|    n_updates            | 330         |
|    policy_gradient_loss | -0.0368     |
|    std                  | 0.952       |
|    value_loss           | 1.05        |
-----------------------------------------
-----------------------------------------
| rollout/                |             |
|    ep_len_mean          | 260         |
|    ep_rew_mean          | 22.6        |
| time/                   |             |
|    fps                  | 1670        |
|    iterations           | 35          |
|    time_elapsed         | 42          |
|    total_timesteps      | 71680       |
| train/                  |             |
|    approx_kl            | 0.019295178 |
|    clip_fraction        | 0.212       |
|    clip_range           | 0.2         |
|    entropy_loss         | -20.5       |
|    explained_variance   | 0.8638775   |
|    learning_rate        | 0.0003      |
|    loss                 | 0.307       |
|    n_updates            | 340         |
|    policy_gradient_loss | -0.0383     |
|    std                  | 0.952       |
|    value_loss           | 1.2         |
-----------------------------------------
-----------------------------------------
| rollout/                |             |
|    ep_len_mean          | 266         |
|    ep_rew_mean          | 23.6        |
| time/                   |             |
|    fps                  | 1665        |
|    iterations           | 36          |
|    time_elapsed         | 44          |
|    total_timesteps      | 73728       |
| train/                  |             |
|    approx_kl            | 0.020659707 |
|    clip_fraction        | 0.224       |
|    clip_range           | 0.2         |
|    entropy_loss         | -20.5       |
|    explained_variance   | 0.8403872   |
|    learning_rate        | 0.0003      |
|    loss                 | 0.294       |
|    n_updates            | 350         |
|    policy_gradient_loss | -0.0384     |
|    std                  | 0.952       |
|    value_loss           | 1.15        |
-----------------------------------------
----------------------------------------
| rollout/                |            |
|    ep_len_mean          | 269        |
|    ep_rew_mean          | 23.9       |
| time/                   |            |
|    fps                  | 1662       |
|    iterations           | 37         |
|    time_elapsed         | 45         |
|    total_timesteps      | 75776      |
| train/                  |            |
|    approx_kl            | 0.01766344 |
|    clip_fraction        | 0.198      |
|    clip_range           | 0.2        |
|    entropy_loss         | -20.5      |
|    explained_variance   | 0.7978053  |
|    learning_rate        | 0.0003     |
|    loss                 | 0.358      |
|    n_updates            | 360        |
|    policy_gradient_loss | -0.0349    |
|    std                  | 0.951      |
|    value_loss           | 1.61       |
----------------------------------------
-----------------------------------------
| rollout/                |             |
|    ep_len_mean          | 275         |
|    ep_rew_mean          | 25          |
| time/                   |             |
|    fps                  | 1658        |
|    iterations           | 38          |
|    time_elapsed         | 46          |
|    total_timesteps      | 77824       |
| train/                  |             |
|    approx_kl            | 0.021762455 |
|    clip_fraction        | 0.225       |
|    clip_range           | 0.2         |
|    entropy_loss         | -20.5       |
|    explained_variance   | 0.8023604   |
|    learning_rate        | 0.0003      |
|    loss                 | 0.633       |
|    n_updates            | 370         |
|    policy_gradient_loss | -0.0404     |
|    std                  | 0.953       |
|    value_loss           | 1.39        |
-----------------------------------------
-----------------------------------------
| rollout/                |             |
|    ep_len_mean          | 281         |
|    ep_rew_mean          | 25.8        |
| time/                   |             |
|    fps                  | 1654        |
|    iterations           | 39          |
|    time_elapsed         | 48          |
|    total_timesteps      | 79872       |
| train/                  |             |
|    approx_kl            | 0.022195822 |
|    clip_fraction        | 0.24        |
|    clip_range           | 0.2         |
|    entropy_loss         | -20.5       |
|    explained_variance   | 0.80379933  |
|    learning_rate        | 0.0003      |
|    loss                 | 0.42        |
|    n_updates            | 380         |
|    policy_gradient_loss | -0.0369     |
|    std                  | 0.95        |
|    value_loss           | 1.62        |
-----------------------------------------
----------------------------------------
| rollout/                |            |
|    ep_len_mean          | 288        |
|    ep_rew_mean          | 26.8       |
| time/                   |            |
|    fps                  | 1651       |
|    iterations           | 40         |
|    time_elapsed         | 49         |
|    total_timesteps      | 81920      |
| train/                  |            |
|    approx_kl            | 0.02051051 |
|    clip_fraction        | 0.222      |
|    clip_range           | 0.2        |
|    entropy_loss         | -20.5      |
|    explained_variance   | 0.78371483 |
|    learning_rate        | 0.0003     |
|    loss                 | 0.664      |
|    n_updates            | 390        |
|    policy_gradient_loss | -0.0392    |
|    std                  | 0.948      |
|    value_loss           | 1.87       |
----------------------------------------
----------------------------------------
| rollout/                |            |
|    ep_len_mean          | 298        |
|    ep_rew_mean          | 28.7       |
| time/                   |            |
|    fps                  | 1645       |
|    iterations           | 41         |
|    time_elapsed         | 51         |
|    total_timesteps      | 83968      |
| train/                  |            |
|    approx_kl            | 0.01972887 |
|    clip_fraction        | 0.204      |
|    clip_range           | 0.2        |
|    entropy_loss         | -20.5      |
|    explained_variance   | 0.740839   |
|    learning_rate        | 0.0003     |
|    loss                 | 0.338      |
|    n_updates            | 400        |
|    policy_gradient_loss | -0.0383    |
|    std                  | 0.948      |
|    value_loss           | 1.78       |
----------------------------------------
-----------------------------------------
| rollout/                |             |
|    ep_len_mean          | 304         |
|    ep_rew_mean          | 29.7        |
| time/                   |             |
|    fps                  | 1640        |
|    iterations           | 42          |
|    time_elapsed         | 52          |
|    total_timesteps      | 86016       |
| train/                  |             |
|    approx_kl            | 0.023659952 |
|    clip_fraction        | 0.252       |
|    clip_range           | 0.2         |
|    entropy_loss         | -20.4       |
|    explained_variance   | 0.7862017   |
|    learning_rate        | 0.0003      |
|    loss                 | 0.437       |
|    n_updates            | 410         |
|    policy_gradient_loss | -0.0385     |
|    std                  | 0.946       |
|    value_loss           | 1.32        |
-----------------------------------------
-----------------------------------------
| rollout/                |             |
|    ep_len_mean          | 312         |
|    ep_rew_mean          | 31.2        |
| time/                   |             |
|    fps                  | 1636        |
|    iterations           | 43          |
|    time_elapsed         | 53          |
|    total_timesteps      | 88064       |
| train/                  |             |
|    approx_kl            | 0.022862617 |
|    clip_fraction        | 0.244       |
|    clip_range           | 0.2         |
|    entropy_loss         | -20.4       |
|    explained_variance   | 0.8553428   |
|    learning_rate        | 0.0003      |
|    loss                 | 0.16        |
|    n_updates            | 420         |
|    policy_gradient_loss | -0.0403     |
|    std                  | 0.946       |
|    value_loss           | 1.12        |
-----------------------------------------
-----------------------------------------
| rollout/                |             |
|    ep_len_mean          | 320         |
|    ep_rew_mean          | 32.8        |
| time/                   |             |
|    fps                  | 1630        |
|    iterations           | 44          |
|    time_elapsed         | 55          |
|    total_timesteps      | 90112       |
| train/                  |             |
|    approx_kl            | 0.019651758 |
|    clip_fraction        | 0.23        |
|    clip_range           | 0.2         |
|    entropy_loss         | -20.4       |
|    explained_variance   | 0.84515953  |
|    learning_rate        | 0.0003      |
|    loss                 | 0.368       |
|    n_updates            | 430         |
|    policy_gradient_loss | -0.038      |
|    std                  | 0.946       |
|    value_loss           | 1.58        |
-----------------------------------------
-----------------------------------------
| rollout/                |             |
|    ep_len_mean          | 327         |
|    ep_rew_mean          | 34          |
| time/                   |             |
|    fps                  | 1626        |
|    iterations           | 45          |
|    time_elapsed         | 56          |
|    total_timesteps      | 92160       |
| train/                  |             |
|    approx_kl            | 0.021330327 |
|    clip_fraction        | 0.241       |
|    clip_range           | 0.2         |
|    entropy_loss         | -20.4       |
|    explained_variance   | 0.82767475  |
|    learning_rate        | 0.0003      |
|    loss                 | 0.393       |
|    n_updates            | 440         |
|    policy_gradient_loss | -0.037      |
|    std                  | 0.942       |
|    value_loss           | 1.51        |
-----------------------------------------
-----------------------------------------
| rollout/                |             |
|    ep_len_mean          | 339         |
|    ep_rew_mean          | 36.2        |
| time/                   |             |
|    fps                  | 1620        |
|    iterations           | 46          |
|    time_elapsed         | 58          |
|    total_timesteps      | 94208       |
| train/                  |             |
|    approx_kl            | 0.022300225 |
|    clip_fraction        | 0.233       |
|    clip_range           | 0.2         |
|    entropy_loss         | -20.3       |
|    explained_variance   | 0.7908802   |
|    learning_rate        | 0.0003      |
|    loss                 | 0.534       |
|    n_updates            | 450         |
|    policy_gradient_loss | -0.0401     |
|    std                  | 0.939       |
|    value_loss           | 1.8         |
-----------------------------------------
----------------------------------------
| rollout/                |            |
|    ep_len_mean          | 346        |
|    ep_rew_mean          | 37.5       |
| time/                   |            |
|    fps                  | 1615       |
|    iterations           | 47         |
|    time_elapsed         | 59         |
|    total_timesteps      | 96256      |
| train/                  |            |
|    approx_kl            | 0.01958343 |
|    clip_fraction        | 0.236      |
|    clip_range           | 0.2        |
|    entropy_loss         | -20.3      |
|    explained_variance   | 0.7794731  |
|    learning_rate        | 0.0003     |
|    loss                 | 0.425      |
|    n_updates            | 460        |
|    policy_gradient_loss | -0.0405    |
|    std                  | 0.937      |
|    value_loss           | 1.9        |
----------------------------------------
-----------------------------------------
| rollout/                |             |
|    ep_len_mean          | 351         |
|    ep_rew_mean          | 38.2        |
| time/                   |             |
|    fps                  | 1613        |
|    iterations           | 48          |
|    time_elapsed         | 60          |
|    total_timesteps      | 98304       |
| train/                  |             |
|    approx_kl            | 0.020911366 |
|    clip_fraction        | 0.222       |
|    clip_range           | 0.2         |
|    entropy_loss         | -20.3       |
|    explained_variance   | 0.78510106  |
|    learning_rate        | 0.0003      |
|    loss                 | 0.82        |
|    n_updates            | 470         |
|    policy_gradient_loss | -0.0397     |
|    std                  | 0.937       |
|    value_loss           | 2.21        |
-----------------------------------------
-----------------------------------------
| rollout/                |             |
|    ep_len_mean          | 357         |
|    ep_rew_mean          | 39.3        |
| time/                   |             |
|    fps                  | 1611        |
|    iterations           | 49          |
|    time_elapsed         | 62          |
|    total_timesteps      | 100352      |
| train/                  |             |
|    approx_kl            | 0.021733068 |
|    clip_fraction        | 0.229       |
|    clip_range           | 0.2         |
|    entropy_loss         | -20.3       |
|    explained_variance   | 0.7287484   |
|    learning_rate        | 0.0003      |
|    loss                 | 1.42        |
|    n_updates            | 480         |
|    policy_gradient_loss | -0.0402     |
|    std                  | 0.936       |
|    value_loss           | 2.48        |
-----------------------------------------
-----------------------------------------
| rollout/                |             |
|    ep_len_mean          | 364         |
|    ep_rew_mean          | 40.3        |
| time/                   |             |
|    fps                  | 1606        |
|    iterations           | 50          |
|    time_elapsed         | 63          |
|    total_timesteps      | 102400      |
| train/                  |             |
|    approx_kl            | 0.021320127 |
|    clip_fraction        | 0.229       |
|    clip_range           | 0.2         |
|    entropy_loss         | -20.3       |
|    explained_variance   | 0.7845683   |
|    learning_rate        | 0.0003      |
|    loss                 | 1.01        |
|    n_updates            | 490         |
|    policy_gradient_loss | -0.0381     |
|    std                  | 0.935       |
|    value_loss           | 2.49        |
-----------------------------------------
-----------------------------------------
| rollout/                |             |
|    ep_len_mean          | 366         |
|    ep_rew_mean          | 40.8        |
| time/                   |             |
|    fps                  | 1603        |
|    iterations           | 51          |
|    time_elapsed         | 65          |
|    total_timesteps      | 104448      |
| train/                  |             |
|    approx_kl            | 0.019657323 |
|    clip_fraction        | 0.233       |
|    clip_range           | 0.2         |
|    entropy_loss         | -20.3       |
|    explained_variance   | 0.79570526  |
|    learning_rate        | 0.0003      |
|    loss                 | 0.655       |
|    n_updates            | 500         |
|    policy_gradient_loss | -0.0393     |
|    std                  | 0.936       |
|    value_loss           | 2           |
-----------------------------------------
-----------------------------------------
| rollout/                |             |
|    ep_len_mean          | 372         |
|    ep_rew_mean          | 41.7        |
| time/                   |             |
|    fps                  | 1599        |
|    iterations           | 52          |
|    time_elapsed         | 66          |
|    total_timesteps      | 106496      |
| train/                  |             |
|    approx_kl            | 0.022041604 |
|    clip_fraction        | 0.248       |
|    clip_range           | 0.2         |
|    entropy_loss         | -20.3       |
|    explained_variance   | 0.80978096  |
|    learning_rate        | 0.0003      |
|    loss                 | 0.594       |
|    n_updates            | 510         |
|    policy_gradient_loss | -0.0375     |
|    std                  | 0.937       |
|    value_loss           | 1.91        |
-----------------------------------------
-----------------------------------------
| rollout/                |             |
|    ep_len_mean          | 383         |
|    ep_rew_mean          | 43.8        |
| time/                   |             |
|    fps                  | 1596        |
|    iterations           | 53          |
|    time_elapsed         | 68          |
|    total_timesteps      | 108544      |
| train/                  |             |
|    approx_kl            | 0.022160396 |
|    clip_fraction        | 0.253       |
|    clip_range           | 0.2         |
|    entropy_loss         | -20.3       |
|    explained_variance   | 0.8020072   |
|    learning_rate        | 0.0003      |
|    loss                 | 0.586       |
|    n_updates            | 520         |
|    policy_gradient_loss | -0.0389     |
|    std                  | 0.939       |
|    value_loss           | 1.75        |
-----------------------------------------
-----------------------------------------
| rollout/                |             |
|    ep_len_mean          | 385         |
|    ep_rew_mean          | 44.1        |
| time/                   |             |
|    fps                  | 1593        |
|    iterations           | 54          |
|    time_elapsed         | 69          |
|    total_timesteps      | 110592      |
| train/                  |             |
|    approx_kl            | 0.027253348 |
|    clip_fraction        | 0.279       |
|    clip_range           | 0.2         |
|    entropy_loss         | -20.3       |
|    explained_variance   | 0.8397918   |
|    learning_rate        | 0.0003      |
|    loss                 | 0.349       |
|    n_updates            | 530         |
|    policy_gradient_loss | -0.0393     |
|    std                  | 0.941       |
|    value_loss           | 1.51        |
-----------------------------------------
-----------------------------------------
| rollout/                |             |
|    ep_len_mean          | 386         |
|    ep_rew_mean          | 44.4        |
| time/                   |             |
|    fps                  | 1586        |
|    iterations           | 55          |
|    time_elapsed         | 70          |
|    total_timesteps      | 112640      |
| train/                  |             |
|    approx_kl            | 0.021869339 |
|    clip_fraction        | 0.212       |
|    clip_range           | 0.2         |
|    entropy_loss         | -20.3       |
|    explained_variance   | 0.7671528   |
|    learning_rate        | 0.0003      |
|    loss                 | 0.435       |
|    n_updates            | 540         |
|    policy_gradient_loss | -0.0349     |
|    std                  | 0.939       |
|    value_loss           | 2.25        |
-----------------------------------------
-----------------------------------------
| rollout/                |             |
|    ep_len_mean          | 404         |
|    ep_rew_mean          | 47.3        |
| time/                   |             |
|    fps                  | 1581        |
|    iterations           | 56          |
|    time_elapsed         | 72          |
|    total_timesteps      | 114688      |
| train/                  |             |
|    approx_kl            | 0.023415517 |
|    clip_fraction        | 0.269       |
|    clip_range           | 0.2         |
|    entropy_loss         | -20.3       |
|    explained_variance   | 0.6622468   |
|    learning_rate        | 0.0003      |
|    loss                 | 0.95        |
|    n_updates            | 550         |
|    policy_gradient_loss | -0.0389     |
|    std                  | 0.937       |
|    value_loss           | 1.98        |
-----------------------------------------
-----------------------------------------
| rollout/                |             |
|    ep_len_mean          | 410         |
|    ep_rew_mean          | 48.5        |
| time/                   |             |
|    fps                  | 1578        |
|    iterations           | 57          |
|    time_elapsed         | 73          |
|    total_timesteps      | 116736      |
| train/                  |             |
|    approx_kl            | 0.024116017 |
|    clip_fraction        | 0.254       |
|    clip_range           | 0.2         |
|    entropy_loss         | -20.3       |
|    explained_variance   | 0.8004183   |
|    learning_rate        | 0.0003      |
|    loss                 | 0.415       |
|    n_updates            | 560         |
|    policy_gradient_loss | -0.0378     |
|    std                  | 0.935       |
|    value_loss           | 1.89        |
-----------------------------------------
-----------------------------------------
| rollout/                |             |
|    ep_len_mean          | 417         |
|    ep_rew_mean          | 49.6        |
| time/                   |             |
|    fps                  | 1570        |
|    iterations           | 58          |
|    time_elapsed         | 75          |
|    total_timesteps      | 118784      |
| train/                  |             |
|    approx_kl            | 0.024211455 |
|    clip_fraction        | 0.273       |
|    clip_range           | 0.2         |
|    entropy_loss         | -20.2       |
|    explained_variance   | 0.83744913  |
|    learning_rate        | 0.0003      |
|    loss                 | 0.758       |
|    n_updates            | 570         |
|    policy_gradient_loss | -0.0441     |
|    std                  | 0.935       |
|    value_loss           | 1.58        |
-----------------------------------------
-----------------------------------------
| rollout/                |             |
|    ep_len_mean          | 428         |
|    ep_rew_mean          | 51.6        |
| time/                   |             |
|    fps                  | 1567        |
|    iterations           | 59          |
|    time_elapsed         | 77          |
|    total_timesteps      | 120832      |
| train/                  |             |
|    approx_kl            | 0.032831103 |
|    clip_fraction        | 0.318       |
|    clip_range           | 0.2         |
|    entropy_loss         | -20.3       |
|    explained_variance   | 0.82126695  |
|    learning_rate        | 0.0003      |
|    loss                 | 0.179       |
|    n_updates            | 580         |
|    policy_gradient_loss | -0.0438     |
|    std                  | 0.936       |
|    value_loss           | 0.988       |
-----------------------------------------
-----------------------------------------
| rollout/                |             |
|    ep_len_mean          | 430         |
|    ep_rew_mean          | 52          |
| time/                   |             |
|    fps                  | 1564        |
|    iterations           | 60          |
|    time_elapsed         | 78          |
|    total_timesteps      | 122880      |
| train/                  |             |
|    approx_kl            | 0.022186866 |
|    clip_fraction        | 0.252       |
|    clip_range           | 0.2         |
|    entropy_loss         | -20.3       |
|    explained_variance   | 0.853026    |
|    learning_rate        | 0.0003      |
|    loss                 | 0.885       |
|    n_updates            | 590         |
|    policy_gradient_loss | -0.0366     |
|    std                  | 0.938       |
|    value_loss           | 1.57        |
-----------------------------------------
----------------------------------------
| rollout/                |            |
|    ep_len_mean          | 436        |
|    ep_rew_mean          | 53.6       |
| time/                   |            |
|    fps                  | 1558       |
|    iterations           | 61         |
|    time_elapsed         | 80         |
|    total_timesteps      | 124928     |
| train/                  |            |
|    approx_kl            | 0.01889194 |
|    clip_fraction        | 0.208      |
|    clip_range           | 0.2        |
|    entropy_loss         | -20.3      |
|    explained_variance   | 0.7805022  |
|    learning_rate        | 0.0003     |
|    loss                 | 1.09       |
|    n_updates            | 600        |
|    policy_gradient_loss | -0.0382    |
|    std                  | 0.938      |
|    value_loss           | 2.93       |
----------------------------------------
-----------------------------------------
| rollout/                |             |
|    ep_len_mean          | 448         |
|    ep_rew_mean          | 56          |
| time/                   |             |
|    fps                  | 1554        |
|    iterations           | 62          |
|    time_elapsed         | 81          |
|    total_timesteps      | 126976      |
| train/                  |             |
|    approx_kl            | 0.023142215 |
|    clip_fraction        | 0.244       |
|    clip_range           | 0.2         |
|    entropy_loss         | -20.2       |
|    explained_variance   | 0.82804215  |
|    learning_rate        | 0.0003      |
|    loss                 | 0.266       |
|    n_updates            | 610         |
|    policy_gradient_loss | -0.0383     |
|    std                  | 0.932       |
|    value_loss           | 1.57        |
-----------------------------------------
-----------------------------------------
| rollout/                |             |
|    ep_len_mean          | 448         |
|    ep_rew_mean          | 56          |
| time/                   |             |
|    fps                  | 1550        |
|    iterations           | 63          |
|    time_elapsed         | 83          |
|    total_timesteps      | 129024      |
| train/                  |             |
|    approx_kl            | 0.021917438 |
|    clip_fraction        | 0.257       |
|    clip_range           | 0.2         |
|    entropy_loss         | -20.2       |
|    explained_variance   | 0.84497494  |
|    learning_rate        | 0.0003      |
|    loss                 | 0.221       |
|    n_updates            | 620         |
|    policy_gradient_loss | -0.0359     |
|    std                  | 0.935       |
|    value_loss           | 1.37        |
-----------------------------------------
-----------------------------------------
| rollout/                |             |
|    ep_len_mean          | 451         |
|    ep_rew_mean          | 56.4        |
| time/                   |             |
|    fps                  | 1547        |
|    iterations           | 64          |
|    time_elapsed         | 84          |
|    total_timesteps      | 131072      |
| train/                  |             |
|    approx_kl            | 0.023884283 |
|    clip_fraction        | 0.252       |
|    clip_range           | 0.2         |
|    entropy_loss         | -20.3       |
|    explained_variance   | 0.85943425  |
|    learning_rate        | 0.0003      |
|    loss                 | 0.462       |
|    n_updates            | 630         |
|    policy_gradient_loss | -0.039      |
|    std                  | 0.938       |
|    value_loss           | 1.5         |
-----------------------------------------
-----------------------------------------
| rollout/                |             |
|    ep_len_mean          | 456         |
|    ep_rew_mean          | 57          |
| time/                   |             |
|    fps                  | 1544        |
|    iterations           | 65          |
|    time_elapsed         | 86          |
|    total_timesteps      | 133120      |
| train/                  |             |
|    approx_kl            | 0.019726925 |
|    clip_fraction        | 0.23        |
|    clip_range           | 0.2         |
|    entropy_loss         | -20.3       |
|    explained_variance   | 0.8527748   |
|    learning_rate        | 0.0003      |
|    loss                 | 0.397       |
|    n_updates            | 640         |
|    policy_gradient_loss | -0.0387     |
|    std                  | 0.938       |
|    value_loss           | 1.73        |
-----------------------------------------
-----------------------------------------
| rollout/                |             |
|    ep_len_mean          | 456         |
|    ep_rew_mean          | 56.8        |
| time/                   |             |
|    fps                  | 1541        |
|    iterations           | 66          |
|    time_elapsed         | 87          |
|    total_timesteps      | 135168      |
| train/                  |             |
|    approx_kl            | 0.019126434 |
|    clip_fraction        | 0.22        |
|    clip_range           | 0.2         |
|    entropy_loss         | -20.3       |
|    explained_variance   | 0.84156877  |
|    learning_rate        | 0.0003      |
|    loss                 | 0.754       |
|    n_updates            | 650         |
|    policy_gradient_loss | -0.0372     |
|    std                  | 0.937       |
|    value_loss           | 2.18        |
-----------------------------------------
-----------------------------------------
| rollout/                |             |
|    ep_len_mean          | 470         |
|    ep_rew_mean          | 59.4        |
| time/                   |             |
|    fps                  | 1535        |
|    iterations           | 67          |
|    time_elapsed         | 89          |
|    total_timesteps      | 137216      |
| train/                  |             |
|    approx_kl            | 0.022103518 |
|    clip_fraction        | 0.244       |
|    clip_range           | 0.2         |
|    entropy_loss         | -20.2       |
|    explained_variance   | 0.7826771   |
|    learning_rate        | 0.0003      |
|    loss                 | 0.612       |
|    n_updates            | 660         |
|    policy_gradient_loss | -0.0402     |
|    std                  | 0.934       |
|    value_loss           | 2.65        |
-----------------------------------------
-----------------------------------------
| rollout/                |             |
|    ep_len_mean          | 479         |
|    ep_rew_mean          | 61.4        |
| time/                   |             |
|    fps                  | 1531        |
|    iterations           | 68          |
|    time_elapsed         | 90          |
|    total_timesteps      | 139264      |
| train/                  |             |
|    approx_kl            | 0.028593581 |
|    clip_fraction        | 0.292       |
|    clip_range           | 0.2         |
|    entropy_loss         | -20.2       |
|    explained_variance   | 0.77722555  |
|    learning_rate        | 0.0003      |
|    loss                 | 0.316       |
|    n_updates            | 670         |
|    policy_gradient_loss | -0.0388     |
|    std                  | 0.931       |
|    value_loss           | 1.15        |
-----------------------------------------
-----------------------------------------
| rollout/                |             |
|    ep_len_mean          | 485         |
|    ep_rew_mean          | 62.4        |
| time/                   |             |
|    fps                  | 1526        |
|    iterations           | 69          |
|    time_elapsed         | 92          |
|    total_timesteps      | 141312      |
| train/                  |             |
|    approx_kl            | 0.026167363 |
|    clip_fraction        | 0.303       |
|    clip_range           | 0.2         |
|    entropy_loss         | -20.2       |
|    explained_variance   | 0.8844073   |
|    learning_rate        | 0.0003      |
|    loss                 | 0.27        |
|    n_updates            | 680         |
|    policy_gradient_loss | -0.0423     |
|    std                  | 0.93        |
|    value_loss           | 0.962       |
-----------------------------------------
----------------------------------------
| rollout/                |            |
|    ep_len_mean          | 490        |
|    ep_rew_mean          | 63.1       |
| time/                   |            |
|    fps                  | 1522       |
|    iterations           | 70         |
|    time_elapsed         | 94         |
|    total_timesteps      | 143360     |
| train/                  |            |
|    approx_kl            | 0.02541765 |
|    clip_fraction        | 0.273      |
|    clip_range           | 0.2        |
|    entropy_loss         | -20.1      |
|    explained_variance   | 0.8033694  |
|    learning_rate        | 0.0003     |
|    loss                 | 0.498      |
|    n_updates            | 690        |
|    policy_gradient_loss | -0.0353    |
|    std                  | 0.929      |
|    value_loss           | 1.51       |
----------------------------------------
-----------------------------------------
| rollout/                |             |
|    ep_len_mean          | 500         |
|    ep_rew_mean          | 64.8        |
| time/                   |             |
|    fps                  | 1518        |
|    iterations           | 71          |
|    time_elapsed         | 95          |
|    total_timesteps      | 145408      |
| train/                  |             |
|    approx_kl            | 0.024385892 |
|    clip_fraction        | 0.279       |
|    clip_range           | 0.2         |
|    entropy_loss         | -20.1       |
|    explained_variance   | 0.7931911   |
|    learning_rate        | 0.0003      |
|    loss                 | 0.477       |
|    n_updates            | 700         |
|    policy_gradient_loss | -0.034      |
|    std                  | 0.929       |
|    value_loss           | 1.63        |
-----------------------------------------
-----------------------------------------
| rollout/                |             |
|    ep_len_mean          | 507         |
|    ep_rew_mean          | 66          |
| time/                   |             |
|    fps                  | 1515        |
|    iterations           | 72          |
|    time_elapsed         | 97          |
|    total_timesteps      | 147456      |
| train/                  |             |
|    approx_kl            | 0.023405954 |
|    clip_fraction        | 0.247       |
|    clip_range           | 0.2         |
|    entropy_loss         | -20.1       |
|    explained_variance   | 0.7915497   |
|    learning_rate        | 0.0003      |
|    loss                 | 0.529       |
|    n_updates            | 710         |
|    policy_gradient_loss | -0.0362     |
|    std                  | 0.926       |
|    value_loss           | 1.57        |
-----------------------------------------
-----------------------------------------
| rollout/                |             |
|    ep_len_mean          | 516         |
|    ep_rew_mean          | 68          |
| time/                   |             |
|    fps                  | 1511        |
|    iterations           | 73          |
|    time_elapsed         | 98          |
|    total_timesteps      | 149504      |
| train/                  |             |
|    approx_kl            | 0.019721778 |
|    clip_fraction        | 0.24        |
|    clip_range           | 0.2         |
|    entropy_loss         | -20.1       |
|    explained_variance   | 0.75031626  |
|    learning_rate        | 0.0003      |
|    loss                 | 0.826       |
|    n_updates            | 720         |
|    policy_gradient_loss | -0.0373     |
|    std                  | 0.929       |
|    value_loss           | 2.84        |
-----------------------------------------
-----------------------------------------
| rollout/                |             |
|    ep_len_mean          | 528         |
|    ep_rew_mean          | 70.3        |
| time/                   |             |
|    fps                  | 1506        |
|    iterations           | 74          |
|    time_elapsed         | 100         |
|    total_timesteps      | 151552      |
| train/                  |             |
|    approx_kl            | 0.027496114 |
|    clip_fraction        | 0.271       |
|    clip_range           | 0.2         |
|    entropy_loss         | -20.2       |
|    explained_variance   | 0.83619416  |
|    learning_rate        | 0.0003      |
|    loss                 | 0.838       |
|    n_updates            | 730         |
|    policy_gradient_loss | -0.0341     |
|    std                  | 0.931       |
|    value_loss           | 1.8         |
-----------------------------------------
----------------------------------------
| rollout/                |            |
|    ep_len_mean          | 529        |
|    ep_rew_mean          | 70.5       |
| time/                   |            |
|    fps                  | 1504       |
|    iterations           | 75         |
|    time_elapsed         | 102        |
|    total_timesteps      | 153600     |
| train/                  |            |
|    approx_kl            | 0.02163725 |
|    clip_fraction        | 0.256      |
|    clip_range           | 0.2        |
|    entropy_loss         | -20.2      |
|    explained_variance   | 0.84858084 |
|    learning_rate        | 0.0003     |
|    loss                 | 0.34       |
|    n_updates            | 740        |
|    policy_gradient_loss | -0.034     |
|    std                  | 0.933      |
|    value_loss           | 1.63       |
----------------------------------------
-----------------------------------------
| rollout/                |             |
|    ep_len_mean          | 540         |
|    ep_rew_mean          | 72.9        |
| time/                   |             |
|    fps                  | 1501        |
|    iterations           | 76          |
|    time_elapsed         | 103         |
|    total_timesteps      | 155648      |
| train/                  |             |
|    approx_kl            | 0.024867028 |
|    clip_fraction        | 0.265       |
|    clip_range           | 0.2         |
|    entropy_loss         | -20.2       |
|    explained_variance   | 0.8478375   |
|    learning_rate        | 0.0003      |
|    loss                 | 0.833       |
|    n_updates            | 750         |
|    policy_gradient_loss | -0.0388     |
|    std                  | 0.933       |
|    value_loss           | 2.1         |
-----------------------------------------
-----------------------------------------
| rollout/                |             |
|    ep_len_mean          | 548         |
|    ep_rew_mean          | 74.5        |
| time/                   |             |
|    fps                  | 1497        |
|    iterations           | 77          |
|    time_elapsed         | 105         |
|    total_timesteps      | 157696      |
| train/                  |             |
|    approx_kl            | 0.025297832 |
|    clip_fraction        | 0.283       |
|    clip_range           | 0.2         |
|    entropy_loss         | -20.2       |
|    explained_variance   | 0.86624974  |
|    learning_rate        | 0.0003      |
|    loss                 | 0.715       |
|    n_updates            | 760         |
|    policy_gradient_loss | -0.037      |
|    std                  | 0.931       |
|    value_loss           | 1.93        |
-----------------------------------------
-----------------------------------------
| rollout/                |             |
|    ep_len_mean          | 563         |
|    ep_rew_mean          | 77.3        |
| time/                   |             |
|    fps                  | 1494        |
|    iterations           | 78          |
|    time_elapsed         | 106         |
|    total_timesteps      | 159744      |
| train/                  |             |
|    approx_kl            | 0.027701637 |
|    clip_fraction        | 0.267       |
|    clip_range           | 0.2         |
|    entropy_loss         | -20.2       |
|    explained_variance   | 0.79663986  |
|    learning_rate        | 0.0003      |
|    loss                 | 0.196       |
|    n_updates            | 770         |
|    policy_gradient_loss | -0.0376     |
|    std                  | 0.93        |
|    value_loss           | 1.44        |
-----------------------------------------
----------------------------------------
| rollout/                |            |
|    ep_len_mean          | 576        |
|    ep_rew_mean          | 79.9       |
| time/                   |            |
|    fps                  | 1489       |
|    iterations           | 79         |
|    time_elapsed         | 108        |
|    total_timesteps      | 161792     |
| train/                  |            |
|    approx_kl            | 0.02383994 |
|    clip_fraction        | 0.268      |
|    clip_range           | 0.2        |
|    entropy_loss         | -20.2      |
|    explained_variance   | 0.77941084 |
|    learning_rate        | 0.0003     |
|    loss                 | 0.416      |
|    n_updates            | 780        |
|    policy_gradient_loss | -0.0348    |
|    std                  | 0.93       |
|    value_loss           | 1.93       |
----------------------------------------
-----------------------------------------
| rollout/                |             |
|    ep_len_mean          | 591         |
|    ep_rew_mean          | 82.7        |
| time/                   |             |
|    fps                  | 1484        |
|    iterations           | 80          |
|    time_elapsed         | 110         |
|    total_timesteps      | 163840      |
| train/                  |             |
|    approx_kl            | 0.032660127 |
|    clip_fraction        | 0.322       |
|    clip_range           | 0.2         |
|    entropy_loss         | -20.1       |
|    explained_variance   | 0.7215967   |
|    learning_rate        | 0.0003      |
|    loss                 | 0.0981      |
|    n_updates            | 790         |
|    policy_gradient_loss | -0.0376     |
|    std                  | 0.926       |
|    value_loss           | 0.696       |
-----------------------------------------
-----------------------------------------
| rollout/                |             |
|    ep_len_mean          | 604         |
|    ep_rew_mean          | 85.1        |
| time/                   |             |
|    fps                  | 1480        |
|    iterations           | 81          |
|    time_elapsed         | 112         |
|    total_timesteps      | 165888      |
| train/                  |             |
|    approx_kl            | 0.026860163 |
|    clip_fraction        | 0.303       |
|    clip_range           | 0.2         |
|    entropy_loss         | -20.1       |
|    explained_variance   | 0.8355145   |
|    learning_rate        | 0.0003      |
|    loss                 | 0.0188      |
|    n_updates            | 800         |
|    policy_gradient_loss | -0.0334     |
|    std                  | 0.924       |
|    value_loss           | 0.461       |
-----------------------------------------
-----------------------------------------
| rollout/                |             |
|    ep_len_mean          | 620         |
|    ep_rew_mean          | 88.1        |
| time/                   |             |
|    fps                  | 1475        |
|    iterations           | 82          |
|    time_elapsed         | 113         |
|    total_timesteps      | 167936      |
| train/                  |             |
|    approx_kl            | 0.023096828 |
|    clip_fraction        | 0.269       |
|    clip_range           | 0.2         |
|    entropy_loss         | -20         |
|    explained_variance   | 0.78464466  |
|    learning_rate        | 0.0003      |
|    loss                 | 0.163       |
|    n_updates            | 810         |
|    policy_gradient_loss | -0.0316     |
|    std                  | 0.923       |
|    value_loss           | 0.982       |
-----------------------------------------
-----------------------------------------
| rollout/                |             |
|    ep_len_mean          | 616         |
|    ep_rew_mean          | 87.1        |
| time/                   |             |
|    fps                  | 1473        |
|    iterations           | 83          |
|    time_elapsed         | 115         |
|    total_timesteps      | 169984      |
| train/                  |             |
|    approx_kl            | 0.023469305 |
|    clip_fraction        | 0.262       |
|    clip_range           | 0.2         |
|    entropy_loss         | -20         |
|    explained_variance   | 0.83508515  |
|    learning_rate        | 0.0003      |
|    loss                 | 0.272       |
|    n_updates            | 820         |
|    policy_gradient_loss | -0.0336     |
|    std                  | 0.921       |
|    value_loss           | 1.16        |
-----------------------------------------
-----------------------------------------
| rollout/                |             |
|    ep_len_mean          | 620         |
|    ep_rew_mean          | 88          |
| time/                   |             |
|    fps                  | 1469        |
|    iterations           | 84          |
|    time_elapsed         | 117         |
|    total_timesteps      | 172032      |
| train/                  |             |
|    approx_kl            | 0.016813437 |
|    clip_fraction        | 0.183       |
|    clip_range           | 0.2         |
|    entropy_loss         | -20         |
|    explained_variance   | 0.82477915  |
|    learning_rate        | 0.0003      |
|    loss                 | 0.802       |
|    n_updates            | 830         |
|    policy_gradient_loss | -0.0338     |
|    std                  | 0.919       |
|    value_loss           | 2.48        |
-----------------------------------------
-----------------------------------------
| rollout/                |             |
|    ep_len_mean          | 643         |
|    ep_rew_mean          | 92.6        |
| time/                   |             |
|    fps                  | 1466        |
|    iterations           | 85          |
|    time_elapsed         | 118         |
|    total_timesteps      | 174080      |
| train/                  |             |
|    approx_kl            | 0.023274338 |
|    clip_fraction        | 0.289       |
|    clip_range           | 0.2         |
|    entropy_loss         | -20         |
|    explained_variance   | 0.85077894  |
|    learning_rate        | 0.0003      |
|    loss                 | 0.317       |
|    n_updates            | 840         |
|    policy_gradient_loss | -0.0309     |
|    std                  | 0.92        |
|    value_loss           | 0.978       |
-----------------------------------------
-----------------------------------------
| rollout/                |             |
|    ep_len_mean          | 649         |
|    ep_rew_mean          | 93.8        |
| time/                   |             |
|    fps                  | 1462        |
|    iterations           | 86          |
|    time_elapsed         | 120         |
|    total_timesteps      | 176128      |
| train/                  |             |
|    approx_kl            | 0.022779286 |
|    clip_fraction        | 0.24        |
|    clip_range           | 0.2         |
|    entropy_loss         | -20         |
|    explained_variance   | 0.83516884  |
|    learning_rate        | 0.0003      |
|    loss                 | 0.182       |
|    n_updates            | 850         |
|    policy_gradient_loss | -0.0357     |
|    std                  | 0.919       |
|    value_loss           | 1.66        |
-----------------------------------------
-----------------------------------------
| rollout/                |             |
|    ep_len_mean          | 665         |
|    ep_rew_mean          | 97          |
| time/                   |             |
|    fps                  | 1456        |
|    iterations           | 87          |
|    time_elapsed         | 122         |
|    total_timesteps      | 178176      |
| train/                  |             |
|    approx_kl            | 0.024419475 |
|    clip_fraction        | 0.289       |
|    clip_range           | 0.2         |
|    entropy_loss         | -20         |
|    explained_variance   | 0.822017    |
|    learning_rate        | 0.0003      |
|    loss                 | 0.073       |
|    n_updates            | 860         |
|    policy_gradient_loss | -0.0295     |
|    std                  | 0.919       |
|    value_loss           | 0.813       |
-----------------------------------------
-----------------------------------------
| rollout/                |             |
|    ep_len_mean          | 680         |
|    ep_rew_mean          | 100         |
| time/                   |             |
|    fps                  | 1451        |
|    iterations           | 88          |
|    time_elapsed         | 124         |
|    total_timesteps      | 180224      |
| train/                  |             |
|    approx_kl            | 0.025899816 |
|    clip_fraction        | 0.262       |
|    clip_range           | 0.2         |
|    entropy_loss         | -20         |
|    explained_variance   | 0.76031107  |
|    learning_rate        | 0.0003      |
|    loss                 | 0.17        |
|    n_updates            | 870         |
|    policy_gradient_loss | -0.0296     |
|    std                  | 0.922       |
|    value_loss           | 0.856       |
-----------------------------------------
-----------------------------------------
| rollout/                |             |
|    ep_len_mean          | 683         |
|    ep_rew_mean          | 101         |
| time/                   |             |
|    fps                  | 1448        |
|    iterations           | 89          |
|    time_elapsed         | 125         |
|    total_timesteps      | 182272      |
| train/                  |             |
|    approx_kl            | 0.030668212 |
|    clip_fraction        | 0.306       |
|    clip_range           | 0.2         |
|    entropy_loss         | -20         |
|    explained_variance   | 0.87709475  |
|    learning_rate        | 0.0003      |
|    loss                 | 0.0883      |
|    n_updates            | 880         |
|    policy_gradient_loss | -0.0342     |
|    std                  | 0.921       |
|    value_loss           | 0.492       |
-----------------------------------------
---------------------------------------
| rollout/                |           |
|    ep_len_mean          | 694       |
|    ep_rew_mean          | 103       |
| time/                   |           |
|    fps                  | 1443      |
|    iterations           | 90        |
|    time_elapsed         | 127       |
|    total_timesteps      | 184320    |
| train/                  |           |
|    approx_kl            | 0.0232848 |
|    clip_fraction        | 0.263     |
|    clip_range           | 0.2       |
|    entropy_loss         | -20       |
|    explained_variance   | 0.7705676 |
|    learning_rate        | 0.0003    |
|    loss                 | 0.383     |
|    n_updates            | 890       |
|    policy_gradient_loss | -0.0297   |
|    std                  | 0.921     |
|    value_loss           | 1.14      |
---------------------------------------
-----------------------------------------
| rollout/                |             |
|    ep_len_mean          | 722         |
|    ep_rew_mean          | 109         |
| time/                   |             |
|    fps                  | 1438        |
|    iterations           | 91          |
|    time_elapsed         | 129         |
|    total_timesteps      | 186368      |
| train/                  |             |
|    approx_kl            | 0.029824238 |
|    clip_fraction        | 0.305       |
|    clip_range           | 0.2         |
|    entropy_loss         | -20         |
|    explained_variance   | 0.8645023   |
|    learning_rate        | 0.0003      |
|    loss                 | 0.0883      |
|    n_updates            | 900         |
|    policy_gradient_loss | -0.0368     |
|    std                  | 0.922       |
|    value_loss           | 0.501       |
-----------------------------------------
-----------------------------------------
| rollout/                |             |
|    ep_len_mean          | 734         |
|    ep_rew_mean          | 111         |
| time/                   |             |
|    fps                  | 1435        |
|    iterations           | 92          |
|    time_elapsed         | 131         |
|    total_timesteps      | 188416      |
| train/                  |             |
|    approx_kl            | 0.027005956 |
|    clip_fraction        | 0.313       |
|    clip_range           | 0.2         |
|    entropy_loss         | -20         |
|    explained_variance   | 0.7096694   |
|    learning_rate        | 0.0003      |
|    loss                 | 0.181       |
|    n_updates            | 910         |
|    policy_gradient_loss | -0.0291     |
|    std                  | 0.92        |
|    value_loss           | 1.09        |
-----------------------------------------
-----------------------------------------
| rollout/                |             |
|    ep_len_mean          | 733         |
|    ep_rew_mean          | 111         |
| time/                   |             |
|    fps                  | 1433        |
|    iterations           | 93          |
|    time_elapsed         | 132         |
|    total_timesteps      | 190464      |
| train/                  |             |
|    approx_kl            | 0.023351638 |
|    clip_fraction        | 0.261       |
|    clip_range           | 0.2         |
|    entropy_loss         | -20         |
|    explained_variance   | 0.8297514   |
|    learning_rate        | 0.0003      |
|    loss                 | 0.326       |
|    n_updates            | 920         |
|    policy_gradient_loss | -0.0266     |
|    std                  | 0.918       |
|    value_loss           | 1.53        |
-----------------------------------------
-----------------------------------------
| rollout/                |             |
|    ep_len_mean          | 733         |
|    ep_rew_mean          | 111         |
| time/                   |             |
|    fps                  | 1430        |
|    iterations           | 94          |
|    time_elapsed         | 134         |
|    total_timesteps      | 192512      |
| train/                  |             |
|    approx_kl            | 0.021163575 |
|    clip_fraction        | 0.228       |
|    clip_range           | 0.2         |
|    entropy_loss         | -19.9       |
|    explained_variance   | 0.8603463   |
|    learning_rate        | 0.0003      |
|    loss                 | 0.446       |
|    n_updates            | 930         |
|    policy_gradient_loss | -0.0303     |
|    std                  | 0.918       |
|    value_loss           | 1.5         |
-----------------------------------------
----------------------------------------
| rollout/                |            |
|    ep_len_mean          | 743        |
|    ep_rew_mean          | 114        |
| time/                   |            |
|    fps                  | 1426       |
|    iterations           | 95         |
|    time_elapsed         | 136        |
|    total_timesteps      | 194560     |
| train/                  |            |
|    approx_kl            | 0.0209668  |
|    clip_fraction        | 0.252      |
|    clip_range           | 0.2        |
|    entropy_loss         | -19.9      |
|    explained_variance   | 0.92566735 |
|    learning_rate        | 0.0003     |
|    loss                 | 0.385      |
|    n_updates            | 940        |
|    policy_gradient_loss | -0.0303    |
|    std                  | 0.916      |
|    value_loss           | 0.983      |
----------------------------------------
-----------------------------------------
| rollout/                |             |
|    ep_len_mean          | 748         |
|    ep_rew_mean          | 114         |
| time/                   |             |
|    fps                  | 1424        |
|    iterations           | 96          |
|    time_elapsed         | 138         |
|    total_timesteps      | 196608      |
| train/                  |             |
|    approx_kl            | 0.027782923 |
|    clip_fraction        | 0.265       |
|    clip_range           | 0.2         |
|    entropy_loss         | -19.9       |
|    explained_variance   | 0.70621645  |
|    learning_rate        | 0.0003      |
|    loss                 | 0.802       |
|    n_updates            | 950         |
|    policy_gradient_loss | -0.0338     |
|    std                  | 0.918       |
|    value_loss           | 2.62        |
-----------------------------------------
-----------------------------------------
| rollout/                |             |
|    ep_len_mean          | 770         |
|    ep_rew_mean          | 118         |
| time/                   |             |
|    fps                  | 1420        |
|    iterations           | 97          |
|    time_elapsed         | 139         |
|    total_timesteps      | 198656      |
| train/                  |             |
|    approx_kl            | 0.025307912 |
|    clip_fraction        | 0.246       |
|    clip_range           | 0.2         |
|    entropy_loss         | -19.9       |
|    explained_variance   | 0.8439644   |
|    learning_rate        | 0.0003      |
|    loss                 | 0.67        |
|    n_updates            | 960         |
|    policy_gradient_loss | -0.0341     |
|    std                  | 0.915       |
|    value_loss           | 1.68        |
-----------------------------------------
----------------------------------------
| rollout/                |            |
|    ep_len_mean          | 778        |
|    ep_rew_mean          | 120        |
| time/                   |            |
|    fps                  | 1417       |
|    iterations           | 98         |
|    time_elapsed         | 141        |
|    total_timesteps      | 200704     |
| train/                  |            |
|    approx_kl            | 0.02722126 |
|    clip_fraction        | 0.313      |
|    clip_range           | 0.2        |
|    entropy_loss         | -19.9      |
|    explained_variance   | 0.8088825  |
|    learning_rate        | 0.0003     |
|    loss                 | 0.269      |
|    n_updates            | 970        |
|    policy_gradient_loss | -0.0325    |
|    std                  | 0.913      |
|    value_loss           | 0.924      |
----------------------------------------
----------------------------------------
| rollout/                |            |
|    ep_len_mean          | 791        |
|    ep_rew_mean          | 122        |
| time/                   |            |
|    fps                  | 1415       |
|    iterations           | 99         |
|    time_elapsed         | 143        |
|    total_timesteps      | 202752     |
| train/                  |            |
|    approx_kl            | 0.02366322 |
|    clip_fraction        | 0.268      |
|    clip_range           | 0.2        |
|    entropy_loss         | -19.9      |
|    explained_variance   | 0.76126534 |
|    learning_rate        | 0.0003     |
|    loss                 | 0.695      |
|    n_updates            | 980        |
|    policy_gradient_loss | -0.0343    |
|    std                  | 0.914      |
|    value_loss           | 1.67       |
----------------------------------------
-----------------------------------------
| rollout/                |             |
|    ep_len_mean          | 789         |
|    ep_rew_mean          | 121         |
| time/                   |             |
|    fps                  | 1412        |
|    iterations           | 100         |
|    time_elapsed         | 144         |
|    total_timesteps      | 204800      |
| train/                  |             |
|    approx_kl            | 0.023209088 |
|    clip_fraction        | 0.255       |
|    clip_range           | 0.2         |
|    entropy_loss         | -19.9       |
|    explained_variance   | 0.7659608   |
|    learning_rate        | 0.0003      |
|    loss                 | 0.752       |
|    n_updates            | 990         |
|    policy_gradient_loss | -0.0361     |
|    std                  | 0.914       |
|    value_loss           | 2.17        |
-----------------------------------------
-----------------------------------------
| rollout/                |             |
|    ep_len_mean          | 789         |
|    ep_rew_mean          | 121         |
| time/                   |             |
|    fps                  | 1407        |
|    iterations           | 101         |
|    time_elapsed         | 146         |
|    total_timesteps      | 206848      |
| train/                  |             |
|    approx_kl            | 0.022427674 |
|    clip_fraction        | 0.247       |
|    clip_range           | 0.2         |
|    entropy_loss         | -19.8       |
|    explained_variance   | 0.7677494   |
|    learning_rate        | 0.0003      |
|    loss                 | 0.667       |
|    n_updates            | 1000        |
|    policy_gradient_loss | -0.0326     |
|    std                  | 0.91        |
|    value_loss           | 2.31        |
-----------------------------------------
-----------------------------------------
| rollout/                |             |
|    ep_len_mean          | 814         |
|    ep_rew_mean          | 126         |
| time/                   |             |
|    fps                  | 1404        |
|    iterations           | 102         |
|    time_elapsed         | 148         |
|    total_timesteps      | 208896      |
| train/                  |             |
|    approx_kl            | 0.026292838 |
|    clip_fraction        | 0.313       |
|    clip_range           | 0.2         |
|    entropy_loss         | -19.8       |
|    explained_variance   | -0.36399746 |
|    learning_rate        | 0.0003      |
|    loss                 | 0.149       |
|    n_updates            | 1010        |
|    policy_gradient_loss | -0.0315     |
|    std                  | 0.906       |
|    value_loss           | 0.74        |
-----------------------------------------
-----------------------------------------
| rollout/                |             |
|    ep_len_mean          | 837         |
|    ep_rew_mean          | 130         |
| time/                   |             |
|    fps                  | 1401        |
|    iterations           | 103         |
|    time_elapsed         | 150         |
|    total_timesteps      | 210944      |
| train/                  |             |
|    approx_kl            | 0.026174137 |
|    clip_fraction        | 0.312       |
|    clip_range           | 0.2         |
|    entropy_loss         | -19.7       |
|    explained_variance   | 0.8432289   |
|    learning_rate        | 0.0003      |
|    loss                 | 0.0502      |
|    n_updates            | 1020        |
|    policy_gradient_loss | -0.0356     |
|    std                  | 0.903       |
|    value_loss           | 0.553       |
-----------------------------------------
-----------------------------------------
| rollout/                |             |
|    ep_len_mean          | 851         |
|    ep_rew_mean          | 133         |
| time/                   |             |
|    fps                  | 1396        |
|    iterations           | 104         |
|    time_elapsed         | 152         |
|    total_timesteps      | 212992      |
| train/                  |             |
|    approx_kl            | 0.024534732 |
|    clip_fraction        | 0.27        |
|    clip_range           | 0.2         |
|    entropy_loss         | -19.7       |
|    explained_variance   | 0.81898195  |
|    learning_rate        | 0.0003      |
|    loss                 | 0.0498      |
|    n_updates            | 1030        |
|    policy_gradient_loss | -0.0319     |
|    std                  | 0.903       |
|    value_loss           | 0.903       |
-----------------------------------------
-----------------------------------------
| rollout/                |             |
|    ep_len_mean          | 859         |
|    ep_rew_mean          | 135         |
| time/                   |             |
|    fps                  | 1394        |
|    iterations           | 105         |
|    time_elapsed         | 154         |
|    total_timesteps      | 215040      |
| train/                  |             |
|    approx_kl            | 0.025905034 |
|    clip_fraction        | 0.291       |
|    clip_range           | 0.2         |
|    entropy_loss         | -19.7       |
|    explained_variance   | 0.7921584   |
|    learning_rate        | 0.0003      |
|    loss                 | 0.137       |
|    n_updates            | 1040        |
|    policy_gradient_loss | -0.0327     |
|    std                  | 0.903       |
|    value_loss           | 0.613       |
-----------------------------------------
-----------------------------------------
| rollout/                |             |
|    ep_len_mean          | 869         |
|    ep_rew_mean          | 137         |
| time/                   |             |
|    fps                  | 1393        |
|    iterations           | 106         |
|    time_elapsed         | 155         |
|    total_timesteps      | 217088      |
| train/                  |             |
|    approx_kl            | 0.023682196 |
|    clip_fraction        | 0.251       |
|    clip_range           | 0.2         |
|    entropy_loss         | -19.7       |
|    explained_variance   | 0.819577    |
|    learning_rate        | 0.0003      |
|    loss                 | 0.197       |
|    n_updates            | 1050        |
|    policy_gradient_loss | -0.0375     |
|    std                  | 0.904       |
|    value_loss           | 1.08        |
-----------------------------------------
---------------------------------------
| rollout/                |           |
|    ep_len_mean          | 871       |
|    ep_rew_mean          | 138       |
| time/                   |           |
|    fps                  | 1390      |
|    iterations           | 107       |
|    time_elapsed         | 157       |
|    total_timesteps      | 219136    |
| train/                  |           |
|    approx_kl            | 0.0225809 |
|    clip_fraction        | 0.245     |
|    clip_range           | 0.2       |
|    entropy_loss         | -19.7     |
|    explained_variance   | 0.8578929 |
|    learning_rate        | 0.0003    |
|    loss                 | 0.292     |
|    n_updates            | 1060      |
|    policy_gradient_loss | -0.0341   |
|    std                  | 0.904     |
|    value_loss           | 1.53      |
---------------------------------------
-----------------------------------------
| rollout/                |             |
|    ep_len_mean          | 886         |
|    ep_rew_mean          | 141         |
| time/                   |             |
|    fps                  | 1388        |
|    iterations           | 108         |
|    time_elapsed         | 159         |
|    total_timesteps      | 221184      |
| train/                  |             |
|    approx_kl            | 0.027485583 |
|    clip_fraction        | 0.291       |
|    clip_range           | 0.2         |
|    entropy_loss         | -19.7       |
|    explained_variance   | 0.93569416  |
|    learning_rate        | 0.0003      |
|    loss                 | 0.192       |
|    n_updates            | 1070        |
|    policy_gradient_loss | -0.0404     |
|    std                  | 0.903       |
|    value_loss           | 0.869       |
-----------------------------------------
-----------------------------------------
| rollout/                |             |
|    ep_len_mean          | 901         |
|    ep_rew_mean          | 144         |
| time/                   |             |
|    fps                  | 1385        |
|    iterations           | 109         |
|    time_elapsed         | 161         |
|    total_timesteps      | 223232      |
| train/                  |             |
|    approx_kl            | 0.024210919 |
|    clip_fraction        | 0.229       |
|    clip_range           | 0.2         |
|    entropy_loss         | -19.7       |
|    explained_variance   | 0.9012473   |
|    learning_rate        | 0.0003      |
|    loss                 | 0.665       |
|    n_updates            | 1080        |
|    policy_gradient_loss | -0.0352     |
|    std                  | 0.904       |
|    value_loss           | 1.48        |
-----------------------------------------
-----------------------------------------
| rollout/                |             |
|    ep_len_mean          | 901         |
|    ep_rew_mean          | 144         |
| time/                   |             |
|    fps                  | 1381        |
|    iterations           | 110         |
|    time_elapsed         | 163         |
|    total_timesteps      | 225280      |
| train/                  |             |
|    approx_kl            | 0.028900776 |
|    clip_fraction        | 0.299       |
|    clip_range           | 0.2         |
|    entropy_loss         | -19.7       |
|    explained_variance   | 0.91300565  |
|    learning_rate        | 0.0003      |
|    loss                 | 0.062       |
|    n_updates            | 1090        |
|    policy_gradient_loss | -0.0319     |
|    std                  | 0.901       |
|    value_loss           | 0.466       |
-----------------------------------------
-----------------------------------------
| rollout/                |             |
|    ep_len_mean          | 940         |
|    ep_rew_mean          | 152         |
| time/                   |             |
|    fps                  | 1378        |
|    iterations           | 111         |
|    time_elapsed         | 164         |
|    total_timesteps      | 227328      |
| train/                  |             |
|    approx_kl            | 0.033031054 |
|    clip_fraction        | 0.359       |
|    clip_range           | 0.2         |
|    entropy_loss         | -19.6       |
|    explained_variance   | -0.7478838  |
|    learning_rate        | 0.0003      |
|    loss                 | 0.0605      |
|    n_updates            | 1100        |
|    policy_gradient_loss | -0.0332     |
|    std                  | 0.899       |
|    value_loss           | 0.378       |
-----------------------------------------
-----------------------------------------
| rollout/                |             |
|    ep_len_mean          | 942         |
|    ep_rew_mean          | 152         |
| time/                   |             |
|    fps                  | 1377        |
|    iterations           | 112         |
|    time_elapsed         | 166         |
|    total_timesteps      | 229376      |
| train/                  |             |
|    approx_kl            | 0.025270294 |
|    clip_fraction        | 0.3         |
|    clip_range           | 0.2         |
|    entropy_loss         | -19.6       |
|    explained_variance   | 0.5731088   |
|    learning_rate        | 0.0003      |
|    loss                 | 0.101       |
|    n_updates            | 1110        |
|    policy_gradient_loss | -0.0236     |
|    std                  | 0.894       |
|    value_loss           | 1           |
-----------------------------------------
-----------------------------------------
| rollout/                |             |
|    ep_len_mean          | 947         |
|    ep_rew_mean          | 153         |
| time/                   |             |
|    fps                  | 1374        |
|    iterations           | 113         |
|    time_elapsed         | 168         |
|    total_timesteps      | 231424      |
| train/                  |             |
|    approx_kl            | 0.022502668 |
|    clip_fraction        | 0.225       |
|    clip_range           | 0.2         |
|    entropy_loss         | -19.5       |
|    explained_variance   | 0.82194895  |
|    learning_rate        | 0.0003      |
|    loss                 | 0.538       |
|    n_updates            | 1120        |
|    policy_gradient_loss | -0.0283     |
|    std                  | 0.892       |
|    value_loss           | 1.91        |
-----------------------------------------
-----------------------------------------
| rollout/                |             |
|    ep_len_mean          | 946         |
|    ep_rew_mean          | 153         |
| time/                   |             |
|    fps                  | 1371        |
|    iterations           | 114         |
|    time_elapsed         | 170         |
|    total_timesteps      | 233472      |
| train/                  |             |
|    approx_kl            | 0.027100652 |
|    clip_fraction        | 0.318       |
|    clip_range           | 0.2         |
|    entropy_loss         | -19.5       |
|    explained_variance   | 0.8627459   |
|    learning_rate        | 0.0003      |
|    loss                 | 0.0657      |
|    n_updates            | 1130        |
|    policy_gradient_loss | -0.0341     |
|    std                  | 0.889       |
|    value_loss           | 0.552       |
-----------------------------------------
----------------------------------------
| rollout/                |            |
|    ep_len_mean          | 946        |
|    ep_rew_mean          | 153        |
| time/                   |            |
|    fps                  | 1368       |
|    iterations           | 115        |
|    time_elapsed         | 172        |
|    total_timesteps      | 235520     |
| train/                  |            |
|    approx_kl            | 0.03377217 |
|    clip_fraction        | 0.338      |
|    clip_range           | 0.2        |
|    entropy_loss         | -19.4      |
|    explained_variance   | 0.8763222  |
|    learning_rate        | 0.0003     |
|    loss                 | -0.0023    |
|    n_updates            | 1140       |
|    policy_gradient_loss | -0.0333    |
|    std                  | 0.885      |
|    value_loss           | 0.259      |
----------------------------------------
-----------------------------------------
| rollout/                |             |
|    ep_len_mean          | 988         |
|    ep_rew_mean          | 161         |
| time/                   |             |
|    fps                  | 1366        |
|    iterations           | 116         |
|    time_elapsed         | 173         |
|    total_timesteps      | 237568      |
| train/                  |             |
|    approx_kl            | 0.025984632 |
|    clip_fraction        | 0.307       |
|    clip_range           | 0.2         |
|    entropy_loss         | -19.4       |
|    explained_variance   | -2.4477262  |
|    learning_rate        | 0.0003      |
|    loss                 | 0.0285      |
|    n_updates            | 1150        |
|    policy_gradient_loss | -0.0338     |
|    std                  | 0.883       |
|    value_loss           | 0.272       |
-----------------------------------------
-----------------------------------------
| rollout/                |             |
|    ep_len_mean          | 1.01e+03    |
|    ep_rew_mean          | 165         |
| time/                   |             |
|    fps                  | 1364        |
|    iterations           | 117         |
|    time_elapsed         | 175         |
|    total_timesteps      | 239616      |
| train/                  |             |
|    approx_kl            | 0.021568544 |
|    clip_fraction        | 0.26        |
|    clip_range           | 0.2         |
|    entropy_loss         | -19.3       |
|    explained_variance   | 0.88106406  |
|    learning_rate        | 0.0003      |
|    loss                 | 0.205       |
|    n_updates            | 1160        |
|    policy_gradient_loss | -0.0304     |
|    std                  | 0.883       |
|    value_loss           | 0.761       |
-----------------------------------------
-----------------------------------------
| rollout/                |             |
|    ep_len_mean          | 998         |
|    ep_rew_mean          | 164         |
| time/                   |             |
|    fps                  | 1362        |
|    iterations           | 118         |
|    time_elapsed         | 177         |
|    total_timesteps      | 241664      |
| train/                  |             |
|    approx_kl            | 0.020417264 |
|    clip_fraction        | 0.256       |
|    clip_range           | 0.2         |
|    entropy_loss         | -19.3       |
|    explained_variance   | 0.91068584  |
|    learning_rate        | 0.0003      |
|    loss                 | 0.0712      |
|    n_updates            | 1170        |
|    policy_gradient_loss | -0.029      |
|    std                  | 0.881       |
|    value_loss           | 0.563       |
-----------------------------------------
-----------------------------------------
| rollout/                |             |
|    ep_len_mean          | 998         |
|    ep_rew_mean          | 164         |
| time/                   |             |
|    fps                  | 1359        |
|    iterations           | 119         |
|    time_elapsed         | 179         |
|    total_timesteps      | 243712      |
| train/                  |             |
|    approx_kl            | 0.024082474 |
|    clip_fraction        | 0.246       |
|    clip_range           | 0.2         |
|    entropy_loss         | -19.3       |
|    explained_variance   | 0.86418915  |
|    learning_rate        | 0.0003      |
|    loss                 | 1.46        |
|    n_updates            | 1180        |
|    policy_gradient_loss | -0.0326     |
|    std                  | 0.881       |
|    value_loss           | 1.94        |
-----------------------------------------
-----------------------------------------
| rollout/                |             |
|    ep_len_mean          | 1.02e+03    |
|    ep_rew_mean          | 168         |
| time/                   |             |
|    fps                  | 1357        |
|    iterations           | 120         |
|    time_elapsed         | 181         |
|    total_timesteps      | 245760      |
| train/                  |             |
|    approx_kl            | 0.031394772 |
|    clip_fraction        | 0.337       |
|    clip_range           | 0.2         |
|    entropy_loss         | -19.3       |
|    explained_variance   | -1.0617001  |
|    learning_rate        | 0.0003      |
|    loss                 | 0.163       |
|    n_updates            | 1190        |
|    policy_gradient_loss | -0.0343     |
|    std                  | 0.88        |
|    value_loss           | 0.418       |
-----------------------------------------
-----------------------------------------
| rollout/                |             |
|    ep_len_mean          | 1.03e+03    |
|    ep_rew_mean          | 172         |
| time/                   |             |
|    fps                  | 1355        |
|    iterations           | 121         |
|    time_elapsed         | 182         |
|    total_timesteps      | 247808      |
| train/                  |             |
|    approx_kl            | 0.026280496 |
|    clip_fraction        | 0.309       |
|    clip_range           | 0.2         |
|    entropy_loss         | -19.3       |
|    explained_variance   | 0.8833972   |
|    learning_rate        | 0.0003      |
|    loss                 | 0.227       |
|    n_updates            | 1200        |
|    policy_gradient_loss | -0.033      |
|    std                  | 0.88        |
|    value_loss           | 0.463       |
-----------------------------------------
-----------------------------------------
| rollout/                |             |
|    ep_len_mean          | 1.03e+03    |
|    ep_rew_mean          | 172         |
| time/                   |             |
|    fps                  | 1351        |
|    iterations           | 122         |
|    time_elapsed         | 184         |
|    total_timesteps      | 249856      |
| train/                  |             |
|    approx_kl            | 0.021226712 |
|    clip_fraction        | 0.248       |
|    clip_range           | 0.2         |
|    entropy_loss         | -19.3       |
|    explained_variance   | 0.8814486   |
|    learning_rate        | 0.0003      |
|    loss                 | 0.314       |
|    n_updates            | 1210        |
|    policy_gradient_loss | -0.0328     |
|    std                  | 0.879       |
|    value_loss           | 0.988       |
-----------------------------------------
----------------------------------------
| rollout/                |            |
|    ep_len_mean          | 1.08e+03   |
|    ep_rew_mean          | 180        |
| time/                   |            |
|    fps                  | 1349       |
|    iterations           | 123        |
|    time_elapsed         | 186        |
|    total_timesteps      | 251904     |
| train/                  |            |
|    approx_kl            | 0.03276346 |
|    clip_fraction        | 0.331      |
|    clip_range           | 0.2        |
|    entropy_loss         | -19.2      |
|    explained_variance   | -2.1728709 |
|    learning_rate        | 0.0003     |
|    loss                 | -0.0138    |
|    n_updates            | 1220       |
|    policy_gradient_loss | -0.0302    |
|    std                  | 0.873      |
|    value_loss           | 0.107      |
----------------------------------------
-----------------------------------------
| rollout/                |             |
|    ep_len_mean          | 1.08e+03    |
|    ep_rew_mean          | 180         |
| time/                   |             |
|    fps                  | 1346        |
|    iterations           | 124         |
|    time_elapsed         | 188         |
|    total_timesteps      | 253952      |
| train/                  |             |
|    approx_kl            | 0.023882613 |
|    clip_fraction        | 0.29        |
|    clip_range           | 0.2         |
|    entropy_loss         | -19.2       |
|    explained_variance   | 0.91567284  |
|    learning_rate        | 0.0003      |
|    loss                 | -0.0166     |
|    n_updates            | 1230        |
|    policy_gradient_loss | -0.0308     |
|    std                  | 0.871       |
|    value_loss           | 0.288       |
-----------------------------------------
-----------------------------------------
| rollout/                |             |
|    ep_len_mean          | 1.1e+03     |
|    ep_rew_mean          | 186         |
| time/                   |             |
|    fps                  | 1343        |
|    iterations           | 125         |
|    time_elapsed         | 190         |
|    total_timesteps      | 256000      |
| train/                  |             |
|    approx_kl            | 0.026387079 |
|    clip_fraction        | 0.321       |
|    clip_range           | 0.2         |
|    entropy_loss         | -19.1       |
|    explained_variance   | 0.47321057  |
|    learning_rate        | 0.0003      |
|    loss                 | -0.0415     |
|    n_updates            | 1240        |
|    policy_gradient_loss | -0.0357     |
|    std                  | 0.869       |
|    value_loss           | 0.035       |
-----------------------------------------
-----------------------------------------
| rollout/                |             |
|    ep_len_mean          | 1.12e+03    |
|    ep_rew_mean          | 189         |
| time/                   |             |
|    fps                  | 1341        |
|    iterations           | 126         |
|    time_elapsed         | 192         |
|    total_timesteps      | 258048      |
| train/                  |             |
|    approx_kl            | 0.027020382 |
|    clip_fraction        | 0.287       |
|    clip_range           | 0.2         |
|    entropy_loss         | -19.1       |
|    explained_variance   | 0.90891963  |
|    learning_rate        | 0.0003      |
|    loss                 | 0.0565      |
|    n_updates            | 1250        |
|    policy_gradient_loss | -0.026      |
|    std                  | 0.866       |
|    value_loss           | 0.185       |
-----------------------------------------
-----------------------------------------
| rollout/                |             |
|    ep_len_mean          | 1.12e+03    |
|    ep_rew_mean          | 189         |
| time/                   |             |
|    fps                  | 1338        |
|    iterations           | 127         |
|    time_elapsed         | 194         |
|    total_timesteps      | 260096      |
| train/                  |             |
|    approx_kl            | 0.023444854 |
|    clip_fraction        | 0.264       |
|    clip_range           | 0.2         |
|    entropy_loss         | -19         |
|    explained_variance   | 0.90460765  |
|    learning_rate        | 0.0003      |
|    loss                 | 0.339       |
|    n_updates            | 1260        |
|    policy_gradient_loss | -0.032      |
|    std                  | 0.863       |
|    value_loss           | 0.68        |
-----------------------------------------
-----------------------------------------
| rollout/                |             |
|    ep_len_mean          | 1.15e+03    |
|    ep_rew_mean          | 196         |
| time/                   |             |
|    fps                  | 1336        |
|    iterations           | 128         |
|    time_elapsed         | 196         |
|    total_timesteps      | 262144      |
| train/                  |             |
|    approx_kl            | 0.02891828  |
|    clip_fraction        | 0.337       |
|    clip_range           | 0.2         |
|    entropy_loss         | -19         |
|    explained_variance   | -0.17251611 |
|    learning_rate        | 0.0003      |
|    loss                 | -0.00769    |
|    n_updates            | 1270        |
|    policy_gradient_loss | -0.0365     |
|    std                  | 0.864       |
|    value_loss           | 0.0919      |
-----------------------------------------
-----------------------------------------
| rollout/                |             |
|    ep_len_mean          | 1.15e+03    |
|    ep_rew_mean          | 197         |
| time/                   |             |
|    fps                  | 1334        |
|    iterations           | 129         |
|    time_elapsed         | 197         |
|    total_timesteps      | 264192      |
| train/                  |             |
|    approx_kl            | 0.023213662 |
|    clip_fraction        | 0.28        |
|    clip_range           | 0.2         |
|    entropy_loss         | -19         |
|    explained_variance   | 0.7945707   |
|    learning_rate        | 0.0003      |
|    loss                 | 0.00701     |
|    n_updates            | 1280        |
|    policy_gradient_loss | -0.0283     |
|    std                  | 0.863       |
|    value_loss           | 0.533       |
-----------------------------------------
-----------------------------------------
| rollout/                |             |
|    ep_len_mean          | 1.16e+03    |
|    ep_rew_mean          | 198         |
| time/                   |             |
|    fps                  | 1333        |
|    iterations           | 130         |
|    time_elapsed         | 199         |
|    total_timesteps      | 266240      |
| train/                  |             |
|    approx_kl            | 0.023543756 |
|    clip_fraction        | 0.268       |
|    clip_range           | 0.2         |
|    entropy_loss         | -19         |
|    explained_variance   | 0.88236433  |
|    learning_rate        | 0.0003      |
|    loss                 | 0.218       |
|    n_updates            | 1290        |
|    policy_gradient_loss | -0.0314     |
|    std                  | 0.861       |
|    value_loss           | 0.94        |
-----------------------------------------
----------------------------------------
| rollout/                |            |
|    ep_len_mean          | 1.17e+03   |
|    ep_rew_mean          | 200        |
| time/                   |            |
|    fps                  | 1331       |
|    iterations           | 131        |
|    time_elapsed         | 201        |
|    total_timesteps      | 268288     |
| train/                  |            |
|    approx_kl            | 0.02766814 |
|    clip_fraction        | 0.279      |
|    clip_range           | 0.2        |
|    entropy_loss         | -19        |
|    explained_variance   | 0.88623947 |
|    learning_rate        | 0.0003     |
|    loss                 | 0.334      |
|    n_updates            | 1300       |
|    policy_gradient_loss | -0.0284    |
|    std                  | 0.861      |
|    value_loss           | 0.773      |
----------------------------------------
----------------------------------------
| rollout/                |            |
|    ep_len_mean          | 1.18e+03   |
|    ep_rew_mean          | 202        |
| time/                   |            |
|    fps                  | 1329       |
|    iterations           | 132        |
|    time_elapsed         | 203        |
|    total_timesteps      | 270336     |
| train/                  |            |
|    approx_kl            | 0.01923099 |
|    clip_fraction        | 0.23       |
|    clip_range           | 0.2        |
|    entropy_loss         | -19        |
|    explained_variance   | 0.9124657  |
|    learning_rate        | 0.0003     |
|    loss                 | 0.28       |
|    n_updates            | 1310       |
|    policy_gradient_loss | -0.0266    |
|    std                  | 0.865      |
|    value_loss           | 0.63       |
----------------------------------------
-----------------------------------------
| rollout/                |             |
|    ep_len_mean          | 1.2e+03     |
|    ep_rew_mean          | 206         |
| time/                   |             |
|    fps                  | 1327        |
|    iterations           | 133         |
|    time_elapsed         | 205         |
|    total_timesteps      | 272384      |
| train/                  |             |
|    approx_kl            | 0.024922788 |
|    clip_fraction        | 0.262       |
|    clip_range           | 0.2         |
|    entropy_loss         | -19.1       |
|    explained_variance   | 0.9125423   |
|    learning_rate        | 0.0003      |
|    loss                 | 0.08        |
|    n_updates            | 1320        |
|    policy_gradient_loss | -0.0239     |
|    std                  | 0.867       |
|    value_loss           | 0.449       |
-----------------------------------------
-----------------------------------------
| rollout/                |             |
|    ep_len_mean          | 1.21e+03    |
|    ep_rew_mean          | 209         |
| time/                   |             |
|    fps                  | 1325        |
|    iterations           | 134         |
|    time_elapsed         | 207         |
|    total_timesteps      | 274432      |
| train/                  |             |
|    approx_kl            | 0.023482077 |
|    clip_fraction        | 0.28        |
|    clip_range           | 0.2         |
|    entropy_loss         | -19.1       |
|    explained_variance   | 0.9120494   |
|    learning_rate        | 0.0003      |
|    loss                 | 0.457       |
|    n_updates            | 1330        |
|    policy_gradient_loss | -0.0303     |
|    std                  | 0.867       |
|    value_loss           | 1.33        |
-----------------------------------------
-----------------------------------------
| rollout/                |             |
|    ep_len_mean          | 1.21e+03    |
|    ep_rew_mean          | 209         |
| time/                   |             |
|    fps                  | 1322        |
|    iterations           | 135         |
|    time_elapsed         | 208         |
|    total_timesteps      | 276480      |
| train/                  |             |
|    approx_kl            | 0.025474722 |
|    clip_fraction        | 0.296       |
|    clip_range           | 0.2         |
|    entropy_loss         | -19.1       |
|    explained_variance   | 0.8884798   |
|    learning_rate        | 0.0003      |
|    loss                 | 0.183       |
|    n_updates            | 1340        |
|    policy_gradient_loss | -0.0282     |
|    std                  | 0.866       |
|    value_loss           | 0.779       |
-----------------------------------------
-----------------------------------------
| rollout/                |             |
|    ep_len_mean          | 1.25e+03    |
|    ep_rew_mean          | 217         |
| time/                   |             |
|    fps                  | 1320        |
|    iterations           | 136         |
|    time_elapsed         | 210         |
|    total_timesteps      | 278528      |
| train/                  |             |
|    approx_kl            | 0.030579738 |
|    clip_fraction        | 0.301       |
|    clip_range           | 0.2         |
|    entropy_loss         | -19         |
|    explained_variance   | -0.3431319  |
|    learning_rate        | 0.0003      |
|    loss                 | 0.00335     |
|    n_updates            | 1350        |
|    policy_gradient_loss | -0.0284     |
|    std                  | 0.862       |
|    value_loss           | 0.135       |
-----------------------------------------
----------------------------------------
| rollout/                |            |
|    ep_len_mean          | 1.25e+03   |
|    ep_rew_mean          | 217        |
| time/                   |            |
|    fps                  | 1318       |
|    iterations           | 137        |
|    time_elapsed         | 212        |
|    total_timesteps      | 280576     |
| train/                  |            |
|    approx_kl            | 0.02506587 |
|    clip_fraction        | 0.298      |
|    clip_range           | 0.2        |
|    entropy_loss         | -19        |
|    explained_variance   | 0.94954276 |
|    learning_rate        | 0.0003     |
|    loss                 | 0.129      |
|    n_updates            | 1360       |
|    policy_gradient_loss | -0.0235    |
|    std                  | 0.861      |
|    value_loss           | 0.349      |
----------------------------------------
----------------------------------------
| rollout/                |            |
|    ep_len_mean          | 1.25e+03   |
|    ep_rew_mean          | 217        |
| time/                   |            |
|    fps                  | 1316       |
|    iterations           | 138        |
|    time_elapsed         | 214        |
|    total_timesteps      | 282624     |
| train/                  |            |
|    approx_kl            | 0.02812703 |
|    clip_fraction        | 0.343      |
|    clip_range           | 0.2        |
|    entropy_loss         | -19        |
|    explained_variance   | -0.7717496 |
|    learning_rate        | 0.0003     |
|    loss                 | -0.0126    |
|    n_updates            | 1370       |
|    policy_gradient_loss | -0.0357    |
|    std                  | 0.86       |
|    value_loss           | 0.0524     |
----------------------------------------
-----------------------------------------
| rollout/                |             |
|    ep_len_mean          | 1.3e+03     |
|    ep_rew_mean          | 227         |
| time/                   |             |
|    fps                  | 1314        |
|    iterations           | 139         |
|    time_elapsed         | 216         |
|    total_timesteps      | 284672      |
| train/                  |             |
|    approx_kl            | 0.024982844 |
|    clip_fraction        | 0.307       |
|    clip_range           | 0.2         |
|    entropy_loss         | -18.9       |
|    explained_variance   | 0.14620566  |
|    learning_rate        | 0.0003      |
|    loss                 | -0.0305     |
|    n_updates            | 1380        |
|    policy_gradient_loss | -0.0359     |
|    std                  | 0.856       |
|    value_loss           | 0.0349      |
-----------------------------------------
-----------------------------------------
| rollout/                |             |
|    ep_len_mean          | 1.31e+03    |
|    ep_rew_mean          | 229         |
| time/                   |             |
|    fps                  | 1313        |
|    iterations           | 140         |
|    time_elapsed         | 218         |
|    total_timesteps      | 286720      |
| train/                  |             |
|    approx_kl            | 0.023604585 |
|    clip_fraction        | 0.255       |
|    clip_range           | 0.2         |
|    entropy_loss         | -18.9       |
|    explained_variance   | 0.7809377   |
|    learning_rate        | 0.0003      |
|    loss                 | 0.0378      |
|    n_updates            | 1390        |
|    policy_gradient_loss | -0.0206     |
|    std                  | 0.858       |
|    value_loss           | 0.336       |
-----------------------------------------
-----------------------------------------
| rollout/                |             |
|    ep_len_mean          | 1.33e+03    |
|    ep_rew_mean          | 232         |
| time/                   |             |
|    fps                  | 1311        |
|    iterations           | 141         |
|    time_elapsed         | 220         |
|    total_timesteps      | 288768      |
| train/                  |             |
|    approx_kl            | 0.025078662 |
|    clip_fraction        | 0.277       |
|    clip_range           | 0.2         |
|    entropy_loss         | -18.9       |
|    explained_variance   | 0.78127754  |
|    learning_rate        | 0.0003      |
|    loss                 | 0.628       |
|    n_updates            | 1400        |
|    policy_gradient_loss | -0.0254     |
|    std                  | 0.859       |
|    value_loss           | 0.914       |
-----------------------------------------
---------------------------------------
| rollout/                |           |
|    ep_len_mean          | 1.33e+03  |
|    ep_rew_mean          | 232       |
| time/                   |           |
|    fps                  | 1309      |
|    iterations           | 142       |
|    time_elapsed         | 222       |
|    total_timesteps      | 290816    |
| train/                  |           |
|    approx_kl            | 0.0267153 |
|    clip_fraction        | 0.292     |
|    clip_range           | 0.2       |
|    entropy_loss         | -18.9     |
|    explained_variance   | 0.8032087 |
|    learning_rate        | 0.0003    |
|    loss                 | 0.0626    |
|    n_updates            | 1410      |
|    policy_gradient_loss | -0.0267   |
|    std                  | 0.859     |
|    value_loss           | 0.535     |
---------------------------------------
-----------------------------------------
| rollout/                |             |
|    ep_len_mean          | 1.33e+03    |
|    ep_rew_mean          | 232         |
| time/                   |             |
|    fps                  | 1306        |
|    iterations           | 143         |
|    time_elapsed         | 224         |
|    total_timesteps      | 292864      |
| train/                  |             |
|    approx_kl            | 0.029931918 |
|    clip_fraction        | 0.352       |
|    clip_range           | 0.2         |
|    entropy_loss         | -18.9       |
|    explained_variance   | -1.7906094  |
|    learning_rate        | 0.0003      |
|    loss                 | 0.198       |
|    n_updates            | 1420        |
|    policy_gradient_loss | -0.0303     |
|    std                  | 0.856       |
|    value_loss           | 0.429       |
-----------------------------------------
-----------------------------------------
| rollout/                |             |
|    ep_len_mean          | 1.38e+03    |
|    ep_rew_mean          | 242         |
| time/                   |             |
|    fps                  | 1304        |
|    iterations           | 144         |
|    time_elapsed         | 225         |
|    total_timesteps      | 294912      |
| train/                  |             |
|    approx_kl            | 0.026384728 |
|    clip_fraction        | 0.308       |
|    clip_range           | 0.2         |
|    entropy_loss         | -18.8       |
|    explained_variance   | -1.1780171  |
|    learning_rate        | 0.0003      |
|    loss                 | -0.048      |
|    n_updates            | 1430        |
|    policy_gradient_loss | -0.032      |
|    std                  | 0.853       |
|    value_loss           | 0.0578      |
-----------------------------------------
-----------------------------------------
| rollout/                |             |
|    ep_len_mean          | 1.4e+03     |
|    ep_rew_mean          | 246         |
| time/                   |             |
|    fps                  | 1302        |
|    iterations           | 145         |
|    time_elapsed         | 227         |
|    total_timesteps      | 296960      |
| train/                  |             |
|    approx_kl            | 0.021837119 |
|    clip_fraction        | 0.257       |
|    clip_range           | 0.2         |
|    entropy_loss         | -18.8       |
|    explained_variance   | 0.75012773  |
|    learning_rate        | 0.0003      |
|    loss                 | 0.0519      |
|    n_updates            | 1440        |
|    policy_gradient_loss | -0.0273     |
|    std                  | 0.854       |
|    value_loss           | 0.349       |
-----------------------------------------
-----------------------------------------
| rollout/                |             |
|    ep_len_mean          | 1.4e+03     |
|    ep_rew_mean          | 246         |
| time/                   |             |
|    fps                  | 1300        |
|    iterations           | 146         |
|    time_elapsed         | 229         |
|    total_timesteps      | 299008      |
| train/                  |             |
|    approx_kl            | 0.027142804 |
|    clip_fraction        | 0.293       |
|    clip_range           | 0.2         |
|    entropy_loss         | -18.9       |
|    explained_variance   | 0.91526765  |
|    learning_rate        | 0.0003      |
|    loss                 | -0.0371     |
|    n_updates            | 1450        |
|    policy_gradient_loss | -0.0266     |
|    std                  | 0.854       |
|    value_loss           | 0.167       |
-----------------------------------------
-----------------------------------------
| rollout/                |             |
|    ep_len_mean          | 1.41e+03    |
|    ep_rew_mean          | 250         |
| time/                   |             |
|    fps                  | 1298        |
|    iterations           | 147         |
|    time_elapsed         | 231         |
|    total_timesteps      | 301056      |
| train/                  |             |
|    approx_kl            | 0.025392499 |
|    clip_fraction        | 0.289       |
|    clip_range           | 0.2         |
|    entropy_loss         | -18.8       |
|    explained_variance   | -1.5041428  |
|    learning_rate        | 0.0003      |
|    loss                 | 0.0143      |
|    n_updates            | 1460        |
|    policy_gradient_loss | -0.0231     |
|    std                  | 0.851       |
|    value_loss           | 0.137       |
-----------------------------------------
-----------------------------------------
| rollout/                |             |
|    ep_len_mean          | 1.41e+03    |
|    ep_rew_mean          | 250         |
| time/                   |             |
|    fps                  | 1296        |
|    iterations           | 148         |
|    time_elapsed         | 233         |
|    total_timesteps      | 303104      |
| train/                  |             |
|    approx_kl            | 0.026063183 |
|    clip_fraction        | 0.273       |
|    clip_range           | 0.2         |
|    entropy_loss         | -18.8       |
|    explained_variance   | 0.85182667  |
|    learning_rate        | 0.0003      |
|    loss                 | 0.412       |
|    n_updates            | 1470        |
|    policy_gradient_loss | -0.0246     |
|    std                  | 0.849       |
|    value_loss           | 0.494       |
-----------------------------------------
-----------------------------------------
| rollout/                |             |
|    ep_len_mean          | 1.44e+03    |
|    ep_rew_mean          | 256         |
| time/                   |             |
|    fps                  | 1294        |
|    iterations           | 149         |
|    time_elapsed         | 235         |
|    total_timesteps      | 305152      |
| train/                  |             |
|    approx_kl            | 0.026074339 |
|    clip_fraction        | 0.307       |
|    clip_range           | 0.2         |
|    entropy_loss         | -18.7       |
|    explained_variance   | 0.110342264 |
|    learning_rate        | 0.0003      |
|    loss                 | -0.00118    |
|    n_updates            | 1480        |
|    policy_gradient_loss | -0.031      |
|    std                  | 0.848       |
|    value_loss           | 0.0703      |
-----------------------------------------
-----------------------------------------
| rollout/                |             |
|    ep_len_mean          | 1.47e+03    |
|    ep_rew_mean          | 261         |
| time/                   |             |
|    fps                  | 1292        |
|    iterations           | 150         |
|    time_elapsed         | 237         |
|    total_timesteps      | 307200      |
| train/                  |             |
|    approx_kl            | 0.023990477 |
|    clip_fraction        | 0.285       |
|    clip_range           | 0.2         |
|    entropy_loss         | -18.8       |
|    explained_variance   | 0.8668308   |
|    learning_rate        | 0.0003      |
|    loss                 | 0.153       |
|    n_updates            | 1490        |
|    policy_gradient_loss | -0.0267     |
|    std                  | 0.85        |
|    value_loss           | 0.702       |
-----------------------------------------
-----------------------------------------
| rollout/                |             |
|    ep_len_mean          | 1.46e+03    |
|    ep_rew_mean          | 259         |
| time/                   |             |
|    fps                  | 1290        |
|    iterations           | 151         |
|    time_elapsed         | 239         |
|    total_timesteps      | 309248      |
| train/                  |             |
|    approx_kl            | 0.026882336 |
|    clip_fraction        | 0.29        |
|    clip_range           | 0.2         |
|    entropy_loss         | -18.8       |
|    explained_variance   | 0.8452291   |
|    learning_rate        | 0.0003      |
|    loss                 | 0.161       |
|    n_updates            | 1500        |
|    policy_gradient_loss | -0.0258     |
|    std                  | 0.849       |
|    value_loss           | 0.64        |
-----------------------------------------
-----------------------------------------
| rollout/                |             |
|    ep_len_mean          | 1.46e+03    |
|    ep_rew_mean          | 259         |
| time/                   |             |
|    fps                  | 1289        |
|    iterations           | 152         |
|    time_elapsed         | 241         |
|    total_timesteps      | 311296      |
| train/                  |             |
|    approx_kl            | 0.022625815 |
|    clip_fraction        | 0.251       |
|    clip_range           | 0.2         |
|    entropy_loss         | -18.7       |
|    explained_variance   | 0.87704563  |
|    learning_rate        | 0.0003      |
|    loss                 | 0.0293      |
|    n_updates            | 1510        |
|    policy_gradient_loss | -0.0291     |
|    std                  | 0.847       |
|    value_loss           | 1.08        |
-----------------------------------------
----------------------------------------
| rollout/                |            |
|    ep_len_mean          | 1.46e+03   |
|    ep_rew_mean          | 259        |
| time/                   |            |
|    fps                  | 1287       |
|    iterations           | 153        |
|    time_elapsed         | 243        |
|    total_timesteps      | 313344     |
| train/                  |            |
|    approx_kl            | 0.02878126 |
|    clip_fraction        | 0.313      |
|    clip_range           | 0.2        |
|    entropy_loss         | -18.7      |
|    explained_variance   | 0.8968389  |
|    learning_rate        | 0.0003     |
|    loss                 | 0.159      |
|    n_updates            | 1520       |
|    policy_gradient_loss | -0.0275    |
|    std                  | 0.848      |
|    value_loss           | 0.64       |
----------------------------------------
----------------------------------------
| rollout/                |            |
|    ep_len_mean          | 1.46e+03   |
|    ep_rew_mean          | 259        |
| time/                   |            |
|    fps                  | 1284       |
|    iterations           | 154        |
|    time_elapsed         | 245        |
|    total_timesteps      | 315392     |
| train/                  |            |
|    approx_kl            | 0.02663906 |
|    clip_fraction        | 0.324      |
|    clip_range           | 0.2        |
|    entropy_loss         | -18.7      |
|    explained_variance   | -1.115478  |
|    learning_rate        | 0.0003     |
|    loss                 | 0.00139    |
|    n_updates            | 1530       |
|    policy_gradient_loss | -0.0234    |
|    std                  | 0.849      |
|    value_loss           | 0.0782     |
----------------------------------------
-----------------------------------------
| rollout/                |             |
|    ep_len_mean          | 1.46e+03    |
|    ep_rew_mean          | 259         |
| time/                   |             |
|    fps                  | 1282        |
|    iterations           | 155         |
|    time_elapsed         | 247         |
|    total_timesteps      | 317440      |
| train/                  |             |
|    approx_kl            | 0.022613727 |
|    clip_fraction        | 0.302       |
|    clip_range           | 0.2         |
|    entropy_loss         | -18.7       |
|    explained_variance   | -0.39980936 |
|    learning_rate        | 0.0003      |
|    loss                 | -0.0365     |
|    n_updates            | 1540        |
|    policy_gradient_loss | -0.0246     |
|    std                  | 0.849       |
|    value_loss           | 0.0347      |
-----------------------------------------
------------------------------------------
| rollout/                |              |
|    ep_len_mean          | 1.53e+03     |
|    ep_rew_mean          | 275          |
| time/                   |              |
|    fps                  | 1281         |
|    iterations           | 156          |
|    time_elapsed         | 249          |
|    total_timesteps      | 319488       |
| train/                  |              |
|    approx_kl            | 0.024258858  |
|    clip_fraction        | 0.285        |
|    clip_range           | 0.2          |
|    entropy_loss         | -18.7        |
|    explained_variance   | -0.005227089 |
|    learning_rate        | 0.0003       |
|    loss                 | -0.0385      |
|    n_updates            | 1550         |
|    policy_gradient_loss | -0.0296      |
|    std                  | 0.848        |
|    value_loss           | 0.0244       |
------------------------------------------
-----------------------------------------
| rollout/                |             |
|    ep_len_mean          | 1.53e+03    |
|    ep_rew_mean          | 275         |
| time/                   |             |
|    fps                  | 1279        |
|    iterations           | 157         |
|    time_elapsed         | 251         |
|    total_timesteps      | 321536      |
| train/                  |             |
|    approx_kl            | 0.023762144 |
|    clip_fraction        | 0.272       |
|    clip_range           | 0.2         |
|    entropy_loss         | -18.7       |
|    explained_variance   | 0.8694871   |
|    learning_rate        | 0.0003      |
|    loss                 | 0.028       |
|    n_updates            | 1560        |
|    policy_gradient_loss | -0.0241     |
|    std                  | 0.847       |
|    value_loss           | 0.233       |
-----------------------------------------
-----------------------------------------
| rollout/                |             |
|    ep_len_mean          | 1.53e+03    |
|    ep_rew_mean          | 275         |
| time/                   |             |
|    fps                  | 1277        |
|    iterations           | 158         |
|    time_elapsed         | 253         |
|    total_timesteps      | 323584      |
| train/                  |             |
|    approx_kl            | 0.024960477 |
|    clip_fraction        | 0.316       |
|    clip_range           | 0.2         |
|    entropy_loss         | -18.7       |
|    explained_variance   | -3.9540982  |
|    learning_rate        | 0.0003      |
|    loss                 | -0.0481     |
|    n_updates            | 1570        |
|    policy_gradient_loss | -0.0274     |
|    std                  | 0.843       |
|    value_loss           | 0.0119      |
-----------------------------------------
-----------------------------------------
| rollout/                |             |
|    ep_len_mean          | 1.58e+03    |
|    ep_rew_mean          | 286         |
| time/                   |             |
|    fps                  | 1275        |
|    iterations           | 159         |
|    time_elapsed         | 255         |
|    total_timesteps      | 325632      |
| train/                  |             |
|    approx_kl            | 0.022045631 |
|    clip_fraction        | 0.275       |
|    clip_range           | 0.2         |
|    entropy_loss         | -18.6       |
|    explained_variance   | 0.14337254  |
|    learning_rate        | 0.0003      |
|    loss                 | -0.0352     |
|    n_updates            | 1580        |
|    policy_gradient_loss | -0.0252     |
|    std                  | 0.844       |
|    value_loss           | 0.00788     |
-----------------------------------------
----------------------------------------
| rollout/                |            |
|    ep_len_mean          | 1.59e+03   |
|    ep_rew_mean          | 289        |
| time/                   |            |
|    fps                  | 1274       |
|    iterations           | 160        |
|    time_elapsed         | 257        |
|    total_timesteps      | 327680     |
| train/                  |            |
|    approx_kl            | 0.01942151 |
|    clip_fraction        | 0.281      |
|    clip_range           | 0.2        |
|    entropy_loss         | -18.7      |
|    explained_variance   | 0.88424873 |
|    learning_rate        | 0.0003     |
|    loss                 | 0.0512     |
|    n_updates            | 1590       |
|    policy_gradient_loss | -0.0254    |
|    std                  | 0.844      |
|    value_loss           | 0.384      |
----------------------------------------
-----------------------------------------
| rollout/                |             |
|    ep_len_mean          | 1.59e+03    |
|    ep_rew_mean          | 289         |
| time/                   |             |
|    fps                  | 1272        |
|    iterations           | 161         |
|    time_elapsed         | 259         |
|    total_timesteps      | 329728      |
| train/                  |             |
|    approx_kl            | 0.019775089 |
|    clip_fraction        | 0.247       |
|    clip_range           | 0.2         |
|    entropy_loss         | -18.7       |
|    explained_variance   | 0.8330351   |
|    learning_rate        | 0.0003      |
|    loss                 | 0.0865      |
|    n_updates            | 1600        |
|    policy_gradient_loss | -0.0231     |
|    std                  | 0.845       |
|    value_loss           | 1.13        |
-----------------------------------------
----------------------------------------
| rollout/                |            |
|    ep_len_mean          | 1.62e+03   |
|    ep_rew_mean          | 295        |
| time/                   |            |
|    fps                  | 1271       |
|    iterations           | 162        |
|    time_elapsed         | 260        |
|    total_timesteps      | 331776     |
| train/                  |            |
|    approx_kl            | 0.02765087 |
|    clip_fraction        | 0.309      |
|    clip_range           | 0.2        |
|    entropy_loss         | -18.6      |
|    explained_variance   | 0.7385527  |
|    learning_rate        | 0.0003     |
|    loss                 | -0.0299    |
|    n_updates            | 1610       |
|    policy_gradient_loss | -0.028     |
|    std                  | 0.842      |
|    value_loss           | 0.164      |
----------------------------------------
-----------------------------------------
| rollout/                |             |
|    ep_len_mean          | 1.62e+03    |
|    ep_rew_mean          | 295         |
| time/                   |             |
|    fps                  | 1269        |
|    iterations           | 163         |
|    time_elapsed         | 262         |
|    total_timesteps      | 333824      |
| train/                  |             |
|    approx_kl            | 0.024817947 |
|    clip_fraction        | 0.294       |
|    clip_range           | 0.2         |
|    entropy_loss         | -18.6       |
|    explained_variance   | 0.9125633   |
|    learning_rate        | 0.0003      |
|    loss                 | 0.0156      |
|    n_updates            | 1620        |
|    policy_gradient_loss | -0.0263     |
|    std                  | 0.843       |
|    value_loss           | 0.321       |
-----------------------------------------
-----------------------------------------
| rollout/                |             |
|    ep_len_mean          | 1.66e+03    |
|    ep_rew_mean          | 302         |
| time/                   |             |
|    fps                  | 1268        |
|    iterations           | 164         |
|    time_elapsed         | 264         |
|    total_timesteps      | 335872      |
| train/                  |             |
|    approx_kl            | 0.027050013 |
|    clip_fraction        | 0.324       |
|    clip_range           | 0.2         |
|    entropy_loss         | -18.6       |
|    explained_variance   | -2.6257298  |
|    learning_rate        | 0.0003      |
|    loss                 | -0.0173     |
|    n_updates            | 1630        |
|    policy_gradient_loss | -0.0265     |
|    std                  | 0.844       |
|    value_loss           | 0.125       |
-----------------------------------------
-----------------------------------------
| rollout/                |             |
|    ep_len_mean          | 1.66e+03    |
|    ep_rew_mean          | 302         |
| time/                   |             |
|    fps                  | 1266        |
|    iterations           | 165         |
|    time_elapsed         | 266         |
|    total_timesteps      | 337920      |
| train/                  |             |
|    approx_kl            | 0.024925647 |
|    clip_fraction        | 0.282       |
|    clip_range           | 0.2         |
|    entropy_loss         | -18.6       |
|    explained_variance   | 0.86348426  |
|    learning_rate        | 0.0003      |
|    loss                 | 0.307       |
|    n_updates            | 1640        |
|    policy_gradient_loss | -0.0259     |
|    std                  | 0.843       |
|    value_loss           | 0.807       |
-----------------------------------------
-----------------------------------------
| rollout/                |             |
|    ep_len_mean          | 1.69e+03    |
|    ep_rew_mean          | 308         |
| time/                   |             |
|    fps                  | 1265        |
|    iterations           | 166         |
|    time_elapsed         | 268         |
|    total_timesteps      | 339968      |
| train/                  |             |
|    approx_kl            | 0.023084924 |
|    clip_fraction        | 0.277       |
|    clip_range           | 0.2         |
|    entropy_loss         | -18.6       |
|    explained_variance   | -0.56427085 |
|    learning_rate        | 0.0003      |
|    loss                 | -0.0206     |
|    n_updates            | 1650        |
|    policy_gradient_loss | -0.0264     |
|    std                  | 0.842       |
|    value_loss           | 0.0563      |
-----------------------------------------
----------------------------------------
| rollout/                |            |
|    ep_len_mean          | 1.68e+03   |
|    ep_rew_mean          | 306        |
| time/                   |            |
|    fps                  | 1264       |
|    iterations           | 167        |
|    time_elapsed         | 270        |
|    total_timesteps      | 342016     |
| train/                  |            |
|    approx_kl            | 0.01991524 |
|    clip_fraction        | 0.211      |
|    clip_range           | 0.2        |
|    entropy_loss         | -18.6      |
|    explained_variance   | 0.82582355 |
|    learning_rate        | 0.0003     |
|    loss                 | 0.29       |
|    n_updates            | 1660       |
|    policy_gradient_loss | -0.0245    |
|    std                  | 0.842      |
|    value_loss           | 1.41       |
----------------------------------------
-----------------------------------------
| rollout/                |             |
|    ep_len_mean          | 1.68e+03    |
|    ep_rew_mean          | 306         |
| time/                   |             |
|    fps                  | 1262        |
|    iterations           | 168         |
|    time_elapsed         | 272         |
|    total_timesteps      | 344064      |
| train/                  |             |
|    approx_kl            | 0.029001547 |
|    clip_fraction        | 0.284       |
|    clip_range           | 0.2         |
|    entropy_loss         | -18.6       |
|    explained_variance   | 0.7966861   |
|    learning_rate        | 0.0003      |
|    loss                 | 0.132       |
|    n_updates            | 1670        |
|    policy_gradient_loss | -0.0263     |
|    std                  | 0.842       |
|    value_loss           | 0.907       |
-----------------------------------------
-----------------------------------------
| rollout/                |             |
|    ep_len_mean          | 1.68e+03    |
|    ep_rew_mean          | 306         |
| time/                   |             |
|    fps                  | 1260        |
|    iterations           | 169         |
|    time_elapsed         | 274         |
|    total_timesteps      | 346112      |
| train/                  |             |
|    approx_kl            | 0.027111895 |
|    clip_fraction        | 0.309       |
|    clip_range           | 0.2         |
|    entropy_loss         | -18.6       |
|    explained_variance   | -1.9512215  |
|    learning_rate        | 0.0003      |
|    loss                 | -0.0352     |
|    n_updates            | 1680        |
|    policy_gradient_loss | -0.0283     |
|    std                  | 0.841       |
|    value_loss           | 0.0599      |
-----------------------------------------
-----------------------------------------
| rollout/                |             |
|    ep_len_mean          | 1.73e+03    |
|    ep_rew_mean          | 318         |
| time/                   |             |
|    fps                  | 1259        |
|    iterations           | 170         |
|    time_elapsed         | 276         |
|    total_timesteps      | 348160      |
| train/                  |             |
|    approx_kl            | 0.025473647 |
|    clip_fraction        | 0.303       |
|    clip_range           | 0.2         |
|    entropy_loss         | -18.6       |
|    explained_variance   | 0.014953375 |
|    learning_rate        | 0.0003      |
|    loss                 | -0.0456     |
|    n_updates            | 1690        |
|    policy_gradient_loss | -0.0274     |
|    std                  | 0.841       |
|    value_loss           | 0.0226      |
-----------------------------------------
-----------------------------------------
| rollout/                |             |
|    ep_len_mean          | 1.76e+03    |
|    ep_rew_mean          | 322         |
| time/                   |             |
|    fps                  | 1258        |
|    iterations           | 171         |
|    time_elapsed         | 278         |
|    total_timesteps      | 350208      |
| train/                  |             |
|    approx_kl            | 0.023395307 |
|    clip_fraction        | 0.281       |
|    clip_range           | 0.2         |
|    entropy_loss         | -18.6       |
|    explained_variance   | 0.79438007  |
|    learning_rate        | 0.0003      |
|    loss                 | 0.0637      |
|    n_updates            | 1700        |
|    policy_gradient_loss | -0.0206     |
|    std                  | 0.842       |
|    value_loss           | 0.454       |
-----------------------------------------
----------------------------------------
| rollout/                |            |
|    ep_len_mean          | 1.76e+03   |
|    ep_rew_mean          | 322        |
| time/                   |            |
|    fps                  | 1256       |
|    iterations           | 172        |
|    time_elapsed         | 280        |
|    total_timesteps      | 352256     |
| train/                  |            |
|    approx_kl            | 0.02912891 |
|    clip_fraction        | 0.318      |
|    clip_range           | 0.2        |
|    entropy_loss         | -18.6      |
|    explained_variance   | 0.87369484 |
|    learning_rate        | 0.0003     |
|    loss                 | 0.00991    |
|    n_updates            | 1710       |
|    policy_gradient_loss | -0.0299    |
|    std                  | 0.84       |
|    value_loss           | 0.385      |
----------------------------------------
-----------------------------------------
| rollout/                |             |
|    ep_len_mean          | 1.79e+03    |
|    ep_rew_mean          | 329         |
| time/                   |             |
|    fps                  | 1255        |
|    iterations           | 173         |
|    time_elapsed         | 282         |
|    total_timesteps      | 354304      |
| train/                  |             |
|    approx_kl            | 0.023883283 |
|    clip_fraction        | 0.299       |
|    clip_range           | 0.2         |
|    entropy_loss         | -18.5       |
|    explained_variance   | -1.0127325  |
|    learning_rate        | 0.0003      |
|    loss                 | -0.0214     |
|    n_updates            | 1720        |
|    policy_gradient_loss | -0.0239     |
|    std                  | 0.837       |
|    value_loss           | 0.0333      |
-----------------------------------------
-----------------------------------------
| rollout/                |             |
|    ep_len_mean          | 1.79e+03    |
|    ep_rew_mean          | 329         |
| time/                   |             |
|    fps                  | 1254        |
|    iterations           | 174         |
|    time_elapsed         | 284         |
|    total_timesteps      | 356352      |
| train/                  |             |
|    approx_kl            | 0.020792503 |
|    clip_fraction        | 0.278       |
|    clip_range           | 0.2         |
|    entropy_loss         | -18.5       |
|    explained_variance   | 0.8806645   |
|    learning_rate        | 0.0003      |
|    loss                 | 0.0139      |
|    n_updates            | 1730        |
|    policy_gradient_loss | -0.0213     |
|    std                  | 0.838       |
|    value_loss           | 0.326       |
-----------------------------------------
-----------------------------------------
| rollout/                |             |
|    ep_len_mean          | 1.79e+03    |
|    ep_rew_mean          | 329         |
| time/                   |             |
|    fps                  | 1252        |
|    iterations           | 175         |
|    time_elapsed         | 286         |
|    total_timesteps      | 358400      |
| train/                  |             |
|    approx_kl            | 0.028331388 |
|    clip_fraction        | 0.323       |
|    clip_range           | 0.2         |
|    entropy_loss         | -18.5       |
|    explained_variance   | -2.132258   |
|    learning_rate        | 0.0003      |
|    loss                 | -0.022      |
|    n_updates            | 1740        |
|    policy_gradient_loss | -0.0252     |
|    std                  | 0.836       |
|    value_loss           | 0.131       |
-----------------------------------------
-------------------------------------------
| rollout/                |               |
|    ep_len_mean          | 1.79e+03      |
|    ep_rew_mean          | 329           |
| time/                   |               |
|    fps                  | 1251          |
|    iterations           | 176           |
|    time_elapsed         | 288           |
|    total_timesteps      | 360448        |
| train/                  |               |
|    approx_kl            | 0.026227813   |
|    clip_fraction        | 0.3           |
|    clip_range           | 0.2           |
|    entropy_loss         | -18.5         |
|    explained_variance   | -0.0031950474 |
|    learning_rate        | 0.0003        |
|    loss                 | -0.0355       |
|    n_updates            | 1750          |
|    policy_gradient_loss | -0.0273       |
|    std                  | 0.834         |
|    value_loss           | 0.0166        |
-------------------------------------------
-----------------------------------------
| rollout/                |             |
|    ep_len_mean          | 1.85e+03    |
|    ep_rew_mean          | 342         |
| time/                   |             |
|    fps                  | 1250        |
|    iterations           | 177         |
|    time_elapsed         | 289         |
|    total_timesteps      | 362496      |
| train/                  |             |
|    approx_kl            | 0.02648695  |
|    clip_fraction        | 0.296       |
|    clip_range           | 0.2         |
|    entropy_loss         | -18.4       |
|    explained_variance   | -0.19378877 |
|    learning_rate        | 0.0003      |
|    loss                 | -0.0449     |
|    n_updates            | 1760        |
|    policy_gradient_loss | -0.0269     |
|    std                  | 0.832       |
|    value_loss           | 0.00785     |
-----------------------------------------
-----------------------------------------
| rollout/                |             |
|    ep_len_mean          | 1.85e+03    |
|    ep_rew_mean          | 342         |
| time/                   |             |
|    fps                  | 1248        |
|    iterations           | 178         |
|    time_elapsed         | 291         |
|    total_timesteps      | 364544      |
| train/                  |             |
|    approx_kl            | 0.024367247 |
|    clip_fraction        | 0.277       |
|    clip_range           | 0.2         |
|    entropy_loss         | -18.4       |
|    explained_variance   | 0.79597193  |
|    learning_rate        | 0.0003      |
|    loss                 | 0.106       |
|    n_updates            | 1770        |
|    policy_gradient_loss | -0.0208     |
|    std                  | 0.834       |
|    value_loss           | 0.262       |
-----------------------------------------
----------------------------------------
| rollout/                |            |
|    ep_len_mean          | 1.85e+03   |
|    ep_rew_mean          | 342        |
| time/                   |            |
|    fps                  | 1247       |
|    iterations           | 179        |
|    time_elapsed         | 293        |
|    total_timesteps      | 366592     |
| train/                  |            |
|    approx_kl            | 0.02563551 |
|    clip_fraction        | 0.305      |
|    clip_range           | 0.2        |
|    entropy_loss         | -18.5      |
|    explained_variance   | 0.06046754 |
|    learning_rate        | 0.0003     |
|    loss                 | -0.0569    |
|    n_updates            | 1780       |
|    policy_gradient_loss | -0.0342    |
|    std                  | 0.835      |
|    value_loss           | 0.0281     |
----------------------------------------
-----------------------------------------
| rollout/                |             |
|    ep_len_mean          | 1.85e+03    |
|    ep_rew_mean          | 342         |
| time/                   |             |
|    fps                  | 1246        |
|    iterations           | 180         |
|    time_elapsed         | 295         |
|    total_timesteps      | 368640      |
| train/                  |             |
|    approx_kl            | 0.023766214 |
|    clip_fraction        | 0.3         |
|    clip_range           | 0.2         |
|    entropy_loss         | -18.4       |
|    explained_variance   | -1.2836277  |
|    learning_rate        | 0.0003      |
|    loss                 | -0.0241     |
|    n_updates            | 1790        |
|    policy_gradient_loss | -0.0272     |
|    std                  | 0.834       |
|    value_loss           | 0.0268      |
-----------------------------------------
-----------------------------------------
| rollout/                |             |
|    ep_len_mean          | 1.85e+03    |
|    ep_rew_mean          | 342         |
| time/                   |             |
|    fps                  | 1244        |
|    iterations           | 181         |
|    time_elapsed         | 297         |
|    total_timesteps      | 370688      |
| train/                  |             |
|    approx_kl            | 0.024347378 |
|    clip_fraction        | 0.307       |
|    clip_range           | 0.2         |
|    entropy_loss         | -18.4       |
|    explained_variance   | 0.090138376 |
|    learning_rate        | 0.0003      |
|    loss                 | -0.0297     |
|    n_updates            | 1800        |
|    policy_gradient_loss | -0.0319     |
|    std                  | 0.83        |
|    value_loss           | 0.0132      |
-----------------------------------------
------------------------------------------
| rollout/                |              |
|    ep_len_mean          | 1.85e+03     |
|    ep_rew_mean          | 342          |
| time/                   |              |
|    fps                  | 1243         |
|    iterations           | 182          |
|    time_elapsed         | 299          |
|    total_timesteps      | 372736       |
| train/                  |              |
|    approx_kl            | 0.025241997  |
|    clip_fraction        | 0.312        |
|    clip_range           | 0.2          |
|    entropy_loss         | -18.4        |
|    explained_variance   | -0.012550712 |
|    learning_rate        | 0.0003       |
|    loss                 | -0.00858     |
|    n_updates            | 1810         |
|    policy_gradient_loss | -0.026       |
|    std                  | 0.829        |
|    value_loss           | 0.0135       |
------------------------------------------
-----------------------------------------
| rollout/                |             |
|    ep_len_mean          | 1.85e+03    |
|    ep_rew_mean          | 342         |
| time/                   |             |
|    fps                  | 1241        |
|    iterations           | 183         |
|    time_elapsed         | 301         |
|    total_timesteps      | 374784      |
| train/                  |             |
|    approx_kl            | 0.025697697 |
|    clip_fraction        | 0.296       |
|    clip_range           | 0.2         |
|    entropy_loss         | -18.3       |
|    explained_variance   | 0.11333245  |
|    learning_rate        | 0.0003      |
|    loss                 | -0.0279     |
|    n_updates            | 1820        |
|    policy_gradient_loss | -0.0285     |
|    std                  | 0.827       |
|    value_loss           | 0.00544     |
-----------------------------------------
----------------------------------------
| rollout/                |            |
|    ep_len_mean          | 1.85e+03   |
|    ep_rew_mean          | 342        |
| time/                   |            |
|    fps                  | 1240       |
|    iterations           | 184        |
|    time_elapsed         | 303        |
|    total_timesteps      | 376832     |
| train/                  |            |
|    approx_kl            | 0.02632949 |
|    clip_fraction        | 0.325      |
|    clip_range           | 0.2        |
|    entropy_loss         | -18.2      |
|    explained_variance   | 0.32951677 |
|    learning_rate        | 0.0003     |
|    loss                 | -0.0529    |
|    n_updates            | 1830       |
|    policy_gradient_loss | -0.0276    |
|    std                  | 0.822      |
|    value_loss           | 0.00338    |
----------------------------------------
-----------------------------------------
| rollout/                |             |
|    ep_len_mean          | 1.85e+03    |
|    ep_rew_mean          | 342         |
| time/                   |             |
|    fps                  | 1239        |
|    iterations           | 185         |
|    time_elapsed         | 305         |
|    total_timesteps      | 378880      |
| train/                  |             |
|    approx_kl            | 0.021054644 |
|    clip_fraction        | 0.258       |
|    clip_range           | 0.2         |
|    entropy_loss         | -18.2       |
|    explained_variance   | 0.031799555 |
|    learning_rate        | 0.0003      |
|    loss                 | -0.0295     |
|    n_updates            | 1840        |
|    policy_gradient_loss | -0.0262     |
|    std                  | 0.821       |
|    value_loss           | 0.0595      |
-----------------------------------------
-----------------------------------------
| rollout/                |             |
|    ep_len_mean          | 1.85e+03    |
|    ep_rew_mean          | 342         |
| time/                   |             |
|    fps                  | 1237        |
|    iterations           | 186         |
|    time_elapsed         | 307         |
|    total_timesteps      | 380928      |
| train/                  |             |
|    approx_kl            | 0.022211814 |
|    clip_fraction        | 0.277       |
|    clip_range           | 0.2         |
|    entropy_loss         | -18.1       |
|    explained_variance   | -0.1182214  |
|    learning_rate        | 0.0003      |
|    loss                 | -0.00121    |
|    n_updates            | 1850        |
|    policy_gradient_loss | -0.0265     |
|    std                  | 0.818       |
|    value_loss           | 0.0218      |
-----------------------------------------
-----------------------------------------
| rollout/                |             |
|    ep_len_mean          | 2.02e+03    |
|    ep_rew_mean          | 376         |
| time/                   |             |
|    fps                  | 1236        |
|    iterations           | 187         |
|    time_elapsed         | 309         |
|    total_timesteps      | 382976      |
| train/                  |             |
|    approx_kl            | 0.022297516 |
|    clip_fraction        | 0.283       |
|    clip_range           | 0.2         |
|    entropy_loss         | -18.1       |
|    explained_variance   | 0.31529593  |
|    learning_rate        | 0.0003      |
|    loss                 | -0.0301     |
|    n_updates            | 1860        |
|    policy_gradient_loss | -0.0265     |
|    std                  | 0.817       |
|    value_loss           | 0.0102      |
-----------------------------------------
-----------------------------------------
| rollout/                |             |
|    ep_len_mean          | 2.02e+03    |
|    ep_rew_mean          | 376         |
| time/                   |             |
|    fps                  | 1235        |
|    iterations           | 188         |
|    time_elapsed         | 311         |
|    total_timesteps      | 385024      |
| train/                  |             |
|    approx_kl            | 0.022302024 |
|    clip_fraction        | 0.25        |
|    clip_range           | 0.2         |
|    entropy_loss         | -18.1       |
|    explained_variance   | 0.84169483  |
|    learning_rate        | 0.0003      |
|    loss                 | -0.00413    |
|    n_updates            | 1870        |
|    policy_gradient_loss | -0.0265     |
|    std                  | 0.816       |
|    value_loss           | 0.292       |
-----------------------------------------
-----------------------------------------
| rollout/                |             |
|    ep_len_mean          | 2.02e+03    |
|    ep_rew_mean          | 376         |
| time/                   |             |
|    fps                  | 1233        |
|    iterations           | 189         |
|    time_elapsed         | 313         |
|    total_timesteps      | 387072      |
| train/                  |             |
|    approx_kl            | 0.023515604 |
|    clip_fraction        | 0.29        |
|    clip_range           | 0.2         |
|    entropy_loss         | -18.1       |
|    explained_variance   | 0.113277316 |
|    learning_rate        | 0.0003      |
|    loss                 | -0.0355     |
|    n_updates            | 1880        |
|    policy_gradient_loss | -0.0231     |
|    std                  | 0.816       |
|    value_loss           | 0.00682     |
-----------------------------------------
-----------------------------------------
| rollout/                |             |
|    ep_len_mean          | 2.02e+03    |
|    ep_rew_mean          | 376         |
| time/                   |             |
|    fps                  | 1232        |
|    iterations           | 190         |
|    time_elapsed         | 315         |
|    total_timesteps      | 389120      |
| train/                  |             |
|    approx_kl            | 0.020365052 |
|    clip_fraction        | 0.254       |
|    clip_range           | 0.2         |
|    entropy_loss         | -18.1       |
|    explained_variance   | -0.1151582  |
|    learning_rate        | 0.0003      |
|    loss                 | -0.0401     |
|    n_updates            | 1890        |
|    policy_gradient_loss | -0.0221     |
|    std                  | 0.814       |
|    value_loss           | 0.0059      |
-----------------------------------------
-----------------------------------------
| rollout/                |             |
|    ep_len_mean          | 2.02e+03    |
|    ep_rew_mean          | 376         |
| time/                   |             |
|    fps                  | 1231        |
|    iterations           | 191         |
|    time_elapsed         | 317         |
|    total_timesteps      | 391168      |
| train/                  |             |
|    approx_kl            | 0.021982627 |
|    clip_fraction        | 0.281       |
|    clip_range           | 0.2         |
|    entropy_loss         | -18         |
|    explained_variance   | 0.31146836  |
|    learning_rate        | 0.0003      |
|    loss                 | -0.0441     |
|    n_updates            | 1900        |
|    policy_gradient_loss | -0.0251     |
|    std                  | 0.813       |
|    value_loss           | 0.00556     |
-----------------------------------------
-----------------------------------------
| rollout/                |             |
|    ep_len_mean          | 2.02e+03    |
|    ep_rew_mean          | 376         |
| time/                   |             |
|    fps                  | 1229        |
|    iterations           | 192         |
|    time_elapsed         | 319         |
|    total_timesteps      | 393216      |
| train/                  |             |
|    approx_kl            | 0.021157488 |
|    clip_fraction        | 0.282       |
|    clip_range           | 0.2         |
|    entropy_loss         | -18         |
|    explained_variance   | 0.073260605 |
|    learning_rate        | 0.0003      |
|    loss                 | -0.0155     |
|    n_updates            | 1910        |
|    policy_gradient_loss | -0.0247     |
|    std                  | 0.813       |
|    value_loss           | 0.00261     |
-----------------------------------------
-----------------------------------------
| rollout/                |             |
|    ep_len_mean          | 2.02e+03    |
|    ep_rew_mean          | 376         |
| time/                   |             |
|    fps                  | 1228        |
|    iterations           | 193         |
|    time_elapsed         | 321         |
|    total_timesteps      | 395264      |
| train/                  |             |
|    approx_kl            | 0.023403913 |
|    clip_fraction        | 0.295       |
|    clip_range           | 0.2         |
|    entropy_loss         | -18         |
|    explained_variance   | 0.32161832  |
|    learning_rate        | 0.0003      |
|    loss                 | -0.0409     |
|    n_updates            | 1920        |
|    policy_gradient_loss | -0.0297     |
|    std                  | 0.811       |
|    value_loss           | 0.00208     |
-----------------------------------------
-----------------------------------------
| rollout/                |             |
|    ep_len_mean          | 2.02e+03    |
|    ep_rew_mean          | 376         |
| time/                   |             |
|    fps                  | 1226        |
|    iterations           | 194         |
|    time_elapsed         | 323         |
|    total_timesteps      | 397312      |
| train/                  |             |
|    approx_kl            | 0.024766326 |
|    clip_fraction        | 0.272       |
|    clip_range           | 0.2         |
|    entropy_loss         | -18         |
|    explained_variance   | 0.120043874 |
|    learning_rate        | 0.0003      |
|    loss                 | -0.00243    |
|    n_updates            | 1930        |
|    policy_gradient_loss | -0.0233     |
|    std                  | 0.811       |
|    value_loss           | 0.014       |
-----------------------------------------
-----------------------------------------
| rollout/                |             |
|    ep_len_mean          | 2.19e+03    |
|    ep_rew_mean          | 411         |
| time/                   |             |
|    fps                  | 1225        |
|    iterations           | 195         |
|    time_elapsed         | 325         |
|    total_timesteps      | 399360      |
| train/                  |             |
|    approx_kl            | 0.030757088 |
|    clip_fraction        | 0.32        |
|    clip_range           | 0.2         |
|    entropy_loss         | -18         |
|    explained_variance   | 0.21802062  |
|    learning_rate        | 0.0003      |
|    loss                 | -0.0333     |
|    n_updates            | 1940        |
|    policy_gradient_loss | -0.0291     |
|    std                  | 0.808       |
|    value_loss           | 0.0246      |
-----------------------------------------
----------------------------------------
| rollout/                |            |
|    ep_len_mean          | 2.19e+03   |
|    ep_rew_mean          | 411        |
| time/                   |            |
|    fps                  | 1224       |
|    iterations           | 196        |
|    time_elapsed         | 327        |
|    total_timesteps      | 401408     |
| train/                  |            |
|    approx_kl            | 0.02025368 |
|    clip_fraction        | 0.284      |
|    clip_range           | 0.2        |
|    entropy_loss         | -17.9      |
|    explained_variance   | 0.81765866 |
|    learning_rate        | 0.0003     |
|    loss                 | -0.0196    |
|    n_updates            | 1950       |
|    policy_gradient_loss | -0.0233    |
|    std                  | 0.808      |
|    value_loss           | 0.171      |
----------------------------------------
----------------------------------------
| rollout/                |            |
|    ep_len_mean          | 2.19e+03   |
|    ep_rew_mean          | 411        |
| time/                   |            |
|    fps                  | 1222       |
|    iterations           | 197        |
|    time_elapsed         | 329        |
|    total_timesteps      | 403456     |
| train/                  |            |
|    approx_kl            | 0.03142836 |
|    clip_fraction        | 0.328      |
|    clip_range           | 0.2        |
|    entropy_loss         | -17.9      |
|    explained_variance   | -2.0390935 |
|    learning_rate        | 0.0003     |
|    loss                 | 0.00641    |
|    n_updates            | 1960       |
|    policy_gradient_loss | -0.0227    |
|    std                  | 0.806      |
|    value_loss           | 0.0734     |
----------------------------------------
-----------------------------------------
| rollout/                |             |
|    ep_len_mean          | 2.19e+03    |
|    ep_rew_mean          | 411         |
| time/                   |             |
|    fps                  | 1221        |
|    iterations           | 198         |
|    time_elapsed         | 332         |
|    total_timesteps      | 405504      |
| train/                  |             |
|    approx_kl            | 0.020546816 |
|    clip_fraction        | 0.291       |
|    clip_range           | 0.2         |
|    entropy_loss         | -17.9       |
|    explained_variance   | 0.07587278  |
|    learning_rate        | 0.0003      |
|    loss                 | -0.0323     |
|    n_updates            | 1970        |
|    policy_gradient_loss | -0.0234     |
|    std                  | 0.808       |
|    value_loss           | 0.00707     |
-----------------------------------------
-----------------------------------------
| rollout/                |             |
|    ep_len_mean          | 2.19e+03    |
|    ep_rew_mean          | 411         |
| time/                   |             |
|    fps                  | 1219        |
|    iterations           | 199         |
|    time_elapsed         | 334         |
|    total_timesteps      | 407552      |
| train/                  |             |
|    approx_kl            | 0.022094918 |
|    clip_fraction        | 0.299       |
|    clip_range           | 0.2         |
|    entropy_loss         | -17.9       |
|    explained_variance   | 0.23043692  |
|    learning_rate        | 0.0003      |
|    loss                 | -0.0236     |
|    n_updates            | 1980        |
|    policy_gradient_loss | -0.021      |
|    std                  | 0.808       |
|    value_loss           | 0.00363     |
-----------------------------------------
-----------------------------------------
| rollout/                |             |
|    ep_len_mean          | 2.19e+03    |
|    ep_rew_mean          | 411         |
| time/                   |             |
|    fps                  | 1218        |
|    iterations           | 200         |
|    time_elapsed         | 336         |
|    total_timesteps      | 409600      |
| train/                  |             |
|    approx_kl            | 0.025246572 |
|    clip_fraction        | 0.301       |
|    clip_range           | 0.2         |
|    entropy_loss         | -17.9       |
|    explained_variance   | -0.20638669 |
|    learning_rate        | 0.0003      |
|    loss                 | 0.00613     |
|    n_updates            | 1990        |
|    policy_gradient_loss | -0.0249     |
|    std                  | 0.805       |
|    value_loss           | 0.00256     |
-----------------------------------------
-----------------------------------------
| rollout/                |             |
|    ep_len_mean          | 2.19e+03    |
|    ep_rew_mean          | 411         |
| time/                   |             |
|    fps                  | 1216        |
|    iterations           | 201         |
|    time_elapsed         | 338         |
|    total_timesteps      | 411648      |
| train/                  |             |
|    approx_kl            | 0.024241854 |
|    clip_fraction        | 0.277       |
|    clip_range           | 0.2         |
|    entropy_loss         | -17.9       |
|    explained_variance   | 0.41950107  |
|    learning_rate        | 0.0003      |
|    loss                 | 0.00881     |
|    n_updates            | 2000        |
|    policy_gradient_loss | -0.02       |
|    std                  | 0.804       |
|    value_loss           | 0.00293     |
-----------------------------------------
-----------------------------------------
| rollout/                |             |
|    ep_len_mean          | 2.19e+03    |
|    ep_rew_mean          | 411         |
| time/                   |             |
|    fps                  | 1215        |
|    iterations           | 202         |
|    time_elapsed         | 340         |
|    total_timesteps      | 413696      |
| train/                  |             |
|    approx_kl            | 0.021026794 |
|    clip_fraction        | 0.279       |
|    clip_range           | 0.2         |
|    entropy_loss         | -17.9       |
|    explained_variance   | 0.6051911   |
|    learning_rate        | 0.0003      |
|    loss                 | -0.00278    |
|    n_updates            | 2010        |
|    policy_gradient_loss | -0.0216     |
|    std                  | 0.803       |
|    value_loss           | 0.00129     |
-----------------------------------------
-----------------------------------------
| rollout/                |             |
|    ep_len_mean          | 2.19e+03    |
|    ep_rew_mean          | 411         |
| time/                   |             |
|    fps                  | 1213        |
|    iterations           | 203         |
|    time_elapsed         | 342         |
|    total_timesteps      | 415744      |
| train/                  |             |
|    approx_kl            | 0.024096843 |
|    clip_fraction        | 0.258       |
|    clip_range           | 0.2         |
|    entropy_loss         | -17.8       |
|    explained_variance   | -0.7547239  |
|    learning_rate        | 0.0003      |
|    loss                 | 0.0215      |
|    n_updates            | 2020        |
|    policy_gradient_loss | -0.0187     |
|    std                  | 0.8         |
|    value_loss           | 0.00127     |
-----------------------------------------
-----------------------------------------
| rollout/                |             |
|    ep_len_mean          | 2.19e+03    |
|    ep_rew_mean          | 411         |
| time/                   |             |
|    fps                  | 1211        |
|    iterations           | 204         |
|    time_elapsed         | 344         |
|    total_timesteps      | 417792      |
| train/                  |             |
|    approx_kl            | 0.02245248  |
|    clip_fraction        | 0.271       |
|    clip_range           | 0.2         |
|    entropy_loss         | -17.8       |
|    explained_variance   | -0.03316915 |
|    learning_rate        | 0.0003      |
|    loss                 | -0.0353     |
|    n_updates            | 2030        |
|    policy_gradient_loss | -0.0206     |
|    std                  | 0.801       |
|    value_loss           | 0.000885    |
-----------------------------------------
-----------------------------------------
| rollout/                |             |
|    ep_len_mean          | 2.19e+03    |
|    ep_rew_mean          | 411         |
| time/                   |             |
|    fps                  | 1209        |
|    iterations           | 205         |
|    time_elapsed         | 347         |
|    total_timesteps      | 419840      |
| train/                  |             |
|    approx_kl            | 0.022829093 |
|    clip_fraction        | 0.266       |
|    clip_range           | 0.2         |
|    entropy_loss         | -17.8       |
|    explained_variance   | 0.23741734  |
|    learning_rate        | 0.0003      |
|    loss                 | -0.0628     |
|    n_updates            | 2040        |
|    policy_gradient_loss | -0.0178     |
|    std                  | 0.798       |
|    value_loss           | 0.00108     |
-----------------------------------------
-----------------------------------------
| rollout/                |             |
|    ep_len_mean          | 2.19e+03    |
|    ep_rew_mean          | 411         |
| time/                   |             |
|    fps                  | 1207        |
|    iterations           | 206         |
|    time_elapsed         | 349         |
|    total_timesteps      | 421888      |
| train/                  |             |
|    approx_kl            | 0.021394573 |
|    clip_fraction        | 0.273       |
|    clip_range           | 0.2         |
|    entropy_loss         | -17.7       |
|    explained_variance   | 0.32337153  |
|    learning_rate        | 0.0003      |
|    loss                 | -0.0468     |
|    n_updates            | 2050        |
|    policy_gradient_loss | -0.0208     |
|    std                  | 0.798       |
|    value_loss           | 0.00216     |
-----------------------------------------
-----------------------------------------
| rollout/                |             |
|    ep_len_mean          | 2.19e+03    |
|    ep_rew_mean          | 411         |
| time/                   |             |
|    fps                  | 1206        |
|    iterations           | 207         |
|    time_elapsed         | 351         |
|    total_timesteps      | 423936      |
| train/                  |             |
|    approx_kl            | 0.024115272 |
|    clip_fraction        | 0.313       |
|    clip_range           | 0.2         |
|    entropy_loss         | -17.8       |
|    explained_variance   | 0.6317273   |
|    learning_rate        | 0.0003      |
|    loss                 | -0.0425     |
|    n_updates            | 2060        |
|    policy_gradient_loss | -0.0229     |
|    std                  | 0.801       |
|    value_loss           | 0.00718     |
-----------------------------------------
-----------------------------------------
| rollout/                |             |
|    ep_len_mean          | 2.19e+03    |
|    ep_rew_mean          | 411         |
| time/                   |             |
|    fps                  | 1204        |
|    iterations           | 208         |
|    time_elapsed         | 353         |
|    total_timesteps      | 425984      |
| train/                  |             |
|    approx_kl            | 0.020892225 |
|    clip_fraction        | 0.292       |
|    clip_range           | 0.2         |
|    entropy_loss         | -17.7       |
|    explained_variance   | 0.017186522 |
|    learning_rate        | 0.0003      |
|    loss                 | 0.00585     |
|    n_updates            | 2070        |
|    policy_gradient_loss | -0.021      |
|    std                  | 0.796       |
|    value_loss           | 0.00103     |
-----------------------------------------
-----------------------------------------
| rollout/                |             |
|    ep_len_mean          | 2.19e+03    |
|    ep_rew_mean          | 411         |
| time/                   |             |
|    fps                  | 1202        |
|    iterations           | 209         |
|    time_elapsed         | 355         |
|    total_timesteps      | 428032      |
| train/                  |             |
|    approx_kl            | 0.021230375 |
|    clip_fraction        | 0.284       |
|    clip_range           | 0.2         |
|    entropy_loss         | -17.7       |
|    explained_variance   | -0.59937704 |
|    learning_rate        | 0.0003      |
|    loss                 | -0.0219     |
|    n_updates            | 2080        |
|    policy_gradient_loss | -0.0194     |
|    std                  | 0.795       |
|    value_loss           | 0.00335     |
-----------------------------------------
-----------------------------------------
| rollout/                |             |
|    ep_len_mean          | 2.19e+03    |
|    ep_rew_mean          | 411         |
| time/                   |             |
|    fps                  | 1200        |
|    iterations           | 210         |
|    time_elapsed         | 358         |
|    total_timesteps      | 430080      |
| train/                  |             |
|    approx_kl            | 0.020220954 |
|    clip_fraction        | 0.266       |
|    clip_range           | 0.2         |
|    entropy_loss         | -17.7       |
|    explained_variance   | 0.5861618   |
|    learning_rate        | 0.0003      |
|    loss                 | -0.00891    |
|    n_updates            | 2090        |
|    policy_gradient_loss | -0.0168     |
|    std                  | 0.796       |
|    value_loss           | 0.00137     |
-----------------------------------------
-----------------------------------------
| rollout/                |             |
|    ep_len_mean          | 2.19e+03    |
|    ep_rew_mean          | 411         |
| time/                   |             |
|    fps                  | 1199        |
|    iterations           | 211         |
|    time_elapsed         | 360         |
|    total_timesteps      | 432128      |
| train/                  |             |
|    approx_kl            | 0.025023585 |
|    clip_fraction        | 0.273       |
|    clip_range           | 0.2         |
|    entropy_loss         | -17.6       |
|    explained_variance   | -0.8066559  |
|    learning_rate        | 0.0003      |
|    loss                 | -0.0248     |
|    n_updates            | 2100        |
|    policy_gradient_loss | -0.0173     |
|    std                  | 0.792       |
|    value_loss           | 0.00174     |
-----------------------------------------
-----------------------------------------
| rollout/                |             |
|    ep_len_mean          | 2.19e+03    |
|    ep_rew_mean          | 411         |
| time/                   |             |
|    fps                  | 1197        |
|    iterations           | 212         |
|    time_elapsed         | 362         |
|    total_timesteps      | 434176      |
| train/                  |             |
|    approx_kl            | 0.023213737 |
|    clip_fraction        | 0.286       |
|    clip_range           | 0.2         |
|    entropy_loss         | -17.6       |
|    explained_variance   | 0.52890074  |
|    learning_rate        | 0.0003      |
|    loss                 | 0.000147    |
|    n_updates            | 2110        |
|    policy_gradient_loss | -0.0176     |
|    std                  | 0.792       |
|    value_loss           | 0.00132     |
-----------------------------------------
-----------------------------------------
| rollout/                |             |
|    ep_len_mean          | 2.19e+03    |
|    ep_rew_mean          | 411         |
| time/                   |             |
|    fps                  | 1195        |
|    iterations           | 213         |
|    time_elapsed         | 364         |
|    total_timesteps      | 436224      |
| train/                  |             |
|    approx_kl            | 0.026303235 |
|    clip_fraction        | 0.302       |
|    clip_range           | 0.2         |
|    entropy_loss         | -17.6       |
|    explained_variance   | 0.6243292   |
|    learning_rate        | 0.0003      |
|    loss                 | -0.0395     |
|    n_updates            | 2120        |
|    policy_gradient_loss | -0.0233     |
|    std                  | 0.79        |
|    value_loss           | 0.000933    |
-----------------------------------------
-----------------------------------------
| rollout/                |             |
|    ep_len_mean          | 2.19e+03    |
|    ep_rew_mean          | 411         |
| time/                   |             |
|    fps                  | 1193        |
|    iterations           | 214         |
|    time_elapsed         | 367         |
|    total_timesteps      | 438272      |
| train/                  |             |
|    approx_kl            | 0.020406667 |
|    clip_fraction        | 0.294       |
|    clip_range           | 0.2         |
|    entropy_loss         | -17.5       |
|    explained_variance   | 0.40005344  |
|    learning_rate        | 0.0003      |
|    loss                 | -0.0137     |
|    n_updates            | 2130        |
|    policy_gradient_loss | -0.0214     |
|    std                  | 0.787       |
|    value_loss           | 0.000471    |
-----------------------------------------
-----------------------------------------
| rollout/                |             |
|    ep_len_mean          | 2.19e+03    |
|    ep_rew_mean          | 411         |
| time/                   |             |
|    fps                  | 1192        |
|    iterations           | 215         |
|    time_elapsed         | 369         |
|    total_timesteps      | 440320      |
| train/                  |             |
|    approx_kl            | 0.025268015 |
|    clip_fraction        | 0.28        |
|    clip_range           | 0.2         |
|    entropy_loss         | -17.5       |
|    explained_variance   | 0.13728958  |
|    learning_rate        | 0.0003      |
|    loss                 | -0.0424     |
|    n_updates            | 2140        |
|    policy_gradient_loss | -0.025      |
|    std                  | 0.786       |
|    value_loss           | 0.000759    |
-----------------------------------------
-----------------------------------------
| rollout/                |             |
|    ep_len_mean          | 2.19e+03    |
|    ep_rew_mean          | 411         |
| time/                   |             |
|    fps                  | 1190        |
|    iterations           | 216         |
|    time_elapsed         | 371         |
|    total_timesteps      | 442368      |
| train/                  |             |
|    approx_kl            | 0.023080897 |
|    clip_fraction        | 0.28        |
|    clip_range           | 0.2         |
|    entropy_loss         | -17.5       |
|    explained_variance   | 0.26265663  |
|    learning_rate        | 0.0003      |
|    loss                 | -0.056      |
|    n_updates            | 2150        |
|    policy_gradient_loss | -0.0227     |
|    std                  | 0.787       |
|    value_loss           | 0.00243     |
-----------------------------------------
-----------------------------------------
| rollout/                |             |
|    ep_len_mean          | 2.19e+03    |
|    ep_rew_mean          | 411         |
| time/                   |             |
|    fps                  | 1188        |
|    iterations           | 217         |
|    time_elapsed         | 373         |
|    total_timesteps      | 444416      |
| train/                  |             |
|    approx_kl            | 0.028857853 |
|    clip_fraction        | 0.313       |
|    clip_range           | 0.2         |
|    entropy_loss         | -17.5       |
|    explained_variance   | 0.65646285  |
|    learning_rate        | 0.0003      |
|    loss                 | -0.0318     |
|    n_updates            | 2160        |
|    policy_gradient_loss | -0.0219     |
|    std                  | 0.787       |
|    value_loss           | 0.00117     |
-----------------------------------------
-----------------------------------------
| rollout/                |             |
|    ep_len_mean          | 2.19e+03    |
|    ep_rew_mean          | 411         |
| time/                   |             |
|    fps                  | 1186        |
|    iterations           | 218         |
|    time_elapsed         | 376         |
|    total_timesteps      | 446464      |
| train/                  |             |
|    approx_kl            | 0.026937366 |
|    clip_fraction        | 0.31        |
|    clip_range           | 0.2         |
|    entropy_loss         | -17.5       |
|    explained_variance   | 0.7715459   |
|    learning_rate        | 0.0003      |
|    loss                 | -0.0405     |
|    n_updates            | 2170        |
|    policy_gradient_loss | -0.0233     |
|    std                  | 0.784       |
|    value_loss           | 0.00148     |
-----------------------------------------
-----------------------------------------
| rollout/                |             |
|    ep_len_mean          | 2.19e+03    |
|    ep_rew_mean          | 411         |
| time/                   |             |
|    fps                  | 1184        |
|    iterations           | 219         |
|    time_elapsed         | 378         |
|    total_timesteps      | 448512      |
| train/                  |             |
|    approx_kl            | 0.025863942 |
|    clip_fraction        | 0.307       |
|    clip_range           | 0.2         |
|    entropy_loss         | -17.4       |
|    explained_variance   | 0.9378884   |
|    learning_rate        | 0.0003      |
|    loss                 | -0.0138     |
|    n_updates            | 2180        |
|    policy_gradient_loss | -0.0202     |
|    std                  | 0.784       |
|    value_loss           | 0.0011      |
-----------------------------------------
-----------------------------------------
| rollout/                |             |
|    ep_len_mean          | 2.19e+03    |
|    ep_rew_mean          | 411         |
| time/                   |             |
|    fps                  | 1182        |
|    iterations           | 220         |
|    time_elapsed         | 380         |
|    total_timesteps      | 450560      |
| train/                  |             |
|    approx_kl            | 0.024323605 |
|    clip_fraction        | 0.299       |
|    clip_range           | 0.2         |
|    entropy_loss         | -17.4       |
|    explained_variance   | -0.70850813 |
|    learning_rate        | 0.0003      |
|    loss                 | -0.0259     |
|    n_updates            | 2190        |
|    policy_gradient_loss | -0.0255     |
|    std                  | 0.783       |
|    value_loss           | 0.0021      |
-----------------------------------------
----------------------------------------
| rollout/                |            |
|    ep_len_mean          | 2.19e+03   |
|    ep_rew_mean          | 411        |
| time/                   |            |
|    fps                  | 1180       |
|    iterations           | 221        |
|    time_elapsed         | 383        |
|    total_timesteps      | 452608     |
| train/                  |            |
|    approx_kl            | 0.02370508 |
|    clip_fraction        | 0.299      |
|    clip_range           | 0.2        |
|    entropy_loss         | -17.4      |
|    explained_variance   | 0.5107985  |
|    learning_rate        | 0.0003     |
|    loss                 | -0.0337    |
|    n_updates            | 2200       |
|    policy_gradient_loss | -0.022     |
|    std                  | 0.781      |
|    value_loss           | 0.000717   |
----------------------------------------
-----------------------------------------
| rollout/                |             |
|    ep_len_mean          | 2.19e+03    |
|    ep_rew_mean          | 411         |
| time/                   |             |
|    fps                  | 1178        |
|    iterations           | 222         |
|    time_elapsed         | 385         |
|    total_timesteps      | 454656      |
| train/                  |             |
|    approx_kl            | 0.019509487 |
|    clip_fraction        | 0.286       |
|    clip_range           | 0.2         |
|    entropy_loss         | -17.4       |
|    explained_variance   | 0.24762934  |
|    learning_rate        | 0.0003      |
|    loss                 | 0.00266     |
|    n_updates            | 2210        |
|    policy_gradient_loss | -0.0236     |
|    std                  | 0.782       |
|    value_loss           | 0.000464    |
-----------------------------------------
----------------------------------------
| rollout/                |            |
|    ep_len_mean          | 2.19e+03   |
|    ep_rew_mean          | 411        |
| time/                   |            |
|    fps                  | 1177       |
|    iterations           | 223        |
|    time_elapsed         | 387        |
|    total_timesteps      | 456704     |
| train/                  |            |
|    approx_kl            | 0.01927156 |
|    clip_fraction        | 0.265      |
|    clip_range           | 0.2        |
|    entropy_loss         | -17.4      |
|    explained_variance   | 0.5799022  |
|    learning_rate        | 0.0003     |
|    loss                 | -0.0209    |
|    n_updates            | 2220       |
|    policy_gradient_loss | -0.0217    |
|    std                  | 0.778      |
|    value_loss           | 0.00273    |
----------------------------------------
-----------------------------------------
| rollout/                |             |
|    ep_len_mean          | 2.19e+03    |
|    ep_rew_mean          | 411         |
| time/                   |             |
|    fps                  | 1175        |
|    iterations           | 224         |
|    time_elapsed         | 390         |
|    total_timesteps      | 458752      |
| train/                  |             |
|    approx_kl            | 0.023981847 |
|    clip_fraction        | 0.286       |
|    clip_range           | 0.2         |
|    entropy_loss         | -17.3       |
|    explained_variance   | 0.8502571   |
|    learning_rate        | 0.0003      |
|    loss                 | -0.00355    |
|    n_updates            | 2230        |
|    policy_gradient_loss | -0.0182     |
|    std                  | 0.779       |
|    value_loss           | 0.00125     |
-----------------------------------------
----------------------------------------
| rollout/                |            |
|    ep_len_mean          | 2.19e+03   |
|    ep_rew_mean          | 411        |
| time/                   |            |
|    fps                  | 1173       |
|    iterations           | 225        |
|    time_elapsed         | 392        |
|    total_timesteps      | 460800     |
| train/                  |            |
|    approx_kl            | 0.02597734 |
|    clip_fraction        | 0.322      |
|    clip_range           | 0.2        |
|    entropy_loss         | -17.3      |
|    explained_variance   | 0.8633901  |
|    learning_rate        | 0.0003     |
|    loss                 | -0.0477    |
|    n_updates            | 2240       |
|    policy_gradient_loss | -0.0239    |
|    std                  | 0.779      |
|    value_loss           | 0.000589   |
----------------------------------------
-----------------------------------------
| rollout/                |             |
|    ep_len_mean          | 2.19e+03    |
|    ep_rew_mean          | 411         |
| time/                   |             |
|    fps                  | 1171        |
|    iterations           | 226         |
|    time_elapsed         | 394         |
|    total_timesteps      | 462848      |
| train/                  |             |
|    approx_kl            | 0.023158787 |
|    clip_fraction        | 0.294       |
|    clip_range           | 0.2         |
|    entropy_loss         | -17.3       |
|    explained_variance   | -1.8853817  |
|    learning_rate        | 0.0003      |
|    loss                 | -0.0372     |
|    n_updates            | 2250        |
|    policy_gradient_loss | -0.0189     |
|    std                  | 0.779       |
|    value_loss           | 0.000775    |
-----------------------------------------
-----------------------------------------
| rollout/                |             |
|    ep_len_mean          | 2.19e+03    |
|    ep_rew_mean          | 411         |
| time/                   |             |
|    fps                  | 1169        |
|    iterations           | 227         |
|    time_elapsed         | 397         |
|    total_timesteps      | 464896      |
| train/                  |             |
|    approx_kl            | 0.022464888 |
|    clip_fraction        | 0.294       |
|    clip_range           | 0.2         |
|    entropy_loss         | -17.4       |
|    explained_variance   | 0.45367247  |
|    learning_rate        | 0.0003      |
|    loss                 | -0.0183     |
|    n_updates            | 2260        |
|    policy_gradient_loss | -0.0182     |
|    std                  | 0.78        |
|    value_loss           | 0.00228     |
-----------------------------------------
----------------------------------------
| rollout/                |            |
|    ep_len_mean          | 2.19e+03   |
|    ep_rew_mean          | 411        |
| time/                   |            |
|    fps                  | 1168       |
|    iterations           | 228        |
|    time_elapsed         | 399        |
|    total_timesteps      | 466944     |
| train/                  |            |
|    approx_kl            | 0.0237508  |
|    clip_fraction        | 0.296      |
|    clip_range           | 0.2        |
|    entropy_loss         | -17.4      |
|    explained_variance   | 0.79391116 |
|    learning_rate        | 0.0003     |
|    loss                 | -0.0402    |
|    n_updates            | 2270       |
|    policy_gradient_loss | -0.02      |
|    std                  | 0.779      |
|    value_loss           | 0.00218    |
----------------------------------------
-----------------------------------------
| rollout/                |             |
|    ep_len_mean          | 2.19e+03    |
|    ep_rew_mean          | 411         |
| time/                   |             |
|    fps                  | 1166        |
|    iterations           | 229         |
|    time_elapsed         | 402         |
|    total_timesteps      | 468992      |
| train/                  |             |
|    approx_kl            | 0.025469575 |
|    clip_fraction        | 0.339       |
|    clip_range           | 0.2         |
|    entropy_loss         | -17.4       |
|    explained_variance   | 0.362418    |
|    learning_rate        | 0.0003      |
|    loss                 | -0.0414     |
|    n_updates            | 2280        |
|    policy_gradient_loss | -0.0268     |
|    std                  | 0.779       |
|    value_loss           | 0.000518    |
-----------------------------------------
-----------------------------------------
| rollout/                |             |
|    ep_len_mean          | 2.19e+03    |
|    ep_rew_mean          | 411         |
| time/                   |             |
|    fps                  | 1164        |
|    iterations           | 230         |
|    time_elapsed         | 404         |
|    total_timesteps      | 471040      |
| train/                  |             |
|    approx_kl            | 0.025530877 |
|    clip_fraction        | 0.297       |
|    clip_range           | 0.2         |
|    entropy_loss         | -17.4       |
|    explained_variance   | 0.15542018  |
|    learning_rate        | 0.0003      |
|    loss                 | -0.0163     |
|    n_updates            | 2290        |
|    policy_gradient_loss | -0.0212     |
|    std                  | 0.781       |
|    value_loss           | 0.00203     |
-----------------------------------------
-----------------------------------------
| rollout/                |             |
|    ep_len_mean          | 2.19e+03    |
|    ep_rew_mean          | 411         |
| time/                   |             |
|    fps                  | 1163        |
|    iterations           | 231         |
|    time_elapsed         | 406         |
|    total_timesteps      | 473088      |
| train/                  |             |
|    approx_kl            | 0.022102172 |
|    clip_fraction        | 0.301       |
|    clip_range           | 0.2         |
|    entropy_loss         | -17.4       |
|    explained_variance   | 0.68114233  |
|    learning_rate        | 0.0003      |
|    loss                 | -0.0652     |
|    n_updates            | 2300        |
|    policy_gradient_loss | -0.0203     |
|    std                  | 0.781       |
|    value_loss           | 0.00207     |
-----------------------------------------
------------------------------------------
| rollout/                |              |
|    ep_len_mean          | 2.19e+03     |
|    ep_rew_mean          | 411          |
| time/                   |              |
|    fps                  | 1161         |
|    iterations           | 232          |
|    time_elapsed         | 408          |
|    total_timesteps      | 475136       |
| train/                  |              |
|    approx_kl            | 0.021901555  |
|    clip_fraction        | 0.29         |
|    clip_range           | 0.2          |
|    entropy_loss         | -17.4        |
|    explained_variance   | -0.060030818 |
|    learning_rate        | 0.0003       |
|    loss                 | -0.0404      |
|    n_updates            | 2310         |
|    policy_gradient_loss | -0.0218      |
|    std                  | 0.778        |
|    value_loss           | 0.000372     |
------------------------------------------
-----------------------------------------
| rollout/                |             |
|    ep_len_mean          | 2.96e+03    |
|    ep_rew_mean          | 578         |
| time/                   |             |
|    fps                  | 1160        |
|    iterations           | 233         |
|    time_elapsed         | 411         |
|    total_timesteps      | 477184      |
| train/                  |             |
|    approx_kl            | 0.026319264 |
|    clip_fraction        | 0.296       |
|    clip_range           | 0.2         |
|    entropy_loss         | -17.3       |
|    explained_variance   | 0.089883566 |
|    learning_rate        | 0.0003      |
|    loss                 | -0.0445     |
|    n_updates            | 2320        |
|    policy_gradient_loss | -0.0189     |
|    std                  | 0.776       |
|    value_loss           | 0.000306    |
-----------------------------------------
-----------------------------------------
| rollout/                |             |
|    ep_len_mean          | 2.96e+03    |
|    ep_rew_mean          | 578         |
| time/                   |             |
|    fps                  | 1159        |
|    iterations           | 234         |
|    time_elapsed         | 413         |
|    total_timesteps      | 479232      |
| train/                  |             |
|    approx_kl            | 0.024551595 |
|    clip_fraction        | 0.291       |
|    clip_range           | 0.2         |
|    entropy_loss         | -17.3       |
|    explained_variance   | 0.8377861   |
|    learning_rate        | 0.0003      |
|    loss                 | 0.0376      |
|    n_updates            | 2330        |
|    policy_gradient_loss | -0.0191     |
|    std                  | 0.778       |
|    value_loss           | 0.128       |
-----------------------------------------
-----------------------------------------
| rollout/                |             |
|    ep_len_mean          | 2.96e+03    |
|    ep_rew_mean          | 578         |
| time/                   |             |
|    fps                  | 1157        |
|    iterations           | 235         |
|    time_elapsed         | 415         |
|    total_timesteps      | 481280      |
| train/                  |             |
|    approx_kl            | 0.029855829 |
|    clip_fraction        | 0.299       |
|    clip_range           | 0.2         |
|    entropy_loss         | -17.4       |
|    explained_variance   | 0.33299762  |
|    learning_rate        | 0.0003      |
|    loss                 | -0.0128     |
|    n_updates            | 2340        |
|    policy_gradient_loss | -0.0261     |
|    std                  | 0.78        |
|    value_loss           | 0.147       |
-----------------------------------------
------------------------------------------
| rollout/                |              |
|    ep_len_mean          | 2.96e+03     |
|    ep_rew_mean          | 578          |
| time/                   |              |
|    fps                  | 1156         |
|    iterations           | 236          |
|    time_elapsed         | 417          |
|    total_timesteps      | 483328       |
| train/                  |              |
|    approx_kl            | 0.028565316  |
|    clip_fraction        | 0.331        |
|    clip_range           | 0.2          |
|    entropy_loss         | -17.4        |
|    explained_variance   | -0.021853328 |
|    learning_rate        | 0.0003       |
|    loss                 | -0.025       |
|    n_updates            | 2350         |
|    policy_gradient_loss | -0.0248      |
|    std                  | 0.78         |
|    value_loss           | 0.00404      |
------------------------------------------
-----------------------------------------
| rollout/                |             |
|    ep_len_mean          | 2.96e+03    |
|    ep_rew_mean          | 578         |
| time/                   |             |
|    fps                  | 1155        |
|    iterations           | 237         |
|    time_elapsed         | 420         |
|    total_timesteps      | 485376      |
| train/                  |             |
|    approx_kl            | 0.024175905 |
|    clip_fraction        | 0.315       |
|    clip_range           | 0.2         |
|    entropy_loss         | -17.4       |
|    explained_variance   | 0.34478873  |
|    learning_rate        | 0.0003      |
|    loss                 | -0.0215     |
|    n_updates            | 2360        |
|    policy_gradient_loss | -0.0208     |
|    std                  | 0.781       |
|    value_loss           | 0.00256     |
-----------------------------------------
----------------------------------------
| rollout/                |            |
|    ep_len_mean          | 2.96e+03   |
|    ep_rew_mean          | 578        |
| time/                   |            |
|    fps                  | 1154       |
|    iterations           | 238        |
|    time_elapsed         | 422        |
|    total_timesteps      | 487424     |
| train/                  |            |
|    approx_kl            | 0.02293103 |
|    clip_fraction        | 0.296      |
|    clip_range           | 0.2        |
|    entropy_loss         | -17.4      |
|    explained_variance   | 0.6661886  |
|    learning_rate        | 0.0003     |
|    loss                 | -0.0142    |
|    n_updates            | 2370       |
|    policy_gradient_loss | -0.0206    |
|    std                  | 0.782      |
|    value_loss           | 0.00191    |
----------------------------------------
-----------------------------------------
| rollout/                |             |
|    ep_len_mean          | 2.96e+03    |
|    ep_rew_mean          | 578         |
| time/                   |             |
|    fps                  | 1152        |
|    iterations           | 239         |
|    time_elapsed         | 424         |
|    total_timesteps      | 489472      |
| train/                  |             |
|    approx_kl            | 0.026871871 |
|    clip_fraction        | 0.336       |
|    clip_range           | 0.2         |
|    entropy_loss         | -17.4       |
|    explained_variance   | 0.88210005  |
|    learning_rate        | 0.0003      |
|    loss                 | -0.0441     |
|    n_updates            | 2380        |
|    policy_gradient_loss | -0.0245     |
|    std                  | 0.779       |
|    value_loss           | 0.00196     |
-----------------------------------------
----------------------------------------
| rollout/                |            |
|    ep_len_mean          | 2.96e+03   |
|    ep_rew_mean          | 578        |
| time/                   |            |
|    fps                  | 1151       |
|    iterations           | 240        |
|    time_elapsed         | 426        |
|    total_timesteps      | 491520     |
| train/                  |            |
|    approx_kl            | 0.02640224 |
|    clip_fraction        | 0.317      |
|    clip_range           | 0.2        |
|    entropy_loss         | -17.3      |
|    explained_variance   | 0.93783164 |
|    learning_rate        | 0.0003     |
|    loss                 | -0.0134    |
|    n_updates            | 2390       |
|    policy_gradient_loss | -0.0243    |
|    std                  | 0.779      |
|    value_loss           | 0.000938   |
----------------------------------------
-----------------------------------------
| rollout/                |             |
|    ep_len_mean          | 2.96e+03    |
|    ep_rew_mean          | 578         |
| time/                   |             |
|    fps                  | 1150        |
|    iterations           | 241         |
|    time_elapsed         | 428         |
|    total_timesteps      | 493568      |
| train/                  |             |
|    approx_kl            | 0.021981888 |
|    clip_fraction        | 0.285       |
|    clip_range           | 0.2         |
|    entropy_loss         | -17.3       |
|    explained_variance   | -0.70205367 |
|    learning_rate        | 0.0003      |
|    loss                 | -0.0302     |
|    n_updates            | 2400        |
|    policy_gradient_loss | -0.02       |
|    std                  | 0.779       |
|    value_loss           | 0.00228     |
-----------------------------------------
------------------------------------------
| rollout/                |              |
|    ep_len_mean          | 2.96e+03     |
|    ep_rew_mean          | 578          |
| time/                   |              |
|    fps                  | 1149         |
|    iterations           | 242          |
|    time_elapsed         | 431          |
|    total_timesteps      | 495616       |
| train/                  |              |
|    approx_kl            | 0.02358915   |
|    clip_fraction        | 0.296        |
|    clip_range           | 0.2          |
|    entropy_loss         | -17.3        |
|    explained_variance   | -0.070535064 |
|    learning_rate        | 0.0003       |
|    loss                 | -0.0389      |
|    n_updates            | 2410         |
|    policy_gradient_loss | -0.0199      |
|    std                  | 0.777        |
|    value_loss           | 0.00689      |
------------------------------------------
-----------------------------------------
| rollout/                |             |
|    ep_len_mean          | 2.96e+03    |
|    ep_rew_mean          | 578         |
| time/                   |             |
|    fps                  | 1148        |
|    iterations           | 243         |
|    time_elapsed         | 433         |
|    total_timesteps      | 497664      |
| train/                  |             |
|    approx_kl            | 0.020930203 |
|    clip_fraction        | 0.269       |
|    clip_range           | 0.2         |
|    entropy_loss         | -17.3       |
|    explained_variance   | 0.10307592  |
|    learning_rate        | 0.0003      |
|    loss                 | -0.0409     |
|    n_updates            | 2420        |
|    policy_gradient_loss | -0.0175     |
|    std                  | 0.777       |
|    value_loss           | 0.00264     |
-----------------------------------------
-----------------------------------------
| rollout/                |             |
|    ep_len_mean          | 3.17e+03    |
|    ep_rew_mean          | 623         |
| time/                   |             |
|    fps                  | 1147        |
|    iterations           | 244         |
|    time_elapsed         | 435         |
|    total_timesteps      | 499712      |
| train/                  |             |
|    approx_kl            | 0.022966735 |
|    clip_fraction        | 0.289       |
|    clip_range           | 0.2         |
|    entropy_loss         | -17.3       |
|    explained_variance   | 0.73945975  |
|    learning_rate        | 0.0003      |
|    loss                 | -0.0372     |
|    n_updates            | 2430        |
|    policy_gradient_loss | -0.0178     |
|    std                  | 0.778       |
|    value_loss           | 0.00255     |
-----------------------------------------
-----------------------------------------
| rollout/                |             |
|    ep_len_mean          | 3.16e+03    |
|    ep_rew_mean          | 621         |
| time/                   |             |
|    fps                  | 1147        |
|    iterations           | 245         |
|    time_elapsed         | 437         |
|    total_timesteps      | 501760      |
| train/                  |             |
|    approx_kl            | 0.024595521 |
|    clip_fraction        | 0.272       |
|    clip_range           | 0.2         |
|    entropy_loss         | -17.3       |
|    explained_variance   | 0.86489505  |
|    learning_rate        | 0.0003      |
|    loss                 | 0.0194      |
|    n_updates            | 2440        |
|    policy_gradient_loss | -0.0156     |
|    std                  | 0.777       |
|    value_loss           | 0.208       |
-----------------------------------------
 100% ━━━━━━━━━━━━━━━━━━━━━━━━ 501,760/500,000  [ 0:07:15 < 0:00:00 , 940 it/s ]
Using cpu device
Wrapping the env in a DummyVecEnv.
Logging to experiments/RL/course_project/runs/ppo_sac_imitation_bugfix_500k/tensorboard/ppo/PPO_2
---------------------------------
| rollout/           |          |
|    ep_len_mean     | 202      |
|    ep_rew_mean     | 10.3     |
| time/              |          |
|    fps             | 2369     |
|    iterations      | 1        |
|    time_elapsed    | 0        |
|    total_timesteps | 2048     |
---------------------------------
-----------------------------------------
| rollout/                |             |
|    ep_len_mean          | 194         |
|    ep_rew_mean          | 9.2         |
| time/                   |             |
|    fps                  | 2007        |
|    iterations           | 2           |
|    time_elapsed         | 2           |
|    total_timesteps      | 4096        |
| train/                  |             |
|    approx_kl            | 0.012760323 |
|    clip_fraction        | 0.124       |
|    clip_range           | 0.2         |
|    entropy_loss         | -21.3       |
|    explained_variance   | 0.07407272  |
|    learning_rate        | 0.0003      |
|    loss                 | 0.202       |
|    n_updates            | 10          |
|    policy_gradient_loss | -0.0275     |
|    std                  | 0.996       |
|    value_loss           | 0.765       |
-----------------------------------------
----------------------------------------
| rollout/                |            |
|    ep_len_mean          | 195        |
|    ep_rew_mean          | 9.17       |
| time/                   |            |
|    fps                  | 1908       |
|    iterations           | 3          |
|    time_elapsed         | 3          |
|    total_timesteps      | 6144       |
| train/                  |            |
|    approx_kl            | 0.01479571 |
|    clip_fraction        | 0.165      |
|    clip_range           | 0.2        |
|    entropy_loss         | -21.2      |
|    explained_variance   | 0.48910117 |
|    learning_rate        | 0.0003     |
|    loss                 | 0.0899     |
|    n_updates            | 20         |
|    policy_gradient_loss | -0.034     |
|    std                  | 0.996      |
|    value_loss           | 0.633      |
----------------------------------------
-----------------------------------------
| rollout/                |             |
|    ep_len_mean          | 199         |
|    ep_rew_mean          | 9.63        |
| time/                   |             |
|    fps                  | 1844        |
|    iterations           | 4           |
|    time_elapsed         | 4           |
|    total_timesteps      | 8192        |
| train/                  |             |
|    approx_kl            | 0.014746165 |
|    clip_fraction        | 0.15        |
|    clip_range           | 0.2         |
|    entropy_loss         | -21.2       |
|    explained_variance   | 0.5669396   |
|    learning_rate        | 0.0003      |
|    loss                 | 0.235       |
|    n_updates            | 30          |
|    policy_gradient_loss | -0.0299     |
|    std                  | 0.992       |
|    value_loss           | 0.773       |
-----------------------------------------
-----------------------------------------
| rollout/                |             |
|    ep_len_mean          | 201         |
|    ep_rew_mean          | 9.95        |
| time/                   |             |
|    fps                  | 1812        |
|    iterations           | 5           |
|    time_elapsed         | 5           |
|    total_timesteps      | 10240       |
| train/                  |             |
|    approx_kl            | 0.014845531 |
|    clip_fraction        | 0.141       |
|    clip_range           | 0.2         |
|    entropy_loss         | -21.2       |
|    explained_variance   | 0.64488375  |
|    learning_rate        | 0.0003      |
|    loss                 | 0.144       |
|    n_updates            | 40          |
|    policy_gradient_loss | -0.0325     |
|    std                  | 0.991       |
|    value_loss           | 0.684       |
-----------------------------------------
-----------------------------------------
| rollout/                |             |
|    ep_len_mean          | 203         |
|    ep_rew_mean          | 10.4        |
| time/                   |             |
|    fps                  | 1782        |
|    iterations           | 6           |
|    time_elapsed         | 6           |
|    total_timesteps      | 12288       |
| train/                  |             |
|    approx_kl            | 0.016170414 |
|    clip_fraction        | 0.152       |
|    clip_range           | 0.2         |
|    entropy_loss         | -21.1       |
|    explained_variance   | 0.60978127  |
|    learning_rate        | 0.0003      |
|    loss                 | 0.259       |
|    n_updates            | 50          |
|    policy_gradient_loss | -0.0348     |
|    std                  | 0.988       |
|    value_loss           | 0.901       |
-----------------------------------------
------------------------------------------
| rollout/                |              |
|    ep_len_mean          | 204          |
|    ep_rew_mean          | 10.2         |
| time/                   |              |
|    fps                  | 1745         |
|    iterations           | 7            |
|    time_elapsed         | 8            |
|    total_timesteps      | 14336        |
| train/                  |              |
|    approx_kl            | 0.0146462675 |
|    clip_fraction        | 0.152        |
|    clip_range           | 0.2          |
|    entropy_loss         | -21.1        |
|    explained_variance   | 0.73879707   |
|    learning_rate        | 0.0003       |
|    loss                 | 0.168        |
|    n_updates            | 60           |
|    policy_gradient_loss | -0.0326      |
|    std                  | 0.985        |
|    value_loss           | 0.851        |
------------------------------------------
-----------------------------------------
| rollout/                |             |
|    ep_len_mean          | 203         |
|    ep_rew_mean          | 10.2        |
| time/                   |             |
|    fps                  | 1738        |
|    iterations           | 8           |
|    time_elapsed         | 9           |
|    total_timesteps      | 16384       |
| train/                  |             |
|    approx_kl            | 0.015637556 |
|    clip_fraction        | 0.162       |
|    clip_range           | 0.2         |
|    entropy_loss         | -21.1       |
|    explained_variance   | 0.5434109   |
|    learning_rate        | 0.0003      |
|    loss                 | 0.449       |
|    n_updates            | 70          |
|    policy_gradient_loss | -0.0346     |
|    std                  | 0.987       |
|    value_loss           | 1.19        |
-----------------------------------------
-----------------------------------------
| rollout/                |             |
|    ep_len_mean          | 202         |
|    ep_rew_mean          | 10.3        |
| time/                   |             |
|    fps                  | 1729        |
|    iterations           | 9           |
|    time_elapsed         | 10          |
|    total_timesteps      | 18432       |
| train/                  |             |
|    approx_kl            | 0.016017575 |
|    clip_fraction        | 0.159       |
|    clip_range           | 0.2         |
|    entropy_loss         | -21.1       |
|    explained_variance   | 0.75727844  |
|    learning_rate        | 0.0003      |
|    loss                 | 0.25        |
|    n_updates            | 80          |
|    policy_gradient_loss | -0.0332     |
|    std                  | 0.988       |
|    value_loss           | 0.686       |
-----------------------------------------
----------------------------------------
| rollout/                |            |
|    ep_len_mean          | 201        |
|    ep_rew_mean          | 10.2       |
| time/                   |            |
|    fps                  | 1726       |
|    iterations           | 10         |
|    time_elapsed         | 11         |
|    total_timesteps      | 20480      |
| train/                  |            |
|    approx_kl            | 0.01589828 |
|    clip_fraction        | 0.163      |
|    clip_range           | 0.2        |
|    entropy_loss         | -21.1      |
|    explained_variance   | 0.8240084  |
|    learning_rate        | 0.0003     |
|    loss                 | 0.18       |
|    n_updates            | 90         |
|    policy_gradient_loss | -0.03      |
|    std                  | 0.993      |
|    value_loss           | 0.657      |
----------------------------------------
-----------------------------------------
| rollout/                |             |
|    ep_len_mean          | 202         |
|    ep_rew_mean          | 10.3        |
| time/                   |             |
|    fps                  | 1725        |
|    iterations           | 11          |
|    time_elapsed         | 13          |
|    total_timesteps      | 22528       |
| train/                  |             |
|    approx_kl            | 0.016228167 |
|    clip_fraction        | 0.163       |
|    clip_range           | 0.2         |
|    entropy_loss         | -21.2       |
|    explained_variance   | 0.78702474  |
|    learning_rate        | 0.0003      |
|    loss                 | 0.239       |
|    n_updates            | 100         |
|    policy_gradient_loss | -0.032      |
|    std                  | 0.995       |
|    value_loss           | 0.692       |
-----------------------------------------
-----------------------------------------
| rollout/                |             |
|    ep_len_mean          | 204         |
|    ep_rew_mean          | 10.8        |
| time/                   |             |
|    fps                  | 1723        |
|    iterations           | 12          |
|    time_elapsed         | 14          |
|    total_timesteps      | 24576       |
| train/                  |             |
|    approx_kl            | 0.018298574 |
|    clip_fraction        | 0.193       |
|    clip_range           | 0.2         |
|    entropy_loss         | -21.2       |
|    explained_variance   | 0.68177354  |
|    learning_rate        | 0.0003      |
|    loss                 | 0.158       |
|    n_updates            | 110         |
|    policy_gradient_loss | -0.0335     |
|    std                  | 0.995       |
|    value_loss           | 0.831       |
-----------------------------------------
-----------------------------------------
| rollout/                |             |
|    ep_len_mean          | 207         |
|    ep_rew_mean          | 11.3        |
| time/                   |             |
|    fps                  | 1720        |
|    iterations           | 13          |
|    time_elapsed         | 15          |
|    total_timesteps      | 26624       |
| train/                  |             |
|    approx_kl            | 0.016913185 |
|    clip_fraction        | 0.179       |
|    clip_range           | 0.2         |
|    entropy_loss         | -21.2       |
|    explained_variance   | 0.72859406  |
|    learning_rate        | 0.0003      |
|    loss                 | 0.148       |
|    n_updates            | 120         |
|    policy_gradient_loss | -0.0361     |
|    std                  | 0.995       |
|    value_loss           | 0.69        |
-----------------------------------------
-----------------------------------------
| rollout/                |             |
|    ep_len_mean          | 211         |
|    ep_rew_mean          | 11.9        |
| time/                   |             |
|    fps                  | 1719        |
|    iterations           | 14          |
|    time_elapsed         | 16          |
|    total_timesteps      | 28672       |
| train/                  |             |
|    approx_kl            | 0.016890991 |
|    clip_fraction        | 0.186       |
|    clip_range           | 0.2         |
|    entropy_loss         | -21.2       |
|    explained_variance   | 0.6880274   |
|    learning_rate        | 0.0003      |
|    loss                 | 0.347       |
|    n_updates            | 130         |
|    policy_gradient_loss | -0.0385     |
|    std                  | 0.995       |
|    value_loss           | 0.932       |
-----------------------------------------
-----------------------------------------
| rollout/                |             |
|    ep_len_mean          | 212         |
|    ep_rew_mean          | 12.2        |
| time/                   |             |
|    fps                  | 1715        |
|    iterations           | 15          |
|    time_elapsed         | 17          |
|    total_timesteps      | 30720       |
| train/                  |             |
|    approx_kl            | 0.017063817 |
|    clip_fraction        | 0.187       |
|    clip_range           | 0.2         |
|    entropy_loss         | -21.2       |
|    explained_variance   | 0.7884517   |
|    learning_rate        | 0.0003      |
|    loss                 | 0.282       |
|    n_updates            | 140         |
|    policy_gradient_loss | -0.036      |
|    std                  | 0.994       |
|    value_loss           | 0.676       |
-----------------------------------------
-----------------------------------------
| rollout/                |             |
|    ep_len_mean          | 212         |
|    ep_rew_mean          | 12.1        |
| time/                   |             |
|    fps                  | 1711        |
|    iterations           | 16          |
|    time_elapsed         | 19          |
|    total_timesteps      | 32768       |
| train/                  |             |
|    approx_kl            | 0.018093169 |
|    clip_fraction        | 0.181       |
|    clip_range           | 0.2         |
|    entropy_loss         | -21.1       |
|    explained_variance   | 0.7761452   |
|    learning_rate        | 0.0003      |
|    loss                 | 0.499       |
|    n_updates            | 150         |
|    policy_gradient_loss | -0.0379     |
|    std                  | 0.989       |
|    value_loss           | 0.829       |
-----------------------------------------
-----------------------------------------
| rollout/                |             |
|    ep_len_mean          | 214         |
|    ep_rew_mean          | 12.7        |
| time/                   |             |
|    fps                  | 1709        |
|    iterations           | 17          |
|    time_elapsed         | 20          |
|    total_timesteps      | 34816       |
| train/                  |             |
|    approx_kl            | 0.018958062 |
|    clip_fraction        | 0.183       |
|    clip_range           | 0.2         |
|    entropy_loss         | -21.1       |
|    explained_variance   | 0.78182274  |
|    learning_rate        | 0.0003      |
|    loss                 | 0.0626      |
|    n_updates            | 160         |
|    policy_gradient_loss | -0.04       |
|    std                  | 0.987       |
|    value_loss           | 0.781       |
-----------------------------------------
-----------------------------------------
| rollout/                |             |
|    ep_len_mean          | 214         |
|    ep_rew_mean          | 12.9        |
| time/                   |             |
|    fps                  | 1706        |
|    iterations           | 18          |
|    time_elapsed         | 21          |
|    total_timesteps      | 36864       |
| train/                  |             |
|    approx_kl            | 0.019905794 |
|    clip_fraction        | 0.211       |
|    clip_range           | 0.2         |
|    entropy_loss         | -21.1       |
|    explained_variance   | 0.86427873  |
|    learning_rate        | 0.0003      |
|    loss                 | 0.349       |
|    n_updates            | 170         |
|    policy_gradient_loss | -0.0382     |
|    std                  | 0.986       |
|    value_loss           | 0.63        |
-----------------------------------------
----------------------------------------
| rollout/                |            |
|    ep_len_mean          | 216        |
|    ep_rew_mean          | 13.3       |
| time/                   |            |
|    fps                  | 1703       |
|    iterations           | 19         |
|    time_elapsed         | 22         |
|    total_timesteps      | 38912      |
| train/                  |            |
|    approx_kl            | 0.02030849 |
|    clip_fraction        | 0.207      |
|    clip_range           | 0.2        |
|    entropy_loss         | -21        |
|    explained_variance   | 0.8504745  |
|    learning_rate        | 0.0003     |
|    loss                 | 0.233      |
|    n_updates            | 180        |
|    policy_gradient_loss | -0.0362    |
|    std                  | 0.983      |
|    value_loss           | 0.667      |
----------------------------------------
----------------------------------------
| rollout/                |            |
|    ep_len_mean          | 219        |
|    ep_rew_mean          | 13.9       |
| time/                   |            |
|    fps                  | 1704       |
|    iterations           | 20         |
|    time_elapsed         | 24         |
|    total_timesteps      | 40960      |
| train/                  |            |
|    approx_kl            | 0.02081396 |
|    clip_fraction        | 0.208      |
|    clip_range           | 0.2        |
|    entropy_loss         | -21        |
|    explained_variance   | 0.7861655  |
|    learning_rate        | 0.0003     |
|    loss                 | 0.328      |
|    n_updates            | 190        |
|    policy_gradient_loss | -0.0382    |
|    std                  | 0.984      |
|    value_loss           | 0.806      |
----------------------------------------
-----------------------------------------
| rollout/                |             |
|    ep_len_mean          | 223         |
|    ep_rew_mean          | 14.3        |
| time/                   |             |
|    fps                  | 1701        |
|    iterations           | 21          |
|    time_elapsed         | 25          |
|    total_timesteps      | 43008       |
| train/                  |             |
|    approx_kl            | 0.016564678 |
|    clip_fraction        | 0.168       |
|    clip_range           | 0.2         |
|    entropy_loss         | -21         |
|    explained_variance   | 0.8244676   |
|    learning_rate        | 0.0003      |
|    loss                 | 0.159       |
|    n_updates            | 200         |
|    policy_gradient_loss | -0.0324     |
|    std                  | 0.984       |
|    value_loss           | 0.583       |
-----------------------------------------
-----------------------------------------
| rollout/                |             |
|    ep_len_mean          | 226         |
|    ep_rew_mean          | 14.8        |
| time/                   |             |
|    fps                  | 1676        |
|    iterations           | 22          |
|    time_elapsed         | 26          |
|    total_timesteps      | 45056       |
| train/                  |             |
|    approx_kl            | 0.018950637 |
|    clip_fraction        | 0.209       |
|    clip_range           | 0.2         |
|    entropy_loss         | -21         |
|    explained_variance   | 0.72652096  |
|    learning_rate        | 0.0003      |
|    loss                 | 0.216       |
|    n_updates            | 210         |
|    policy_gradient_loss | -0.038      |
|    std                  | 0.984       |
|    value_loss           | 1.07        |
-----------------------------------------
-----------------------------------------
| rollout/                |             |
|    ep_len_mean          | 229         |
|    ep_rew_mean          | 15.3        |
| time/                   |             |
|    fps                  | 1670        |
|    iterations           | 23          |
|    time_elapsed         | 28          |
|    total_timesteps      | 47104       |
| train/                  |             |
|    approx_kl            | 0.019557308 |
|    clip_fraction        | 0.188       |
|    clip_range           | 0.2         |
|    entropy_loss         | -21.1       |
|    explained_variance   | 0.80512947  |
|    learning_rate        | 0.0003      |
|    loss                 | 0.164       |
|    n_updates            | 220         |
|    policy_gradient_loss | -0.0368     |
|    std                  | 0.986       |
|    value_loss           | 0.843       |
-----------------------------------------
-----------------------------------------
| rollout/                |             |
|    ep_len_mean          | 230         |
|    ep_rew_mean          | 15.6        |
| time/                   |             |
|    fps                  | 1667        |
|    iterations           | 24          |
|    time_elapsed         | 29          |
|    total_timesteps      | 49152       |
| train/                  |             |
|    approx_kl            | 0.020687062 |
|    clip_fraction        | 0.23        |
|    clip_range           | 0.2         |
|    entropy_loss         | -21.1       |
|    explained_variance   | 0.7556      |
|    learning_rate        | 0.0003      |
|    loss                 | 0.137       |
|    n_updates            | 230         |
|    policy_gradient_loss | -0.0402     |
|    std                  | 0.986       |
|    value_loss           | 0.865       |
-----------------------------------------
-----------------------------------------
| rollout/                |             |
|    ep_len_mean          | 229         |
|    ep_rew_mean          | 15.6        |
| time/                   |             |
|    fps                  | 1668        |
|    iterations           | 25          |
|    time_elapsed         | 30          |
|    total_timesteps      | 51200       |
| train/                  |             |
|    approx_kl            | 0.019919027 |
|    clip_fraction        | 0.214       |
|    clip_range           | 0.2         |
|    entropy_loss         | -21.1       |
|    explained_variance   | 0.8239473   |
|    learning_rate        | 0.0003      |
|    loss                 | 0.0797      |
|    n_updates            | 240         |
|    policy_gradient_loss | -0.0383     |
|    std                  | 0.984       |
|    value_loss           | 0.855       |
-----------------------------------------
-----------------------------------------
| rollout/                |             |
|    ep_len_mean          | 228         |
|    ep_rew_mean          | 15.7        |
| time/                   |             |
|    fps                  | 1667        |
|    iterations           | 26          |
|    time_elapsed         | 31          |
|    total_timesteps      | 53248       |
| train/                  |             |
|    approx_kl            | 0.018871937 |
|    clip_fraction        | 0.224       |
|    clip_range           | 0.2         |
|    entropy_loss         | -21         |
|    explained_variance   | 0.85378486  |
|    learning_rate        | 0.0003      |
|    loss                 | 0.435       |
|    n_updates            | 250         |
|    policy_gradient_loss | -0.0369     |
|    std                  | 0.985       |
|    value_loss           | 0.622       |
-----------------------------------------
-----------------------------------------
| rollout/                |             |
|    ep_len_mean          | 230         |
|    ep_rew_mean          | 16.1        |
| time/                   |             |
|    fps                  | 1665        |
|    iterations           | 27          |
|    time_elapsed         | 33          |
|    total_timesteps      | 55296       |
| train/                  |             |
|    approx_kl            | 0.019680612 |
|    clip_fraction        | 0.219       |
|    clip_range           | 0.2         |
|    entropy_loss         | -21         |
|    explained_variance   | 0.8300403   |
|    learning_rate        | 0.0003      |
|    loss                 | 0.3         |
|    n_updates            | 260         |
|    policy_gradient_loss | -0.0407     |
|    std                  | 0.982       |
|    value_loss           | 0.786       |
-----------------------------------------
----------------------------------------
| rollout/                |            |
|    ep_len_mean          | 233        |
|    ep_rew_mean          | 16.5       |
| time/                   |            |
|    fps                  | 1666       |
|    iterations           | 28         |
|    time_elapsed         | 34         |
|    total_timesteps      | 57344      |
| train/                  |            |
|    approx_kl            | 0.02088317 |
|    clip_fraction        | 0.221      |
|    clip_range           | 0.2        |
|    entropy_loss         | -21        |
|    explained_variance   | 0.7090338  |
|    learning_rate        | 0.0003     |
|    loss                 | 0.367      |
|    n_updates            | 270        |
|    policy_gradient_loss | -0.042     |
|    std                  | 0.981      |
|    value_loss           | 1.29       |
----------------------------------------
---------------------------------------
| rollout/                |           |
|    ep_len_mean          | 237       |
|    ep_rew_mean          | 17.5      |
| time/                   |           |
|    fps                  | 1664      |
|    iterations           | 29        |
|    time_elapsed         | 35        |
|    total_timesteps      | 59392     |
| train/                  |           |
|    approx_kl            | 0.0199142 |
|    clip_fraction        | 0.192     |
|    clip_range           | 0.2       |
|    entropy_loss         | -21       |
|    explained_variance   | 0.7748044 |
|    learning_rate        | 0.0003    |
|    loss                 | 0.202     |
|    n_updates            | 280       |
|    policy_gradient_loss | -0.0389   |
|    std                  | 0.984     |
|    value_loss           | 0.966     |
---------------------------------------
-----------------------------------------
| rollout/                |             |
|    ep_len_mean          | 239         |
|    ep_rew_mean          | 17.9        |
| time/                   |             |
|    fps                  | 1663        |
|    iterations           | 30          |
|    time_elapsed         | 36          |
|    total_timesteps      | 61440       |
| train/                  |             |
|    approx_kl            | 0.019384488 |
|    clip_fraction        | 0.217       |
|    clip_range           | 0.2         |
|    entropy_loss         | -21         |
|    explained_variance   | 0.83617276  |
|    learning_rate        | 0.0003      |
|    loss                 | 0.164       |
|    n_updates            | 290         |
|    policy_gradient_loss | -0.0419     |
|    std                  | 0.982       |
|    value_loss           | 1.02        |
-----------------------------------------
-----------------------------------------
| rollout/                |             |
|    ep_len_mean          | 241         |
|    ep_rew_mean          | 18.1        |
| time/                   |             |
|    fps                  | 1663        |
|    iterations           | 31          |
|    time_elapsed         | 38          |
|    total_timesteps      | 63488       |
| train/                  |             |
|    approx_kl            | 0.020450499 |
|    clip_fraction        | 0.217       |
|    clip_range           | 0.2         |
|    entropy_loss         | -21         |
|    explained_variance   | 0.8579689   |
|    learning_rate        | 0.0003      |
|    loss                 | 0.413       |
|    n_updates            | 300         |
|    policy_gradient_loss | -0.0397     |
|    std                  | 0.982       |
|    value_loss           | 1.06        |
-----------------------------------------
-----------------------------------------
| rollout/                |             |
|    ep_len_mean          | 245         |
|    ep_rew_mean          | 18.8        |
| time/                   |             |
|    fps                  | 1659        |
|    iterations           | 32          |
|    time_elapsed         | 39          |
|    total_timesteps      | 65536       |
| train/                  |             |
|    approx_kl            | 0.019683033 |
|    clip_fraction        | 0.197       |
|    clip_range           | 0.2         |
|    entropy_loss         | -21         |
|    explained_variance   | 0.72361296  |
|    learning_rate        | 0.0003      |
|    loss                 | 0.483       |
|    n_updates            | 310         |
|    policy_gradient_loss | -0.0388     |
|    std                  | 0.98        |
|    value_loss           | 1.6         |
-----------------------------------------
-----------------------------------------
| rollout/                |             |
|    ep_len_mean          | 247         |
|    ep_rew_mean          | 19.5        |
| time/                   |             |
|    fps                  | 1655        |
|    iterations           | 33          |
|    time_elapsed         | 40          |
|    total_timesteps      | 67584       |
| train/                  |             |
|    approx_kl            | 0.021504179 |
|    clip_fraction        | 0.213       |
|    clip_range           | 0.2         |
|    entropy_loss         | -21         |
|    explained_variance   | 0.84571344  |
|    learning_rate        | 0.0003      |
|    loss                 | 0.428       |
|    n_updates            | 320         |
|    policy_gradient_loss | -0.0383     |
|    std                  | 0.977       |
|    value_loss           | 0.89        |
-----------------------------------------
-----------------------------------------
| rollout/                |             |
|    ep_len_mean          | 247         |
|    ep_rew_mean          | 19.6        |
| time/                   |             |
|    fps                  | 1656        |
|    iterations           | 34          |
|    time_elapsed         | 42          |
|    total_timesteps      | 69632       |
| train/                  |             |
|    approx_kl            | 0.018937098 |
|    clip_fraction        | 0.204       |
|    clip_range           | 0.2         |
|    entropy_loss         | -20.9       |
|    explained_variance   | 0.8369743   |
|    learning_rate        | 0.0003      |
|    loss                 | 0.296       |
|    n_updates            | 330         |
|    policy_gradient_loss | -0.039      |
|    std                  | 0.976       |
|    value_loss           | 1.1         |
-----------------------------------------
----------------------------------------
| rollout/                |            |
|    ep_len_mean          | 248        |
|    ep_rew_mean          | 20.2       |
| time/                   |            |
|    fps                  | 1655       |
|    iterations           | 35         |
|    time_elapsed         | 43         |
|    total_timesteps      | 71680      |
| train/                  |            |
|    approx_kl            | 0.01925742 |
|    clip_fraction        | 0.231      |
|    clip_range           | 0.2        |
|    entropy_loss         | -20.9      |
|    explained_variance   | 0.87295926 |
|    learning_rate        | 0.0003     |
|    loss                 | 0.156      |
|    n_updates            | 340        |
|    policy_gradient_loss | -0.0402    |
|    std                  | 0.972      |
|    value_loss           | 0.841      |
----------------------------------------
----------------------------------------
| rollout/                |            |
|    ep_len_mean          | 250        |
|    ep_rew_mean          | 20.6       |
| time/                   |            |
|    fps                  | 1655       |
|    iterations           | 36         |
|    time_elapsed         | 44         |
|    total_timesteps      | 73728      |
| train/                  |            |
|    approx_kl            | 0.0181862  |
|    clip_fraction        | 0.211      |
|    clip_range           | 0.2        |
|    entropy_loss         | -20.8      |
|    explained_variance   | 0.85653937 |
|    learning_rate        | 0.0003     |
|    loss                 | 0.104      |
|    n_updates            | 350        |
|    policy_gradient_loss | -0.0371    |
|    std                  | 0.969      |
|    value_loss           | 1.22       |
----------------------------------------
----------------------------------------
| rollout/                |            |
|    ep_len_mean          | 254        |
|    ep_rew_mean          | 21.4       |
| time/                   |            |
|    fps                  | 1654       |
|    iterations           | 37         |
|    time_elapsed         | 45         |
|    total_timesteps      | 75776      |
| train/                  |            |
|    approx_kl            | 0.02171059 |
|    clip_fraction        | 0.24       |
|    clip_range           | 0.2        |
|    entropy_loss         | -20.8      |
|    explained_variance   | 0.81780714 |
|    learning_rate        | 0.0003     |
|    loss                 | 0.13       |
|    n_updates            | 360        |
|    policy_gradient_loss | -0.0436    |
|    std                  | 0.966      |
|    value_loss           | 1.36       |
----------------------------------------
-----------------------------------------
| rollout/                |             |
|    ep_len_mean          | 259         |
|    ep_rew_mean          | 22.4        |
| time/                   |             |
|    fps                  | 1652        |
|    iterations           | 38          |
|    time_elapsed         | 47          |
|    total_timesteps      | 77824       |
| train/                  |             |
|    approx_kl            | 0.019937426 |
|    clip_fraction        | 0.208       |
|    clip_range           | 0.2         |
|    entropy_loss         | -20.7       |
|    explained_variance   | 0.82142407  |
|    learning_rate        | 0.0003      |
|    loss                 | 0.241       |
|    n_updates            | 370         |
|    policy_gradient_loss | -0.0394     |
|    std                  | 0.964       |
|    value_loss           | 1.39        |
-----------------------------------------
----------------------------------------
| rollout/                |            |
|    ep_len_mean          | 264        |
|    ep_rew_mean          | 23.1       |
| time/                   |            |
|    fps                  | 1651       |
|    iterations           | 39         |
|    time_elapsed         | 48         |
|    total_timesteps      | 79872      |
| train/                  |            |
|    approx_kl            | 0.0200504  |
|    clip_fraction        | 0.218      |
|    clip_range           | 0.2        |
|    entropy_loss         | -20.7      |
|    explained_variance   | 0.84693015 |
|    learning_rate        | 0.0003     |
|    loss                 | 0.309      |
|    n_updates            | 380        |
|    policy_gradient_loss | -0.0368    |
|    std                  | 0.962      |
|    value_loss           | 1.32       |
----------------------------------------
-----------------------------------------
| rollout/                |             |
|    ep_len_mean          | 267         |
|    ep_rew_mean          | 23.9        |
| time/                   |             |
|    fps                  | 1651        |
|    iterations           | 40          |
|    time_elapsed         | 49          |
|    total_timesteps      | 81920       |
| train/                  |             |
|    approx_kl            | 0.020925038 |
|    clip_fraction        | 0.214       |
|    clip_range           | 0.2         |
|    entropy_loss         | -20.7       |
|    explained_variance   | 0.7860257   |
|    learning_rate        | 0.0003      |
|    loss                 | 0.428       |
|    n_updates            | 390         |
|    policy_gradient_loss | -0.0407     |
|    std                  | 0.962       |
|    value_loss           | 1.73        |
-----------------------------------------
-----------------------------------------
| rollout/                |             |
|    ep_len_mean          | 272         |
|    ep_rew_mean          | 24.9        |
| time/                   |             |
|    fps                  | 1650        |
|    iterations           | 41          |
|    time_elapsed         | 50          |
|    total_timesteps      | 83968       |
| train/                  |             |
|    approx_kl            | 0.021691956 |
|    clip_fraction        | 0.236       |
|    clip_range           | 0.2         |
|    entropy_loss         | -20.7       |
|    explained_variance   | 0.8655041   |
|    learning_rate        | 0.0003      |
|    loss                 | 0.256       |
|    n_updates            | 400         |
|    policy_gradient_loss | -0.0419     |
|    std                  | 0.958       |
|    value_loss           | 1.25        |
-----------------------------------------
-----------------------------------------
| rollout/                |             |
|    ep_len_mean          | 278         |
|    ep_rew_mean          | 25.8        |
| time/                   |             |
|    fps                  | 1649        |
|    iterations           | 42          |
|    time_elapsed         | 52          |
|    total_timesteps      | 86016       |
| train/                  |             |
|    approx_kl            | 0.021564847 |
|    clip_fraction        | 0.241       |
|    clip_range           | 0.2         |
|    entropy_loss         | -20.6       |
|    explained_variance   | 0.8199531   |
|    learning_rate        | 0.0003      |
|    loss                 | 0.425       |
|    n_updates            | 410         |
|    policy_gradient_loss | -0.0435     |
|    std                  | 0.955       |
|    value_loss           | 1.71        |
-----------------------------------------
-----------------------------------------
| rollout/                |             |
|    ep_len_mean          | 281         |
|    ep_rew_mean          | 26.1        |
| time/                   |             |
|    fps                  | 1645        |
|    iterations           | 43          |
|    time_elapsed         | 53          |
|    total_timesteps      | 88064       |
| train/                  |             |
|    approx_kl            | 0.020633368 |
|    clip_fraction        | 0.22        |
|    clip_range           | 0.2         |
|    entropy_loss         | -20.6       |
|    explained_variance   | 0.8551617   |
|    learning_rate        | 0.0003      |
|    loss                 | 0.294       |
|    n_updates            | 420         |
|    policy_gradient_loss | -0.0419     |
|    std                  | 0.955       |
|    value_loss           | 1.34        |
-----------------------------------------
-----------------------------------------
| rollout/                |             |
|    ep_len_mean          | 286         |
|    ep_rew_mean          | 27          |
| time/                   |             |
|    fps                  | 1642        |
|    iterations           | 44          |
|    time_elapsed         | 54          |
|    total_timesteps      | 90112       |
| train/                  |             |
|    approx_kl            | 0.024681982 |
|    clip_fraction        | 0.239       |
|    clip_range           | 0.2         |
|    entropy_loss         | -20.6       |
|    explained_variance   | 0.77231693  |
|    learning_rate        | 0.0003      |
|    loss                 | 0.518       |
|    n_updates            | 430         |
|    policy_gradient_loss | -0.0452     |
|    std                  | 0.955       |
|    value_loss           | 1.93        |
-----------------------------------------
-----------------------------------------
| rollout/                |             |
|    ep_len_mean          | 290         |
|    ep_rew_mean          | 28          |
| time/                   |             |
|    fps                  | 1639        |
|    iterations           | 45          |
|    time_elapsed         | 56          |
|    total_timesteps      | 92160       |
| train/                  |             |
|    approx_kl            | 0.019608378 |
|    clip_fraction        | 0.224       |
|    clip_range           | 0.2         |
|    entropy_loss         | -20.6       |
|    explained_variance   | 0.86682606  |
|    learning_rate        | 0.0003      |
|    loss                 | 0.47        |
|    n_updates            | 440         |
|    policy_gradient_loss | -0.0407     |
|    std                  | 0.955       |
|    value_loss           | 1.72        |
-----------------------------------------
-----------------------------------------
| rollout/                |             |
|    ep_len_mean          | 291         |
|    ep_rew_mean          | 28.3        |
| time/                   |             |
|    fps                  | 1637        |
|    iterations           | 46          |
|    time_elapsed         | 57          |
|    total_timesteps      | 94208       |
| train/                  |             |
|    approx_kl            | 0.021030063 |
|    clip_fraction        | 0.225       |
|    clip_range           | 0.2         |
|    entropy_loss         | -20.6       |
|    explained_variance   | 0.8503308   |
|    learning_rate        | 0.0003      |
|    loss                 | 0.313       |
|    n_updates            | 450         |
|    policy_gradient_loss | -0.0417     |
|    std                  | 0.954       |
|    value_loss           | 1.5         |
-----------------------------------------
-----------------------------------------
| rollout/                |             |
|    ep_len_mean          | 291         |
|    ep_rew_mean          | 28.4        |
| time/                   |             |
|    fps                  | 1636        |
|    iterations           | 47          |
|    time_elapsed         | 58          |
|    total_timesteps      | 96256       |
| train/                  |             |
|    approx_kl            | 0.020565636 |
|    clip_fraction        | 0.216       |
|    clip_range           | 0.2         |
|    entropy_loss         | -20.6       |
|    explained_variance   | 0.8360938   |
|    learning_rate        | 0.0003      |
|    loss                 | 0.632       |
|    n_updates            | 460         |
|    policy_gradient_loss | -0.0354     |
|    std                  | 0.954       |
|    value_loss           | 1.41        |
-----------------------------------------
-----------------------------------------
| rollout/                |             |
|    ep_len_mean          | 295         |
|    ep_rew_mean          | 29.4        |
| time/                   |             |
|    fps                  | 1633        |
|    iterations           | 48          |
|    time_elapsed         | 60          |
|    total_timesteps      | 98304       |
| train/                  |             |
|    approx_kl            | 0.023935106 |
|    clip_fraction        | 0.266       |
|    clip_range           | 0.2         |
|    entropy_loss         | -20.6       |
|    explained_variance   | 0.87534034  |
|    learning_rate        | 0.0003      |
|    loss                 | 0.326       |
|    n_updates            | 470         |
|    policy_gradient_loss | -0.0454     |
|    std                  | 0.954       |
|    value_loss           | 1.15        |
-----------------------------------------
-----------------------------------------
| rollout/                |             |
|    ep_len_mean          | 300         |
|    ep_rew_mean          | 29.9        |
| time/                   |             |
|    fps                  | 1631        |
|    iterations           | 49          |
|    time_elapsed         | 61          |
|    total_timesteps      | 100352      |
| train/                  |             |
|    approx_kl            | 0.024863359 |
|    clip_fraction        | 0.275       |
|    clip_range           | 0.2         |
|    entropy_loss         | -20.6       |
|    explained_variance   | 0.8417355   |
|    learning_rate        | 0.0003      |
|    loss                 | 0.35        |
|    n_updates            | 480         |
|    policy_gradient_loss | -0.0453     |
|    std                  | 0.953       |
|    value_loss           | 1.51        |
-----------------------------------------
-----------------------------------------
| rollout/                |             |
|    ep_len_mean          | 303         |
|    ep_rew_mean          | 30.4        |
| time/                   |             |
|    fps                  | 1629        |
|    iterations           | 50          |
|    time_elapsed         | 62          |
|    total_timesteps      | 102400      |
| train/                  |             |
|    approx_kl            | 0.021442961 |
|    clip_fraction        | 0.249       |
|    clip_range           | 0.2         |
|    entropy_loss         | -20.5       |
|    explained_variance   | 0.7949209   |
|    learning_rate        | 0.0003      |
|    loss                 | 0.57        |
|    n_updates            | 490         |
|    policy_gradient_loss | -0.0434     |
|    std                  | 0.953       |
|    value_loss           | 1.8         |
-----------------------------------------
-----------------------------------------
| rollout/                |             |
|    ep_len_mean          | 308         |
|    ep_rew_mean          | 31.5        |
| time/                   |             |
|    fps                  | 1627        |
|    iterations           | 51          |
|    time_elapsed         | 64          |
|    total_timesteps      | 104448      |
| train/                  |             |
|    approx_kl            | 0.025390929 |
|    clip_fraction        | 0.256       |
|    clip_range           | 0.2         |
|    entropy_loss         | -20.5       |
|    explained_variance   | 0.8124921   |
|    learning_rate        | 0.0003      |
|    loss                 | 0.408       |
|    n_updates            | 500         |
|    policy_gradient_loss | -0.0428     |
|    std                  | 0.95        |
|    value_loss           | 1.7         |
-----------------------------------------
-----------------------------------------
| rollout/                |             |
|    ep_len_mean          | 315         |
|    ep_rew_mean          | 32.8        |
| time/                   |             |
|    fps                  | 1623        |
|    iterations           | 52          |
|    time_elapsed         | 65          |
|    total_timesteps      | 106496      |
| train/                  |             |
|    approx_kl            | 0.023830147 |
|    clip_fraction        | 0.273       |
|    clip_range           | 0.2         |
|    entropy_loss         | -20.5       |
|    explained_variance   | 0.8640242   |
|    learning_rate        | 0.0003      |
|    loss                 | 0.338       |
|    n_updates            | 510         |
|    policy_gradient_loss | -0.0438     |
|    std                  | 0.946       |
|    value_loss           | 1.25        |
-----------------------------------------
-----------------------------------------
| rollout/                |             |
|    ep_len_mean          | 318         |
|    ep_rew_mean          | 33.1        |
| time/                   |             |
|    fps                  | 1619        |
|    iterations           | 53          |
|    time_elapsed         | 67          |
|    total_timesteps      | 108544      |
| train/                  |             |
|    approx_kl            | 0.019513888 |
|    clip_fraction        | 0.229       |
|    clip_range           | 0.2         |
|    entropy_loss         | -20.4       |
|    explained_variance   | 0.85865647  |
|    learning_rate        | 0.0003      |
|    loss                 | 0.319       |
|    n_updates            | 520         |
|    policy_gradient_loss | -0.0363     |
|    std                  | 0.944       |
|    value_loss           | 1.55        |
-----------------------------------------
-----------------------------------------
| rollout/                |             |
|    ep_len_mean          | 323         |
|    ep_rew_mean          | 34.2        |
| time/                   |             |
|    fps                  | 1616        |
|    iterations           | 54          |
|    time_elapsed         | 68          |
|    total_timesteps      | 110592      |
| train/                  |             |
|    approx_kl            | 0.025766075 |
|    clip_fraction        | 0.268       |
|    clip_range           | 0.2         |
|    entropy_loss         | -20.4       |
|    explained_variance   | 0.8575972   |
|    learning_rate        | 0.0003      |
|    loss                 | 0.463       |
|    n_updates            | 530         |
|    policy_gradient_loss | -0.0417     |
|    std                  | 0.941       |
|    value_loss           | 1.48        |
-----------------------------------------
-----------------------------------------
| rollout/                |             |
|    ep_len_mean          | 327         |
|    ep_rew_mean          | 34.8        |
| time/                   |             |
|    fps                  | 1612        |
|    iterations           | 55          |
|    time_elapsed         | 69          |
|    total_timesteps      | 112640      |
| train/                  |             |
|    approx_kl            | 0.020020204 |
|    clip_fraction        | 0.224       |
|    clip_range           | 0.2         |
|    entropy_loss         | -20.4       |
|    explained_variance   | 0.7798754   |
|    learning_rate        | 0.0003      |
|    loss                 | 0.83        |
|    n_updates            | 540         |
|    policy_gradient_loss | -0.0444     |
|    std                  | 0.943       |
|    value_loss           | 2.3         |
-----------------------------------------
-----------------------------------------
| rollout/                |             |
|    ep_len_mean          | 333         |
|    ep_rew_mean          | 36          |
| time/                   |             |
|    fps                  | 1609        |
|    iterations           | 56          |
|    time_elapsed         | 71          |
|    total_timesteps      | 114688      |
| train/                  |             |
|    approx_kl            | 0.022266079 |
|    clip_fraction        | 0.257       |
|    clip_range           | 0.2         |
|    entropy_loss         | -20.4       |
|    explained_variance   | 0.8570841   |
|    learning_rate        | 0.0003      |
|    loss                 | 0.553       |
|    n_updates            | 550         |
|    policy_gradient_loss | -0.0424     |
|    std                  | 0.946       |
|    value_loss           | 1.7         |
-----------------------------------------
-----------------------------------------
| rollout/                |             |
|    ep_len_mean          | 341         |
|    ep_rew_mean          | 37.4        |
| time/                   |             |
|    fps                  | 1605        |
|    iterations           | 57          |
|    time_elapsed         | 72          |
|    total_timesteps      | 116736      |
| train/                  |             |
|    approx_kl            | 0.024116734 |
|    clip_fraction        | 0.26        |
|    clip_range           | 0.2         |
|    entropy_loss         | -20.4       |
|    explained_variance   | 0.7923004   |
|    learning_rate        | 0.0003      |
|    loss                 | 0.743       |
|    n_updates            | 560         |
|    policy_gradient_loss | -0.042      |
|    std                  | 0.947       |
|    value_loss           | 2.48        |
-----------------------------------------
-----------------------------------------
| rollout/                |             |
|    ep_len_mean          | 345         |
|    ep_rew_mean          | 38.3        |
| time/                   |             |
|    fps                  | 1602        |
|    iterations           | 58          |
|    time_elapsed         | 74          |
|    total_timesteps      | 118784      |
| train/                  |             |
|    approx_kl            | 0.023425367 |
|    clip_fraction        | 0.244       |
|    clip_range           | 0.2         |
|    entropy_loss         | -20.4       |
|    explained_variance   | 0.79748744  |
|    learning_rate        | 0.0003      |
|    loss                 | 0.702       |
|    n_updates            | 570         |
|    policy_gradient_loss | -0.041      |
|    std                  | 0.946       |
|    value_loss           | 2.3         |
-----------------------------------------
-----------------------------------------
| rollout/                |             |
|    ep_len_mean          | 348         |
|    ep_rew_mean          | 38.6        |
| time/                   |             |
|    fps                  | 1599        |
|    iterations           | 59          |
|    time_elapsed         | 75          |
|    total_timesteps      | 120832      |
| train/                  |             |
|    approx_kl            | 0.022127945 |
|    clip_fraction        | 0.248       |
|    clip_range           | 0.2         |
|    entropy_loss         | -20.4       |
|    explained_variance   | 0.713305    |
|    learning_rate        | 0.0003      |
|    loss                 | 1.24        |
|    n_updates            | 580         |
|    policy_gradient_loss | -0.0357     |
|    std                  | 0.942       |
|    value_loss           | 2.92        |
-----------------------------------------
-----------------------------------------
| rollout/                |             |
|    ep_len_mean          | 350         |
|    ep_rew_mean          | 38.9        |
| time/                   |             |
|    fps                  | 1595        |
|    iterations           | 60          |
|    time_elapsed         | 77          |
|    total_timesteps      | 122880      |
| train/                  |             |
|    approx_kl            | 0.026983658 |
|    clip_fraction        | 0.291       |
|    clip_range           | 0.2         |
|    entropy_loss         | -20.4       |
|    explained_variance   | 0.7848779   |
|    learning_rate        | 0.0003      |
|    loss                 | 0.509       |
|    n_updates            | 590         |
|    policy_gradient_loss | -0.0459     |
|    std                  | 0.945       |
|    value_loss           | 2.11        |
-----------------------------------------
-----------------------------------------
| rollout/                |             |
|    ep_len_mean          | 362         |
|    ep_rew_mean          | 40.8        |
| time/                   |             |
|    fps                  | 1589        |
|    iterations           | 61          |
|    time_elapsed         | 78          |
|    total_timesteps      | 124928      |
| train/                  |             |
|    approx_kl            | 0.024729485 |
|    clip_fraction        | 0.287       |
|    clip_range           | 0.2         |
|    entropy_loss         | -20.4       |
|    explained_variance   | 0.76468563  |
|    learning_rate        | 0.0003      |
|    loss                 | 0.859       |
|    n_updates            | 600         |
|    policy_gradient_loss | -0.0404     |
|    std                  | 0.943       |
|    value_loss           | 2.01        |
-----------------------------------------
-----------------------------------------
| rollout/                |             |
|    ep_len_mean          | 372         |
|    ep_rew_mean          | 42.5        |
| time/                   |             |
|    fps                  | 1586        |
|    iterations           | 62          |
|    time_elapsed         | 80          |
|    total_timesteps      | 126976      |
| train/                  |             |
|    approx_kl            | 0.025171023 |
|    clip_fraction        | 0.265       |
|    clip_range           | 0.2         |
|    entropy_loss         | -20.4       |
|    explained_variance   | 0.72259665  |
|    learning_rate        | 0.0003      |
|    loss                 | 0.599       |
|    n_updates            | 610         |
|    policy_gradient_loss | -0.0381     |
|    std                  | 0.942       |
|    value_loss           | 1.55        |
-----------------------------------------
-----------------------------------------
| rollout/                |             |
|    ep_len_mean          | 380         |
|    ep_rew_mean          | 43.7        |
| time/                   |             |
|    fps                  | 1581        |
|    iterations           | 63          |
|    time_elapsed         | 81          |
|    total_timesteps      | 129024      |
| train/                  |             |
|    approx_kl            | 0.022995766 |
|    clip_fraction        | 0.26        |
|    clip_range           | 0.2         |
|    entropy_loss         | -20.3       |
|    explained_variance   | 0.86773646  |
|    learning_rate        | 0.0003      |
|    loss                 | 0.855       |
|    n_updates            | 620         |
|    policy_gradient_loss | -0.0397     |
|    std                  | 0.939       |
|    value_loss           | 1.66        |
-----------------------------------------
----------------------------------------
| rollout/                |            |
|    ep_len_mean          | 399        |
|    ep_rew_mean          | 47.2       |
| time/                   |            |
|    fps                  | 1574       |
|    iterations           | 64         |
|    time_elapsed         | 83         |
|    total_timesteps      | 131072     |
| train/                  |            |
|    approx_kl            | 0.02475972 |
|    clip_fraction        | 0.254      |
|    clip_range           | 0.2        |
|    entropy_loss         | -20.3      |
|    explained_variance   | 0.8044788  |
|    learning_rate        | 0.0003     |
|    loss                 | 0.633      |
|    n_updates            | 630        |
|    policy_gradient_loss | -0.0437    |
|    std                  | 0.939      |
|    value_loss           | 1.94       |
----------------------------------------
-----------------------------------------
| rollout/                |             |
|    ep_len_mean          | 404         |
|    ep_rew_mean          | 48.1        |
| time/                   |             |
|    fps                  | 1568        |
|    iterations           | 65          |
|    time_elapsed         | 84          |
|    total_timesteps      | 133120      |
| train/                  |             |
|    approx_kl            | 0.027584761 |
|    clip_fraction        | 0.291       |
|    clip_range           | 0.2         |
|    entropy_loss         | -20.3       |
|    explained_variance   | 0.46271366  |
|    learning_rate        | 0.0003      |
|    loss                 | 0.448       |
|    n_updates            | 640         |
|    policy_gradient_loss | -0.04       |
|    std                  | 0.936       |
|    value_loss           | 1.79        |
-----------------------------------------
-----------------------------------------
| rollout/                |             |
|    ep_len_mean          | 426         |
|    ep_rew_mean          | 52.5        |
| time/                   |             |
|    fps                  | 1562        |
|    iterations           | 66          |
|    time_elapsed         | 86          |
|    total_timesteps      | 135168      |
| train/                  |             |
|    approx_kl            | 0.025163865 |
|    clip_fraction        | 0.292       |
|    clip_range           | 0.2         |
|    entropy_loss         | -20.3       |
|    explained_variance   | 0.8749515   |
|    learning_rate        | 0.0003      |
|    loss                 | 0.136       |
|    n_updates            | 650         |
|    policy_gradient_loss | -0.0403     |
|    std                  | 0.935       |
|    value_loss           | 0.985       |
-----------------------------------------
-----------------------------------------
| rollout/                |             |
|    ep_len_mean          | 437         |
|    ep_rew_mean          | 54.5        |
| time/                   |             |
|    fps                  | 1556        |
|    iterations           | 67          |
|    time_elapsed         | 88          |
|    total_timesteps      | 137216      |
| train/                  |             |
|    approx_kl            | 0.025351796 |
|    clip_fraction        | 0.291       |
|    clip_range           | 0.2         |
|    entropy_loss         | -20.2       |
|    explained_variance   | 0.86564744  |
|    learning_rate        | 0.0003      |
|    loss                 | 0.171       |
|    n_updates            | 660         |
|    policy_gradient_loss | -0.0385     |
|    std                  | 0.931       |
|    value_loss           | 1.13        |
-----------------------------------------
----------------------------------------
| rollout/                |            |
|    ep_len_mean          | 454        |
|    ep_rew_mean          | 57.8       |
| time/                   |            |
|    fps                  | 1550       |
|    iterations           | 68         |
|    time_elapsed         | 89         |
|    total_timesteps      | 139264     |
| train/                  |            |
|    approx_kl            | 0.02811186 |
|    clip_fraction        | 0.275      |
|    clip_range           | 0.2        |
|    entropy_loss         | -20.2      |
|    explained_variance   | 0.82006085 |
|    learning_rate        | 0.0003     |
|    loss                 | 0.454      |
|    n_updates            | 670        |
|    policy_gradient_loss | -0.0352    |
|    std                  | 0.929      |
|    value_loss           | 1.18       |
----------------------------------------
-----------------------------------------
| rollout/                |             |
|    ep_len_mean          | 462         |
|    ep_rew_mean          | 59          |
| time/                   |             |
|    fps                  | 1548        |
|    iterations           | 69          |
|    time_elapsed         | 91          |
|    total_timesteps      | 141312      |
| train/                  |             |
|    approx_kl            | 0.023681305 |
|    clip_fraction        | 0.29        |
|    clip_range           | 0.2         |
|    entropy_loss         | -20.2       |
|    explained_variance   | 0.81688136  |
|    learning_rate        | 0.0003      |
|    loss                 | 0.483       |
|    n_updates            | 680         |
|    policy_gradient_loss | -0.0365     |
|    std                  | 0.931       |
|    value_loss           | 1.48        |
-----------------------------------------
-----------------------------------------
| rollout/                |             |
|    ep_len_mean          | 469         |
|    ep_rew_mean          | 60.3        |
| time/                   |             |
|    fps                  | 1547        |
|    iterations           | 70          |
|    time_elapsed         | 92          |
|    total_timesteps      | 143360      |
| train/                  |             |
|    approx_kl            | 0.021334153 |
|    clip_fraction        | 0.223       |
|    clip_range           | 0.2         |
|    entropy_loss         | -20.2       |
|    explained_variance   | 0.80237484  |
|    learning_rate        | 0.0003      |
|    loss                 | 0.88        |
|    n_updates            | 690         |
|    policy_gradient_loss | -0.0325     |
|    std                  | 0.932       |
|    value_loss           | 2.47        |
-----------------------------------------
-----------------------------------------
| rollout/                |             |
|    ep_len_mean          | 475         |
|    ep_rew_mean          | 61.5        |
| time/                   |             |
|    fps                  | 1544        |
|    iterations           | 71          |
|    time_elapsed         | 94          |
|    total_timesteps      | 145408      |
| train/                  |             |
|    approx_kl            | 0.020638146 |
|    clip_fraction        | 0.243       |
|    clip_range           | 0.2         |
|    entropy_loss         | -20.2       |
|    explained_variance   | 0.86040956  |
|    learning_rate        | 0.0003      |
|    loss                 | 0.188       |
|    n_updates            | 700         |
|    policy_gradient_loss | -0.0375     |
|    std                  | 0.927       |
|    value_loss           | 1.89        |
-----------------------------------------
-----------------------------------------
| rollout/                |             |
|    ep_len_mean          | 479         |
|    ep_rew_mean          | 62.5        |
| time/                   |             |
|    fps                  | 1539        |
|    iterations           | 72          |
|    time_elapsed         | 95          |
|    total_timesteps      | 147456      |
| train/                  |             |
|    approx_kl            | 0.022477116 |
|    clip_fraction        | 0.243       |
|    clip_range           | 0.2         |
|    entropy_loss         | -20.1       |
|    explained_variance   | 0.8314556   |
|    learning_rate        | 0.0003      |
|    loss                 | 0.641       |
|    n_updates            | 710         |
|    policy_gradient_loss | -0.0392     |
|    std                  | 0.927       |
|    value_loss           | 1.96        |
-----------------------------------------
-----------------------------------------
| rollout/                |             |
|    ep_len_mean          | 485         |
|    ep_rew_mean          | 63.9        |
| time/                   |             |
|    fps                  | 1536        |
|    iterations           | 73          |
|    time_elapsed         | 97          |
|    total_timesteps      | 149504      |
| train/                  |             |
|    approx_kl            | 0.021187924 |
|    clip_fraction        | 0.223       |
|    clip_range           | 0.2         |
|    entropy_loss         | -20.1       |
|    explained_variance   | 0.8367342   |
|    learning_rate        | 0.0003      |
|    loss                 | 0.456       |
|    n_updates            | 720         |
|    policy_gradient_loss | -0.0384     |
|    std                  | 0.926       |
|    value_loss           | 2           |
-----------------------------------------
-----------------------------------------
| rollout/                |             |
|    ep_len_mean          | 493         |
|    ep_rew_mean          | 65.6        |
| time/                   |             |
|    fps                  | 1532        |
|    iterations           | 74          |
|    time_elapsed         | 98          |
|    total_timesteps      | 151552      |
| train/                  |             |
|    approx_kl            | 0.024438571 |
|    clip_fraction        | 0.271       |
|    clip_range           | 0.2         |
|    entropy_loss         | -20.1       |
|    explained_variance   | 0.89916897  |
|    learning_rate        | 0.0003      |
|    loss                 | 0.155       |
|    n_updates            | 730         |
|    policy_gradient_loss | -0.0403     |
|    std                  | 0.923       |
|    value_loss           | 1.23        |
-----------------------------------------
-----------------------------------------
| rollout/                |             |
|    ep_len_mean          | 510         |
|    ep_rew_mean          | 68.5        |
| time/                   |             |
|    fps                  | 1529        |
|    iterations           | 75          |
|    time_elapsed         | 100         |
|    total_timesteps      | 153600      |
| train/                  |             |
|    approx_kl            | 0.021663224 |
|    clip_fraction        | 0.262       |
|    clip_range           | 0.2         |
|    entropy_loss         | -20         |
|    explained_variance   | 0.84257054  |
|    learning_rate        | 0.0003      |
|    loss                 | 0.27        |
|    n_updates            | 740         |
|    policy_gradient_loss | -0.0386     |
|    std                  | 0.921       |
|    value_loss           | 1.23        |
-----------------------------------------
-----------------------------------------
| rollout/                |             |
|    ep_len_mean          | 513         |
|    ep_rew_mean          | 69.2        |
| time/                   |             |
|    fps                  | 1525        |
|    iterations           | 76          |
|    time_elapsed         | 102         |
|    total_timesteps      | 155648      |
| train/                  |             |
|    approx_kl            | 0.021551464 |
|    clip_fraction        | 0.265       |
|    clip_range           | 0.2         |
|    entropy_loss         | -20         |
|    explained_variance   | 0.8318718   |
|    learning_rate        | 0.0003      |
|    loss                 | 1.07        |
|    n_updates            | 750         |
|    policy_gradient_loss | -0.0335     |
|    std                  | 0.919       |
|    value_loss           | 2.1         |
-----------------------------------------
-----------------------------------------
| rollout/                |             |
|    ep_len_mean          | 520         |
|    ep_rew_mean          | 70.5        |
| time/                   |             |
|    fps                  | 1523        |
|    iterations           | 77          |
|    time_elapsed         | 103         |
|    total_timesteps      | 157696      |
| train/                  |             |
|    approx_kl            | 0.021479301 |
|    clip_fraction        | 0.234       |
|    clip_range           | 0.2         |
|    entropy_loss         | -20         |
|    explained_variance   | 0.751954    |
|    learning_rate        | 0.0003      |
|    loss                 | 0.355       |
|    n_updates            | 760         |
|    policy_gradient_loss | -0.0383     |
|    std                  | 0.919       |
|    value_loss           | 2.47        |
-----------------------------------------
-----------------------------------------
| rollout/                |             |
|    ep_len_mean          | 527         |
|    ep_rew_mean          | 71.7        |
| time/                   |             |
|    fps                  | 1520        |
|    iterations           | 78          |
|    time_elapsed         | 105         |
|    total_timesteps      | 159744      |
| train/                  |             |
|    approx_kl            | 0.023709878 |
|    clip_fraction        | 0.263       |
|    clip_range           | 0.2         |
|    entropy_loss         | -20         |
|    explained_variance   | 0.8625204   |
|    learning_rate        | 0.0003      |
|    loss                 | 0.367       |
|    n_updates            | 770         |
|    policy_gradient_loss | -0.0381     |
|    std                  | 0.921       |
|    value_loss           | 1.65        |
-----------------------------------------
-----------------------------------------
| rollout/                |             |
|    ep_len_mean          | 532         |
|    ep_rew_mean          | 72.6        |
| time/                   |             |
|    fps                  | 1518        |
|    iterations           | 79          |
|    time_elapsed         | 106         |
|    total_timesteps      | 161792      |
| train/                  |             |
|    approx_kl            | 0.023743331 |
|    clip_fraction        | 0.274       |
|    clip_range           | 0.2         |
|    entropy_loss         | -20         |
|    explained_variance   | 0.8526478   |
|    learning_rate        | 0.0003      |
|    loss                 | 0.639       |
|    n_updates            | 780         |
|    policy_gradient_loss | -0.0375     |
|    std                  | 0.92        |
|    value_loss           | 1.85        |
-----------------------------------------
----------------------------------------
| rollout/                |            |
|    ep_len_mean          | 539        |
|    ep_rew_mean          | 73.9       |
| time/                   |            |
|    fps                  | 1516       |
|    iterations           | 80         |
|    time_elapsed         | 108        |
|    total_timesteps      | 163840     |
| train/                  |            |
|    approx_kl            | 0.02364661 |
|    clip_fraction        | 0.261      |
|    clip_range           | 0.2        |
|    entropy_loss         | -20        |
|    explained_variance   | 0.86511886 |
|    learning_rate        | 0.0003     |
|    loss                 | 0.428      |
|    n_updates            | 790        |
|    policy_gradient_loss | -0.0397    |
|    std                  | 0.921      |
|    value_loss           | 2.01       |
----------------------------------------
-----------------------------------------
| rollout/                |             |
|    ep_len_mean          | 545         |
|    ep_rew_mean          | 75.3        |
| time/                   |             |
|    fps                  | 1513        |
|    iterations           | 81          |
|    time_elapsed         | 109         |
|    total_timesteps      | 165888      |
| train/                  |             |
|    approx_kl            | 0.022141661 |
|    clip_fraction        | 0.237       |
|    clip_range           | 0.2         |
|    entropy_loss         | -20         |
|    explained_variance   | 0.8502572   |
|    learning_rate        | 0.0003      |
|    loss                 | 0.572       |
|    n_updates            | 800         |
|    policy_gradient_loss | -0.0358     |
|    std                  | 0.919       |
|    value_loss           | 1.98        |
-----------------------------------------
-----------------------------------------
| rollout/                |             |
|    ep_len_mean          | 539         |
|    ep_rew_mean          | 74.4        |
| time/                   |             |
|    fps                  | 1512        |
|    iterations           | 82          |
|    time_elapsed         | 111         |
|    total_timesteps      | 167936      |
| train/                  |             |
|    approx_kl            | 0.023709517 |
|    clip_fraction        | 0.267       |
|    clip_range           | 0.2         |
|    entropy_loss         | -20         |
|    explained_variance   | 0.890449    |
|    learning_rate        | 0.0003      |
|    loss                 | 1.21        |
|    n_updates            | 810         |
|    policy_gradient_loss | -0.0377     |
|    std                  | 0.924       |
|    value_loss           | 2.24        |
-----------------------------------------
-----------------------------------------
| rollout/                |             |
|    ep_len_mean          | 540         |
|    ep_rew_mean          | 74.7        |
| time/                   |             |
|    fps                  | 1510        |
|    iterations           | 83          |
|    time_elapsed         | 112         |
|    total_timesteps      | 169984      |
| train/                  |             |
|    approx_kl            | 0.024522357 |
|    clip_fraction        | 0.273       |
|    clip_range           | 0.2         |
|    entropy_loss         | -20.1       |
|    explained_variance   | 0.89587176  |
|    learning_rate        | 0.0003      |
|    loss                 | 0.684       |
|    n_updates            | 820         |
|    policy_gradient_loss | -0.0365     |
|    std                  | 0.927       |
|    value_loss           | 1.83        |
-----------------------------------------
-----------------------------------------
| rollout/                |             |
|    ep_len_mean          | 544         |
|    ep_rew_mean          | 75.7        |
| time/                   |             |
|    fps                  | 1508        |
|    iterations           | 84          |
|    time_elapsed         | 114         |
|    total_timesteps      | 172032      |
| train/                  |             |
|    approx_kl            | 0.023218423 |
|    clip_fraction        | 0.247       |
|    clip_range           | 0.2         |
|    entropy_loss         | -20.1       |
|    explained_variance   | 0.85673285  |
|    learning_rate        | 0.0003      |
|    loss                 | 0.912       |
|    n_updates            | 830         |
|    policy_gradient_loss | -0.0381     |
|    std                  | 0.926       |
|    value_loss           | 2.7         |
-----------------------------------------
----------------------------------------
| rollout/                |            |
|    ep_len_mean          | 538        |
|    ep_rew_mean          | 75         |
| time/                   |            |
|    fps                  | 1507       |
|    iterations           | 85         |
|    time_elapsed         | 115        |
|    total_timesteps      | 174080     |
| train/                  |            |
|    approx_kl            | 0.02528014 |
|    clip_fraction        | 0.263      |
|    clip_range           | 0.2        |
|    entropy_loss         | -20.1      |
|    explained_variance   | 0.8567801  |
|    learning_rate        | 0.0003     |
|    loss                 | 0.332      |
|    n_updates            | 840        |
|    policy_gradient_loss | -0.039     |
|    std                  | 0.928      |
|    value_loss           | 2.09       |
----------------------------------------
-----------------------------------------
| rollout/                |             |
|    ep_len_mean          | 546         |
|    ep_rew_mean          | 76.4        |
| time/                   |             |
|    fps                  | 1503        |
|    iterations           | 86          |
|    time_elapsed         | 117         |
|    total_timesteps      | 176128      |
| train/                  |             |
|    approx_kl            | 0.023675647 |
|    clip_fraction        | 0.249       |
|    clip_range           | 0.2         |
|    entropy_loss         | -20.2       |
|    explained_variance   | 0.8388078   |
|    learning_rate        | 0.0003      |
|    loss                 | 0.645       |
|    n_updates            | 850         |
|    policy_gradient_loss | -0.0375     |
|    std                  | 0.931       |
|    value_loss           | 2.24        |
-----------------------------------------
-----------------------------------------
| rollout/                |             |
|    ep_len_mean          | 549         |
|    ep_rew_mean          | 77.8        |
| time/                   |             |
|    fps                  | 1500        |
|    iterations           | 87          |
|    time_elapsed         | 118         |
|    total_timesteps      | 178176      |
| train/                  |             |
|    approx_kl            | 0.032024454 |
|    clip_fraction        | 0.319       |
|    clip_range           | 0.2         |
|    entropy_loss         | -20.1       |
|    explained_variance   | 0.8654007   |
|    learning_rate        | 0.0003      |
|    loss                 | 0.425       |
|    n_updates            | 860         |
|    policy_gradient_loss | -0.0456     |
|    std                  | 0.923       |
|    value_loss           | 1.57        |
-----------------------------------------
-----------------------------------------
| rollout/                |             |
|    ep_len_mean          | 539         |
|    ep_rew_mean          | 76.2        |
| time/                   |             |
|    fps                  | 1498        |
|    iterations           | 88          |
|    time_elapsed         | 120         |
|    total_timesteps      | 180224      |
| train/                  |             |
|    approx_kl            | 0.027444165 |
|    clip_fraction        | 0.291       |
|    clip_range           | 0.2         |
|    entropy_loss         | -20         |
|    explained_variance   | 0.8730453   |
|    learning_rate        | 0.0003      |
|    loss                 | 0.208       |
|    n_updates            | 870         |
|    policy_gradient_loss | -0.0397     |
|    std                  | 0.92        |
|    value_loss           | 1.19        |
-----------------------------------------
-----------------------------------------
| rollout/                |             |
|    ep_len_mean          | 556         |
|    ep_rew_mean          | 79.5        |
| time/                   |             |
|    fps                  | 1495        |
|    iterations           | 89          |
|    time_elapsed         | 121         |
|    total_timesteps      | 182272      |
| train/                  |             |
|    approx_kl            | 0.030041236 |
|    clip_fraction        | 0.284       |
|    clip_range           | 0.2         |
|    entropy_loss         | -20         |
|    explained_variance   | 0.90877867  |
|    learning_rate        | 0.0003      |
|    loss                 | 0.555       |
|    n_updates            | 880         |
|    policy_gradient_loss | -0.0392     |
|    std                  | 0.918       |
|    value_loss           | 1.53        |
-----------------------------------------
-----------------------------------------
| rollout/                |             |
|    ep_len_mean          | 557         |
|    ep_rew_mean          | 80.2        |
| time/                   |             |
|    fps                  | 1492        |
|    iterations           | 90          |
|    time_elapsed         | 123         |
|    total_timesteps      | 184320      |
| train/                  |             |
|    approx_kl            | 0.028748404 |
|    clip_fraction        | 0.313       |
|    clip_range           | 0.2         |
|    entropy_loss         | -20         |
|    explained_variance   | 0.90066683  |
|    learning_rate        | 0.0003      |
|    loss                 | 0.258       |
|    n_updates            | 890         |
|    policy_gradient_loss | -0.0378     |
|    std                  | 0.918       |
|    value_loss           | 1.04        |
-----------------------------------------
-----------------------------------------
| rollout/                |             |
|    ep_len_mean          | 541         |
|    ep_rew_mean          | 77.5        |
| time/                   |             |
|    fps                  | 1489        |
|    iterations           | 91          |
|    time_elapsed         | 125         |
|    total_timesteps      | 186368      |
| train/                  |             |
|    approx_kl            | 0.024059545 |
|    clip_fraction        | 0.269       |
|    clip_range           | 0.2         |
|    entropy_loss         | -19.9       |
|    explained_variance   | 0.84861314  |
|    learning_rate        | 0.0003      |
|    loss                 | 0.689       |
|    n_updates            | 900         |
|    policy_gradient_loss | -0.0345     |
|    std                  | 0.915       |
|    value_loss           | 2.45        |
-----------------------------------------
-----------------------------------------
| rollout/                |             |
|    ep_len_mean          | 561         |
|    ep_rew_mean          | 81.6        |
| time/                   |             |
|    fps                  | 1486        |
|    iterations           | 92          |
|    time_elapsed         | 126         |
|    total_timesteps      | 188416      |
| train/                  |             |
|    approx_kl            | 0.030345093 |
|    clip_fraction        | 0.348       |
|    clip_range           | 0.2         |
|    entropy_loss         | -19.9       |
|    explained_variance   | 0.8260386   |
|    learning_rate        | 0.0003      |
|    loss                 | 0.12        |
|    n_updates            | 910         |
|    policy_gradient_loss | -0.0375     |
|    std                  | 0.914       |
|    value_loss           | 0.96        |
-----------------------------------------
-----------------------------------------
| rollout/                |             |
|    ep_len_mean          | 569         |
|    ep_rew_mean          | 83.2        |
| time/                   |             |
|    fps                  | 1482        |
|    iterations           | 93          |
|    time_elapsed         | 128         |
|    total_timesteps      | 190464      |
| train/                  |             |
|    approx_kl            | 0.034517832 |
|    clip_fraction        | 0.362       |
|    clip_range           | 0.2         |
|    entropy_loss         | -19.9       |
|    explained_variance   | 0.9239325   |
|    learning_rate        | 0.0003      |
|    loss                 | 0.378       |
|    n_updates            | 920         |
|    policy_gradient_loss | -0.0394     |
|    std                  | 0.913       |
|    value_loss           | 0.627       |
-----------------------------------------
----------------------------------------
| rollout/                |            |
|    ep_len_mean          | 569        |
|    ep_rew_mean          | 83         |
| time/                   |            |
|    fps                  | 1479       |
|    iterations           | 94         |
|    time_elapsed         | 130        |
|    total_timesteps      | 192512     |
| train/                  |            |
|    approx_kl            | 0.03157451 |
|    clip_fraction        | 0.342      |
|    clip_range           | 0.2        |
|    entropy_loss         | -19.9      |
|    explained_variance   | 0.8955358  |
|    learning_rate        | 0.0003     |
|    loss                 | 0.136      |
|    n_updates            | 930        |
|    policy_gradient_loss | -0.0384    |
|    std                  | 0.915      |
|    value_loss           | 0.559      |
----------------------------------------
-----------------------------------------
| rollout/                |             |
|    ep_len_mean          | 568         |
|    ep_rew_mean          | 83.2        |
| time/                   |             |
|    fps                  | 1476        |
|    iterations           | 95          |
|    time_elapsed         | 131         |
|    total_timesteps      | 194560      |
| train/                  |             |
|    approx_kl            | 0.025226511 |
|    clip_fraction        | 0.265       |
|    clip_range           | 0.2         |
|    entropy_loss         | -19.9       |
|    explained_variance   | 0.8610377   |
|    learning_rate        | 0.0003      |
|    loss                 | 0.267       |
|    n_updates            | 940         |
|    policy_gradient_loss | -0.0337     |
|    std                  | 0.911       |
|    value_loss           | 1.25        |
-----------------------------------------
-----------------------------------------
| rollout/                |             |
|    ep_len_mean          | 577         |
|    ep_rew_mean          | 85.1        |
| time/                   |             |
|    fps                  | 1474        |
|    iterations           | 96          |
|    time_elapsed         | 133         |
|    total_timesteps      | 196608      |
| train/                  |             |
|    approx_kl            | 0.026360728 |
|    clip_fraction        | 0.314       |
|    clip_range           | 0.2         |
|    entropy_loss         | -19.9       |
|    explained_variance   | 0.90558505  |
|    learning_rate        | 0.0003      |
|    loss                 | 0.0685      |
|    n_updates            | 950         |
|    policy_gradient_loss | -0.0308     |
|    std                  | 0.91        |
|    value_loss           | 0.345       |
-----------------------------------------
-----------------------------------------
| rollout/                |             |
|    ep_len_mean          | 590         |
|    ep_rew_mean          | 87.9        |
| time/                   |             |
|    fps                  | 1473        |
|    iterations           | 97          |
|    time_elapsed         | 134         |
|    total_timesteps      | 198656      |
| train/                  |             |
|    approx_kl            | 0.024997909 |
|    clip_fraction        | 0.286       |
|    clip_range           | 0.2         |
|    entropy_loss         | -19.8       |
|    explained_variance   | 0.9359584   |
|    learning_rate        | 0.0003      |
|    loss                 | 0.0533      |
|    n_updates            | 960         |
|    policy_gradient_loss | -0.0314     |
|    std                  | 0.91        |
|    value_loss           | 0.47        |
-----------------------------------------
-----------------------------------------
| rollout/                |             |
|    ep_len_mean          | 600         |
|    ep_rew_mean          | 90.1        |
| time/                   |             |
|    fps                  | 1471        |
|    iterations           | 98          |
|    time_elapsed         | 136         |
|    total_timesteps      | 200704      |
| train/                  |             |
|    approx_kl            | 0.025599636 |
|    clip_fraction        | 0.285       |
|    clip_range           | 0.2         |
|    entropy_loss         | -19.8       |
|    explained_variance   | 0.8167994   |
|    learning_rate        | 0.0003      |
|    loss                 | 0.631       |
|    n_updates            | 970         |
|    policy_gradient_loss | -0.0314     |
|    std                  | 0.909       |
|    value_loss           | 1.57        |
-----------------------------------------
-----------------------------------------
| rollout/                |             |
|    ep_len_mean          | 613         |
|    ep_rew_mean          | 92.9        |
| time/                   |             |
|    fps                  | 1470        |
|    iterations           | 99          |
|    time_elapsed         | 137         |
|    total_timesteps      | 202752      |
| train/                  |             |
|    approx_kl            | 0.023269821 |
|    clip_fraction        | 0.243       |
|    clip_range           | 0.2         |
|    entropy_loss         | -19.8       |
|    explained_variance   | 0.7935316   |
|    learning_rate        | 0.0003      |
|    loss                 | 0.211       |
|    n_updates            | 980         |
|    policy_gradient_loss | -0.0375     |
|    std                  | 0.909       |
|    value_loss           | 2.12        |
-----------------------------------------
-----------------------------------------
| rollout/                |             |
|    ep_len_mean          | 620         |
|    ep_rew_mean          | 94.5        |
| time/                   |             |
|    fps                  | 1469        |
|    iterations           | 100         |
|    time_elapsed         | 139         |
|    total_timesteps      | 204800      |
| train/                  |             |
|    approx_kl            | 0.029486246 |
|    clip_fraction        | 0.333       |
|    clip_range           | 0.2         |
|    entropy_loss         | -19.8       |
|    explained_variance   | 0.9213266   |
|    learning_rate        | 0.0003      |
|    loss                 | 0.0643      |
|    n_updates            | 990         |
|    policy_gradient_loss | -0.0394     |
|    std                  | 0.906       |
|    value_loss           | 0.386       |
-----------------------------------------
-----------------------------------------
| rollout/                |             |
|    ep_len_mean          | 638         |
|    ep_rew_mean          | 98.4        |
| time/                   |             |
|    fps                  | 1467        |
|    iterations           | 101         |
|    time_elapsed         | 140         |
|    total_timesteps      | 206848      |
| train/                  |             |
|    approx_kl            | 0.025662161 |
|    clip_fraction        | 0.291       |
|    clip_range           | 0.2         |
|    entropy_loss         | -19.8       |
|    explained_variance   | 0.88681006  |
|    learning_rate        | 0.0003      |
|    loss                 | 0.529       |
|    n_updates            | 1000        |
|    policy_gradient_loss | -0.0309     |
|    std                  | 0.905       |
|    value_loss           | 1.05        |
-----------------------------------------
-----------------------------------------
| rollout/                |             |
|    ep_len_mean          | 638         |
|    ep_rew_mean          | 98.4        |
| time/                   |             |
|    fps                  | 1465        |
|    iterations           | 102         |
|    time_elapsed         | 142         |
|    total_timesteps      | 208896      |
| train/                  |             |
|    approx_kl            | 0.026728278 |
|    clip_fraction        | 0.294       |
|    clip_range           | 0.2         |
|    entropy_loss         | -19.8       |
|    explained_variance   | 0.92736644  |
|    learning_rate        | 0.0003      |
|    loss                 | 0.066       |
|    n_updates            | 1010        |
|    policy_gradient_loss | -0.0314     |
|    std                  | 0.904       |
|    value_loss           | 0.376       |
-----------------------------------------
-----------------------------------------
| rollout/                |             |
|    ep_len_mean          | 672         |
|    ep_rew_mean          | 105         |
| time/                   |             |
|    fps                  | 1463        |
|    iterations           | 103         |
|    time_elapsed         | 144         |
|    total_timesteps      | 210944      |
| train/                  |             |
|    approx_kl            | 0.029022887 |
|    clip_fraction        | 0.33        |
|    clip_range           | 0.2         |
|    entropy_loss         | -19.7       |
|    explained_variance   | -0.8575928  |
|    learning_rate        | 0.0003      |
|    loss                 | 0.127       |
|    n_updates            | 1020        |
|    policy_gradient_loss | -0.0382     |
|    std                  | 0.903       |
|    value_loss           | 0.341       |
-----------------------------------------
----------------------------------------
| rollout/                |            |
|    ep_len_mean          | 679        |
|    ep_rew_mean          | 105        |
| time/                   |            |
|    fps                  | 1462       |
|    iterations           | 104        |
|    time_elapsed         | 145        |
|    total_timesteps      | 212992     |
| train/                  |            |
|    approx_kl            | 0.02229483 |
|    clip_fraction        | 0.269      |
|    clip_range           | 0.2        |
|    entropy_loss         | -19.7      |
|    explained_variance   | 0.7597584  |
|    learning_rate        | 0.0003     |
|    loss                 | 0.245      |
|    n_updates            | 1030       |
|    policy_gradient_loss | -0.0338    |
|    std                  | 0.901      |
|    value_loss           | 0.858      |
----------------------------------------
-----------------------------------------
| rollout/                |             |
|    ep_len_mean          | 693         |
|    ep_rew_mean          | 108         |
| time/                   |             |
|    fps                  | 1461        |
|    iterations           | 105         |
|    time_elapsed         | 147         |
|    total_timesteps      | 215040      |
| train/                  |             |
|    approx_kl            | 0.023956228 |
|    clip_fraction        | 0.251       |
|    clip_range           | 0.2         |
|    entropy_loss         | -19.7       |
|    explained_variance   | 0.8404148   |
|    learning_rate        | 0.0003      |
|    loss                 | 0.251       |
|    n_updates            | 1040        |
|    policy_gradient_loss | -0.0357     |
|    std                  | 0.903       |
|    value_loss           | 1.28        |
-----------------------------------------
-----------------------------------------
| rollout/                |             |
|    ep_len_mean          | 698         |
|    ep_rew_mean          | 109         |
| time/                   |             |
|    fps                  | 1459        |
|    iterations           | 106         |
|    time_elapsed         | 148         |
|    total_timesteps      | 217088      |
| train/                  |             |
|    approx_kl            | 0.025457606 |
|    clip_fraction        | 0.268       |
|    clip_range           | 0.2         |
|    entropy_loss         | -19.7       |
|    explained_variance   | 0.8308901   |
|    learning_rate        | 0.0003      |
|    loss                 | 1.02        |
|    n_updates            | 1050        |
|    policy_gradient_loss | -0.0364     |
|    std                  | 0.902       |
|    value_loss           | 1.4         |
-----------------------------------------
-----------------------------------------
| rollout/                |             |
|    ep_len_mean          | 715         |
|    ep_rew_mean          | 112         |
| time/                   |             |
|    fps                  | 1458        |
|    iterations           | 107         |
|    time_elapsed         | 150         |
|    total_timesteps      | 219136      |
| train/                  |             |
|    approx_kl            | 0.028845185 |
|    clip_fraction        | 0.276       |
|    clip_range           | 0.2         |
|    entropy_loss         | -19.7       |
|    explained_variance   | 0.73636436  |
|    learning_rate        | 0.0003      |
|    loss                 | 0.317       |
|    n_updates            | 1060        |
|    policy_gradient_loss | -0.0358     |
|    std                  | 0.9         |
|    value_loss           | 1.15        |
-----------------------------------------
-----------------------------------------
| rollout/                |             |
|    ep_len_mean          | 719         |
|    ep_rew_mean          | 113         |
| time/                   |             |
|    fps                  | 1458        |
|    iterations           | 108         |
|    time_elapsed         | 151         |
|    total_timesteps      | 221184      |
| train/                  |             |
|    approx_kl            | 0.024255373 |
|    clip_fraction        | 0.288       |
|    clip_range           | 0.2         |
|    entropy_loss         | -19.7       |
|    explained_variance   | 0.9141703   |
|    learning_rate        | 0.0003      |
|    loss                 | 0.0914      |
|    n_updates            | 1070        |
|    policy_gradient_loss | -0.0333     |
|    std                  | 0.899       |
|    value_loss           | 0.743       |
-----------------------------------------
-----------------------------------------
| rollout/                |             |
|    ep_len_mean          | 723         |
|    ep_rew_mean          | 114         |
| time/                   |             |
|    fps                  | 1457        |
|    iterations           | 109         |
|    time_elapsed         | 153         |
|    total_timesteps      | 223232      |
| train/                  |             |
|    approx_kl            | 0.022294316 |
|    clip_fraction        | 0.239       |
|    clip_range           | 0.2         |
|    entropy_loss         | -19.7       |
|    explained_variance   | 0.9174358   |
|    learning_rate        | 0.0003      |
|    loss                 | 0.738       |
|    n_updates            | 1080        |
|    policy_gradient_loss | -0.0341     |
|    std                  | 0.9         |
|    value_loss           | 1.74        |
-----------------------------------------
-----------------------------------------
| rollout/                |             |
|    ep_len_mean          | 723         |
|    ep_rew_mean          | 114         |
| time/                   |             |
|    fps                  | 1451        |
|    iterations           | 110         |
|    time_elapsed         | 155         |
|    total_timesteps      | 225280      |
| train/                  |             |
|    approx_kl            | 0.024280872 |
|    clip_fraction        | 0.259       |
|    clip_range           | 0.2         |
|    entropy_loss         | -19.6       |
|    explained_variance   | 0.89956313  |
|    learning_rate        | 0.0003      |
|    loss                 | 0.197       |
|    n_updates            | 1090        |
|    policy_gradient_loss | -0.0331     |
|    std                  | 0.895       |
|    value_loss           | 1.48        |
-----------------------------------------
-----------------------------------------
| rollout/                |             |
|    ep_len_mean          | 729         |
|    ep_rew_mean          | 116         |
| time/                   |             |
|    fps                  | 1445        |
|    iterations           | 111         |
|    time_elapsed         | 157         |
|    total_timesteps      | 227328      |
| train/                  |             |
|    approx_kl            | 0.028975561 |
|    clip_fraction        | 0.284       |
|    clip_range           | 0.2         |
|    entropy_loss         | -19.6       |
|    explained_variance   | 0.91389275  |
|    learning_rate        | 0.0003      |
|    loss                 | 0.179       |
|    n_updates            | 1100        |
|    policy_gradient_loss | -0.0335     |
|    std                  | 0.894       |
|    value_loss           | 0.982       |
-----------------------------------------
-----------------------------------------
| rollout/                |             |
|    ep_len_mean          | 746         |
|    ep_rew_mean          | 120         |
| time/                   |             |
|    fps                  | 1441        |
|    iterations           | 112         |
|    time_elapsed         | 159         |
|    total_timesteps      | 229376      |
| train/                  |             |
|    approx_kl            | 0.034507506 |
|    clip_fraction        | 0.346       |
|    clip_range           | 0.2         |
|    entropy_loss         | -19.6       |
|    explained_variance   | 0.9162871   |
|    learning_rate        | 0.0003      |
|    loss                 | 0.0489      |
|    n_updates            | 1110        |
|    policy_gradient_loss | -0.0347     |
|    std                  | 0.896       |
|    value_loss           | 0.562       |
-----------------------------------------
-----------------------------------------
| rollout/                |             |
|    ep_len_mean          | 746         |
|    ep_rew_mean          | 120         |
| time/                   |             |
|    fps                  | 1440        |
|    iterations           | 113         |
|    time_elapsed         | 160         |
|    total_timesteps      | 231424      |
| train/                  |             |
|    approx_kl            | 0.023186412 |
|    clip_fraction        | 0.262       |
|    clip_range           | 0.2         |
|    entropy_loss         | -19.6       |
|    explained_variance   | 0.901656    |
|    learning_rate        | 0.0003      |
|    loss                 | 0.392       |
|    n_updates            | 1120        |
|    policy_gradient_loss | -0.0337     |
|    std                  | 0.893       |
|    value_loss           | 1.02        |
-----------------------------------------
---------------------------------------
| rollout/                |           |
|    ep_len_mean          | 752       |
|    ep_rew_mean          | 122       |
| time/                   |           |
|    fps                  | 1440      |
|    iterations           | 114       |
|    time_elapsed         | 162       |
|    total_timesteps      | 233472    |
| train/                  |           |
|    approx_kl            | 0.0246725 |
|    clip_fraction        | 0.259     |
|    clip_range           | 0.2       |
|    entropy_loss         | -19.5     |
|    explained_variance   | 0.92325   |
|    learning_rate        | 0.0003    |
|    loss                 | 0.416     |
|    n_updates            | 1130      |
|    policy_gradient_loss | -0.0353   |
|    std                  | 0.892     |
|    value_loss           | 1.57      |
---------------------------------------
-----------------------------------------
| rollout/                |             |
|    ep_len_mean          | 756         |
|    ep_rew_mean          | 122         |
| time/                   |             |
|    fps                  | 1440        |
|    iterations           | 115         |
|    time_elapsed         | 163         |
|    total_timesteps      | 235520      |
| train/                  |             |
|    approx_kl            | 0.025776222 |
|    clip_fraction        | 0.29        |
|    clip_range           | 0.2         |
|    entropy_loss         | -19.5       |
|    explained_variance   | 0.9262449   |
|    learning_rate        | 0.0003      |
|    loss                 | 0.406       |
|    n_updates            | 1140        |
|    policy_gradient_loss | -0.0325     |
|    std                  | 0.893       |
|    value_loss           | 1.2         |
-----------------------------------------
----------------------------------------
| rollout/                |            |
|    ep_len_mean          | 773        |
|    ep_rew_mean          | 126        |
| time/                   |            |
|    fps                  | 1439       |
|    iterations           | 116        |
|    time_elapsed         | 165        |
|    total_timesteps      | 237568     |
| train/                  |            |
|    approx_kl            | 0.02486893 |
|    clip_fraction        | 0.27       |
|    clip_range           | 0.2        |
|    entropy_loss         | -19.5      |
|    explained_variance   | 0.8927495  |
|    learning_rate        | 0.0003     |
|    loss                 | 0.164      |
|    n_updates            | 1150       |
|    policy_gradient_loss | -0.0317    |
|    std                  | 0.892      |
|    value_loss           | 2.39       |
----------------------------------------
-----------------------------------------
| rollout/                |             |
|    ep_len_mean          | 777         |
|    ep_rew_mean          | 127         |
| time/                   |             |
|    fps                  | 1439        |
|    iterations           | 117         |
|    time_elapsed         | 166         |
|    total_timesteps      | 239616      |
| train/                  |             |
|    approx_kl            | 0.033644453 |
|    clip_fraction        | 0.346       |
|    clip_range           | 0.2         |
|    entropy_loss         | -19.5       |
|    explained_variance   | 0.868431    |
|    learning_rate        | 0.0003      |
|    loss                 | 0.162       |
|    n_updates            | 1160        |
|    policy_gradient_loss | -0.0329     |
|    std                  | 0.889       |
|    value_loss           | 0.768       |
-----------------------------------------
-----------------------------------------
| rollout/                |             |
|    ep_len_mean          | 787         |
|    ep_rew_mean          | 129         |
| time/                   |             |
|    fps                  | 1439        |
|    iterations           | 118         |
|    time_elapsed         | 167         |
|    total_timesteps      | 241664      |
| train/                  |             |
|    approx_kl            | 0.031160198 |
|    clip_fraction        | 0.344       |
|    clip_range           | 0.2         |
|    entropy_loss         | -19.5       |
|    explained_variance   | 0.8903446   |
|    learning_rate        | 0.0003      |
|    loss                 | 0.596       |
|    n_updates            | 1170        |
|    policy_gradient_loss | -0.0339     |
|    std                  | 0.889       |
|    value_loss           | 1.29        |
-----------------------------------------
-----------------------------------------
| rollout/                |             |
|    ep_len_mean          | 787         |
|    ep_rew_mean          | 129         |
| time/                   |             |
|    fps                  | 1438        |
|    iterations           | 119         |
|    time_elapsed         | 169         |
|    total_timesteps      | 243712      |
| train/                  |             |
|    approx_kl            | 0.029926639 |
|    clip_fraction        | 0.297       |
|    clip_range           | 0.2         |
|    entropy_loss         | -19.5       |
|    explained_variance   | 0.9379379   |
|    learning_rate        | 0.0003      |
|    loss                 | 0.222       |
|    n_updates            | 1180        |
|    policy_gradient_loss | -0.0364     |
|    std                  | 0.886       |
|    value_loss           | 1.15        |
-----------------------------------------
----------------------------------------
| rollout/                |            |
|    ep_len_mean          | 805        |
|    ep_rew_mean          | 133        |
| time/                   |            |
|    fps                  | 1437       |
|    iterations           | 120        |
|    time_elapsed         | 170        |
|    total_timesteps      | 245760     |
| train/                  |            |
|    approx_kl            | 0.03970687 |
|    clip_fraction        | 0.388      |
|    clip_range           | 0.2        |
|    entropy_loss         | -19.4      |
|    explained_variance   | -1.149787  |
|    learning_rate        | 0.0003     |
|    loss                 | 0.00735    |
|    n_updates            | 1190       |
|    policy_gradient_loss | -0.0361    |
|    std                  | 0.885      |
|    value_loss           | 0.201      |
----------------------------------------
-----------------------------------------
| rollout/                |             |
|    ep_len_mean          | 823         |
|    ep_rew_mean          | 137         |
| time/                   |             |
|    fps                  | 1437        |
|    iterations           | 121         |
|    time_elapsed         | 172         |
|    total_timesteps      | 247808      |
| train/                  |             |
|    approx_kl            | 0.029376417 |
|    clip_fraction        | 0.322       |
|    clip_range           | 0.2         |
|    entropy_loss         | -19.4       |
|    explained_variance   | 0.89851564  |
|    learning_rate        | 0.0003      |
|    loss                 | 0.0126      |
|    n_updates            | 1200        |
|    policy_gradient_loss | -0.0303     |
|    std                  | 0.885       |
|    value_loss           | 0.264       |
-----------------------------------------
----------------------------------------
| rollout/                |            |
|    ep_len_mean          | 840        |
|    ep_rew_mean          | 141        |
| time/                   |            |
|    fps                  | 1436       |
|    iterations           | 122        |
|    time_elapsed         | 173        |
|    total_timesteps      | 249856     |
| train/                  |            |
|    approx_kl            | 0.02232552 |
|    clip_fraction        | 0.258      |
|    clip_range           | 0.2        |
|    entropy_loss         | -19.4      |
|    explained_variance   | 0.90009207 |
|    learning_rate        | 0.0003     |
|    loss                 | 0.0336     |
|    n_updates            | 1210       |
|    policy_gradient_loss | -0.0319    |
|    std                  | 0.884      |
|    value_loss           | 0.79       |
----------------------------------------
-----------------------------------------
| rollout/                |             |
|    ep_len_mean          | 853         |
|    ep_rew_mean          | 144         |
| time/                   |             |
|    fps                  | 1435        |
|    iterations           | 123         |
|    time_elapsed         | 175         |
|    total_timesteps      | 251904      |
| train/                  |             |
|    approx_kl            | 0.025521442 |
|    clip_fraction        | 0.291       |
|    clip_range           | 0.2         |
|    entropy_loss         | -19.4       |
|    explained_variance   | 0.917467    |
|    learning_rate        | 0.0003      |
|    loss                 | 0.246       |
|    n_updates            | 1220        |
|    policy_gradient_loss | -0.0327     |
|    std                  | 0.883       |
|    value_loss           | 1.35        |
-----------------------------------------
-----------------------------------------
| rollout/                |             |
|    ep_len_mean          | 873         |
|    ep_rew_mean          | 148         |
| time/                   |             |
|    fps                  | 1435        |
|    iterations           | 124         |
|    time_elapsed         | 176         |
|    total_timesteps      | 253952      |
| train/                  |             |
|    approx_kl            | 0.030637534 |
|    clip_fraction        | 0.332       |
|    clip_range           | 0.2         |
|    entropy_loss         | -19.4       |
|    explained_variance   | 0.91812176  |
|    learning_rate        | 0.0003      |
|    loss                 | 0.105       |
|    n_updates            | 1230        |
|    policy_gradient_loss | -0.033      |
|    std                  | 0.884       |
|    value_loss           | 0.558       |
-----------------------------------------
-----------------------------------------
| rollout/                |             |
|    ep_len_mean          | 890         |
|    ep_rew_mean          | 152         |
| time/                   |             |
|    fps                  | 1433        |
|    iterations           | 125         |
|    time_elapsed         | 178         |
|    total_timesteps      | 256000      |
| train/                  |             |
|    approx_kl            | 0.030509427 |
|    clip_fraction        | 0.317       |
|    clip_range           | 0.2         |
|    entropy_loss         | -19.4       |
|    explained_variance   | 0.88099587  |
|    learning_rate        | 0.0003      |
|    loss                 | 0.0289      |
|    n_updates            | 1240        |
|    policy_gradient_loss | -0.0316     |
|    std                  | 0.884       |
|    value_loss           | 0.792       |
-----------------------------------------
----------------------------------------
| rollout/                |            |
|    ep_len_mean          | 906        |
|    ep_rew_mean          | 156        |
| time/                   |            |
|    fps                  | 1433       |
|    iterations           | 126        |
|    time_elapsed         | 180        |
|    total_timesteps      | 258048     |
| train/                  |            |
|    approx_kl            | 0.02113999 |
|    clip_fraction        | 0.285      |
|    clip_range           | 0.2        |
|    entropy_loss         | -19.4      |
|    explained_variance   | 0.92394865 |
|    learning_rate        | 0.0003     |
|    loss                 | 0.179      |
|    n_updates            | 1250       |
|    policy_gradient_loss | -0.0311    |
|    std                  | 0.883      |
|    value_loss           | 0.989      |
----------------------------------------
----------------------------------------
| rollout/                |            |
|    ep_len_mean          | 917        |
|    ep_rew_mean          | 158        |
| time/                   |            |
|    fps                  | 1432       |
|    iterations           | 127        |
|    time_elapsed         | 181        |
|    total_timesteps      | 260096     |
| train/                  |            |
|    approx_kl            | 0.02594215 |
|    clip_fraction        | 0.307      |
|    clip_range           | 0.2        |
|    entropy_loss         | -19.4      |
|    explained_variance   | 0.8981322  |
|    learning_rate        | 0.0003     |
|    loss                 | 0.0665     |
|    n_updates            | 1260       |
|    policy_gradient_loss | -0.0316    |
|    std                  | 0.881      |
|    value_loss           | 1          |
----------------------------------------
-----------------------------------------
| rollout/                |             |
|    ep_len_mean          | 917         |
|    ep_rew_mean          | 158         |
| time/                   |             |
|    fps                  | 1432        |
|    iterations           | 128         |
|    time_elapsed         | 183         |
|    total_timesteps      | 262144      |
| train/                  |             |
|    approx_kl            | 0.028684627 |
|    clip_fraction        | 0.292       |
|    clip_range           | 0.2         |
|    entropy_loss         | -19.3       |
|    explained_variance   | 0.90774995  |
|    learning_rate        | 0.0003      |
|    loss                 | 0.0298      |
|    n_updates            | 1270        |
|    policy_gradient_loss | -0.0296     |
|    std                  | 0.878       |
|    value_loss           | 0.744       |
-----------------------------------------
-----------------------------------------
| rollout/                |             |
|    ep_len_mean          | 917         |
|    ep_rew_mean          | 158         |
| time/                   |             |
|    fps                  | 1430        |
|    iterations           | 129         |
|    time_elapsed         | 184         |
|    total_timesteps      | 264192      |
| train/                  |             |
|    approx_kl            | 0.034099184 |
|    clip_fraction        | 0.372       |
|    clip_range           | 0.2         |
|    entropy_loss         | -19.2       |
|    explained_variance   | 0.94227564  |
|    learning_rate        | 0.0003      |
|    loss                 | -0.0134     |
|    n_updates            | 1280        |
|    policy_gradient_loss | -0.0364     |
|    std                  | 0.875       |
|    value_loss           | 0.113       |
-----------------------------------------
-----------------------------------------
| rollout/                |             |
|    ep_len_mean          | 917         |
|    ep_rew_mean          | 158         |
| time/                   |             |
|    fps                  | 1429        |
|    iterations           | 130         |
|    time_elapsed         | 186         |
|    total_timesteps      | 266240      |
| train/                  |             |
|    approx_kl            | 0.035665974 |
|    clip_fraction        | 0.376       |
|    clip_range           | 0.2         |
|    entropy_loss         | -19.2       |
|    explained_variance   | -1.6077421  |
|    learning_rate        | 0.0003      |
|    loss                 | -0.0487     |
|    n_updates            | 1290        |
|    policy_gradient_loss | -0.04       |
|    std                  | 0.873       |
|    value_loss           | 0.0456      |
-----------------------------------------
-----------------------------------------
| rollout/                |             |
|    ep_len_mean          | 917         |
|    ep_rew_mean          | 158         |
| time/                   |             |
|    fps                  | 1427        |
|    iterations           | 131         |
|    time_elapsed         | 187         |
|    total_timesteps      | 268288      |
| train/                  |             |
|    approx_kl            | 0.023783615 |
|    clip_fraction        | 0.31        |
|    clip_range           | 0.2         |
|    entropy_loss         | -19.2       |
|    explained_variance   | 0.0458225   |
|    learning_rate        | 0.0003      |
|    loss                 | -0.0253     |
|    n_updates            | 1300        |
|    policy_gradient_loss | -0.0369     |
|    std                  | 0.871       |
|    value_loss           | 0.0248      |
-----------------------------------------
-----------------------------------------
| rollout/                |             |
|    ep_len_mean          | 917         |
|    ep_rew_mean          | 158         |
| time/                   |             |
|    fps                  | 1424        |
|    iterations           | 132         |
|    time_elapsed         | 189         |
|    total_timesteps      | 270336      |
| train/                  |             |
|    approx_kl            | 0.028259398 |
|    clip_fraction        | 0.318       |
|    clip_range           | 0.2         |
|    entropy_loss         | -19.2       |
|    explained_variance   | 0.4276315   |
|    learning_rate        | 0.0003      |
|    loss                 | -0.0224     |
|    n_updates            | 1310        |
|    policy_gradient_loss | -0.0381     |
|    std                  | 0.87        |
|    value_loss           | 0.0315      |
-----------------------------------------
-----------------------------------------
| rollout/                |             |
|    ep_len_mean          | 1.02e+03    |
|    ep_rew_mean          | 180         |
| time/                   |             |
|    fps                  | 1422        |
|    iterations           | 133         |
|    time_elapsed         | 191         |
|    total_timesteps      | 272384      |
| train/                  |             |
|    approx_kl            | 0.023755325 |
|    clip_fraction        | 0.288       |
|    clip_range           | 0.2         |
|    entropy_loss         | -19.1       |
|    explained_variance   | -0.23387825 |
|    learning_rate        | 0.0003      |
|    loss                 | -0.0373     |
|    n_updates            | 1320        |
|    policy_gradient_loss | -0.0358     |
|    std                  | 0.87        |
|    value_loss           | 0.0294      |
-----------------------------------------
-----------------------------------------
| rollout/                |             |
|    ep_len_mean          | 1.04e+03    |
|    ep_rew_mean          | 184         |
| time/                   |             |
|    fps                  | 1421        |
|    iterations           | 134         |
|    time_elapsed         | 193         |
|    total_timesteps      | 274432      |
| train/                  |             |
|    approx_kl            | 0.022484016 |
|    clip_fraction        | 0.271       |
|    clip_range           | 0.2         |
|    entropy_loss         | -19.1       |
|    explained_variance   | 0.903936    |
|    learning_rate        | 0.0003      |
|    loss                 | -0.00431    |
|    n_updates            | 1330        |
|    policy_gradient_loss | -0.0283     |
|    std                  | 0.867       |
|    value_loss           | 0.269       |
-----------------------------------------
-----------------------------------------
| rollout/                |             |
|    ep_len_mean          | 1.06e+03    |
|    ep_rew_mean          | 189         |
| time/                   |             |
|    fps                  | 1420        |
|    iterations           | 135         |
|    time_elapsed         | 194         |
|    total_timesteps      | 276480      |
| train/                  |             |
|    approx_kl            | 0.022897003 |
|    clip_fraction        | 0.268       |
|    clip_range           | 0.2         |
|    entropy_loss         | -19.1       |
|    explained_variance   | 0.89185506  |
|    learning_rate        | 0.0003      |
|    loss                 | 0.135       |
|    n_updates            | 1340        |
|    policy_gradient_loss | -0.0256     |
|    std                  | 0.867       |
|    value_loss           | 0.391       |
-----------------------------------------
-----------------------------------------
| rollout/                |             |
|    ep_len_mean          | 1.08e+03    |
|    ep_rew_mean          | 193         |
| time/                   |             |
|    fps                  | 1418        |
|    iterations           | 136         |
|    time_elapsed         | 196         |
|    total_timesteps      | 278528      |
| train/                  |             |
|    approx_kl            | 0.024596222 |
|    clip_fraction        | 0.304       |
|    clip_range           | 0.2         |
|    entropy_loss         | -19.1       |
|    explained_variance   | 0.87847996  |
|    learning_rate        | 0.0003      |
|    loss                 | 0.0691      |
|    n_updates            | 1350        |
|    policy_gradient_loss | -0.0273     |
|    std                  | 0.866       |
|    value_loss           | 0.594       |
-----------------------------------------
-----------------------------------------
| rollout/                |             |
|    ep_len_mean          | 1.09e+03    |
|    ep_rew_mean          | 195         |
| time/                   |             |
|    fps                  | 1417        |
|    iterations           | 137         |
|    time_elapsed         | 197         |
|    total_timesteps      | 280576      |
| train/                  |             |
|    approx_kl            | 0.025493007 |
|    clip_fraction        | 0.27        |
|    clip_range           | 0.2         |
|    entropy_loss         | -19.1       |
|    explained_variance   | 0.9021714   |
|    learning_rate        | 0.0003      |
|    loss                 | 0.173       |
|    n_updates            | 1360        |
|    policy_gradient_loss | -0.0285     |
|    std                  | 0.865       |
|    value_loss           | 0.964       |
-----------------------------------------
-----------------------------------------
| rollout/                |             |
|    ep_len_mean          | 1.1e+03     |
|    ep_rew_mean          | 198         |
| time/                   |             |
|    fps                  | 1417        |
|    iterations           | 138         |
|    time_elapsed         | 199         |
|    total_timesteps      | 282624      |
| train/                  |             |
|    approx_kl            | 0.021269985 |
|    clip_fraction        | 0.253       |
|    clip_range           | 0.2         |
|    entropy_loss         | -19.1       |
|    explained_variance   | 0.9152555   |
|    learning_rate        | 0.0003      |
|    loss                 | 0.228       |
|    n_updates            | 1370        |
|    policy_gradient_loss | -0.0313     |
|    std                  | 0.864       |
|    value_loss           | 1.05        |
-----------------------------------------
-----------------------------------------
| rollout/                |             |
|    ep_len_mean          | 1.11e+03    |
|    ep_rew_mean          | 199         |
| time/                   |             |
|    fps                  | 1415        |
|    iterations           | 139         |
|    time_elapsed         | 201         |
|    total_timesteps      | 284672      |
| train/                  |             |
|    approx_kl            | 0.025732443 |
|    clip_fraction        | 0.276       |
|    clip_range           | 0.2         |
|    entropy_loss         | -19         |
|    explained_variance   | 0.87553006  |
|    learning_rate        | 0.0003      |
|    loss                 | 0.166       |
|    n_updates            | 1380        |
|    policy_gradient_loss | -0.0326     |
|    std                  | 0.863       |
|    value_loss           | 0.635       |
-----------------------------------------
-----------------------------------------
| rollout/                |             |
|    ep_len_mean          | 1.12e+03    |
|    ep_rew_mean          | 202         |
| time/                   |             |
|    fps                  | 1414        |
|    iterations           | 140         |
|    time_elapsed         | 202         |
|    total_timesteps      | 286720      |
| train/                  |             |
|    approx_kl            | 0.027713407 |
|    clip_fraction        | 0.323       |
|    clip_range           | 0.2         |
|    entropy_loss         | -19         |
|    explained_variance   | 0.93279904  |
|    learning_rate        | 0.0003      |
|    loss                 | 0.0563      |
|    n_updates            | 1390        |
|    policy_gradient_loss | -0.0277     |
|    std                  | 0.863       |
|    value_loss           | 0.343       |
-----------------------------------------
-----------------------------------------
| rollout/                |             |
|    ep_len_mean          | 1.15e+03    |
|    ep_rew_mean          | 208         |
| time/                   |             |
|    fps                  | 1414        |
|    iterations           | 141         |
|    time_elapsed         | 204         |
|    total_timesteps      | 288768      |
| train/                  |             |
|    approx_kl            | 0.030930784 |
|    clip_fraction        | 0.304       |
|    clip_range           | 0.2         |
|    entropy_loss         | -19         |
|    explained_variance   | 0.8647594   |
|    learning_rate        | 0.0003      |
|    loss                 | 0.111       |
|    n_updates            | 1400        |
|    policy_gradient_loss | -0.0281     |
|    std                  | 0.864       |
|    value_loss           | 0.422       |
-----------------------------------------
-----------------------------------------
| rollout/                |             |
|    ep_len_mean          | 1.17e+03    |
|    ep_rew_mean          | 212         |
| time/                   |             |
|    fps                  | 1412        |
|    iterations           | 142         |
|    time_elapsed         | 205         |
|    total_timesteps      | 290816      |
| train/                  |             |
|    approx_kl            | 0.028118799 |
|    clip_fraction        | 0.299       |
|    clip_range           | 0.2         |
|    entropy_loss         | -19         |
|    explained_variance   | 0.9339286   |
|    learning_rate        | 0.0003      |
|    loss                 | 0.134       |
|    n_updates            | 1410        |
|    policy_gradient_loss | -0.0273     |
|    std                  | 0.862       |
|    value_loss           | 0.549       |
-----------------------------------------
-----------------------------------------
| rollout/                |             |
|    ep_len_mean          | 1.18e+03    |
|    ep_rew_mean          | 214         |
| time/                   |             |
|    fps                  | 1411        |
|    iterations           | 143         |
|    time_elapsed         | 207         |
|    total_timesteps      | 292864      |
| train/                  |             |
|    approx_kl            | 0.025291191 |
|    clip_fraction        | 0.285       |
|    clip_range           | 0.2         |
|    entropy_loss         | -19         |
|    explained_variance   | 0.8508374   |
|    learning_rate        | 0.0003      |
|    loss                 | 0.225       |
|    n_updates            | 1420        |
|    policy_gradient_loss | -0.0256     |
|    std                  | 0.863       |
|    value_loss           | 0.837       |
-----------------------------------------
-----------------------------------------
| rollout/                |             |
|    ep_len_mean          | 1.18e+03    |
|    ep_rew_mean          | 214         |
| time/                   |             |
|    fps                  | 1410        |
|    iterations           | 144         |
|    time_elapsed         | 209         |
|    total_timesteps      | 294912      |
| train/                  |             |
|    approx_kl            | 0.027626308 |
|    clip_fraction        | 0.308       |
|    clip_range           | 0.2         |
|    entropy_loss         | -19         |
|    explained_variance   | 0.903919    |
|    learning_rate        | 0.0003      |
|    loss                 | 0.0282      |
|    n_updates            | 1430        |
|    policy_gradient_loss | -0.0303     |
|    std                  | 0.86        |
|    value_loss           | 0.54        |
-----------------------------------------
----------------------------------------
| rollout/                |            |
|    ep_len_mean          | 1.21e+03   |
|    ep_rew_mean          | 221        |
| time/                   |            |
|    fps                  | 1409       |
|    iterations           | 145        |
|    time_elapsed         | 210        |
|    total_timesteps      | 296960     |
| train/                  |            |
|    approx_kl            | 0.03307005 |
|    clip_fraction        | 0.366      |
|    clip_range           | 0.2        |
|    entropy_loss         | -19        |
|    explained_variance   | -2.0313928 |
|    learning_rate        | 0.0003     |
|    loss                 | -0.0436    |
|    n_updates            | 1440       |
|    policy_gradient_loss | -0.0378    |
|    std                  | 0.859      |
|    value_loss           | 0.051      |
----------------------------------------
-----------------------------------------
| rollout/                |             |
|    ep_len_mean          | 1.21e+03    |
|    ep_rew_mean          | 221         |
| time/                   |             |
|    fps                  | 1409        |
|    iterations           | 146         |
|    time_elapsed         | 212         |
|    total_timesteps      | 299008      |
| train/                  |             |
|    approx_kl            | 0.023658726 |
|    clip_fraction        | 0.291       |
|    clip_range           | 0.2         |
|    entropy_loss         | -18.9       |
|    explained_variance   | 0.90955776  |
|    learning_rate        | 0.0003      |
|    loss                 | 0.0135      |
|    n_updates            | 1450        |
|    policy_gradient_loss | -0.0281     |
|    std                  | 0.857       |
|    value_loss           | 0.365       |
-----------------------------------------
-----------------------------------------
| rollout/                |             |
|    ep_len_mean          | 1.21e+03    |
|    ep_rew_mean          | 221         |
| time/                   |             |
|    fps                  | 1408        |
|    iterations           | 147         |
|    time_elapsed         | 213         |
|    total_timesteps      | 301056      |
| train/                  |             |
|    approx_kl            | 0.028201386 |
|    clip_fraction        | 0.333       |
|    clip_range           | 0.2         |
|    entropy_loss         | -18.9       |
|    explained_variance   | -1.6448095  |
|    learning_rate        | 0.0003      |
|    loss                 | -0.0026     |
|    n_updates            | 1460        |
|    policy_gradient_loss | -0.0328     |
|    std                  | 0.857       |
|    value_loss           | 0.105       |
-----------------------------------------
-----------------------------------------
| rollout/                |             |
|    ep_len_mean          | 1.26e+03    |
|    ep_rew_mean          | 231         |
| time/                   |             |
|    fps                  | 1407        |
|    iterations           | 148         |
|    time_elapsed         | 215         |
|    total_timesteps      | 303104      |
| train/                  |             |
|    approx_kl            | 0.028502535 |
|    clip_fraction        | 0.331       |
|    clip_range           | 0.2         |
|    entropy_loss         | -18.9       |
|    explained_variance   | -0.72809196 |
|    learning_rate        | 0.0003      |
|    loss                 | 0.0085      |
|    n_updates            | 1470        |
|    policy_gradient_loss | -0.0322     |
|    std                  | 0.857       |
|    value_loss           | 0.145       |
-----------------------------------------
-----------------------------------------
| rollout/                |             |
|    ep_len_mean          | 1.26e+03    |
|    ep_rew_mean          | 232         |
| time/                   |             |
|    fps                  | 1407        |
|    iterations           | 149         |
|    time_elapsed         | 216         |
|    total_timesteps      | 305152      |
| train/                  |             |
|    approx_kl            | 0.021155873 |
|    clip_fraction        | 0.256       |
|    clip_range           | 0.2         |
|    entropy_loss         | -18.9       |
|    explained_variance   | 0.75340104  |
|    learning_rate        | 0.0003      |
|    loss                 | 0.11        |
|    n_updates            | 1480        |
|    policy_gradient_loss | -0.0271     |
|    std                  | 0.86        |
|    value_loss           | 0.675       |
-----------------------------------------
-----------------------------------------
| rollout/                |             |
|    ep_len_mean          | 1.28e+03    |
|    ep_rew_mean          | 236         |
| time/                   |             |
|    fps                  | 1407        |
|    iterations           | 150         |
|    time_elapsed         | 218         |
|    total_timesteps      | 307200      |
| train/                  |             |
|    approx_kl            | 0.030454256 |
|    clip_fraction        | 0.301       |
|    clip_range           | 0.2         |
|    entropy_loss         | -19         |
|    explained_variance   | 0.8245203   |
|    learning_rate        | 0.0003      |
|    loss                 | 0.0506      |
|    n_updates            | 1490        |
|    policy_gradient_loss | -0.0349     |
|    std                  | 0.861       |
|    value_loss           | 0.488       |
-----------------------------------------
-----------------------------------------
| rollout/                |             |
|    ep_len_mean          | 1.29e+03    |
|    ep_rew_mean          | 238         |
| time/                   |             |
|    fps                  | 1406        |
|    iterations           | 151         |
|    time_elapsed         | 219         |
|    total_timesteps      | 309248      |
| train/                  |             |
|    approx_kl            | 0.022689305 |
|    clip_fraction        | 0.264       |
|    clip_range           | 0.2         |
|    entropy_loss         | -19         |
|    explained_variance   | 0.90155226  |
|    learning_rate        | 0.0003      |
|    loss                 | 0.0264      |
|    n_updates            | 1500        |
|    policy_gradient_loss | -0.0306     |
|    std                  | 0.859       |
|    value_loss           | 0.724       |
-----------------------------------------
----------------------------------------
| rollout/                |            |
|    ep_len_mean          | 1.31e+03   |
|    ep_rew_mean          | 243        |
| time/                   |            |
|    fps                  | 1406       |
|    iterations           | 152        |
|    time_elapsed         | 221        |
|    total_timesteps      | 311296     |
| train/                  |            |
|    approx_kl            | 0.03183397 |
|    clip_fraction        | 0.328      |
|    clip_range           | 0.2        |
|    entropy_loss         | -18.9      |
|    explained_variance   | 0.74426615 |
|    learning_rate        | 0.0003     |
|    loss                 | 0.265      |
|    n_updates            | 1510       |
|    policy_gradient_loss | -0.0317    |
|    std                  | 0.856      |
|    value_loss           | 0.902      |
----------------------------------------
-----------------------------------------
| rollout/                |             |
|    ep_len_mean          | 1.32e+03    |
|    ep_rew_mean          | 244         |
| time/                   |             |
|    fps                  | 1405        |
|    iterations           | 153         |
|    time_elapsed         | 222         |
|    total_timesteps      | 313344      |
| train/                  |             |
|    approx_kl            | 0.026888289 |
|    clip_fraction        | 0.306       |
|    clip_range           | 0.2         |
|    entropy_loss         | -18.9       |
|    explained_variance   | 0.9223861   |
|    learning_rate        | 0.0003      |
|    loss                 | 0.264       |
|    n_updates            | 1520        |
|    policy_gradient_loss | -0.032      |
|    std                  | 0.855       |
|    value_loss           | 0.47        |
-----------------------------------------
-----------------------------------------
| rollout/                |             |
|    ep_len_mean          | 1.32e+03    |
|    ep_rew_mean          | 246         |
| time/                   |             |
|    fps                  | 1405        |
|    iterations           | 154         |
|    time_elapsed         | 224         |
|    total_timesteps      | 315392      |
| train/                  |             |
|    approx_kl            | 0.021875922 |
|    clip_fraction        | 0.254       |
|    clip_range           | 0.2         |
|    entropy_loss         | -18.8       |
|    explained_variance   | 0.87877154  |
|    learning_rate        | 0.0003      |
|    loss                 | 0.415       |
|    n_updates            | 1530        |
|    policy_gradient_loss | -0.0317     |
|    std                  | 0.852       |
|    value_loss           | 1.29        |
-----------------------------------------
-----------------------------------------
| rollout/                |             |
|    ep_len_mean          | 1.33e+03    |
|    ep_rew_mean          | 248         |
| time/                   |             |
|    fps                  | 1405        |
|    iterations           | 155         |
|    time_elapsed         | 225         |
|    total_timesteps      | 317440      |
| train/                  |             |
|    approx_kl            | 0.032047898 |
|    clip_fraction        | 0.337       |
|    clip_range           | 0.2         |
|    entropy_loss         | -18.8       |
|    explained_variance   | 0.89457226  |
|    learning_rate        | 0.0003      |
|    loss                 | 0.215       |
|    n_updates            | 1540        |
|    policy_gradient_loss | -0.0317     |
|    std                  | 0.851       |
|    value_loss           | 0.87        |
-----------------------------------------
----------------------------------------
| rollout/                |            |
|    ep_len_mean          | 1.35e+03   |
|    ep_rew_mean          | 251        |
| time/                   |            |
|    fps                  | 1405       |
|    iterations           | 156        |
|    time_elapsed         | 227        |
|    total_timesteps      | 319488     |
| train/                  |            |
|    approx_kl            | 0.03050477 |
|    clip_fraction        | 0.354      |
|    clip_range           | 0.2        |
|    entropy_loss         | -18.8      |
|    explained_variance   | 0.9230514  |
|    learning_rate        | 0.0003     |
|    loss                 | 0.0502     |
|    n_updates            | 1550       |
|    policy_gradient_loss | -0.0319    |
|    std                  | 0.85       |
|    value_loss           | 0.464      |
----------------------------------------
-----------------------------------------
| rollout/                |             |
|    ep_len_mean          | 1.36e+03    |
|    ep_rew_mean          | 254         |
| time/                   |             |
|    fps                  | 1404        |
|    iterations           | 157         |
|    time_elapsed         | 228         |
|    total_timesteps      | 321536      |
| train/                  |             |
|    approx_kl            | 0.023821875 |
|    clip_fraction        | 0.277       |
|    clip_range           | 0.2         |
|    entropy_loss         | -18.8       |
|    explained_variance   | 0.9193666   |
|    learning_rate        | 0.0003      |
|    loss                 | 0.171       |
|    n_updates            | 1560        |
|    policy_gradient_loss | -0.0332     |
|    std                  | 0.849       |
|    value_loss           | 0.84        |
-----------------------------------------
----------------------------------------
| rollout/                |            |
|    ep_len_mean          | 1.37e+03   |
|    ep_rew_mean          | 255        |
| time/                   |            |
|    fps                  | 1404       |
|    iterations           | 158        |
|    time_elapsed         | 230        |
|    total_timesteps      | 323584     |
| train/                  |            |
|    approx_kl            | 0.03160964 |
|    clip_fraction        | 0.305      |
|    clip_range           | 0.2        |
|    entropy_loss         | -18.8      |
|    explained_variance   | 0.9391462  |
|    learning_rate        | 0.0003     |
|    loss                 | 0.168      |
|    n_updates            | 1570       |
|    policy_gradient_loss | -0.0321    |
|    std                  | 0.849      |
|    value_loss           | 0.813      |
----------------------------------------
----------------------------------------
| rollout/                |            |
|    ep_len_mean          | 1.36e+03   |
|    ep_rew_mean          | 255        |
| time/                   |            |
|    fps                  | 1404       |
|    iterations           | 159        |
|    time_elapsed         | 231        |
|    total_timesteps      | 325632     |
| train/                  |            |
|    approx_kl            | 0.03463177 |
|    clip_fraction        | 0.351      |
|    clip_range           | 0.2        |
|    entropy_loss         | -18.8      |
|    explained_variance   | 0.9223799  |
|    learning_rate        | 0.0003     |
|    loss                 | 0.115      |
|    n_updates            | 1580       |
|    policy_gradient_loss | -0.0274    |
|    std                  | 0.849      |
|    value_loss           | 0.533      |
----------------------------------------
-----------------------------------------
| rollout/                |             |
|    ep_len_mean          | 1.37e+03    |
|    ep_rew_mean          | 256         |
| time/                   |             |
|    fps                  | 1404        |
|    iterations           | 160         |
|    time_elapsed         | 233         |
|    total_timesteps      | 327680      |
| train/                  |             |
|    approx_kl            | 0.029998252 |
|    clip_fraction        | 0.323       |
|    clip_range           | 0.2         |
|    entropy_loss         | -18.7       |
|    explained_variance   | 0.89381164  |
|    learning_rate        | 0.0003      |
|    loss                 | 0.205       |
|    n_updates            | 1590        |
|    policy_gradient_loss | -0.0314     |
|    std                  | 0.846       |
|    value_loss           | 0.847       |
-----------------------------------------
-----------------------------------------
| rollout/                |             |
|    ep_len_mean          | 1.37e+03    |
|    ep_rew_mean          | 256         |
| time/                   |             |
|    fps                  | 1403        |
|    iterations           | 161         |
|    time_elapsed         | 234         |
|    total_timesteps      | 329728      |
| train/                  |             |
|    approx_kl            | 0.035335604 |
|    clip_fraction        | 0.377       |
|    clip_range           | 0.2         |
|    entropy_loss         | -18.7       |
|    explained_variance   | 0.93317163  |
|    learning_rate        | 0.0003      |
|    loss                 | 0.0903      |
|    n_updates            | 1600        |
|    policy_gradient_loss | -0.0317     |
|    std                  | 0.845       |
|    value_loss           | 0.461       |
-----------------------------------------
-----------------------------------------
| rollout/                |             |
|    ep_len_mean          | 1.39e+03    |
|    ep_rew_mean          | 262         |
| time/                   |             |
|    fps                  | 1402        |
|    iterations           | 162         |
|    time_elapsed         | 236         |
|    total_timesteps      | 331776      |
| train/                  |             |
|    approx_kl            | 0.033772316 |
|    clip_fraction        | 0.373       |
|    clip_range           | 0.2         |
|    entropy_loss         | -18.7       |
|    explained_variance   | -0.69000554 |
|    learning_rate        | 0.0003      |
|    loss                 | -0.0116     |
|    n_updates            | 1610        |
|    policy_gradient_loss | -0.0349     |
|    std                  | 0.845       |
|    value_loss           | 0.203       |
-----------------------------------------
-----------------------------------------
| rollout/                |             |
|    ep_len_mean          | 1.42e+03    |
|    ep_rew_mean          | 267         |
| time/                   |             |
|    fps                  | 1401        |
|    iterations           | 163         |
|    time_elapsed         | 238         |
|    total_timesteps      | 333824      |
| train/                  |             |
|    approx_kl            | 0.025066802 |
|    clip_fraction        | 0.303       |
|    clip_range           | 0.2         |
|    entropy_loss         | -18.7       |
|    explained_variance   | 0.85989827  |
|    learning_rate        | 0.0003      |
|    loss                 | 0.0527      |
|    n_updates            | 1620        |
|    policy_gradient_loss | -0.0296     |
|    std                  | 0.846       |
|    value_loss           | 0.443       |
-----------------------------------------
-----------------------------------------
| rollout/                |             |
|    ep_len_mean          | 1.42e+03    |
|    ep_rew_mean          | 267         |
| time/                   |             |
|    fps                  | 1400        |
|    iterations           | 164         |
|    time_elapsed         | 239         |
|    total_timesteps      | 335872      |
| train/                  |             |
|    approx_kl            | 0.028581876 |
|    clip_fraction        | 0.316       |
|    clip_range           | 0.2         |
|    entropy_loss         | -18.7       |
|    explained_variance   | 0.9058306   |
|    learning_rate        | 0.0003      |
|    loss                 | 0.0877      |
|    n_updates            | 1630        |
|    policy_gradient_loss | -0.032      |
|    std                  | 0.846       |
|    value_loss           | 0.401       |
-----------------------------------------
-----------------------------------------
| rollout/                |             |
|    ep_len_mean          | 1.42e+03    |
|    ep_rew_mean          | 267         |
| time/                   |             |
|    fps                  | 1399        |
|    iterations           | 165         |
|    time_elapsed         | 241         |
|    total_timesteps      | 337920      |
| train/                  |             |
|    approx_kl            | 0.028191138 |
|    clip_fraction        | 0.318       |
|    clip_range           | 0.2         |
|    entropy_loss         | -18.7       |
|    explained_variance   | 0.8344276   |
|    learning_rate        | 0.0003      |
|    loss                 | -0.0225     |
|    n_updates            | 1640        |
|    policy_gradient_loss | -0.0317     |
|    std                  | 0.845       |
|    value_loss           | 0.124       |
-----------------------------------------
-----------------------------------------
| rollout/                |             |
|    ep_len_mean          | 1.45e+03    |
|    ep_rew_mean          | 272         |
| time/                   |             |
|    fps                  | 1399        |
|    iterations           | 166         |
|    time_elapsed         | 242         |
|    total_timesteps      | 339968      |
| train/                  |             |
|    approx_kl            | 0.031559262 |
|    clip_fraction        | 0.322       |
|    clip_range           | 0.2         |
|    entropy_loss         | -18.7       |
|    explained_variance   | -0.7191559  |
|    learning_rate        | 0.0003      |
|    loss                 | 0.0468      |
|    n_updates            | 1650        |
|    policy_gradient_loss | -0.0319     |
|    std                  | 0.843       |
|    value_loss           | 0.359       |
-----------------------------------------
-----------------------------------------
| rollout/                |             |
|    ep_len_mean          | 1.45e+03    |
|    ep_rew_mean          | 272         |
| time/                   |             |
|    fps                  | 1398        |
|    iterations           | 167         |
|    time_elapsed         | 244         |
|    total_timesteps      | 342016      |
| train/                  |             |
|    approx_kl            | 0.028440164 |
|    clip_fraction        | 0.335       |
|    clip_range           | 0.2         |
|    entropy_loss         | -18.6       |
|    explained_variance   | 0.9249209   |
|    learning_rate        | 0.0003      |
|    loss                 | 0.3         |
|    n_updates            | 1660        |
|    policy_gradient_loss | -0.0322     |
|    std                  | 0.84        |
|    value_loss           | 0.355       |
-----------------------------------------
-----------------------------------------
| rollout/                |             |
|    ep_len_mean          | 1.48e+03    |
|    ep_rew_mean          | 279         |
| time/                   |             |
|    fps                  | 1398        |
|    iterations           | 168         |
|    time_elapsed         | 246         |
|    total_timesteps      | 344064      |
| train/                  |             |
|    approx_kl            | 0.030003175 |
|    clip_fraction        | 0.345       |
|    clip_range           | 0.2         |
|    entropy_loss         | -18.6       |
|    explained_variance   | 0.39557153  |
|    learning_rate        | 0.0003      |
|    loss                 | -0.0287     |
|    n_updates            | 1670        |
|    policy_gradient_loss | -0.0393     |
|    std                  | 0.838       |
|    value_loss           | 0.0503      |
-----------------------------------------
-----------------------------------------
| rollout/                |             |
|    ep_len_mean          | 1.48e+03    |
|    ep_rew_mean          | 279         |
| time/                   |             |
|    fps                  | 1397        |
|    iterations           | 169         |
|    time_elapsed         | 247         |
|    total_timesteps      | 346112      |
| train/                  |             |
|    approx_kl            | 0.025376996 |
|    clip_fraction        | 0.3         |
|    clip_range           | 0.2         |
|    entropy_loss         | -18.6       |
|    explained_variance   | 0.8918349   |
|    learning_rate        | 0.0003      |
|    loss                 | 0.0583      |
|    n_updates            | 1680        |
|    policy_gradient_loss | -0.0308     |
|    std                  | 0.84        |
|    value_loss           | 0.46        |
-----------------------------------------
-----------------------------------------
| rollout/                |             |
|    ep_len_mean          | 1.48e+03    |
|    ep_rew_mean          | 279         |
| time/                   |             |
|    fps                  | 1397        |
|    iterations           | 170         |
|    time_elapsed         | 249         |
|    total_timesteps      | 348160      |
| train/                  |             |
|    approx_kl            | 0.030857492 |
|    clip_fraction        | 0.356       |
|    clip_range           | 0.2         |
|    entropy_loss         | -18.6       |
|    explained_variance   | -2.0235143  |
|    learning_rate        | 0.0003      |
|    loss                 | 0.0213      |
|    n_updates            | 1690        |
|    policy_gradient_loss | -0.0346     |
|    std                  | 0.839       |
|    value_loss           | 0.0838      |
-----------------------------------------
------------------------------------------
| rollout/                |              |
|    ep_len_mean          | 1.52e+03     |
|    ep_rew_mean          | 288          |
| time/                   |              |
|    fps                  | 1396         |
|    iterations           | 171          |
|    time_elapsed         | 250          |
|    total_timesteps      | 350208       |
| train/                  |              |
|    approx_kl            | 0.028231725  |
|    clip_fraction        | 0.317        |
|    clip_range           | 0.2          |
|    entropy_loss         | -18.6        |
|    explained_variance   | -0.121426225 |
|    learning_rate        | 0.0003       |
|    loss                 | 0.0209       |
|    n_updates            | 1700         |
|    policy_gradient_loss | -0.036       |
|    std                  | 0.837        |
|    value_loss           | 0.151        |
------------------------------------------
-----------------------------------------
| rollout/                |             |
|    ep_len_mean          | 1.53e+03    |
|    ep_rew_mean          | 289         |
| time/                   |             |
|    fps                  | 1397        |
|    iterations           | 172         |
|    time_elapsed         | 252         |
|    total_timesteps      | 352256      |
| train/                  |             |
|    approx_kl            | 0.023142368 |
|    clip_fraction        | 0.257       |
|    clip_range           | 0.2         |
|    entropy_loss         | -18.6       |
|    explained_variance   | 0.818961    |
|    learning_rate        | 0.0003      |
|    loss                 | 0.574       |
|    n_updates            | 1710        |
|    policy_gradient_loss | -0.0299     |
|    std                  | 0.837       |
|    value_loss           | 0.935       |
-----------------------------------------
-----------------------------------------
| rollout/                |             |
|    ep_len_mean          | 1.54e+03    |
|    ep_rew_mean          | 291         |
| time/                   |             |
|    fps                  | 1396        |
|    iterations           | 173         |
|    time_elapsed         | 253         |
|    total_timesteps      | 354304      |
| train/                  |             |
|    approx_kl            | 0.025408803 |
|    clip_fraction        | 0.291       |
|    clip_range           | 0.2         |
|    entropy_loss         | -18.5       |
|    explained_variance   | 0.88776374  |
|    learning_rate        | 0.0003      |
|    loss                 | 0.0989      |
|    n_updates            | 1720        |
|    policy_gradient_loss | -0.0328     |
|    std                  | 0.835       |
|    value_loss           | 0.721       |
-----------------------------------------
-----------------------------------------
| rollout/                |             |
|    ep_len_mean          | 1.54e+03    |
|    ep_rew_mean          | 291         |
| time/                   |             |
|    fps                  | 1396        |
|    iterations           | 174         |
|    time_elapsed         | 255         |
|    total_timesteps      | 356352      |
| train/                  |             |
|    approx_kl            | 0.025176965 |
|    clip_fraction        | 0.293       |
|    clip_range           | 0.2         |
|    entropy_loss         | -18.5       |
|    explained_variance   | 0.8733865   |
|    learning_rate        | 0.0003      |
|    loss                 | 0.19        |
|    n_updates            | 1730        |
|    policy_gradient_loss | -0.0323     |
|    std                  | 0.835       |
|    value_loss           | 1.09        |
-----------------------------------------
-----------------------------------------
| rollout/                |             |
|    ep_len_mean          | 1.54e+03    |
|    ep_rew_mean          | 292         |
| time/                   |             |
|    fps                  | 1396        |
|    iterations           | 175         |
|    time_elapsed         | 256         |
|    total_timesteps      | 358400      |
| train/                  |             |
|    approx_kl            | 0.034306183 |
|    clip_fraction        | 0.361       |
|    clip_range           | 0.2         |
|    entropy_loss         | -18.5       |
|    explained_variance   | 0.81484365  |
|    learning_rate        | 0.0003      |
|    loss                 | -0.0189     |
|    n_updates            | 1740        |
|    policy_gradient_loss | -0.0388     |
|    std                  | 0.836       |
|    value_loss           | 0.126       |
-----------------------------------------
-----------------------------------------
| rollout/                |             |
|    ep_len_mean          | 1.55e+03    |
|    ep_rew_mean          | 295         |
| time/                   |             |
|    fps                  | 1396        |
|    iterations           | 176         |
|    time_elapsed         | 258         |
|    total_timesteps      | 360448      |
| train/                  |             |
|    approx_kl            | 0.023159172 |
|    clip_fraction        | 0.293       |
|    clip_range           | 0.2         |
|    entropy_loss         | -18.5       |
|    explained_variance   | 0.9073069   |
|    learning_rate        | 0.0003      |
|    loss                 | 0.291       |
|    n_updates            | 1750        |
|    policy_gradient_loss | -0.0297     |
|    std                  | 0.834       |
|    value_loss           | 0.798       |
-----------------------------------------
-----------------------------------------
| rollout/                |             |
|    ep_len_mean          | 1.53e+03    |
|    ep_rew_mean          | 291         |
| time/                   |             |
|    fps                  | 1395        |
|    iterations           | 177         |
|    time_elapsed         | 259         |
|    total_timesteps      | 362496      |
| train/                  |             |
|    approx_kl            | 0.027370002 |
|    clip_fraction        | 0.317       |
|    clip_range           | 0.2         |
|    entropy_loss         | -18.5       |
|    explained_variance   | 0.9060786   |
|    learning_rate        | 0.0003      |
|    loss                 | 0.333       |
|    n_updates            | 1760        |
|    policy_gradient_loss | -0.0307     |
|    std                  | 0.832       |
|    value_loss           | 0.614       |
-----------------------------------------
-----------------------------------------
| rollout/                |             |
|    ep_len_mean          | 1.53e+03    |
|    ep_rew_mean          | 291         |
| time/                   |             |
|    fps                  | 1395        |
|    iterations           | 178         |
|    time_elapsed         | 261         |
|    total_timesteps      | 364544      |
| train/                  |             |
|    approx_kl            | 0.020378973 |
|    clip_fraction        | 0.249       |
|    clip_range           | 0.2         |
|    entropy_loss         | -18.5       |
|    explained_variance   | 0.74477756  |
|    learning_rate        | 0.0003      |
|    loss                 | 0.34        |
|    n_updates            | 1770        |
|    policy_gradient_loss | -0.0326     |
|    std                  | 0.833       |
|    value_loss           | 2.56        |
-----------------------------------------
-----------------------------------------
| rollout/                |             |
|    ep_len_mean          | 1.55e+03    |
|    ep_rew_mean          | 296         |
| time/                   |             |
|    fps                  | 1395        |
|    iterations           | 179         |
|    time_elapsed         | 262         |
|    total_timesteps      | 366592      |
| train/                  |             |
|    approx_kl            | 0.035081033 |
|    clip_fraction        | 0.363       |
|    clip_range           | 0.2         |
|    entropy_loss         | -18.4       |
|    explained_variance   | 0.81907165  |
|    learning_rate        | 0.0003      |
|    loss                 | -0.0149     |
|    n_updates            | 1780        |
|    policy_gradient_loss | -0.0373     |
|    std                  | 0.83        |
|    value_loss           | 0.144       |
-----------------------------------------
-----------------------------------------
| rollout/                |             |
|    ep_len_mean          | 1.54e+03    |
|    ep_rew_mean          | 295         |
| time/                   |             |
|    fps                  | 1395        |
|    iterations           | 180         |
|    time_elapsed         | 264         |
|    total_timesteps      | 368640      |
| train/                  |             |
|    approx_kl            | 0.027541574 |
|    clip_fraction        | 0.314       |
|    clip_range           | 0.2         |
|    entropy_loss         | -18.4       |
|    explained_variance   | 0.9215403   |
|    learning_rate        | 0.0003      |
|    loss                 | -0.00322    |
|    n_updates            | 1790        |
|    policy_gradient_loss | -0.0294     |
|    std                  | 0.829       |
|    value_loss           | 0.526       |
-----------------------------------------
-----------------------------------------
| rollout/                |             |
|    ep_len_mean          | 1.54e+03    |
|    ep_rew_mean          | 295         |
| time/                   |             |
|    fps                  | 1394        |
|    iterations           | 181         |
|    time_elapsed         | 265         |
|    total_timesteps      | 370688      |
| train/                  |             |
|    approx_kl            | 0.027638877 |
|    clip_fraction        | 0.303       |
|    clip_range           | 0.2         |
|    entropy_loss         | -18.4       |
|    explained_variance   | 0.94763726  |
|    learning_rate        | 0.0003      |
|    loss                 | 0.137       |
|    n_updates            | 1800        |
|    policy_gradient_loss | -0.0293     |
|    std                  | 0.828       |
|    value_loss           | 0.634       |
-----------------------------------------
-----------------------------------------
| rollout/                |             |
|    ep_len_mean          | 1.54e+03    |
|    ep_rew_mean          | 295         |
| time/                   |             |
|    fps                  | 1393        |
|    iterations           | 182         |
|    time_elapsed         | 267         |
|    total_timesteps      | 372736      |
| train/                  |             |
|    approx_kl            | 0.033242673 |
|    clip_fraction        | 0.368       |
|    clip_range           | 0.2         |
|    entropy_loss         | -18.4       |
|    explained_variance   | -2.314546   |
|    learning_rate        | 0.0003      |
|    loss                 | 0.0105      |
|    n_updates            | 1810        |
|    policy_gradient_loss | -0.0329     |
|    std                  | 0.828       |
|    value_loss           | 0.199       |
-----------------------------------------
-----------------------------------------
| rollout/                |             |
|    ep_len_mean          | 1.59e+03    |
|    ep_rew_mean          | 307         |
| time/                   |             |
|    fps                  | 1393        |
|    iterations           | 183         |
|    time_elapsed         | 268         |
|    total_timesteps      | 374784      |
| train/                  |             |
|    approx_kl            | 0.035228834 |
|    clip_fraction        | 0.356       |
|    clip_range           | 0.2         |
|    entropy_loss         | -18.4       |
|    explained_variance   | -0.703776   |
|    learning_rate        | 0.0003      |
|    loss                 | -0.04       |
|    n_updates            | 1820        |
|    policy_gradient_loss | -0.041      |
|    std                  | 0.826       |
|    value_loss           | 0.0442      |
-----------------------------------------
-----------------------------------------
| rollout/                |             |
|    ep_len_mean          | 1.58e+03    |
|    ep_rew_mean          | 307         |
| time/                   |             |
|    fps                  | 1393        |
|    iterations           | 184         |
|    time_elapsed         | 270         |
|    total_timesteps      | 376832      |
| train/                  |             |
|    approx_kl            | 0.025453014 |
|    clip_fraction        | 0.282       |
|    clip_range           | 0.2         |
|    entropy_loss         | -18.3       |
|    explained_variance   | 0.8971502   |
|    learning_rate        | 0.0003      |
|    loss                 | 0.316       |
|    n_updates            | 1830        |
|    policy_gradient_loss | -0.0288     |
|    std                  | 0.826       |
|    value_loss           | 0.735       |
-----------------------------------------
-----------------------------------------
| rollout/                |             |
|    ep_len_mean          | 1.6e+03     |
|    ep_rew_mean          | 310         |
| time/                   |             |
|    fps                  | 1392        |
|    iterations           | 185         |
|    time_elapsed         | 272         |
|    total_timesteps      | 378880      |
| train/                  |             |
|    approx_kl            | 0.029315189 |
|    clip_fraction        | 0.329       |
|    clip_range           | 0.2         |
|    entropy_loss         | -18.3       |
|    explained_variance   | 0.91448504  |
|    learning_rate        | 0.0003      |
|    loss                 | 0.00687     |
|    n_updates            | 1840        |
|    policy_gradient_loss | -0.0314     |
|    std                  | 0.825       |
|    value_loss           | 0.271       |
-----------------------------------------
-----------------------------------------
| rollout/                |             |
|    ep_len_mean          | 1.61e+03    |
|    ep_rew_mean          | 312         |
| time/                   |             |
|    fps                  | 1390        |
|    iterations           | 186         |
|    time_elapsed         | 273         |
|    total_timesteps      | 380928      |
| train/                  |             |
|    approx_kl            | 0.028818881 |
|    clip_fraction        | 0.335       |
|    clip_range           | 0.2         |
|    entropy_loss         | -18.3       |
|    explained_variance   | 0.9074795   |
|    learning_rate        | 0.0003      |
|    loss                 | 0.0402      |
|    n_updates            | 1850        |
|    policy_gradient_loss | -0.0315     |
|    std                  | 0.826       |
|    value_loss           | 0.414       |
-----------------------------------------
-----------------------------------------
| rollout/                |             |
|    ep_len_mean          | 1.61e+03    |
|    ep_rew_mean          | 313         |
| time/                   |             |
|    fps                  | 1390        |
|    iterations           | 187         |
|    time_elapsed         | 275         |
|    total_timesteps      | 382976      |
| train/                  |             |
|    approx_kl            | 0.026076857 |
|    clip_fraction        | 0.3         |
|    clip_range           | 0.2         |
|    entropy_loss         | -18.3       |
|    explained_variance   | 0.9423504   |
|    learning_rate        | 0.0003      |
|    loss                 | 0.0922      |
|    n_updates            | 1860        |
|    policy_gradient_loss | -0.029      |
|    std                  | 0.826       |
|    value_loss           | 0.643       |
-----------------------------------------
-----------------------------------------
| rollout/                |             |
|    ep_len_mean          | 1.61e+03    |
|    ep_rew_mean          | 313         |
| time/                   |             |
|    fps                  | 1389        |
|    iterations           | 188         |
|    time_elapsed         | 277         |
|    total_timesteps      | 385024      |
| train/                  |             |
|    approx_kl            | 0.029190589 |
|    clip_fraction        | 0.334       |
|    clip_range           | 0.2         |
|    entropy_loss         | -18.3       |
|    explained_variance   | 0.92318434  |
|    learning_rate        | 0.0003      |
|    loss                 | 0.0146      |
|    n_updates            | 1870        |
|    policy_gradient_loss | -0.031      |
|    std                  | 0.825       |
|    value_loss           | 0.681       |
-----------------------------------------
----------------------------------------
| rollout/                |            |
|    ep_len_mean          | 1.61e+03   |
|    ep_rew_mean          | 313        |
| time/                   |            |
|    fps                  | 1388       |
|    iterations           | 189        |
|    time_elapsed         | 278        |
|    total_timesteps      | 387072     |
| train/                  |            |
|    approx_kl            | 0.0342948  |
|    clip_fraction        | 0.35       |
|    clip_range           | 0.2        |
|    entropy_loss         | -18.3      |
|    explained_variance   | -2.1871297 |
|    learning_rate        | 0.0003     |
|    loss                 | 0.000159   |
|    n_updates            | 1880       |
|    policy_gradient_loss | -0.0313    |
|    std                  | 0.825      |
|    value_loss           | 0.145      |
----------------------------------------
-----------------------------------------
| rollout/                |             |
|    ep_len_mean          | 1.66e+03    |
|    ep_rew_mean          | 325         |
| time/                   |             |
|    fps                  | 1388        |
|    iterations           | 190         |
|    time_elapsed         | 280         |
|    total_timesteps      | 389120      |
| train/                  |             |
|    approx_kl            | 0.031027503 |
|    clip_fraction        | 0.333       |
|    clip_range           | 0.2         |
|    entropy_loss         | -18.3       |
|    explained_variance   | -1.0316262  |
|    learning_rate        | 0.0003      |
|    loss                 | -0.0427     |
|    n_updates            | 1890        |
|    policy_gradient_loss | -0.0397     |
|    std                  | 0.823       |
|    value_loss           | 0.0472      |
-----------------------------------------
----------------------------------------
| rollout/                |            |
|    ep_len_mean          | 1.68e+03   |
|    ep_rew_mean          | 329        |
| time/                   |            |
|    fps                  | 1387       |
|    iterations           | 191        |
|    time_elapsed         | 281        |
|    total_timesteps      | 391168     |
| train/                  |            |
|    approx_kl            | 0.02603341 |
|    clip_fraction        | 0.326      |
|    clip_range           | 0.2        |
|    entropy_loss         | -18.3      |
|    explained_variance   | 0.6066041  |
|    learning_rate        | 0.0003     |
|    loss                 | -0.0047    |
|    n_updates            | 1900       |
|    policy_gradient_loss | -0.0287    |
|    std                  | 0.823      |
|    value_loss           | 0.556      |
----------------------------------------
-----------------------------------------
| rollout/                |             |
|    ep_len_mean          | 1.69e+03    |
|    ep_rew_mean          | 333         |
| time/                   |             |
|    fps                  | 1387        |
|    iterations           | 192         |
|    time_elapsed         | 283         |
|    total_timesteps      | 393216      |
| train/                  |             |
|    approx_kl            | 0.027988534 |
|    clip_fraction        | 0.321       |
|    clip_range           | 0.2         |
|    entropy_loss         | -18.3       |
|    explained_variance   | 0.9118537   |
|    learning_rate        | 0.0003      |
|    loss                 | 0.151       |
|    n_updates            | 1910        |
|    policy_gradient_loss | -0.0302     |
|    std                  | 0.821       |
|    value_loss           | 0.427       |
-----------------------------------------
-----------------------------------------
| rollout/                |             |
|    ep_len_mean          | 1.69e+03    |
|    ep_rew_mean          | 333         |
| time/                   |             |
|    fps                  | 1387        |
|    iterations           | 193         |
|    time_elapsed         | 284         |
|    total_timesteps      | 395264      |
| train/                  |             |
|    approx_kl            | 0.023664527 |
|    clip_fraction        | 0.248       |
|    clip_range           | 0.2         |
|    entropy_loss         | -18.3       |
|    explained_variance   | 0.8678143   |
|    learning_rate        | 0.0003      |
|    loss                 | 0.444       |
|    n_updates            | 1920        |
|    policy_gradient_loss | -0.0291     |
|    std                  | 0.82        |
|    value_loss           | 1.13        |
-----------------------------------------
----------------------------------------
| rollout/                |            |
|    ep_len_mean          | 1.69e+03   |
|    ep_rew_mean          | 332        |
| time/                   |            |
|    fps                  | 1387       |
|    iterations           | 194        |
|    time_elapsed         | 286        |
|    total_timesteps      | 397312     |
| train/                  |            |
|    approx_kl            | 0.02631902 |
|    clip_fraction        | 0.285      |
|    clip_range           | 0.2        |
|    entropy_loss         | -18.2      |
|    explained_variance   | 0.91473156 |
|    learning_rate        | 0.0003     |
|    loss                 | 0.58       |
|    n_updates            | 1930       |
|    policy_gradient_loss | -0.0369    |
|    std                  | 0.819      |
|    value_loss           | 1.2        |
----------------------------------------
-----------------------------------------
| rollout/                |             |
|    ep_len_mean          | 1.7e+03     |
|    ep_rew_mean          | 334         |
| time/                   |             |
|    fps                  | 1387        |
|    iterations           | 195         |
|    time_elapsed         | 287         |
|    total_timesteps      | 399360      |
| train/                  |             |
|    approx_kl            | 0.029439356 |
|    clip_fraction        | 0.336       |
|    clip_range           | 0.2         |
|    entropy_loss         | -18.2       |
|    explained_variance   | 0.8882606   |
|    learning_rate        | 0.0003      |
|    loss                 | 0.293       |
|    n_updates            | 1940        |
|    policy_gradient_loss | -0.0342     |
|    std                  | 0.82        |
|    value_loss           | 0.911       |
-----------------------------------------
-----------------------------------------
| rollout/                |             |
|    ep_len_mean          | 1.7e+03     |
|    ep_rew_mean          | 336         |
| time/                   |             |
|    fps                  | 1388        |
|    iterations           | 196         |
|    time_elapsed         | 289         |
|    total_timesteps      | 401408      |
| train/                  |             |
|    approx_kl            | 0.030142274 |
|    clip_fraction        | 0.334       |
|    clip_range           | 0.2         |
|    entropy_loss         | -18.2       |
|    explained_variance   | 0.94654536  |
|    learning_rate        | 0.0003      |
|    loss                 | 0.0355      |
|    n_updates            | 1950        |
|    policy_gradient_loss | -0.0308     |
|    std                  | 0.819       |
|    value_loss           | 0.416       |
-----------------------------------------
-----------------------------------------
| rollout/                |             |
|    ep_len_mean          | 1.73e+03    |
|    ep_rew_mean          | 341         |
| time/                   |             |
|    fps                  | 1388        |
|    iterations           | 197         |
|    time_elapsed         | 290         |
|    total_timesteps      | 403456      |
| train/                  |             |
|    approx_kl            | 0.031607307 |
|    clip_fraction        | 0.335       |
|    clip_range           | 0.2         |
|    entropy_loss         | -18.2       |
|    explained_variance   | 0.95084167  |
|    learning_rate        | 0.0003      |
|    loss                 | 0.106       |
|    n_updates            | 1960        |
|    policy_gradient_loss | -0.0295     |
|    std                  | 0.816       |
|    value_loss           | 0.326       |
-----------------------------------------
-----------------------------------------
| rollout/                |             |
|    ep_len_mean          | 1.73e+03    |
|    ep_rew_mean          | 341         |
| time/                   |             |
|    fps                  | 1387        |
|    iterations           | 198         |
|    time_elapsed         | 292         |
|    total_timesteps      | 405504      |
| train/                  |             |
|    approx_kl            | 0.027147587 |
|    clip_fraction        | 0.336       |
|    clip_range           | 0.2         |
|    entropy_loss         | -18.2       |
|    explained_variance   | 0.92266047  |
|    learning_rate        | 0.0003      |
|    loss                 | 0.516       |
|    n_updates            | 1970        |
|    policy_gradient_loss | -0.0318     |
|    std                  | 0.817       |
|    value_loss           | 1.34        |
-----------------------------------------
----------------------------------------
| rollout/                |            |
|    ep_len_mean          | 1.76e+03   |
|    ep_rew_mean          | 348        |
| time/                   |            |
|    fps                  | 1386       |
|    iterations           | 199        |
|    time_elapsed         | 293        |
|    total_timesteps      | 407552     |
| train/                  |            |
|    approx_kl            | 0.03454363 |
|    clip_fraction        | 0.365      |
|    clip_range           | 0.2        |
|    entropy_loss         | -18.2      |
|    explained_variance   | 0.27319127 |
|    learning_rate        | 0.0003     |
|    loss                 | 0.0213     |
|    n_updates            | 1980       |
|    policy_gradient_loss | -0.0335    |
|    std                  | 0.815      |
|    value_loss           | 0.293      |
----------------------------------------
----------------------------------------
| rollout/                |            |
|    ep_len_mean          | 1.77e+03   |
|    ep_rew_mean          | 351        |
| time/                   |            |
|    fps                  | 1386       |
|    iterations           | 200        |
|    time_elapsed         | 295        |
|    total_timesteps      | 409600     |
| train/                  |            |
|    approx_kl            | 0.03382589 |
|    clip_fraction        | 0.355      |
|    clip_range           | 0.2        |
|    entropy_loss         | -18.1      |
|    explained_variance   | 0.9184888  |
|    learning_rate        | 0.0003     |
|    loss                 | 0.0414     |
|    n_updates            | 1990       |
|    policy_gradient_loss | -0.029     |
|    std                  | 0.814      |
|    value_loss           | 0.194      |
----------------------------------------
-----------------------------------------
| rollout/                |             |
|    ep_len_mean          | 1.78e+03    |
|    ep_rew_mean          | 354         |
| time/                   |             |
|    fps                  | 1386        |
|    iterations           | 201         |
|    time_elapsed         | 296         |
|    total_timesteps      | 411648      |
| train/                  |             |
|    approx_kl            | 0.026032198 |
|    clip_fraction        | 0.273       |
|    clip_range           | 0.2         |
|    entropy_loss         | -18.1       |
|    explained_variance   | 0.8995199   |
|    learning_rate        | 0.0003      |
|    loss                 | 1.88        |
|    n_updates            | 2000        |
|    policy_gradient_loss | -0.028      |
|    std                  | 0.813       |
|    value_loss           | 1.62        |
-----------------------------------------
----------------------------------------
| rollout/                |            |
|    ep_len_mean          | 1.78e+03   |
|    ep_rew_mean          | 354        |
| time/                   |            |
|    fps                  | 1385       |
|    iterations           | 202        |
|    time_elapsed         | 298        |
|    total_timesteps      | 413696     |
| train/                  |            |
|    approx_kl            | 0.03408781 |
|    clip_fraction        | 0.363      |
|    clip_range           | 0.2        |
|    entropy_loss         | -18.1      |
|    explained_variance   | 0.93659794 |
|    learning_rate        | 0.0003     |
|    loss                 | -0.0332    |
|    n_updates            | 2010       |
|    policy_gradient_loss | -0.0324    |
|    std                  | 0.813      |
|    value_loss           | 0.284      |
----------------------------------------
----------------------------------------
| rollout/                |            |
|    ep_len_mean          | 1.78e+03   |
|    ep_rew_mean          | 354        |
| time/                   |            |
|    fps                  | 1385       |
|    iterations           | 203        |
|    time_elapsed         | 300        |
|    total_timesteps      | 415744     |
| train/                  |            |
|    approx_kl            | 0.04028531 |
|    clip_fraction        | 0.375      |
|    clip_range           | 0.2        |
|    entropy_loss         | -18.1      |
|    explained_variance   | -0.9764203 |
|    learning_rate        | 0.0003     |
|    loss                 | -0.0322    |
|    n_updates            | 2020       |
|    policy_gradient_loss | -0.0354    |
|    std                  | 0.813      |
|    value_loss           | 0.0785     |
----------------------------------------
----------------------------------------
| rollout/                |            |
|    ep_len_mean          | 1.83e+03   |
|    ep_rew_mean          | 368        |
| time/                   |            |
|    fps                  | 1385       |
|    iterations           | 204        |
|    time_elapsed         | 301        |
|    total_timesteps      | 417792     |
| train/                  |            |
|    approx_kl            | 0.03316551 |
|    clip_fraction        | 0.352      |
|    clip_range           | 0.2        |
|    entropy_loss         | -18        |
|    explained_variance   | 0.03902179 |
|    learning_rate        | 0.0003     |
|    loss                 | -0.0657    |
|    n_updates            | 2030       |
|    policy_gradient_loss | -0.0415    |
|    std                  | 0.808      |
|    value_loss           | 0.0168     |
----------------------------------------
-----------------------------------------
| rollout/                |             |
|    ep_len_mean          | 1.84e+03    |
|    ep_rew_mean          | 370         |
| time/                   |             |
|    fps                  | 1385        |
|    iterations           | 205         |
|    time_elapsed         | 303         |
|    total_timesteps      | 419840      |
| train/                  |             |
|    approx_kl            | 0.024588726 |
|    clip_fraction        | 0.296       |
|    clip_range           | 0.2         |
|    entropy_loss         | -18         |
|    explained_variance   | 0.9215836   |
|    learning_rate        | 0.0003      |
|    loss                 | 0.151       |
|    n_updates            | 2040        |
|    policy_gradient_loss | -0.0259     |
|    std                  | 0.809       |
|    value_loss           | 0.747       |
-----------------------------------------
----------------------------------------
| rollout/                |            |
|    ep_len_mean          | 1.84e+03   |
|    ep_rew_mean          | 368        |
| time/                   |            |
|    fps                  | 1385       |
|    iterations           | 206        |
|    time_elapsed         | 304        |
|    total_timesteps      | 421888     |
| train/                  |            |
|    approx_kl            | 0.0297959  |
|    clip_fraction        | 0.33       |
|    clip_range           | 0.2        |
|    entropy_loss         | -18        |
|    explained_variance   | 0.90565586 |
|    learning_rate        | 0.0003     |
|    loss                 | 0.0368     |
|    n_updates            | 2050       |
|    policy_gradient_loss | -0.0292    |
|    std                  | 0.809      |
|    value_loss           | 0.664      |
----------------------------------------
-----------------------------------------
| rollout/                |             |
|    ep_len_mean          | 1.85e+03    |
|    ep_rew_mean          | 371         |
| time/                   |             |
|    fps                  | 1385        |
|    iterations           | 207         |
|    time_elapsed         | 305         |
|    total_timesteps      | 423936      |
| train/                  |             |
|    approx_kl            | 0.030601768 |
|    clip_fraction        | 0.342       |
|    clip_range           | 0.2         |
|    entropy_loss         | -18         |
|    explained_variance   | 0.8796008   |
|    learning_rate        | 0.0003      |
|    loss                 | 0.149       |
|    n_updates            | 2060        |
|    policy_gradient_loss | -0.0345     |
|    std                  | 0.81        |
|    value_loss           | 0.49        |
-----------------------------------------
-----------------------------------------
| rollout/                |             |
|    ep_len_mean          | 1.85e+03    |
|    ep_rew_mean          | 371         |
| time/                   |             |
|    fps                  | 1386        |
|    iterations           | 208         |
|    time_elapsed         | 307         |
|    total_timesteps      | 425984      |
| train/                  |             |
|    approx_kl            | 0.026765347 |
|    clip_fraction        | 0.319       |
|    clip_range           | 0.2         |
|    entropy_loss         | -18         |
|    explained_variance   | 0.93035984  |
|    learning_rate        | 0.0003      |
|    loss                 | 0.0745      |
|    n_updates            | 2070        |
|    policy_gradient_loss | -0.033      |
|    std                  | 0.808       |
|    value_loss           | 0.687       |
-----------------------------------------
-----------------------------------------
| rollout/                |             |
|    ep_len_mean          | 1.84e+03    |
|    ep_rew_mean          | 369         |
| time/                   |             |
|    fps                  | 1386        |
|    iterations           | 209         |
|    time_elapsed         | 308         |
|    total_timesteps      | 428032      |
| train/                  |             |
|    approx_kl            | 0.025166871 |
|    clip_fraction        | 0.253       |
|    clip_range           | 0.2         |
|    entropy_loss         | -18         |
|    explained_variance   | 0.90555423  |
|    learning_rate        | 0.0003      |
|    loss                 | 0.633       |
|    n_updates            | 2080        |
|    policy_gradient_loss | -0.0328     |
|    std                  | 0.808       |
|    value_loss           | 2.21        |
-----------------------------------------
-----------------------------------------
| rollout/                |             |
|    ep_len_mean          | 1.83e+03    |
|    ep_rew_mean          | 368         |
| time/                   |             |
|    fps                  | 1386        |
|    iterations           | 210         |
|    time_elapsed         | 310         |
|    total_timesteps      | 430080      |
| train/                  |             |
|    approx_kl            | 0.027261656 |
|    clip_fraction        | 0.307       |
|    clip_range           | 0.2         |
|    entropy_loss         | -18         |
|    explained_variance   | 0.91073847  |
|    learning_rate        | 0.0003      |
|    loss                 | 0.108       |
|    n_updates            | 2090        |
|    policy_gradient_loss | -0.0384     |
|    std                  | 0.805       |
|    value_loss           | 1.13        |
-----------------------------------------
-----------------------------------------
| rollout/                |             |
|    ep_len_mean          | 1.82e+03    |
|    ep_rew_mean          | 366         |
| time/                   |             |
|    fps                  | 1386        |
|    iterations           | 211         |
|    time_elapsed         | 311         |
|    total_timesteps      | 432128      |
| train/                  |             |
|    approx_kl            | 0.027246583 |
|    clip_fraction        | 0.318       |
|    clip_range           | 0.2         |
|    entropy_loss         | -17.9       |
|    explained_variance   | 0.91683733  |
|    learning_rate        | 0.0003      |
|    loss                 | 0.443       |
|    n_updates            | 2100        |
|    policy_gradient_loss | -0.0302     |
|    std                  | 0.804       |
|    value_loss           | 1.28        |
-----------------------------------------
----------------------------------------
| rollout/                |            |
|    ep_len_mean          | 1.83e+03   |
|    ep_rew_mean          | 368        |
| time/                   |            |
|    fps                  | 1386       |
|    iterations           | 212        |
|    time_elapsed         | 313        |
|    total_timesteps      | 434176     |
| train/                  |            |
|    approx_kl            | 0.03523065 |
|    clip_fraction        | 0.368      |
|    clip_range           | 0.2        |
|    entropy_loss         | -17.9      |
|    explained_variance   | 0.9639139  |
|    learning_rate        | 0.0003     |
|    loss                 | -0.0112    |
|    n_updates            | 2110       |
|    policy_gradient_loss | -0.0329    |
|    std                  | 0.804      |
|    value_loss           | 0.213      |
----------------------------------------
-----------------------------------------
| rollout/                |             |
|    ep_len_mean          | 1.81e+03    |
|    ep_rew_mean          | 364         |
| time/                   |             |
|    fps                  | 1386        |
|    iterations           | 213         |
|    time_elapsed         | 314         |
|    total_timesteps      | 436224      |
| train/                  |             |
|    approx_kl            | 0.032693163 |
|    clip_fraction        | 0.353       |
|    clip_range           | 0.2         |
|    entropy_loss         | -17.9       |
|    explained_variance   | 0.9339291   |
|    learning_rate        | 0.0003      |
|    loss                 | 0.198       |
|    n_updates            | 2120        |
|    policy_gradient_loss | -0.035      |
|    std                  | 0.804       |
|    value_loss           | 0.822       |
-----------------------------------------
-----------------------------------------
| rollout/                |             |
|    ep_len_mean          | 1.81e+03    |
|    ep_rew_mean          | 362         |
| time/                   |             |
|    fps                  | 1386        |
|    iterations           | 214         |
|    time_elapsed         | 315         |
|    total_timesteps      | 438272      |
| train/                  |             |
|    approx_kl            | 0.031785272 |
|    clip_fraction        | 0.322       |
|    clip_range           | 0.2         |
|    entropy_loss         | -18         |
|    explained_variance   | 0.85611063  |
|    learning_rate        | 0.0003      |
|    loss                 | 0.792       |
|    n_updates            | 2130        |
|    policy_gradient_loss | -0.0328     |
|    std                  | 0.805       |
|    value_loss           | 1.48        |
-----------------------------------------
-----------------------------------------
| rollout/                |             |
|    ep_len_mean          | 1.8e+03     |
|    ep_rew_mean          | 362         |
| time/                   |             |
|    fps                  | 1386        |
|    iterations           | 215         |
|    time_elapsed         | 317         |
|    total_timesteps      | 440320      |
| train/                  |             |
|    approx_kl            | 0.035216182 |
|    clip_fraction        | 0.366       |
|    clip_range           | 0.2         |
|    entropy_loss         | -17.9       |
|    explained_variance   | 0.9308764   |
|    learning_rate        | 0.0003      |
|    loss                 | 0.366       |
|    n_updates            | 2140        |
|    policy_gradient_loss | -0.0348     |
|    std                  | 0.802       |
|    value_loss           | 0.696       |
-----------------------------------------
-----------------------------------------
| rollout/                |             |
|    ep_len_mean          | 1.82e+03    |
|    ep_rew_mean          | 366         |
| time/                   |             |
|    fps                  | 1386        |
|    iterations           | 216         |
|    time_elapsed         | 318         |
|    total_timesteps      | 442368      |
| train/                  |             |
|    approx_kl            | 0.027229726 |
|    clip_fraction        | 0.332       |
|    clip_range           | 0.2         |
|    entropy_loss         | -17.9       |
|    explained_variance   | 0.9503008   |
|    learning_rate        | 0.0003      |
|    loss                 | 0.732       |
|    n_updates            | 2150        |
|    policy_gradient_loss | -0.0309     |
|    std                  | 0.801       |
|    value_loss           | 0.62        |
-----------------------------------------
-----------------------------------------
| rollout/                |             |
|    ep_len_mean          | 1.72e+03    |
|    ep_rew_mean          | 346         |
| time/                   |             |
|    fps                  | 1386        |
|    iterations           | 217         |
|    time_elapsed         | 320         |
|    total_timesteps      | 444416      |
| train/                  |             |
|    approx_kl            | 0.035430722 |
|    clip_fraction        | 0.388       |
|    clip_range           | 0.2         |
|    entropy_loss         | -17.9       |
|    explained_variance   | 0.9372809   |
|    learning_rate        | 0.0003      |
|    loss                 | 0.0655      |
|    n_updates            | 2160        |
|    policy_gradient_loss | -0.0328     |
|    std                  | 0.8         |
|    value_loss           | 0.511       |
-----------------------------------------
-----------------------------------------
| rollout/                |             |
|    ep_len_mean          | 1.72e+03    |
|    ep_rew_mean          | 344         |
| time/                   |             |
|    fps                  | 1386        |
|    iterations           | 218         |
|    time_elapsed         | 321         |
|    total_timesteps      | 446464      |
| train/                  |             |
|    approx_kl            | 0.039675936 |
|    clip_fraction        | 0.382       |
|    clip_range           | 0.2         |
|    entropy_loss         | -17.8       |
|    explained_variance   | 0.9360615   |
|    learning_rate        | 0.0003      |
|    loss                 | 0.0268      |
|    n_updates            | 2170        |
|    policy_gradient_loss | -0.0303     |
|    std                  | 0.798       |
|    value_loss           | 0.373       |
-----------------------------------------
-----------------------------------------
| rollout/                |             |
|    ep_len_mean          | 1.71e+03    |
|    ep_rew_mean          | 343         |
| time/                   |             |
|    fps                  | 1386        |
|    iterations           | 219         |
|    time_elapsed         | 323         |
|    total_timesteps      | 448512      |
| train/                  |             |
|    approx_kl            | 0.039923407 |
|    clip_fraction        | 0.389       |
|    clip_range           | 0.2         |
|    entropy_loss         | -17.8       |
|    explained_variance   | 0.91184837  |
|    learning_rate        | 0.0003      |
|    loss                 | 0.368       |
|    n_updates            | 2180        |
|    policy_gradient_loss | -0.0317     |
|    std                  | 0.798       |
|    value_loss           | 0.646       |
-----------------------------------------
----------------------------------------
| rollout/                |            |
|    ep_len_mean          | 1.71e+03   |
|    ep_rew_mean          | 343        |
| time/                   |            |
|    fps                  | 1386       |
|    iterations           | 220        |
|    time_elapsed         | 324        |
|    total_timesteps      | 450560     |
| train/                  |            |
|    approx_kl            | 0.02897799 |
|    clip_fraction        | 0.315      |
|    clip_range           | 0.2        |
|    entropy_loss         | -17.8      |
|    explained_variance   | 0.6860715  |
|    learning_rate        | 0.0003     |
|    loss                 | 0.366      |
|    n_updates            | 2190       |
|    policy_gradient_loss | -0.0353    |
|    std                  | 0.799      |
|    value_loss           | 1.26       |
----------------------------------------
-----------------------------------------
| rollout/                |             |
|    ep_len_mean          | 1.72e+03    |
|    ep_rew_mean          | 345         |
| time/                   |             |
|    fps                  | 1386        |
|    iterations           | 221         |
|    time_elapsed         | 326         |
|    total_timesteps      | 452608      |
| train/                  |             |
|    approx_kl            | 0.028403047 |
|    clip_fraction        | 0.295       |
|    clip_range           | 0.2         |
|    entropy_loss         | -17.8       |
|    explained_variance   | 0.9004429   |
|    learning_rate        | 0.0003      |
|    loss                 | 0.305       |
|    n_updates            | 2200        |
|    policy_gradient_loss | -0.0339     |
|    std                  | 0.8         |
|    value_loss           | 1.46        |
-----------------------------------------
-----------------------------------------
| rollout/                |             |
|    ep_len_mean          | 1.73e+03    |
|    ep_rew_mean          | 346         |
| time/                   |             |
|    fps                  | 1386        |
|    iterations           | 222         |
|    time_elapsed         | 327         |
|    total_timesteps      | 454656      |
| train/                  |             |
|    approx_kl            | 0.037361816 |
|    clip_fraction        | 0.391       |
|    clip_range           | 0.2         |
|    entropy_loss         | -17.9       |
|    explained_variance   | 0.9656535   |
|    learning_rate        | 0.0003      |
|    loss                 | 0.0184      |
|    n_updates            | 2210        |
|    policy_gradient_loss | -0.036      |
|    std                  | 0.8         |
|    value_loss           | 0.198       |
-----------------------------------------
----------------------------------------
| rollout/                |            |
|    ep_len_mean          | 1.73e+03   |
|    ep_rew_mean          | 345        |
| time/                   |            |
|    fps                  | 1386       |
|    iterations           | 223        |
|    time_elapsed         | 329        |
|    total_timesteps      | 456704     |
| train/                  |            |
|    approx_kl            | 0.03571076 |
|    clip_fraction        | 0.371      |
|    clip_range           | 0.2        |
|    entropy_loss         | -17.9      |
|    explained_variance   | 0.5944017  |
|    learning_rate        | 0.0003     |
|    loss                 | 0.303      |
|    n_updates            | 2220       |
|    policy_gradient_loss | -0.0379    |
|    std                  | 0.801      |
|    value_loss           | 1.54       |
----------------------------------------
-----------------------------------------
| rollout/                |             |
|    ep_len_mean          | 1.7e+03     |
|    ep_rew_mean          | 339         |
| time/                   |             |
|    fps                  | 1386        |
|    iterations           | 224         |
|    time_elapsed         | 330         |
|    total_timesteps      | 458752      |
| train/                  |             |
|    approx_kl            | 0.030532077 |
|    clip_fraction        | 0.304       |
|    clip_range           | 0.2         |
|    entropy_loss         | -17.9       |
|    explained_variance   | 0.93015414  |
|    learning_rate        | 0.0003      |
|    loss                 | 0.0606      |
|    n_updates            | 2230        |
|    policy_gradient_loss | -0.033      |
|    std                  | 0.803       |
|    value_loss           | 0.85        |
-----------------------------------------
----------------------------------------
| rollout/                |            |
|    ep_len_mean          | 1.69e+03   |
|    ep_rew_mean          | 336        |
| time/                   |            |
|    fps                  | 1386       |
|    iterations           | 225        |
|    time_elapsed         | 332        |
|    total_timesteps      | 460800     |
| train/                  |            |
|    approx_kl            | 0.02295522 |
|    clip_fraction        | 0.255      |
|    clip_range           | 0.2        |
|    entropy_loss         | -17.9      |
|    explained_variance   | 0.8744972  |
|    learning_rate        | 0.0003     |
|    loss                 | 0.613      |
|    n_updates            | 2240       |
|    policy_gradient_loss | -0.0372    |
|    std                  | 0.802      |
|    value_loss           | 2.41       |
----------------------------------------
-----------------------------------------
| rollout/                |             |
|    ep_len_mean          | 1.66e+03    |
|    ep_rew_mean          | 329         |
| time/                   |             |
|    fps                  | 1386        |
|    iterations           | 226         |
|    time_elapsed         | 333         |
|    total_timesteps      | 462848      |
| train/                  |             |
|    approx_kl            | 0.027873572 |
|    clip_fraction        | 0.292       |
|    clip_range           | 0.2         |
|    entropy_loss         | -17.9       |
|    explained_variance   | 0.92120224  |
|    learning_rate        | 0.0003      |
|    loss                 | 0.698       |
|    n_updates            | 2250        |
|    policy_gradient_loss | -0.0376     |
|    std                  | 0.802       |
|    value_loss           | 1.25        |
-----------------------------------------
-----------------------------------------
| rollout/                |             |
|    ep_len_mean          | 1.62e+03    |
|    ep_rew_mean          | 320         |
| time/                   |             |
|    fps                  | 1386        |
|    iterations           | 227         |
|    time_elapsed         | 335         |
|    total_timesteps      | 464896      |
| train/                  |             |
|    approx_kl            | 0.026828658 |
|    clip_fraction        | 0.306       |
|    clip_range           | 0.2         |
|    entropy_loss         | -17.9       |
|    explained_variance   | 0.89212734  |
|    learning_rate        | 0.0003      |
|    loss                 | 0.294       |
|    n_updates            | 2260        |
|    policy_gradient_loss | -0.0375     |
|    std                  | 0.804       |
|    value_loss           | 1.5         |
-----------------------------------------
-----------------------------------------
| rollout/                |             |
|    ep_len_mean          | 1.62e+03    |
|    ep_rew_mean          | 319         |
| time/                   |             |
|    fps                  | 1385        |
|    iterations           | 228         |
|    time_elapsed         | 337         |
|    total_timesteps      | 466944      |
| train/                  |             |
|    approx_kl            | 0.027584676 |
|    clip_fraction        | 0.313       |
|    clip_range           | 0.2         |
|    entropy_loss         | -17.9       |
|    explained_variance   | 0.88252425  |
|    learning_rate        | 0.0003      |
|    loss                 | 0.353       |
|    n_updates            | 2270        |
|    policy_gradient_loss | -0.0378     |
|    std                  | 0.805       |
|    value_loss           | 1.63        |
-----------------------------------------
----------------------------------------
| rollout/                |            |
|    ep_len_mean          | 1.62e+03   |
|    ep_rew_mean          | 320        |
| time/                   |            |
|    fps                  | 1385       |
|    iterations           | 229        |
|    time_elapsed         | 338        |
|    total_timesteps      | 468992     |
| train/                  |            |
|    approx_kl            | 0.03232634 |
|    clip_fraction        | 0.367      |
|    clip_range           | 0.2        |
|    entropy_loss         | -17.9      |
|    explained_variance   | 0.8249332  |
|    learning_rate        | 0.0003     |
|    loss                 | 0.0897     |
|    n_updates            | 2280       |
|    policy_gradient_loss | -0.0386    |
|    std                  | 0.803      |
|    value_loss           | 0.451      |
----------------------------------------
-----------------------------------------
| rollout/                |             |
|    ep_len_mean          | 1.62e+03    |
|    ep_rew_mean          | 320         |
| time/                   |             |
|    fps                  | 1385        |
|    iterations           | 230         |
|    time_elapsed         | 340         |
|    total_timesteps      | 471040      |
| train/                  |             |
|    approx_kl            | 0.030853152 |
|    clip_fraction        | 0.331       |
|    clip_range           | 0.2         |
|    entropy_loss         | -17.9       |
|    explained_variance   | 0.9556122   |
|    learning_rate        | 0.0003      |
|    loss                 | 0.296       |
|    n_updates            | 2290        |
|    policy_gradient_loss | -0.0362     |
|    std                  | 0.803       |
|    value_loss           | 0.665       |
-----------------------------------------
-----------------------------------------
| rollout/                |             |
|    ep_len_mean          | 1.63e+03    |
|    ep_rew_mean          | 323         |
| time/                   |             |
|    fps                  | 1384        |
|    iterations           | 231         |
|    time_elapsed         | 341         |
|    total_timesteps      | 473088      |
| train/                  |             |
|    approx_kl            | 0.031120993 |
|    clip_fraction        | 0.344       |
|    clip_range           | 0.2         |
|    entropy_loss         | -17.9       |
|    explained_variance   | 0.75078946  |
|    learning_rate        | 0.0003      |
|    loss                 | -0.0325     |
|    n_updates            | 2300        |
|    policy_gradient_loss | -0.0374     |
|    std                  | 0.805       |
|    value_loss           | 0.169       |
-----------------------------------------
-----------------------------------------
| rollout/                |             |
|    ep_len_mean          | 1.63e+03    |
|    ep_rew_mean          | 322         |
| time/                   |             |
|    fps                  | 1384        |
|    iterations           | 232         |
|    time_elapsed         | 343         |
|    total_timesteps      | 475136      |
| train/                  |             |
|    approx_kl            | 0.030100394 |
|    clip_fraction        | 0.344       |
|    clip_range           | 0.2         |
|    entropy_loss         | -18         |
|    explained_variance   | 0.93023396  |
|    learning_rate        | 0.0003      |
|    loss                 | -0.0209     |
|    n_updates            | 2310        |
|    policy_gradient_loss | -0.0358     |
|    std                  | 0.806       |
|    value_loss           | 0.219       |
-----------------------------------------
-----------------------------------------
| rollout/                |             |
|    ep_len_mean          | 1.63e+03    |
|    ep_rew_mean          | 323         |
| time/                   |             |
|    fps                  | 1384        |
|    iterations           | 233         |
|    time_elapsed         | 344         |
|    total_timesteps      | 477184      |
| train/                  |             |
|    approx_kl            | 0.032880545 |
|    clip_fraction        | 0.352       |
|    clip_range           | 0.2         |
|    entropy_loss         | -18         |
|    explained_variance   | 0.9382662   |
|    learning_rate        | 0.0003      |
|    loss                 | 0.0901      |
|    n_updates            | 2320        |
|    policy_gradient_loss | -0.0377     |
|    std                  | 0.805       |
|    value_loss           | 0.414       |
-----------------------------------------
-----------------------------------------
| rollout/                |             |
|    ep_len_mean          | 1.64e+03    |
|    ep_rew_mean          | 326         |
| time/                   |             |
|    fps                  | 1384        |
|    iterations           | 234         |
|    time_elapsed         | 346         |
|    total_timesteps      | 479232      |
| train/                  |             |
|    approx_kl            | 0.031564556 |
|    clip_fraction        | 0.347       |
|    clip_range           | 0.2         |
|    entropy_loss         | -18         |
|    explained_variance   | 0.9562086   |
|    learning_rate        | 0.0003      |
|    loss                 | 0.0488      |
|    n_updates            | 2330        |
|    policy_gradient_loss | -0.0348     |
|    std                  | 0.805       |
|    value_loss           | 0.27        |
-----------------------------------------
-----------------------------------------
| rollout/                |             |
|    ep_len_mean          | 1.64e+03    |
|    ep_rew_mean          | 327         |
| time/                   |             |
|    fps                  | 1383        |
|    iterations           | 235         |
|    time_elapsed         | 347         |
|    total_timesteps      | 481280      |
| train/                  |             |
|    approx_kl            | 0.026225798 |
|    clip_fraction        | 0.327       |
|    clip_range           | 0.2         |
|    entropy_loss         | -17.9       |
|    explained_variance   | 0.9617745   |
|    learning_rate        | 0.0003      |
|    loss                 | 0.011       |
|    n_updates            | 2340        |
|    policy_gradient_loss | -0.0282     |
|    std                  | 0.803       |
|    value_loss           | 0.372       |
-----------------------------------------
-----------------------------------------
| rollout/                |             |
|    ep_len_mean          | 1.65e+03    |
|    ep_rew_mean          | 329         |
| time/                   |             |
|    fps                  | 1383        |
|    iterations           | 236         |
|    time_elapsed         | 349         |
|    total_timesteps      | 483328      |
| train/                  |             |
|    approx_kl            | 0.030934911 |
|    clip_fraction        | 0.325       |
|    clip_range           | 0.2         |
|    entropy_loss         | -17.9       |
|    explained_variance   | 0.91863     |
|    learning_rate        | 0.0003      |
|    loss                 | 0.0117      |
|    n_updates            | 2350        |
|    policy_gradient_loss | -0.0311     |
|    std                  | 0.802       |
|    value_loss           | 0.609       |
-----------------------------------------
----------------------------------------
| rollout/                |            |
|    ep_len_mean          | 1.66e+03   |
|    ep_rew_mean          | 331        |
| time/                   |            |
|    fps                  | 1383       |
|    iterations           | 237        |
|    time_elapsed         | 350        |
|    total_timesteps      | 485376     |
| train/                  |            |
|    approx_kl            | 0.03808509 |
|    clip_fraction        | 0.351      |
|    clip_range           | 0.2        |
|    entropy_loss         | -17.9      |
|    explained_variance   | 0.90485024 |
|    learning_rate        | 0.0003     |
|    loss                 | 0.287      |
|    n_updates            | 2360       |
|    policy_gradient_loss | -0.0368    |
|    std                  | 0.8        |
|    value_loss           | 0.621      |
----------------------------------------
-----------------------------------------
| rollout/                |             |
|    ep_len_mean          | 1.66e+03    |
|    ep_rew_mean          | 331         |
| time/                   |             |
|    fps                  | 1383        |
|    iterations           | 238         |
|    time_elapsed         | 352         |
|    total_timesteps      | 487424      |
| train/                  |             |
|    approx_kl            | 0.031380046 |
|    clip_fraction        | 0.327       |
|    clip_range           | 0.2         |
|    entropy_loss         | -17.9       |
|    explained_variance   | 0.95206845  |
|    learning_rate        | 0.0003      |
|    loss                 | 0.0125      |
|    n_updates            | 2370        |
|    policy_gradient_loss | -0.0333     |
|    std                  | 0.8         |
|    value_loss           | 0.826       |
-----------------------------------------
-----------------------------------------
| rollout/                |             |
|    ep_len_mean          | 1.66e+03    |
|    ep_rew_mean          | 332         |
| time/                   |             |
|    fps                  | 1383        |
|    iterations           | 239         |
|    time_elapsed         | 353         |
|    total_timesteps      | 489472      |
| train/                  |             |
|    approx_kl            | 0.037844967 |
|    clip_fraction        | 0.378       |
|    clip_range           | 0.2         |
|    entropy_loss         | -17.8       |
|    explained_variance   | 0.955906    |
|    learning_rate        | 0.0003      |
|    loss                 | -0.00508    |
|    n_updates            | 2380        |
|    policy_gradient_loss | -0.0314     |
|    std                  | 0.798       |
|    value_loss           | 0.332       |
-----------------------------------------
-----------------------------------------
| rollout/                |             |
|    ep_len_mean          | 1.66e+03    |
|    ep_rew_mean          | 332         |
| time/                   |             |
|    fps                  | 1383        |
|    iterations           | 240         |
|    time_elapsed         | 355         |
|    total_timesteps      | 491520      |
| train/                  |             |
|    approx_kl            | 0.030460425 |
|    clip_fraction        | 0.372       |
|    clip_range           | 0.2         |
|    entropy_loss         | -17.8       |
|    explained_variance   | 0.9553187   |
|    learning_rate        | 0.0003      |
|    loss                 | 0.083       |
|    n_updates            | 2390        |
|    policy_gradient_loss | -0.0308     |
|    std                  | 0.795       |
|    value_loss           | 0.429       |
-----------------------------------------
-----------------------------------------
| rollout/                |             |
|    ep_len_mean          | 1.66e+03    |
|    ep_rew_mean          | 332         |
| time/                   |             |
|    fps                  | 1383        |
|    iterations           | 241         |
|    time_elapsed         | 356         |
|    total_timesteps      | 493568      |
| train/                  |             |
|    approx_kl            | 0.0348003   |
|    clip_fraction        | 0.376       |
|    clip_range           | 0.2         |
|    entropy_loss         | -17.7       |
|    explained_variance   | -0.47868013 |
|    learning_rate        | 0.0003      |
|    loss                 | -0.0404     |
|    n_updates            | 2400        |
|    policy_gradient_loss | -0.0355     |
|    std                  | 0.792       |
|    value_loss           | 0.0616      |
-----------------------------------------
-----------------------------------------
| rollout/                |             |
|    ep_len_mean          | 1.66e+03    |
|    ep_rew_mean          | 332         |
| time/                   |             |
|    fps                  | 1382        |
|    iterations           | 242         |
|    time_elapsed         | 358         |
|    total_timesteps      | 495616      |
| train/                  |             |
|    approx_kl            | 0.031479612 |
|    clip_fraction        | 0.364       |
|    clip_range           | 0.2         |
|    entropy_loss         | -17.7       |
|    explained_variance   | 0.3142646   |
|    learning_rate        | 0.0003      |
|    loss                 | -0.0252     |
|    n_updates            | 2410        |
|    policy_gradient_loss | -0.0431     |
|    std                  | 0.791       |
|    value_loss           | 0.0473      |
-----------------------------------------
-----------------------------------------
| rollout/                |             |
|    ep_len_mean          | 1.72e+03    |
|    ep_rew_mean          | 345         |
| time/                   |             |
|    fps                  | 1382        |
|    iterations           | 243         |
|    time_elapsed         | 359         |
|    total_timesteps      | 497664      |
| train/                  |             |
|    approx_kl            | 0.031297147 |
|    clip_fraction        | 0.346       |
|    clip_range           | 0.2         |
|    entropy_loss         | -17.7       |
|    explained_variance   | 0.44740462  |
|    learning_rate        | 0.0003      |
|    loss                 | -0.0208     |
|    n_updates            | 2420        |
|    policy_gradient_loss | -0.0405     |
|    std                  | 0.791       |
|    value_loss           | 0.0244      |
-----------------------------------------
-----------------------------------------
| rollout/                |             |
|    ep_len_mean          | 1.72e+03    |
|    ep_rew_mean          | 345         |
| time/                   |             |
|    fps                  | 1382        |
|    iterations           | 244         |
|    time_elapsed         | 361         |
|    total_timesteps      | 499712      |
| train/                  |             |
|    approx_kl            | 0.027012177 |
|    clip_fraction        | 0.326       |
|    clip_range           | 0.2         |
|    entropy_loss         | -17.7       |
|    explained_variance   | 0.94018936  |
|    learning_rate        | 0.0003      |
|    loss                 | 0.0064      |
|    n_updates            | 2430        |
|    policy_gradient_loss | -0.0256     |
|    std                  | 0.792       |
|    value_loss           | 0.107       |
-----------------------------------------
-----------------------------------------
| rollout/                |             |
|    ep_len_mean          | 1.74e+03    |
|    ep_rew_mean          | 351         |
| time/                   |             |
|    fps                  | 1382        |
|    iterations           | 245         |
|    time_elapsed         | 362         |
|    total_timesteps      | 501760      |
| train/                  |             |
|    approx_kl            | 0.035919286 |
|    clip_fraction        | 0.379       |
|    clip_range           | 0.2         |
|    entropy_loss         | -17.7       |
|    explained_variance   | -0.21566594 |
|    learning_rate        | 0.0003      |
|    loss                 | -0.0467     |
|    n_updates            | 2440        |
|    policy_gradient_loss | -0.0432     |
|    std                  | 0.791       |
|    value_loss           | 0.0178      |
-----------------------------------------
 100% ━━━━━━━━━━━━━━━━━━━━━━ 501,760/500,000  [ 0:06:01 < 0:00:00 , 1,348 it/s ]
Using cpu device
Wrapping the env in a DummyVecEnv.
Logging to experiments/RL/course_project/runs/ppo_sac_imitation_bugfix_500k/tensorboard/ppo/PPO_3
---------------------------------
| rollout/           |          |
|    ep_len_mean     | 185      |
|    ep_rew_mean     | 5.4      |
| time/              |          |
|    fps             | 2394     |
|    iterations      | 1        |
|    time_elapsed    | 0        |
|    total_timesteps | 2048     |
---------------------------------
-----------------------------------------
| rollout/                |             |
|    ep_len_mean          | 194         |
|    ep_rew_mean          | 6.41        |
| time/                   |             |
|    fps                  | 1989        |
|    iterations           | 2           |
|    time_elapsed         | 2           |
|    total_timesteps      | 4096        |
| train/                  |             |
|    approx_kl            | 0.015272389 |
|    clip_fraction        | 0.159       |
|    clip_range           | 0.2         |
|    entropy_loss         | -21.2       |
|    explained_variance   | -0.3036883  |
|    learning_rate        | 0.0003      |
|    loss                 | 0.106       |
|    n_updates            | 10          |
|    policy_gradient_loss | -0.0308     |
|    std                  | 0.995       |
|    value_loss           | 0.481       |
-----------------------------------------
-----------------------------------------
| rollout/                |             |
|    ep_len_mean          | 198         |
|    ep_rew_mean          | 7.49        |
| time/                   |             |
|    fps                  | 1865        |
|    iterations           | 3           |
|    time_elapsed         | 3           |
|    total_timesteps      | 6144        |
| train/                  |             |
|    approx_kl            | 0.015037201 |
|    clip_fraction        | 0.153       |
|    clip_range           | 0.2         |
|    entropy_loss         | -21.2       |
|    explained_variance   | 0.30504322  |
|    learning_rate        | 0.0003      |
|    loss                 | 0.0844      |
|    n_updates            | 20          |
|    policy_gradient_loss | -0.034      |
|    std                  | 0.992       |
|    value_loss           | 0.578       |
-----------------------------------------
-----------------------------------------
| rollout/                |             |
|    ep_len_mean          | 199         |
|    ep_rew_mean          | 7.39        |
| time/                   |             |
|    fps                  | 1822        |
|    iterations           | 4           |
|    time_elapsed         | 4           |
|    total_timesteps      | 8192        |
| train/                  |             |
|    approx_kl            | 0.012825877 |
|    clip_fraction        | 0.131       |
|    clip_range           | 0.2         |
|    entropy_loss         | -21.1       |
|    explained_variance   | 0.47366226  |
|    learning_rate        | 0.0003      |
|    loss                 | 0.19        |
|    n_updates            | 30          |
|    policy_gradient_loss | -0.0292     |
|    std                  | 0.988       |
|    value_loss           | 0.639       |
-----------------------------------------
-----------------------------------------
| rollout/                |             |
|    ep_len_mean          | 197         |
|    ep_rew_mean          | 7.42        |
| time/                   |             |
|    fps                  | 1793        |
|    iterations           | 5           |
|    time_elapsed         | 5           |
|    total_timesteps      | 10240       |
| train/                  |             |
|    approx_kl            | 0.015455624 |
|    clip_fraction        | 0.171       |
|    clip_range           | 0.2         |
|    entropy_loss         | -21.1       |
|    explained_variance   | 0.58831275  |
|    learning_rate        | 0.0003      |
|    loss                 | 0.132       |
|    n_updates            | 40          |
|    policy_gradient_loss | -0.0366     |
|    std                  | 0.99        |
|    value_loss           | 0.518       |
-----------------------------------------
----------------------------------------
| rollout/                |            |
|    ep_len_mean          | 197        |
|    ep_rew_mean          | 7.72       |
| time/                   |            |
|    fps                  | 1780       |
|    iterations           | 6          |
|    time_elapsed         | 6          |
|    total_timesteps      | 12288      |
| train/                  |            |
|    approx_kl            | 0.01733395 |
|    clip_fraction        | 0.174      |
|    clip_range           | 0.2        |
|    entropy_loss         | -21.1      |
|    explained_variance   | 0.65065026 |
|    learning_rate        | 0.0003     |
|    loss                 | 0.102      |
|    n_updates            | 50         |
|    policy_gradient_loss | -0.0349    |
|    std                  | 0.986      |
|    value_loss           | 0.569      |
----------------------------------------
-----------------------------------------
| rollout/                |             |
|    ep_len_mean          | 198         |
|    ep_rew_mean          | 8.02        |
| time/                   |             |
|    fps                  | 1767        |
|    iterations           | 7           |
|    time_elapsed         | 8           |
|    total_timesteps      | 14336       |
| train/                  |             |
|    approx_kl            | 0.014398273 |
|    clip_fraction        | 0.166       |
|    clip_range           | 0.2         |
|    entropy_loss         | -21.1       |
|    explained_variance   | 0.67871326  |
|    learning_rate        | 0.0003      |
|    loss                 | 0.393       |
|    n_updates            | 60          |
|    policy_gradient_loss | -0.0327     |
|    std                  | 0.986       |
|    value_loss           | 0.783       |
-----------------------------------------
-----------------------------------------
| rollout/                |             |
|    ep_len_mean          | 199         |
|    ep_rew_mean          | 8.37        |
| time/                   |             |
|    fps                  | 1758        |
|    iterations           | 8           |
|    time_elapsed         | 9           |
|    total_timesteps      | 16384       |
| train/                  |             |
|    approx_kl            | 0.017093219 |
|    clip_fraction        | 0.198       |
|    clip_range           | 0.2         |
|    entropy_loss         | -21         |
|    explained_variance   | 0.7345531   |
|    learning_rate        | 0.0003      |
|    loss                 | 0.0982      |
|    n_updates            | 70          |
|    policy_gradient_loss | -0.0337     |
|    std                  | 0.982       |
|    value_loss           | 0.65        |
-----------------------------------------
----------------------------------------
| rollout/                |            |
|    ep_len_mean          | 200        |
|    ep_rew_mean          | 8.69       |
| time/                   |            |
|    fps                  | 1753       |
|    iterations           | 9          |
|    time_elapsed         | 10         |
|    total_timesteps      | 18432      |
| train/                  |            |
|    approx_kl            | 0.01749729 |
|    clip_fraction        | 0.172      |
|    clip_range           | 0.2        |
|    entropy_loss         | -21        |
|    explained_variance   | 0.71092933 |
|    learning_rate        | 0.0003     |
|    loss                 | 0.134      |
|    n_updates            | 80         |
|    policy_gradient_loss | -0.0335    |
|    std                  | 0.985      |
|    value_loss           | 0.748      |
----------------------------------------
-----------------------------------------
| rollout/                |             |
|    ep_len_mean          | 203         |
|    ep_rew_mean          | 9.15        |
| time/                   |             |
|    fps                  | 1742        |
|    iterations           | 10          |
|    time_elapsed         | 11          |
|    total_timesteps      | 20480       |
| train/                  |             |
|    approx_kl            | 0.018291883 |
|    clip_fraction        | 0.181       |
|    clip_range           | 0.2         |
|    entropy_loss         | -21.1       |
|    explained_variance   | 0.7328515   |
|    learning_rate        | 0.0003      |
|    loss                 | 0.0973      |
|    n_updates            | 90          |
|    policy_gradient_loss | -0.0363     |
|    std                  | 0.985       |
|    value_loss           | 0.835       |
-----------------------------------------
-----------------------------------------
| rollout/                |             |
|    ep_len_mean          | 206         |
|    ep_rew_mean          | 9.71        |
| time/                   |             |
|    fps                  | 1736        |
|    iterations           | 11          |
|    time_elapsed         | 12          |
|    total_timesteps      | 22528       |
| train/                  |             |
|    approx_kl            | 0.016476937 |
|    clip_fraction        | 0.162       |
|    clip_range           | 0.2         |
|    entropy_loss         | -21         |
|    explained_variance   | 0.7249965   |
|    learning_rate        | 0.0003      |
|    loss                 | 0.326       |
|    n_updates            | 100         |
|    policy_gradient_loss | -0.0313     |
|    std                  | 0.979       |
|    value_loss           | 0.795       |
-----------------------------------------
-----------------------------------------
| rollout/                |             |
|    ep_len_mean          | 207         |
|    ep_rew_mean          | 10.1        |
| time/                   |             |
|    fps                  | 1734        |
|    iterations           | 12          |
|    time_elapsed         | 14          |
|    total_timesteps      | 24576       |
| train/                  |             |
|    approx_kl            | 0.019147918 |
|    clip_fraction        | 0.197       |
|    clip_range           | 0.2         |
|    entropy_loss         | -21         |
|    explained_variance   | 0.72843754  |
|    learning_rate        | 0.0003      |
|    loss                 | 0.512       |
|    n_updates            | 110         |
|    policy_gradient_loss | -0.0353     |
|    std                  | 0.979       |
|    value_loss           | 0.838       |
-----------------------------------------
-----------------------------------------
| rollout/                |             |
|    ep_len_mean          | 209         |
|    ep_rew_mean          | 10.5        |
| time/                   |             |
|    fps                  | 1731        |
|    iterations           | 13          |
|    time_elapsed         | 15          |
|    total_timesteps      | 26624       |
| train/                  |             |
|    approx_kl            | 0.019147847 |
|    clip_fraction        | 0.207       |
|    clip_range           | 0.2         |
|    entropy_loss         | -21         |
|    explained_variance   | 0.81290627  |
|    learning_rate        | 0.0003      |
|    loss                 | 0.403       |
|    n_updates            | 120         |
|    policy_gradient_loss | -0.0366     |
|    std                  | 0.979       |
|    value_loss           | 0.633       |
-----------------------------------------
-----------------------------------------
| rollout/                |             |
|    ep_len_mean          | 208         |
|    ep_rew_mean          | 10.7        |
| time/                   |             |
|    fps                  | 1734        |
|    iterations           | 14          |
|    time_elapsed         | 16          |
|    total_timesteps      | 28672       |
| train/                  |             |
|    approx_kl            | 0.015736092 |
|    clip_fraction        | 0.171       |
|    clip_range           | 0.2         |
|    entropy_loss         | -21         |
|    explained_variance   | 0.71119654  |
|    learning_rate        | 0.0003      |
|    loss                 | 0.523       |
|    n_updates            | 130         |
|    policy_gradient_loss | -0.0359     |
|    std                  | 0.98        |
|    value_loss           | 0.746       |
-----------------------------------------
-----------------------------------------
| rollout/                |             |
|    ep_len_mean          | 211         |
|    ep_rew_mean          | 11.2        |
| time/                   |             |
|    fps                  | 1732        |
|    iterations           | 15          |
|    time_elapsed         | 17          |
|    total_timesteps      | 30720       |
| train/                  |             |
|    approx_kl            | 0.014687207 |
|    clip_fraction        | 0.161       |
|    clip_range           | 0.2         |
|    entropy_loss         | -21         |
|    explained_variance   | 0.77243733  |
|    learning_rate        | 0.0003      |
|    loss                 | 0.148       |
|    n_updates            | 140         |
|    policy_gradient_loss | -0.0343     |
|    std                  | 0.98        |
|    value_loss           | 0.656       |
-----------------------------------------
-----------------------------------------
| rollout/                |             |
|    ep_len_mean          | 213         |
|    ep_rew_mean          | 11.6        |
| time/                   |             |
|    fps                  | 1728        |
|    iterations           | 16          |
|    time_elapsed         | 18          |
|    total_timesteps      | 32768       |
| train/                  |             |
|    approx_kl            | 0.020610478 |
|    clip_fraction        | 0.206       |
|    clip_range           | 0.2         |
|    entropy_loss         | -21         |
|    explained_variance   | 0.78213847  |
|    learning_rate        | 0.0003      |
|    loss                 | 0.0821      |
|    n_updates            | 150         |
|    policy_gradient_loss | -0.0383     |
|    std                  | 0.979       |
|    value_loss           | 0.653       |
-----------------------------------------
----------------------------------------
| rollout/                |            |
|    ep_len_mean          | 214        |
|    ep_rew_mean          | 12.2       |
| time/                   |            |
|    fps                  | 1723       |
|    iterations           | 17         |
|    time_elapsed         | 20         |
|    total_timesteps      | 34816      |
| train/                  |            |
|    approx_kl            | 0.02170195 |
|    clip_fraction        | 0.209      |
|    clip_range           | 0.2        |
|    entropy_loss         | -20.9      |
|    explained_variance   | 0.8481401  |
|    learning_rate        | 0.0003     |
|    loss                 | 0.461      |
|    n_updates            | 160        |
|    policy_gradient_loss | -0.0373    |
|    std                  | 0.975      |
|    value_loss           | 0.627      |
----------------------------------------
-----------------------------------------
| rollout/                |             |
|    ep_len_mean          | 217         |
|    ep_rew_mean          | 12.6        |
| time/                   |             |
|    fps                  | 1723        |
|    iterations           | 18          |
|    time_elapsed         | 21          |
|    total_timesteps      | 36864       |
| train/                  |             |
|    approx_kl            | 0.019435298 |
|    clip_fraction        | 0.208       |
|    clip_range           | 0.2         |
|    entropy_loss         | -20.9       |
|    explained_variance   | 0.8520613   |
|    learning_rate        | 0.0003      |
|    loss                 | 0.081       |
|    n_updates            | 170         |
|    policy_gradient_loss | -0.0359     |
|    std                  | 0.975       |
|    value_loss           | 0.597       |
-----------------------------------------
-----------------------------------------
| rollout/                |             |
|    ep_len_mean          | 218         |
|    ep_rew_mean          | 12.8        |
| time/                   |             |
|    fps                  | 1722        |
|    iterations           | 19          |
|    time_elapsed         | 22          |
|    total_timesteps      | 38912       |
| train/                  |             |
|    approx_kl            | 0.018592149 |
|    clip_fraction        | 0.199       |
|    clip_range           | 0.2         |
|    entropy_loss         | -20.9       |
|    explained_variance   | 0.85581964  |
|    learning_rate        | 0.0003      |
|    loss                 | 0.268       |
|    n_updates            | 180         |
|    policy_gradient_loss | -0.0348     |
|    std                  | 0.974       |
|    value_loss           | 0.593       |
-----------------------------------------
-----------------------------------------
| rollout/                |             |
|    ep_len_mean          | 219         |
|    ep_rew_mean          | 13.2        |
| time/                   |             |
|    fps                  | 1719        |
|    iterations           | 20          |
|    time_elapsed         | 23          |
|    total_timesteps      | 40960       |
| train/                  |             |
|    approx_kl            | 0.018789984 |
|    clip_fraction        | 0.196       |
|    clip_range           | 0.2         |
|    entropy_loss         | -20.9       |
|    explained_variance   | 0.86963403  |
|    learning_rate        | 0.0003      |
|    loss                 | 0.195       |
|    n_updates            | 190         |
|    policy_gradient_loss | -0.0379     |
|    std                  | 0.977       |
|    value_loss           | 0.49        |
-----------------------------------------
-----------------------------------------
| rollout/                |             |
|    ep_len_mean          | 220         |
|    ep_rew_mean          | 13.2        |
| time/                   |             |
|    fps                  | 1717        |
|    iterations           | 21          |
|    time_elapsed         | 25          |
|    total_timesteps      | 43008       |
| train/                  |             |
|    approx_kl            | 0.020270055 |
|    clip_fraction        | 0.206       |
|    clip_range           | 0.2         |
|    entropy_loss         | -20.9       |
|    explained_variance   | 0.81956387  |
|    learning_rate        | 0.0003      |
|    loss                 | 0.122       |
|    n_updates            | 200         |
|    policy_gradient_loss | -0.038      |
|    std                  | 0.973       |
|    value_loss           | 0.674       |
-----------------------------------------
-----------------------------------------
| rollout/                |             |
|    ep_len_mean          | 222         |
|    ep_rew_mean          | 14.1        |
| time/                   |             |
|    fps                  | 1701        |
|    iterations           | 22          |
|    time_elapsed         | 26          |
|    total_timesteps      | 45056       |
| train/                  |             |
|    approx_kl            | 0.017587014 |
|    clip_fraction        | 0.199       |
|    clip_range           | 0.2         |
|    entropy_loss         | -20.9       |
|    explained_variance   | 0.78123295  |
|    learning_rate        | 0.0003      |
|    loss                 | 0.359       |
|    n_updates            | 210         |
|    policy_gradient_loss | -0.0407     |
|    std                  | 0.975       |
|    value_loss           | 0.826       |
-----------------------------------------
-----------------------------------------
| rollout/                |             |
|    ep_len_mean          | 226         |
|    ep_rew_mean          | 14.7        |
| time/                   |             |
|    fps                  | 1697        |
|    iterations           | 23          |
|    time_elapsed         | 27          |
|    total_timesteps      | 47104       |
| train/                  |             |
|    approx_kl            | 0.018604329 |
|    clip_fraction        | 0.183       |
|    clip_range           | 0.2         |
|    entropy_loss         | -20.9       |
|    explained_variance   | 0.6663216   |
|    learning_rate        | 0.0003      |
|    loss                 | 0.237       |
|    n_updates            | 220         |
|    policy_gradient_loss | -0.0396     |
|    std                  | 0.971       |
|    value_loss           | 0.926       |
-----------------------------------------
----------------------------------------
| rollout/                |            |
|    ep_len_mean          | 229        |
|    ep_rew_mean          | 15.2       |
| time/                   |            |
|    fps                  | 1689       |
|    iterations           | 24         |
|    time_elapsed         | 29         |
|    total_timesteps      | 49152      |
| train/                  |            |
|    approx_kl            | 0.01861351 |
|    clip_fraction        | 0.186      |
|    clip_range           | 0.2        |
|    entropy_loss         | -20.8      |
|    explained_variance   | 0.68254226 |
|    learning_rate        | 0.0003     |
|    loss                 | 0.309      |
|    n_updates            | 230        |
|    policy_gradient_loss | -0.0385    |
|    std                  | 0.968      |
|    value_loss           | 1.08       |
----------------------------------------
-----------------------------------------
| rollout/                |             |
|    ep_len_mean          | 236         |
|    ep_rew_mean          | 16.3        |
| time/                   |             |
|    fps                  | 1685        |
|    iterations           | 25          |
|    time_elapsed         | 30          |
|    total_timesteps      | 51200       |
| train/                  |             |
|    approx_kl            | 0.021861173 |
|    clip_fraction        | 0.209       |
|    clip_range           | 0.2         |
|    entropy_loss         | -20.8       |
|    explained_variance   | 0.7265004   |
|    learning_rate        | 0.0003      |
|    loss                 | 0.22        |
|    n_updates            | 240         |
|    policy_gradient_loss | -0.0398     |
|    std                  | 0.964       |
|    value_loss           | 1.12        |
-----------------------------------------
-----------------------------------------
| rollout/                |             |
|    ep_len_mean          | 243         |
|    ep_rew_mean          | 17.3        |
| time/                   |             |
|    fps                  | 1683        |
|    iterations           | 26          |
|    time_elapsed         | 31          |
|    total_timesteps      | 53248       |
| train/                  |             |
|    approx_kl            | 0.018319637 |
|    clip_fraction        | 0.192       |
|    clip_range           | 0.2         |
|    entropy_loss         | -20.7       |
|    explained_variance   | 0.7598135   |
|    learning_rate        | 0.0003      |
|    loss                 | 0.183       |
|    n_updates            | 250         |
|    policy_gradient_loss | -0.0389     |
|    std                  | 0.966       |
|    value_loss           | 1.09        |
-----------------------------------------
-----------------------------------------
| rollout/                |             |
|    ep_len_mean          | 248         |
|    ep_rew_mean          | 18.4        |
| time/                   |             |
|    fps                  | 1681        |
|    iterations           | 27          |
|    time_elapsed         | 32          |
|    total_timesteps      | 55296       |
| train/                  |             |
|    approx_kl            | 0.018034285 |
|    clip_fraction        | 0.18        |
|    clip_range           | 0.2         |
|    entropy_loss         | -20.7       |
|    explained_variance   | 0.66876274  |
|    learning_rate        | 0.0003      |
|    loss                 | 0.415       |
|    n_updates            | 260         |
|    policy_gradient_loss | -0.0383     |
|    std                  | 0.965       |
|    value_loss           | 1.61        |
-----------------------------------------
-----------------------------------------
| rollout/                |             |
|    ep_len_mean          | 252         |
|    ep_rew_mean          | 19          |
| time/                   |             |
|    fps                  | 1680        |
|    iterations           | 28          |
|    time_elapsed         | 34          |
|    total_timesteps      | 57344       |
| train/                  |             |
|    approx_kl            | 0.020480558 |
|    clip_fraction        | 0.214       |
|    clip_range           | 0.2         |
|    entropy_loss         | -20.7       |
|    explained_variance   | 0.71937096  |
|    learning_rate        | 0.0003      |
|    loss                 | 0.319       |
|    n_updates            | 270         |
|    policy_gradient_loss | -0.041      |
|    std                  | 0.962       |
|    value_loss           | 1.38        |
-----------------------------------------
----------------------------------------
| rollout/                |            |
|    ep_len_mean          | 258        |
|    ep_rew_mean          | 19.9       |
| time/                   |            |
|    fps                  | 1679       |
|    iterations           | 29         |
|    time_elapsed         | 35         |
|    total_timesteps      | 59392      |
| train/                  |            |
|    approx_kl            | 0.01784591 |
|    clip_fraction        | 0.204      |
|    clip_range           | 0.2        |
|    entropy_loss         | -20.7      |
|    explained_variance   | 0.80130255 |
|    learning_rate        | 0.0003     |
|    loss                 | 0.428      |
|    n_updates            | 280        |
|    policy_gradient_loss | -0.0379    |
|    std                  | 0.959      |
|    value_loss           | 1.14       |
----------------------------------------
----------------------------------------
| rollout/                |            |
|    ep_len_mean          | 260        |
|    ep_rew_mean          | 20.3       |
| time/                   |            |
|    fps                  | 1678       |
|    iterations           | 30         |
|    time_elapsed         | 36         |
|    total_timesteps      | 61440      |
| train/                  |            |
|    approx_kl            | 0.01761382 |
|    clip_fraction        | 0.195      |
|    clip_range           | 0.2        |
|    entropy_loss         | -20.6      |
|    explained_variance   | 0.7015244  |
|    learning_rate        | 0.0003     |
|    loss                 | 0.439      |
|    n_updates            | 290        |
|    policy_gradient_loss | -0.0374    |
|    std                  | 0.959      |
|    value_loss           | 1.77       |
----------------------------------------
-----------------------------------------
| rollout/                |             |
|    ep_len_mean          | 263         |
|    ep_rew_mean          | 20.7        |
| time/                   |             |
|    fps                  | 1677        |
|    iterations           | 31          |
|    time_elapsed         | 37          |
|    total_timesteps      | 63488       |
| train/                  |             |
|    approx_kl            | 0.024144787 |
|    clip_fraction        | 0.242       |
|    clip_range           | 0.2         |
|    entropy_loss         | -20.6       |
|    explained_variance   | 0.81875724  |
|    learning_rate        | 0.0003      |
|    loss                 | 0.218       |
|    n_updates            | 300         |
|    policy_gradient_loss | -0.0421     |
|    std                  | 0.956       |
|    value_loss           | 1.06        |
-----------------------------------------
----------------------------------------
| rollout/                |            |
|    ep_len_mean          | 272        |
|    ep_rew_mean          | 22         |
| time/                   |            |
|    fps                  | 1675       |
|    iterations           | 32         |
|    time_elapsed         | 39         |
|    total_timesteps      | 65536      |
| train/                  |            |
|    approx_kl            | 0.02426286 |
|    clip_fraction        | 0.22       |
|    clip_range           | 0.2        |
|    entropy_loss         | -20.6      |
|    explained_variance   | 0.8172085  |
|    learning_rate        | 0.0003     |
|    loss                 | 0.219      |
|    n_updates            | 310        |
|    policy_gradient_loss | -0.0421    |
|    std                  | 0.955      |
|    value_loss           | 1.08       |
----------------------------------------
-----------------------------------------
| rollout/                |             |
|    ep_len_mean          | 277         |
|    ep_rew_mean          | 22.9        |
| time/                   |             |
|    fps                  | 1674        |
|    iterations           | 33          |
|    time_elapsed         | 40          |
|    total_timesteps      | 67584       |
| train/                  |             |
|    approx_kl            | 0.020521315 |
|    clip_fraction        | 0.221       |
|    clip_range           | 0.2         |
|    entropy_loss         | -20.6       |
|    explained_variance   | 0.7256255   |
|    learning_rate        | 0.0003      |
|    loss                 | 0.654       |
|    n_updates            | 320         |
|    policy_gradient_loss | -0.0426     |
|    std                  | 0.953       |
|    value_loss           | 1.85        |
-----------------------------------------
-----------------------------------------
| rollout/                |             |
|    ep_len_mean          | 282         |
|    ep_rew_mean          | 23.9        |
| time/                   |             |
|    fps                  | 1672        |
|    iterations           | 34          |
|    time_elapsed         | 41          |
|    total_timesteps      | 69632       |
| train/                  |             |
|    approx_kl            | 0.021649163 |
|    clip_fraction        | 0.232       |
|    clip_range           | 0.2         |
|    entropy_loss         | -20.5       |
|    explained_variance   | 0.7454506   |
|    learning_rate        | 0.0003      |
|    loss                 | 0.271       |
|    n_updates            | 330         |
|    policy_gradient_loss | -0.0428     |
|    std                  | 0.952       |
|    value_loss           | 1.38        |
-----------------------------------------
----------------------------------------
| rollout/                |            |
|    ep_len_mean          | 291        |
|    ep_rew_mean          | 25.6       |
| time/                   |            |
|    fps                  | 1669       |
|    iterations           | 35         |
|    time_elapsed         | 42         |
|    total_timesteps      | 71680      |
| train/                  |            |
|    approx_kl            | 0.01800562 |
|    clip_fraction        | 0.2        |
|    clip_range           | 0.2        |
|    entropy_loss         | -20.5      |
|    explained_variance   | 0.7479423  |
|    learning_rate        | 0.0003     |
|    loss                 | 0.29       |
|    n_updates            | 340        |
|    policy_gradient_loss | -0.0368    |
|    std                  | 0.953      |
|    value_loss           | 1.36       |
----------------------------------------
-----------------------------------------
| rollout/                |             |
|    ep_len_mean          | 297         |
|    ep_rew_mean          | 26.7        |
| time/                   |             |
|    fps                  | 1668        |
|    iterations           | 36          |
|    time_elapsed         | 44          |
|    total_timesteps      | 73728       |
| train/                  |             |
|    approx_kl            | 0.020423386 |
|    clip_fraction        | 0.228       |
|    clip_range           | 0.2         |
|    entropy_loss         | -20.6       |
|    explained_variance   | 0.7160473   |
|    learning_rate        | 0.0003      |
|    loss                 | 0.967       |
|    n_updates            | 350         |
|    policy_gradient_loss | -0.0413     |
|    std                  | 0.953       |
|    value_loss           | 2.01        |
-----------------------------------------
-----------------------------------------
| rollout/                |             |
|    ep_len_mean          | 300         |
|    ep_rew_mean          | 27.6        |
| time/                   |             |
|    fps                  | 1666        |
|    iterations           | 37          |
|    time_elapsed         | 45          |
|    total_timesteps      | 75776       |
| train/                  |             |
|    approx_kl            | 0.027078226 |
|    clip_fraction        | 0.254       |
|    clip_range           | 0.2         |
|    entropy_loss         | -20.5       |
|    explained_variance   | 0.78037995  |
|    learning_rate        | 0.0003      |
|    loss                 | 0.358       |
|    n_updates            | 360         |
|    policy_gradient_loss | -0.0424     |
|    std                  | 0.95        |
|    value_loss           | 1.41        |
-----------------------------------------
-----------------------------------------
| rollout/                |             |
|    ep_len_mean          | 300         |
|    ep_rew_mean          | 27.8        |
| time/                   |             |
|    fps                  | 1665        |
|    iterations           | 38          |
|    time_elapsed         | 46          |
|    total_timesteps      | 77824       |
| train/                  |             |
|    approx_kl            | 0.021010712 |
|    clip_fraction        | 0.236       |
|    clip_range           | 0.2         |
|    entropy_loss         | -20.5       |
|    explained_variance   | 0.81597364  |
|    learning_rate        | 0.0003      |
|    loss                 | 0.362       |
|    n_updates            | 370         |
|    policy_gradient_loss | -0.0415     |
|    std                  | 0.948       |
|    value_loss           | 1.41        |
-----------------------------------------
-----------------------------------------
| rollout/                |             |
|    ep_len_mean          | 303         |
|    ep_rew_mean          | 28.5        |
| time/                   |             |
|    fps                  | 1664        |
|    iterations           | 39          |
|    time_elapsed         | 47          |
|    total_timesteps      | 79872       |
| train/                  |             |
|    approx_kl            | 0.020305008 |
|    clip_fraction        | 0.219       |
|    clip_range           | 0.2         |
|    entropy_loss         | -20.5       |
|    explained_variance   | 0.86989486  |
|    learning_rate        | 0.0003      |
|    loss                 | 0.588       |
|    n_updates            | 380         |
|    policy_gradient_loss | -0.0364     |
|    std                  | 0.951       |
|    value_loss           | 0.824       |
-----------------------------------------
-----------------------------------------
| rollout/                |             |
|    ep_len_mean          | 300         |
|    ep_rew_mean          | 27.9        |
| time/                   |             |
|    fps                  | 1663        |
|    iterations           | 40          |
|    time_elapsed         | 49          |
|    total_timesteps      | 81920       |
| train/                  |             |
|    approx_kl            | 0.019261414 |
|    clip_fraction        | 0.238       |
|    clip_range           | 0.2         |
|    entropy_loss         | -20.5       |
|    explained_variance   | 0.8248225   |
|    learning_rate        | 0.0003      |
|    loss                 | 0.541       |
|    n_updates            | 390         |
|    policy_gradient_loss | -0.0401     |
|    std                  | 0.949       |
|    value_loss           | 1.54        |
-----------------------------------------
-----------------------------------------
| rollout/                |             |
|    ep_len_mean          | 303         |
|    ep_rew_mean          | 28.7        |
| time/                   |             |
|    fps                  | 1662        |
|    iterations           | 41          |
|    time_elapsed         | 50          |
|    total_timesteps      | 83968       |
| train/                  |             |
|    approx_kl            | 0.019891586 |
|    clip_fraction        | 0.232       |
|    clip_range           | 0.2         |
|    entropy_loss         | -20.5       |
|    explained_variance   | 0.828773    |
|    learning_rate        | 0.0003      |
|    loss                 | 0.526       |
|    n_updates            | 400         |
|    policy_gradient_loss | -0.0396     |
|    std                  | 0.947       |
|    value_loss           | 1.31        |
-----------------------------------------
-----------------------------------------
| rollout/                |             |
|    ep_len_mean          | 305         |
|    ep_rew_mean          | 29.2        |
| time/                   |             |
|    fps                  | 1661        |
|    iterations           | 42          |
|    time_elapsed         | 51          |
|    total_timesteps      | 86016       |
| train/                  |             |
|    approx_kl            | 0.021085558 |
|    clip_fraction        | 0.228       |
|    clip_range           | 0.2         |
|    entropy_loss         | -20.5       |
|    explained_variance   | 0.6876506   |
|    learning_rate        | 0.0003      |
|    loss                 | 0.318       |
|    n_updates            | 410         |
|    policy_gradient_loss | -0.0405     |
|    std                  | 0.947       |
|    value_loss           | 2.27        |
-----------------------------------------
-----------------------------------------
| rollout/                |             |
|    ep_len_mean          | 306         |
|    ep_rew_mean          | 29.3        |
| time/                   |             |
|    fps                  | 1660        |
|    iterations           | 43          |
|    time_elapsed         | 53          |
|    total_timesteps      | 88064       |
| train/                  |             |
|    approx_kl            | 0.022681236 |
|    clip_fraction        | 0.228       |
|    clip_range           | 0.2         |
|    entropy_loss         | -20.5       |
|    explained_variance   | 0.8169502   |
|    learning_rate        | 0.0003      |
|    loss                 | 0.606       |
|    n_updates            | 420         |
|    policy_gradient_loss | -0.0389     |
|    std                  | 0.95        |
|    value_loss           | 1.7         |
-----------------------------------------
-----------------------------------------
| rollout/                |             |
|    ep_len_mean          | 306         |
|    ep_rew_mean          | 29.7        |
| time/                   |             |
|    fps                  | 1659        |
|    iterations           | 44          |
|    time_elapsed         | 54          |
|    total_timesteps      | 90112       |
| train/                  |             |
|    approx_kl            | 0.020958979 |
|    clip_fraction        | 0.228       |
|    clip_range           | 0.2         |
|    entropy_loss         | -20.5       |
|    explained_variance   | 0.7659977   |
|    learning_rate        | 0.0003      |
|    loss                 | 0.709       |
|    n_updates            | 430         |
|    policy_gradient_loss | -0.038      |
|    std                  | 0.95        |
|    value_loss           | 1.86        |
-----------------------------------------
-----------------------------------------
| rollout/                |             |
|    ep_len_mean          | 313         |
|    ep_rew_mean          | 31.1        |
| time/                   |             |
|    fps                  | 1657        |
|    iterations           | 45          |
|    time_elapsed         | 55          |
|    total_timesteps      | 92160       |
| train/                  |             |
|    approx_kl            | 0.024205118 |
|    clip_fraction        | 0.249       |
|    clip_range           | 0.2         |
|    entropy_loss         | -20.5       |
|    explained_variance   | 0.83326     |
|    learning_rate        | 0.0003      |
|    loss                 | 0.4         |
|    n_updates            | 440         |
|    policy_gradient_loss | -0.044      |
|    std                  | 0.948       |
|    value_loss           | 1.39        |
-----------------------------------------
-----------------------------------------
| rollout/                |             |
|    ep_len_mean          | 316         |
|    ep_rew_mean          | 31.7        |
| time/                   |             |
|    fps                  | 1655        |
|    iterations           | 46          |
|    time_elapsed         | 56          |
|    total_timesteps      | 94208       |
| train/                  |             |
|    approx_kl            | 0.022068353 |
|    clip_fraction        | 0.264       |
|    clip_range           | 0.2         |
|    entropy_loss         | -20.5       |
|    explained_variance   | 0.817609    |
|    learning_rate        | 0.0003      |
|    loss                 | 0.644       |
|    n_updates            | 450         |
|    policy_gradient_loss | -0.0414     |
|    std                  | 0.948       |
|    value_loss           | 1.66        |
-----------------------------------------
-----------------------------------------
| rollout/                |             |
|    ep_len_mean          | 321         |
|    ep_rew_mean          | 32.7        |
| time/                   |             |
|    fps                  | 1652        |
|    iterations           | 47          |
|    time_elapsed         | 58          |
|    total_timesteps      | 96256       |
| train/                  |             |
|    approx_kl            | 0.020867344 |
|    clip_fraction        | 0.227       |
|    clip_range           | 0.2         |
|    entropy_loss         | -20.5       |
|    explained_variance   | 0.8068941   |
|    learning_rate        | 0.0003      |
|    loss                 | 0.497       |
|    n_updates            | 460         |
|    policy_gradient_loss | -0.0369     |
|    std                  | 0.949       |
|    value_loss           | 1.78        |
-----------------------------------------
-----------------------------------------
| rollout/                |             |
|    ep_len_mean          | 333         |
|    ep_rew_mean          | 35          |
| time/                   |             |
|    fps                  | 1649        |
|    iterations           | 48          |
|    time_elapsed         | 59          |
|    total_timesteps      | 98304       |
| train/                  |             |
|    approx_kl            | 0.022912592 |
|    clip_fraction        | 0.254       |
|    clip_range           | 0.2         |
|    entropy_loss         | -20.5       |
|    explained_variance   | 0.73344314  |
|    learning_rate        | 0.0003      |
|    loss                 | 0.647       |
|    n_updates            | 470         |
|    policy_gradient_loss | -0.0417     |
|    std                  | 0.947       |
|    value_loss           | 1.64        |
-----------------------------------------
-----------------------------------------
| rollout/                |             |
|    ep_len_mean          | 334         |
|    ep_rew_mean          | 35.1        |
| time/                   |             |
|    fps                  | 1648        |
|    iterations           | 49          |
|    time_elapsed         | 60          |
|    total_timesteps      | 100352      |
| train/                  |             |
|    approx_kl            | 0.021980856 |
|    clip_fraction        | 0.227       |
|    clip_range           | 0.2         |
|    entropy_loss         | -20.4       |
|    explained_variance   | 0.65241534  |
|    learning_rate        | 0.0003      |
|    loss                 | 1.1         |
|    n_updates            | 480         |
|    policy_gradient_loss | -0.0421     |
|    std                  | 0.944       |
|    value_loss           | 3.09        |
-----------------------------------------
-----------------------------------------
| rollout/                |             |
|    ep_len_mean          | 343         |
|    ep_rew_mean          | 36.8        |
| time/                   |             |
|    fps                  | 1646        |
|    iterations           | 50          |
|    time_elapsed         | 62          |
|    total_timesteps      | 102400      |
| train/                  |             |
|    approx_kl            | 0.024192423 |
|    clip_fraction        | 0.245       |
|    clip_range           | 0.2         |
|    entropy_loss         | -20.4       |
|    explained_variance   | 0.7792311   |
|    learning_rate        | 0.0003      |
|    loss                 | 0.493       |
|    n_updates            | 490         |
|    policy_gradient_loss | -0.0432     |
|    std                  | 0.942       |
|    value_loss           | 1.85        |
-----------------------------------------
-----------------------------------------
| rollout/                |             |
|    ep_len_mean          | 352         |
|    ep_rew_mean          | 38.4        |
| time/                   |             |
|    fps                  | 1642        |
|    iterations           | 51          |
|    time_elapsed         | 63          |
|    total_timesteps      | 104448      |
| train/                  |             |
|    approx_kl            | 0.023483068 |
|    clip_fraction        | 0.26        |
|    clip_range           | 0.2         |
|    entropy_loss         | -20.4       |
|    explained_variance   | 0.7658143   |
|    learning_rate        | 0.0003      |
|    loss                 | 0.458       |
|    n_updates            | 500         |
|    policy_gradient_loss | -0.0407     |
|    std                  | 0.941       |
|    value_loss           | 1.65        |
-----------------------------------------
----------------------------------------
| rollout/                |            |
|    ep_len_mean          | 358        |
|    ep_rew_mean          | 39.5       |
| time/                   |            |
|    fps                  | 1635       |
|    iterations           | 52         |
|    time_elapsed         | 65         |
|    total_timesteps      | 106496     |
| train/                  |            |
|    approx_kl            | 0.02369189 |
|    clip_fraction        | 0.259      |
|    clip_range           | 0.2        |
|    entropy_loss         | -20.3      |
|    explained_variance   | 0.8220555  |
|    learning_rate        | 0.0003     |
|    loss                 | 0.645      |
|    n_updates            | 510        |
|    policy_gradient_loss | -0.04      |
|    std                  | 0.941      |
|    value_loss           | 1.71       |
----------------------------------------
-----------------------------------------
| rollout/                |             |
|    ep_len_mean          | 357         |
|    ep_rew_mean          | 39.8        |
| time/                   |             |
|    fps                  | 1632        |
|    iterations           | 53          |
|    time_elapsed         | 66          |
|    total_timesteps      | 108544      |
| train/                  |             |
|    approx_kl            | 0.026219262 |
|    clip_fraction        | 0.263       |
|    clip_range           | 0.2         |
|    entropy_loss         | -20.3       |
|    explained_variance   | 0.8389521   |
|    learning_rate        | 0.0003      |
|    loss                 | 0.342       |
|    n_updates            | 520         |
|    policy_gradient_loss | -0.0394     |
|    std                  | 0.94        |
|    value_loss           | 1.48        |
-----------------------------------------
----------------------------------------
| rollout/                |            |
|    ep_len_mean          | 368        |
|    ep_rew_mean          | 41.8       |
| time/                   |            |
|    fps                  | 1622       |
|    iterations           | 54         |
|    time_elapsed         | 68         |
|    total_timesteps      | 110592     |
| train/                  |            |
|    approx_kl            | 0.02627238 |
|    clip_fraction        | 0.274      |
|    clip_range           | 0.2        |
|    entropy_loss         | -20.3      |
|    explained_variance   | 0.8475417  |
|    learning_rate        | 0.0003     |
|    loss                 | 0.539      |
|    n_updates            | 530        |
|    policy_gradient_loss | -0.0425    |
|    std                  | 0.938      |
|    value_loss           | 1.33       |
----------------------------------------
-----------------------------------------
| rollout/                |             |
|    ep_len_mean          | 373         |
|    ep_rew_mean          | 42.8        |
| time/                   |             |
|    fps                  | 1620        |
|    iterations           | 55          |
|    time_elapsed         | 69          |
|    total_timesteps      | 112640      |
| train/                  |             |
|    approx_kl            | 0.023515277 |
|    clip_fraction        | 0.233       |
|    clip_range           | 0.2         |
|    entropy_loss         | -20.3       |
|    explained_variance   | 0.825822    |
|    learning_rate        | 0.0003      |
|    loss                 | 0.158       |
|    n_updates            | 540         |
|    policy_gradient_loss | -0.0418     |
|    std                  | 0.937       |
|    value_loss           | 1.31        |
-----------------------------------------
-----------------------------------------
| rollout/                |             |
|    ep_len_mean          | 385         |
|    ep_rew_mean          | 44.8        |
| time/                   |             |
|    fps                  | 1616        |
|    iterations           | 56          |
|    time_elapsed         | 70          |
|    total_timesteps      | 114688      |
| train/                  |             |
|    approx_kl            | 0.022912879 |
|    clip_fraction        | 0.239       |
|    clip_range           | 0.2         |
|    entropy_loss         | -20.3       |
|    explained_variance   | 0.85741276  |
|    learning_rate        | 0.0003      |
|    loss                 | 0.505       |
|    n_updates            | 550         |
|    policy_gradient_loss | -0.0355     |
|    std                  | 0.94        |
|    value_loss           | 1.96        |
-----------------------------------------
-----------------------------------------
| rollout/                |             |
|    ep_len_mean          | 395         |
|    ep_rew_mean          | 46.6        |
| time/                   |             |
|    fps                  | 1614        |
|    iterations           | 57          |
|    time_elapsed         | 72          |
|    total_timesteps      | 116736      |
| train/                  |             |
|    approx_kl            | 0.023567054 |
|    clip_fraction        | 0.252       |
|    clip_range           | 0.2         |
|    entropy_loss         | -20.3       |
|    explained_variance   | 0.74019194  |
|    learning_rate        | 0.0003      |
|    loss                 | 0.477       |
|    n_updates            | 560         |
|    policy_gradient_loss | -0.0411     |
|    std                  | 0.935       |
|    value_loss           | 1.69        |
-----------------------------------------
-----------------------------------------
| rollout/                |             |
|    ep_len_mean          | 408         |
|    ep_rew_mean          | 48.9        |
| time/                   |             |
|    fps                  | 1612        |
|    iterations           | 58          |
|    time_elapsed         | 73          |
|    total_timesteps      | 118784      |
| train/                  |             |
|    approx_kl            | 0.021937912 |
|    clip_fraction        | 0.26        |
|    clip_range           | 0.2         |
|    entropy_loss         | -20.3       |
|    explained_variance   | 0.8223351   |
|    learning_rate        | 0.0003      |
|    loss                 | 0.459       |
|    n_updates            | 570         |
|    policy_gradient_loss | -0.0389     |
|    std                  | 0.936       |
|    value_loss           | 2.05        |
-----------------------------------------
----------------------------------------
| rollout/                |            |
|    ep_len_mean          | 416        |
|    ep_rew_mean          | 50.6       |
| time/                   |            |
|    fps                  | 1608       |
|    iterations           | 59         |
|    time_elapsed         | 75         |
|    total_timesteps      | 120832     |
| train/                  |            |
|    approx_kl            | 0.02059785 |
|    clip_fraction        | 0.228      |
|    clip_range           | 0.2        |
|    entropy_loss         | -20.3      |
|    explained_variance   | 0.8190708  |
|    learning_rate        | 0.0003     |
|    loss                 | 0.516      |
|    n_updates            | 580        |
|    policy_gradient_loss | -0.0386    |
|    std                  | 0.938      |
|    value_loss           | 2.03       |
----------------------------------------
-----------------------------------------
| rollout/                |             |
|    ep_len_mean          | 416         |
|    ep_rew_mean          | 50.7        |
| time/                   |             |
|    fps                  | 1607        |
|    iterations           | 60          |
|    time_elapsed         | 76          |
|    total_timesteps      | 122880      |
| train/                  |             |
|    approx_kl            | 0.022784818 |
|    clip_fraction        | 0.235       |
|    clip_range           | 0.2         |
|    entropy_loss         | -20.3       |
|    explained_variance   | 0.8891514   |
|    learning_rate        | 0.0003      |
|    loss                 | 0.578       |
|    n_updates            | 590         |
|    policy_gradient_loss | -0.0347     |
|    std                  | 0.935       |
|    value_loss           | 1.44        |
-----------------------------------------
-----------------------------------------
| rollout/                |             |
|    ep_len_mean          | 429         |
|    ep_rew_mean          | 53.3        |
| time/                   |             |
|    fps                  | 1605        |
|    iterations           | 61          |
|    time_elapsed         | 77          |
|    total_timesteps      | 124928      |
| train/                  |             |
|    approx_kl            | 0.025564082 |
|    clip_fraction        | 0.276       |
|    clip_range           | 0.2         |
|    entropy_loss         | -20.2       |
|    explained_variance   | 0.895896    |
|    learning_rate        | 0.0003      |
|    loss                 | 0.615       |
|    n_updates            | 600         |
|    policy_gradient_loss | -0.0439     |
|    std                  | 0.931       |
|    value_loss           | 1.65        |
-----------------------------------------
-----------------------------------------
| rollout/                |             |
|    ep_len_mean          | 431         |
|    ep_rew_mean          | 53.6        |
| time/                   |             |
|    fps                  | 1604        |
|    iterations           | 62          |
|    time_elapsed         | 79          |
|    total_timesteps      | 126976      |
| train/                  |             |
|    approx_kl            | 0.021770934 |
|    clip_fraction        | 0.241       |
|    clip_range           | 0.2         |
|    entropy_loss         | -20.2       |
|    explained_variance   | 0.75578177  |
|    learning_rate        | 0.0003      |
|    loss                 | 0.968       |
|    n_updates            | 610         |
|    policy_gradient_loss | -0.0359     |
|    std                  | 0.929       |
|    value_loss           | 2.35        |
-----------------------------------------
----------------------------------------
| rollout/                |            |
|    ep_len_mean          | 436        |
|    ep_rew_mean          | 54.5       |
| time/                   |            |
|    fps                  | 1602       |
|    iterations           | 63         |
|    time_elapsed         | 80         |
|    total_timesteps      | 129024     |
| train/                  |            |
|    approx_kl            | 0.02237235 |
|    clip_fraction        | 0.245      |
|    clip_range           | 0.2        |
|    entropy_loss         | -20.1      |
|    explained_variance   | 0.8183629  |
|    learning_rate        | 0.0003     |
|    loss                 | 0.292      |
|    n_updates            | 620        |
|    policy_gradient_loss | -0.0374    |
|    std                  | 0.929      |
|    value_loss           | 2.01       |
----------------------------------------
-----------------------------------------
| rollout/                |             |
|    ep_len_mean          | 453         |
|    ep_rew_mean          | 57.8        |
| time/                   |             |
|    fps                  | 1599        |
|    iterations           | 64          |
|    time_elapsed         | 81          |
|    total_timesteps      | 131072      |
| train/                  |             |
|    approx_kl            | 0.026114788 |
|    clip_fraction        | 0.276       |
|    clip_range           | 0.2         |
|    entropy_loss         | -20.1       |
|    explained_variance   | 0.74627674  |
|    learning_rate        | 0.0003      |
|    loss                 | 0.389       |
|    n_updates            | 630         |
|    policy_gradient_loss | -0.0416     |
|    std                  | 0.926       |
|    value_loss           | 1.83        |
-----------------------------------------
-----------------------------------------
| rollout/                |             |
|    ep_len_mean          | 461         |
|    ep_rew_mean          | 59.2        |
| time/                   |             |
|    fps                  | 1594        |
|    iterations           | 65          |
|    time_elapsed         | 83          |
|    total_timesteps      | 133120      |
| train/                  |             |
|    approx_kl            | 0.027872676 |
|    clip_fraction        | 0.274       |
|    clip_range           | 0.2         |
|    entropy_loss         | -20.1       |
|    explained_variance   | 0.68727267  |
|    learning_rate        | 0.0003      |
|    loss                 | 0.644       |
|    n_updates            | 640         |
|    policy_gradient_loss | -0.0383     |
|    std                  | 0.927       |
|    value_loss           | 2.43        |
-----------------------------------------
-----------------------------------------
| rollout/                |             |
|    ep_len_mean          | 478         |
|    ep_rew_mean          | 62.5        |
| time/                   |             |
|    fps                  | 1591        |
|    iterations           | 66          |
|    time_elapsed         | 84          |
|    total_timesteps      | 135168      |
| train/                  |             |
|    approx_kl            | 0.025020681 |
|    clip_fraction        | 0.284       |
|    clip_range           | 0.2         |
|    entropy_loss         | -20.1       |
|    explained_variance   | 0.81917703  |
|    learning_rate        | 0.0003      |
|    loss                 | 0.693       |
|    n_updates            | 650         |
|    policy_gradient_loss | -0.039      |
|    std                  | 0.929       |
|    value_loss           | 1.57        |
-----------------------------------------
-----------------------------------------
| rollout/                |             |
|    ep_len_mean          | 483         |
|    ep_rew_mean          | 63.4        |
| time/                   |             |
|    fps                  | 1589        |
|    iterations           | 67          |
|    time_elapsed         | 86          |
|    total_timesteps      | 137216      |
| train/                  |             |
|    approx_kl            | 0.022719387 |
|    clip_fraction        | 0.273       |
|    clip_range           | 0.2         |
|    entropy_loss         | -20.1       |
|    explained_variance   | 0.8421065   |
|    learning_rate        | 0.0003      |
|    loss                 | 0.534       |
|    n_updates            | 660         |
|    policy_gradient_loss | -0.0387     |
|    std                  | 0.926       |
|    value_loss           | 1.69        |
-----------------------------------------
-----------------------------------------
| rollout/                |             |
|    ep_len_mean          | 502         |
|    ep_rew_mean          | 67.1        |
| time/                   |             |
|    fps                  | 1587        |
|    iterations           | 68          |
|    time_elapsed         | 87          |
|    total_timesteps      | 139264      |
| train/                  |             |
|    approx_kl            | 0.025294434 |
|    clip_fraction        | 0.274       |
|    clip_range           | 0.2         |
|    entropy_loss         | -20.1       |
|    explained_variance   | 0.8011006   |
|    learning_rate        | 0.0003      |
|    loss                 | 0.274       |
|    n_updates            | 670         |
|    policy_gradient_loss | -0.0364     |
|    std                  | 0.924       |
|    value_loss           | 1.44        |
-----------------------------------------
-----------------------------------------
| rollout/                |             |
|    ep_len_mean          | 518         |
|    ep_rew_mean          | 70.1        |
| time/                   |             |
|    fps                  | 1584        |
|    iterations           | 69          |
|    time_elapsed         | 89          |
|    total_timesteps      | 141312      |
| train/                  |             |
|    approx_kl            | 0.032172106 |
|    clip_fraction        | 0.314       |
|    clip_range           | 0.2         |
|    entropy_loss         | -20         |
|    explained_variance   | 0.7354897   |
|    learning_rate        | 0.0003      |
|    loss                 | 0.125       |
|    n_updates            | 680         |
|    policy_gradient_loss | -0.0398     |
|    std                  | 0.921       |
|    value_loss           | 0.794       |
-----------------------------------------
-----------------------------------------
| rollout/                |             |
|    ep_len_mean          | 529         |
|    ep_rew_mean          | 72.4        |
| time/                   |             |
|    fps                  | 1580        |
|    iterations           | 70          |
|    time_elapsed         | 90          |
|    total_timesteps      | 143360      |
| train/                  |             |
|    approx_kl            | 0.026572755 |
|    clip_fraction        | 0.294       |
|    clip_range           | 0.2         |
|    entropy_loss         | -20         |
|    explained_variance   | 0.864141    |
|    learning_rate        | 0.0003      |
|    loss                 | 0.197       |
|    n_updates            | 690         |
|    policy_gradient_loss | -0.0339     |
|    std                  | 0.921       |
|    value_loss           | 0.95        |
-----------------------------------------
-----------------------------------------
| rollout/                |             |
|    ep_len_mean          | 538         |
|    ep_rew_mean          | 74.4        |
| time/                   |             |
|    fps                  | 1575        |
|    iterations           | 71          |
|    time_elapsed         | 92          |
|    total_timesteps      | 145408      |
| train/                  |             |
|    approx_kl            | 0.026746307 |
|    clip_fraction        | 0.258       |
|    clip_range           | 0.2         |
|    entropy_loss         | -20         |
|    explained_variance   | 0.8435932   |
|    learning_rate        | 0.0003      |
|    loss                 | 0.353       |
|    n_updates            | 700         |
|    policy_gradient_loss | -0.0341     |
|    std                  | 0.92        |
|    value_loss           | 1.4         |
-----------------------------------------
-----------------------------------------
| rollout/                |             |
|    ep_len_mean          | 549         |
|    ep_rew_mean          | 76.6        |
| time/                   |             |
|    fps                  | 1573        |
|    iterations           | 72          |
|    time_elapsed         | 93          |
|    total_timesteps      | 147456      |
| train/                  |             |
|    approx_kl            | 0.022611167 |
|    clip_fraction        | 0.253       |
|    clip_range           | 0.2         |
|    entropy_loss         | -20         |
|    explained_variance   | 0.8673435   |
|    learning_rate        | 0.0003      |
|    loss                 | 0.436       |
|    n_updates            | 710         |
|    policy_gradient_loss | -0.0331     |
|    std                  | 0.919       |
|    value_loss           | 2.02        |
-----------------------------------------
-----------------------------------------
| rollout/                |             |
|    ep_len_mean          | 557         |
|    ep_rew_mean          | 78.3        |
| time/                   |             |
|    fps                  | 1571        |
|    iterations           | 73          |
|    time_elapsed         | 95          |
|    total_timesteps      | 149504      |
| train/                  |             |
|    approx_kl            | 0.023422718 |
|    clip_fraction        | 0.279       |
|    clip_range           | 0.2         |
|    entropy_loss         | -20         |
|    explained_variance   | 0.8629494   |
|    learning_rate        | 0.0003      |
|    loss                 | 0.388       |
|    n_updates            | 720         |
|    policy_gradient_loss | -0.0403     |
|    std                  | 0.918       |
|    value_loss           | 1.85        |
-----------------------------------------
-----------------------------------------
| rollout/                |             |
|    ep_len_mean          | 564         |
|    ep_rew_mean          | 79.9        |
| time/                   |             |
|    fps                  | 1569        |
|    iterations           | 74          |
|    time_elapsed         | 96          |
|    total_timesteps      | 151552      |
| train/                  |             |
|    approx_kl            | 0.026248947 |
|    clip_fraction        | 0.282       |
|    clip_range           | 0.2         |
|    entropy_loss         | -20         |
|    explained_variance   | 0.89045465  |
|    learning_rate        | 0.0003      |
|    loss                 | 0.478       |
|    n_updates            | 730         |
|    policy_gradient_loss | -0.0394     |
|    std                  | 0.919       |
|    value_loss           | 1.36        |
-----------------------------------------
-----------------------------------------
| rollout/                |             |
|    ep_len_mean          | 570         |
|    ep_rew_mean          | 81.1        |
| time/                   |             |
|    fps                  | 1567        |
|    iterations           | 75          |
|    time_elapsed         | 98          |
|    total_timesteps      | 153600      |
| train/                  |             |
|    approx_kl            | 0.024130745 |
|    clip_fraction        | 0.253       |
|    clip_range           | 0.2         |
|    entropy_loss         | -19.9       |
|    explained_variance   | 0.8509467   |
|    learning_rate        | 0.0003      |
|    loss                 | 0.905       |
|    n_updates            | 740         |
|    policy_gradient_loss | -0.033      |
|    std                  | 0.914       |
|    value_loss           | 2.37        |
-----------------------------------------
-----------------------------------------
| rollout/                |             |
|    ep_len_mean          | 577         |
|    ep_rew_mean          | 82.8        |
| time/                   |             |
|    fps                  | 1565        |
|    iterations           | 76          |
|    time_elapsed         | 99          |
|    total_timesteps      | 155648      |
| train/                  |             |
|    approx_kl            | 0.029978178 |
|    clip_fraction        | 0.301       |
|    clip_range           | 0.2         |
|    entropy_loss         | -19.9       |
|    explained_variance   | 0.8268139   |
|    learning_rate        | 0.0003      |
|    loss                 | 0.365       |
|    n_updates            | 750         |
|    policy_gradient_loss | -0.0423     |
|    std                  | 0.911       |
|    value_loss           | 1.43        |
-----------------------------------------
-----------------------------------------
| rollout/                |             |
|    ep_len_mean          | 582         |
|    ep_rew_mean          | 84.2        |
| time/                   |             |
|    fps                  | 1564        |
|    iterations           | 77          |
|    time_elapsed         | 100         |
|    total_timesteps      | 157696      |
| train/                  |             |
|    approx_kl            | 0.023638189 |
|    clip_fraction        | 0.247       |
|    clip_range           | 0.2         |
|    entropy_loss         | -19.9       |
|    explained_variance   | 0.8070163   |
|    learning_rate        | 0.0003      |
|    loss                 | 1.25        |
|    n_updates            | 760         |
|    policy_gradient_loss | -0.0318     |
|    std                  | 0.914       |
|    value_loss           | 1.48        |
-----------------------------------------
-----------------------------------------
| rollout/                |             |
|    ep_len_mean          | 584         |
|    ep_rew_mean          | 84.6        |
| time/                   |             |
|    fps                  | 1562        |
|    iterations           | 78          |
|    time_elapsed         | 102         |
|    total_timesteps      | 159744      |
| train/                  |             |
|    approx_kl            | 0.022280557 |
|    clip_fraction        | 0.237       |
|    clip_range           | 0.2         |
|    entropy_loss         | -19.9       |
|    explained_variance   | 0.8994981   |
|    learning_rate        | 0.0003      |
|    loss                 | 0.522       |
|    n_updates            | 770         |
|    policy_gradient_loss | -0.0339     |
|    std                  | 0.917       |
|    value_loss           | 1.79        |
-----------------------------------------
-----------------------------------------
| rollout/                |             |
|    ep_len_mean          | 595         |
|    ep_rew_mean          | 87          |
| time/                   |             |
|    fps                  | 1560        |
|    iterations           | 79          |
|    time_elapsed         | 103         |
|    total_timesteps      | 161792      |
| train/                  |             |
|    approx_kl            | 0.023240324 |
|    clip_fraction        | 0.244       |
|    clip_range           | 0.2         |
|    entropy_loss         | -19.9       |
|    explained_variance   | 0.8484037   |
|    learning_rate        | 0.0003      |
|    loss                 | 0.419       |
|    n_updates            | 780         |
|    policy_gradient_loss | -0.0332     |
|    std                  | 0.913       |
|    value_loss           | 1.83        |
-----------------------------------------
-----------------------------------------
| rollout/                |             |
|    ep_len_mean          | 599         |
|    ep_rew_mean          | 87.9        |
| time/                   |             |
|    fps                  | 1557        |
|    iterations           | 80          |
|    time_elapsed         | 105         |
|    total_timesteps      | 163840      |
| train/                  |             |
|    approx_kl            | 0.025198366 |
|    clip_fraction        | 0.293       |
|    clip_range           | 0.2         |
|    entropy_loss         | -19.9       |
|    explained_variance   | 0.8759017   |
|    learning_rate        | 0.0003      |
|    loss                 | 0.254       |
|    n_updates            | 790         |
|    policy_gradient_loss | -0.0368     |
|    std                  | 0.912       |
|    value_loss           | 1.52        |
-----------------------------------------
----------------------------------------
| rollout/                |            |
|    ep_len_mean          | 607        |
|    ep_rew_mean          | 89.6       |
| time/                   |            |
|    fps                  | 1554       |
|    iterations           | 81         |
|    time_elapsed         | 106        |
|    total_timesteps      | 165888     |
| train/                  |            |
|    approx_kl            | 0.02416807 |
|    clip_fraction        | 0.264      |
|    clip_range           | 0.2        |
|    entropy_loss         | -19.9      |
|    explained_variance   | 0.8698843  |
|    learning_rate        | 0.0003     |
|    loss                 | 0.932      |
|    n_updates            | 800        |
|    policy_gradient_loss | -0.0339    |
|    std                  | 0.913      |
|    value_loss           | 1.71       |
----------------------------------------
-----------------------------------------
| rollout/                |             |
|    ep_len_mean          | 615         |
|    ep_rew_mean          | 91.1        |
| time/                   |             |
|    fps                  | 1550        |
|    iterations           | 82          |
|    time_elapsed         | 108         |
|    total_timesteps      | 167936      |
| train/                  |             |
|    approx_kl            | 0.026276255 |
|    clip_fraction        | 0.266       |
|    clip_range           | 0.2         |
|    entropy_loss         | -19.9       |
|    explained_variance   | 0.8055074   |
|    learning_rate        | 0.0003      |
|    loss                 | 0.74        |
|    n_updates            | 810         |
|    policy_gradient_loss | -0.0316     |
|    std                  | 0.914       |
|    value_loss           | 2.24        |
-----------------------------------------
-----------------------------------------
| rollout/                |             |
|    ep_len_mean          | 627         |
|    ep_rew_mean          | 93.4        |
| time/                   |             |
|    fps                  | 1547        |
|    iterations           | 83          |
|    time_elapsed         | 109         |
|    total_timesteps      | 169984      |
| train/                  |             |
|    approx_kl            | 0.023057345 |
|    clip_fraction        | 0.245       |
|    clip_range           | 0.2         |
|    entropy_loss         | -19.9       |
|    explained_variance   | 0.8307911   |
|    learning_rate        | 0.0003      |
|    loss                 | 0.635       |
|    n_updates            | 820         |
|    policy_gradient_loss | -0.0312     |
|    std                  | 0.915       |
|    value_loss           | 2.35        |
-----------------------------------------
-----------------------------------------
| rollout/                |             |
|    ep_len_mean          | 627         |
|    ep_rew_mean          | 93.4        |
| time/                   |             |
|    fps                  | 1543        |
|    iterations           | 84          |
|    time_elapsed         | 111         |
|    total_timesteps      | 172032      |
| train/                  |             |
|    approx_kl            | 0.029068228 |
|    clip_fraction        | 0.315       |
|    clip_range           | 0.2         |
|    entropy_loss         | -19.9       |
|    explained_variance   | 0.8363975   |
|    learning_rate        | 0.0003      |
|    loss                 | 0.302       |
|    n_updates            | 830         |
|    policy_gradient_loss | -0.0312     |
|    std                  | 0.918       |
|    value_loss           | 1.45        |
-----------------------------------------
-----------------------------------------
| rollout/                |             |
|    ep_len_mean          | 651         |
|    ep_rew_mean          | 98.3        |
| time/                   |             |
|    fps                  | 1541        |
|    iterations           | 85          |
|    time_elapsed         | 112         |
|    total_timesteps      | 174080      |
| train/                  |             |
|    approx_kl            | 0.031152196 |
|    clip_fraction        | 0.338       |
|    clip_range           | 0.2         |
|    entropy_loss         | -19.9       |
|    explained_variance   | 0.5394677   |
|    learning_rate        | 0.0003      |
|    loss                 | 0.258       |
|    n_updates            | 840         |
|    policy_gradient_loss | -0.0338     |
|    std                  | 0.916       |
|    value_loss           | 0.986       |
-----------------------------------------
-----------------------------------------
| rollout/                |             |
|    ep_len_mean          | 660         |
|    ep_rew_mean          | 99.9        |
| time/                   |             |
|    fps                  | 1538        |
|    iterations           | 86          |
|    time_elapsed         | 114         |
|    total_timesteps      | 176128      |
| train/                  |             |
|    approx_kl            | 0.030306535 |
|    clip_fraction        | 0.319       |
|    clip_range           | 0.2         |
|    entropy_loss         | -19.9       |
|    explained_variance   | 0.75773025  |
|    learning_rate        | 0.0003      |
|    loss                 | 0.162       |
|    n_updates            | 850         |
|    policy_gradient_loss | -0.0306     |
|    std                  | 0.917       |
|    value_loss           | 1.13        |
-----------------------------------------
-----------------------------------------
| rollout/                |             |
|    ep_len_mean          | 668         |
|    ep_rew_mean          | 102         |
| time/                   |             |
|    fps                  | 1537        |
|    iterations           | 87          |
|    time_elapsed         | 115         |
|    total_timesteps      | 178176      |
| train/                  |             |
|    approx_kl            | 0.024262615 |
|    clip_fraction        | 0.258       |
|    clip_range           | 0.2         |
|    entropy_loss         | -19.9       |
|    explained_variance   | 0.86556983  |
|    learning_rate        | 0.0003      |
|    loss                 | 0.674       |
|    n_updates            | 860         |
|    policy_gradient_loss | -0.0328     |
|    std                  | 0.915       |
|    value_loss           | 1.25        |
-----------------------------------------
----------------------------------------
| rollout/                |            |
|    ep_len_mean          | 666        |
|    ep_rew_mean          | 101        |
| time/                   |            |
|    fps                  | 1535       |
|    iterations           | 88         |
|    time_elapsed         | 117        |
|    total_timesteps      | 180224     |
| train/                  |            |
|    approx_kl            | 0.02027936 |
|    clip_fraction        | 0.207      |
|    clip_range           | 0.2        |
|    entropy_loss         | -19.9      |
|    explained_variance   | 0.7907105  |
|    learning_rate        | 0.0003     |
|    loss                 | 0.673      |
|    n_updates            | 870        |
|    policy_gradient_loss | -0.0359    |
|    std                  | 0.914      |
|    value_loss           | 3.31       |
----------------------------------------
-----------------------------------------
| rollout/                |             |
|    ep_len_mean          | 671         |
|    ep_rew_mean          | 102         |
| time/                   |             |
|    fps                  | 1529        |
|    iterations           | 89          |
|    time_elapsed         | 119         |
|    total_timesteps      | 182272      |
| train/                  |             |
|    approx_kl            | 0.023033664 |
|    clip_fraction        | 0.244       |
|    clip_range           | 0.2         |
|    entropy_loss         | -19.9       |
|    explained_variance   | 0.8566118   |
|    learning_rate        | 0.0003      |
|    loss                 | 0.328       |
|    n_updates            | 880         |
|    policy_gradient_loss | -0.036      |
|    std                  | 0.913       |
|    value_loss           | 2.18        |
-----------------------------------------
-----------------------------------------
| rollout/                |             |
|    ep_len_mean          | 671         |
|    ep_rew_mean          | 102         |
| time/                   |             |
|    fps                  | 1524        |
|    iterations           | 90          |
|    time_elapsed         | 120         |
|    total_timesteps      | 184320      |
| train/                  |             |
|    approx_kl            | 0.030118117 |
|    clip_fraction        | 0.349       |
|    clip_range           | 0.2         |
|    entropy_loss         | -19.9       |
|    explained_variance   | 0.8551005   |
|    learning_rate        | 0.0003      |
|    loss                 | 0.122       |
|    n_updates            | 890         |
|    policy_gradient_loss | -0.0343     |
|    std                  | 0.912       |
|    value_loss           | 0.783       |
-----------------------------------------
-----------------------------------------
| rollout/                |             |
|    ep_len_mean          | 705         |
|    ep_rew_mean          | 110         |
| time/                   |             |
|    fps                  | 1521        |
|    iterations           | 91          |
|    time_elapsed         | 122         |
|    total_timesteps      | 186368      |
| train/                  |             |
|    approx_kl            | 0.032119647 |
|    clip_fraction        | 0.363       |
|    clip_range           | 0.2         |
|    entropy_loss         | -19.8       |
|    explained_variance   | -3.1344972  |
|    learning_rate        | 0.0003      |
|    loss                 | 0.0734      |
|    n_updates            | 900         |
|    policy_gradient_loss | -0.0338     |
|    std                  | 0.91        |
|    value_loss           | 0.419       |
-----------------------------------------
-----------------------------------------
| rollout/                |             |
|    ep_len_mean          | 716         |
|    ep_rew_mean          | 112         |
| time/                   |             |
|    fps                  | 1517        |
|    iterations           | 92          |
|    time_elapsed         | 124         |
|    total_timesteps      | 188416      |
| train/                  |             |
|    approx_kl            | 0.026866412 |
|    clip_fraction        | 0.281       |
|    clip_range           | 0.2         |
|    entropy_loss         | -19.8       |
|    explained_variance   | 0.84079355  |
|    learning_rate        | 0.0003      |
|    loss                 | 0.0505      |
|    n_updates            | 910         |
|    policy_gradient_loss | -0.0271     |
|    std                  | 0.909       |
|    value_loss           | 0.717       |
-----------------------------------------
-----------------------------------------
| rollout/                |             |
|    ep_len_mean          | 727         |
|    ep_rew_mean          | 114         |
| time/                   |             |
|    fps                  | 1512        |
|    iterations           | 93          |
|    time_elapsed         | 125         |
|    total_timesteps      | 190464      |
| train/                  |             |
|    approx_kl            | 0.023174487 |
|    clip_fraction        | 0.248       |
|    clip_range           | 0.2         |
|    entropy_loss         | -19.8       |
|    explained_variance   | 0.7524613   |
|    learning_rate        | 0.0003      |
|    loss                 | 0.336       |
|    n_updates            | 920         |
|    policy_gradient_loss | -0.0287     |
|    std                  | 0.909       |
|    value_loss           | 1.08        |
-----------------------------------------
-----------------------------------------
| rollout/                |             |
|    ep_len_mean          | 727         |
|    ep_rew_mean          | 114         |
| time/                   |             |
|    fps                  | 1506        |
|    iterations           | 94          |
|    time_elapsed         | 127         |
|    total_timesteps      | 192512      |
| train/                  |             |
|    approx_kl            | 0.026020482 |
|    clip_fraction        | 0.279       |
|    clip_range           | 0.2         |
|    entropy_loss         | -19.8       |
|    explained_variance   | 0.87928456  |
|    learning_rate        | 0.0003      |
|    loss                 | 0.129       |
|    n_updates            | 930         |
|    policy_gradient_loss | -0.0311     |
|    std                  | 0.909       |
|    value_loss           | 0.835       |
-----------------------------------------
-----------------------------------------
| rollout/                |             |
|    ep_len_mean          | 752         |
|    ep_rew_mean          | 119         |
| time/                   |             |
|    fps                  | 1499        |
|    iterations           | 95          |
|    time_elapsed         | 129         |
|    total_timesteps      | 194560      |
| train/                  |             |
|    approx_kl            | 0.029068157 |
|    clip_fraction        | 0.35        |
|    clip_range           | 0.2         |
|    entropy_loss         | -19.8       |
|    explained_variance   | -1.6940484  |
|    learning_rate        | 0.0003      |
|    loss                 | -0.0347     |
|    n_updates            | 940         |
|    policy_gradient_loss | -0.035      |
|    std                  | 0.903       |
|    value_loss           | 0.167       |
-----------------------------------------
-----------------------------------------
| rollout/                |             |
|    ep_len_mean          | 772         |
|    ep_rew_mean          | 124         |
| time/                   |             |
|    fps                  | 1495        |
|    iterations           | 96          |
|    time_elapsed         | 131         |
|    total_timesteps      | 196608      |
| train/                  |             |
|    approx_kl            | 0.023543637 |
|    clip_fraction        | 0.276       |
|    clip_range           | 0.2         |
|    entropy_loss         | -19.7       |
|    explained_variance   | 0.7004528   |
|    learning_rate        | 0.0003      |
|    loss                 | -0.0175     |
|    n_updates            | 950         |
|    policy_gradient_loss | -0.0299     |
|    std                  | 0.905       |
|    value_loss           | 0.571       |
-----------------------------------------
-----------------------------------------
| rollout/                |             |
|    ep_len_mean          | 784         |
|    ep_rew_mean          | 126         |
| time/                   |             |
|    fps                  | 1491        |
|    iterations           | 97          |
|    time_elapsed         | 133         |
|    total_timesteps      | 198656      |
| train/                  |             |
|    approx_kl            | 0.024057936 |
|    clip_fraction        | 0.286       |
|    clip_range           | 0.2         |
|    entropy_loss         | -19.7       |
|    explained_variance   | 0.9251297   |
|    learning_rate        | 0.0003      |
|    loss                 | 0.0581      |
|    n_updates            | 960         |
|    policy_gradient_loss | -0.0341     |
|    std                  | 0.904       |
|    value_loss           | 0.382       |
-----------------------------------------
-----------------------------------------
| rollout/                |             |
|    ep_len_mean          | 798         |
|    ep_rew_mean          | 129         |
| time/                   |             |
|    fps                  | 1485        |
|    iterations           | 98          |
|    time_elapsed         | 135         |
|    total_timesteps      | 200704      |
| train/                  |             |
|    approx_kl            | 0.023731824 |
|    clip_fraction        | 0.272       |
|    clip_range           | 0.2         |
|    entropy_loss         | -19.7       |
|    explained_variance   | 0.81747895  |
|    learning_rate        | 0.0003      |
|    loss                 | 0.0567      |
|    n_updates            | 970         |
|    policy_gradient_loss | -0.0303     |
|    std                  | 0.904       |
|    value_loss           | 0.683       |
-----------------------------------------
-----------------------------------------
| rollout/                |             |
|    ep_len_mean          | 798         |
|    ep_rew_mean          | 129         |
| time/                   |             |
|    fps                  | 1480        |
|    iterations           | 99          |
|    time_elapsed         | 136         |
|    total_timesteps      | 202752      |
| train/                  |             |
|    approx_kl            | 0.026802154 |
|    clip_fraction        | 0.29        |
|    clip_range           | 0.2         |
|    entropy_loss         | -19.7       |
|    explained_variance   | 0.7305082   |
|    learning_rate        | 0.0003      |
|    loss                 | 0.0854      |
|    n_updates            | 980         |
|    policy_gradient_loss | -0.0286     |
|    std                  | 0.901       |
|    value_loss           | 0.644       |
-----------------------------------------
-----------------------------------------
| rollout/                |             |
|    ep_len_mean          | 839         |
|    ep_rew_mean          | 137         |
| time/                   |             |
|    fps                  | 1477        |
|    iterations           | 100         |
|    time_elapsed         | 138         |
|    total_timesteps      | 204800      |
| train/                  |             |
|    approx_kl            | 0.025655191 |
|    clip_fraction        | 0.301       |
|    clip_range           | 0.2         |
|    entropy_loss         | -19.6       |
|    explained_variance   | -2.666617   |
|    learning_rate        | 0.0003      |
|    loss                 | -0.0146     |
|    n_updates            | 990         |
|    policy_gradient_loss | -0.0332     |
|    std                  | 0.898       |
|    value_loss           | 0.16        |
-----------------------------------------
-----------------------------------------
| rollout/                |             |
|    ep_len_mean          | 851         |
|    ep_rew_mean          | 140         |
| time/                   |             |
|    fps                  | 1473        |
|    iterations           | 101         |
|    time_elapsed         | 140         |
|    total_timesteps      | 206848      |
| train/                  |             |
|    approx_kl            | 0.023891151 |
|    clip_fraction        | 0.278       |
|    clip_range           | 0.2         |
|    entropy_loss         | -19.6       |
|    explained_variance   | 0.6589409   |
|    learning_rate        | 0.0003      |
|    loss                 | 0.164       |
|    n_updates            | 1000        |
|    policy_gradient_loss | -0.0279     |
|    std                  | 0.899       |
|    value_loss           | 0.82        |
-----------------------------------------
---------------------------------------
| rollout/                |           |
|    ep_len_mean          | 874       |
|    ep_rew_mean          | 145       |
| time/                   |           |
|    fps                  | 1471      |
|    iterations           | 102       |
|    time_elapsed         | 141       |
|    total_timesteps      | 208896    |
| train/                  |           |
|    approx_kl            | 0.0253726 |
|    clip_fraction        | 0.293     |
|    clip_range           | 0.2       |
|    entropy_loss         | -19.7     |
|    explained_variance   | 0.8067018 |
|    learning_rate        | 0.0003    |
|    loss                 | 0.0278    |
|    n_updates            | 1010      |
|    policy_gradient_loss | -0.034    |
|    std                  | 0.9       |
|    value_loss           | 0.544     |
---------------------------------------
-----------------------------------------
| rollout/                |             |
|    ep_len_mean          | 879         |
|    ep_rew_mean          | 146         |
| time/                   |             |
|    fps                  | 1467        |
|    iterations           | 103         |
|    time_elapsed         | 143         |
|    total_timesteps      | 210944      |
| train/                  |             |
|    approx_kl            | 0.020280043 |
|    clip_fraction        | 0.23        |
|    clip_range           | 0.2         |
|    entropy_loss         | -19.6       |
|    explained_variance   | 0.8715436   |
|    learning_rate        | 0.0003      |
|    loss                 | 0.716       |
|    n_updates            | 1020        |
|    policy_gradient_loss | -0.0291     |
|    std                  | 0.896       |
|    value_loss           | 1.48        |
-----------------------------------------
----------------------------------------
| rollout/                |            |
|    ep_len_mean          | 896        |
|    ep_rew_mean          | 150        |
| time/                   |            |
|    fps                  | 1465       |
|    iterations           | 104        |
|    time_elapsed         | 145        |
|    total_timesteps      | 212992     |
| train/                  |            |
|    approx_kl            | 0.0235535  |
|    clip_fraction        | 0.263      |
|    clip_range           | 0.2        |
|    entropy_loss         | -19.6      |
|    explained_variance   | 0.88686085 |
|    learning_rate        | 0.0003     |
|    loss                 | 0.0383     |
|    n_updates            | 1030       |
|    policy_gradient_loss | -0.0259    |
|    std                  | 0.897      |
|    value_loss           | 0.762      |
----------------------------------------
-----------------------------------------
| rollout/                |             |
|    ep_len_mean          | 902         |
|    ep_rew_mean          | 151         |
| time/                   |             |
|    fps                  | 1463        |
|    iterations           | 105         |
|    time_elapsed         | 146         |
|    total_timesteps      | 215040      |
| train/                  |             |
|    approx_kl            | 0.028213136 |
|    clip_fraction        | 0.276       |
|    clip_range           | 0.2         |
|    entropy_loss         | -19.6       |
|    explained_variance   | 0.8925339   |
|    learning_rate        | 0.0003      |
|    loss                 | 0.36        |
|    n_updates            | 1040        |
|    policy_gradient_loss | -0.031      |
|    std                  | 0.894       |
|    value_loss           | 1.39        |
-----------------------------------------
----------------------------------------
| rollout/                |            |
|    ep_len_mean          | 906        |
|    ep_rew_mean          | 152        |
| time/                   |            |
|    fps                  | 1461       |
|    iterations           | 106        |
|    time_elapsed         | 148        |
|    total_timesteps      | 217088     |
| train/                  |            |
|    approx_kl            | 0.02428963 |
|    clip_fraction        | 0.266      |
|    clip_range           | 0.2        |
|    entropy_loss         | -19.6      |
|    explained_variance   | 0.8398768  |
|    learning_rate        | 0.0003     |
|    loss                 | 1.55       |
|    n_updates            | 1050       |
|    policy_gradient_loss | -0.0319    |
|    std                  | 0.894      |
|    value_loss           | 2.25       |
----------------------------------------
-----------------------------------------
| rollout/                |             |
|    ep_len_mean          | 930         |
|    ep_rew_mean          | 158         |
| time/                   |             |
|    fps                  | 1459        |
|    iterations           | 107         |
|    time_elapsed         | 150         |
|    total_timesteps      | 219136      |
| train/                  |             |
|    approx_kl            | 0.024050808 |
|    clip_fraction        | 0.27        |
|    clip_range           | 0.2         |
|    entropy_loss         | -19.6       |
|    explained_variance   | 0.9033172   |
|    learning_rate        | 0.0003      |
|    loss                 | 0.19        |
|    n_updates            | 1060        |
|    policy_gradient_loss | -0.0319     |
|    std                  | 0.894       |
|    value_loss           | 0.918       |
-----------------------------------------
-----------------------------------------
| rollout/                |             |
|    ep_len_mean          | 930         |
|    ep_rew_mean          | 158         |
| time/                   |             |
|    fps                  | 1456        |
|    iterations           | 108         |
|    time_elapsed         | 151         |
|    total_timesteps      | 221184      |
| train/                  |             |
|    approx_kl            | 0.029181385 |
|    clip_fraction        | 0.347       |
|    clip_range           | 0.2         |
|    entropy_loss         | -19.6       |
|    explained_variance   | 0.8482039   |
|    learning_rate        | 0.0003      |
|    loss                 | 0.0534      |
|    n_updates            | 1070        |
|    policy_gradient_loss | -0.029      |
|    std                  | 0.895       |
|    value_loss           | 0.555       |
-----------------------------------------
-----------------------------------------
| rollout/                |             |
|    ep_len_mean          | 966         |
|    ep_rew_mean          | 165         |
| time/                   |             |
|    fps                  | 1454        |
|    iterations           | 109         |
|    time_elapsed         | 153         |
|    total_timesteps      | 223232      |
| train/                  |             |
|    approx_kl            | 0.029336425 |
|    clip_fraction        | 0.349       |
|    clip_range           | 0.2         |
|    entropy_loss         | -19.6       |
|    explained_variance   | -0.8785057  |
|    learning_rate        | 0.0003      |
|    loss                 | -0.0206     |
|    n_updates            | 1080        |
|    policy_gradient_loss | -0.0399     |
|    std                  | 0.893       |
|    value_loss           | 0.108       |
-----------------------------------------
-----------------------------------------
| rollout/                |             |
|    ep_len_mean          | 966         |
|    ep_rew_mean          | 165         |
| time/                   |             |
|    fps                  | 1451        |
|    iterations           | 110         |
|    time_elapsed         | 155         |
|    total_timesteps      | 225280      |
| train/                  |             |
|    approx_kl            | 0.022727035 |
|    clip_fraction        | 0.279       |
|    clip_range           | 0.2         |
|    entropy_loss         | -19.5       |
|    explained_variance   | 0.8134576   |
|    learning_rate        | 0.0003      |
|    loss                 | 0.176       |
|    n_updates            | 1090        |
|    policy_gradient_loss | -0.0315     |
|    std                  | 0.889       |
|    value_loss           | 1.65        |
-----------------------------------------
----------------------------------------
| rollout/                |            |
|    ep_len_mean          | 992        |
|    ep_rew_mean          | 170        |
| time/                   |            |
|    fps                  | 1448       |
|    iterations           | 111        |
|    time_elapsed         | 156        |
|    total_timesteps      | 227328     |
| train/                  |            |
|    approx_kl            | 0.02676021 |
|    clip_fraction        | 0.313      |
|    clip_range           | 0.2        |
|    entropy_loss         | -19.5      |
|    explained_variance   | 0.12246567 |
|    learning_rate        | 0.0003     |
|    loss                 | 0.0491     |
|    n_updates            | 1100       |
|    policy_gradient_loss | -0.0408    |
|    std                  | 0.888      |
|    value_loss           | 0.254      |
----------------------------------------
-----------------------------------------
| rollout/                |             |
|    ep_len_mean          | 1.01e+03    |
|    ep_rew_mean          | 174         |
| time/                   |             |
|    fps                  | 1447        |
|    iterations           | 112         |
|    time_elapsed         | 158         |
|    total_timesteps      | 229376      |
| train/                  |             |
|    approx_kl            | 0.025000691 |
|    clip_fraction        | 0.279       |
|    clip_range           | 0.2         |
|    entropy_loss         | -19.5       |
|    explained_variance   | 0.8257268   |
|    learning_rate        | 0.0003      |
|    loss                 | 0.149       |
|    n_updates            | 1110        |
|    policy_gradient_loss | -0.028      |
|    std                  | 0.888       |
|    value_loss           | 0.815       |
-----------------------------------------
-----------------------------------------
| rollout/                |             |
|    ep_len_mean          | 1.02e+03    |
|    ep_rew_mean          | 175         |
| time/                   |             |
|    fps                  | 1446        |
|    iterations           | 113         |
|    time_elapsed         | 159         |
|    total_timesteps      | 231424      |
| train/                  |             |
|    approx_kl            | 0.024662387 |
|    clip_fraction        | 0.28        |
|    clip_range           | 0.2         |
|    entropy_loss         | -19.5       |
|    explained_variance   | 0.90884966  |
|    learning_rate        | 0.0003      |
|    loss                 | 0.276       |
|    n_updates            | 1120        |
|    policy_gradient_loss | -0.0305     |
|    std                  | 0.888       |
|    value_loss           | 0.793       |
-----------------------------------------
----------------------------------------
| rollout/                |            |
|    ep_len_mean          | 1.02e+03   |
|    ep_rew_mean          | 175        |
| time/                   |            |
|    fps                  | 1445       |
|    iterations           | 114        |
|    time_elapsed         | 161        |
|    total_timesteps      | 233472     |
| train/                  |            |
|    approx_kl            | 0.02408195 |
|    clip_fraction        | 0.267      |
|    clip_range           | 0.2        |
|    entropy_loss         | -19.5      |
|    explained_variance   | 0.86225563 |
|    learning_rate        | 0.0003     |
|    loss                 | 0.277      |
|    n_updates            | 1130       |
|    policy_gradient_loss | -0.0283    |
|    std                  | 0.887      |
|    value_loss           | 1.09       |
----------------------------------------
-----------------------------------------
| rollout/                |             |
|    ep_len_mean          | 1.04e+03    |
|    ep_rew_mean          | 181         |
| time/                   |             |
|    fps                  | 1444        |
|    iterations           | 115         |
|    time_elapsed         | 163         |
|    total_timesteps      | 235520      |
| train/                  |             |
|    approx_kl            | 0.029774219 |
|    clip_fraction        | 0.334       |
|    clip_range           | 0.2         |
|    entropy_loss         | -19.4       |
|    explained_variance   | 0.3373465   |
|    learning_rate        | 0.0003      |
|    loss                 | 0.0614      |
|    n_updates            | 1140        |
|    policy_gradient_loss | -0.0332     |
|    std                  | 0.882       |
|    value_loss           | 0.399       |
-----------------------------------------
-----------------------------------------
| rollout/                |             |
|    ep_len_mean          | 1.05e+03    |
|    ep_rew_mean          | 181         |
| time/                   |             |
|    fps                  | 1444        |
|    iterations           | 116         |
|    time_elapsed         | 164         |
|    total_timesteps      | 237568      |
| train/                  |             |
|    approx_kl            | 0.025308168 |
|    clip_fraction        | 0.291       |
|    clip_range           | 0.2         |
|    entropy_loss         | -19.4       |
|    explained_variance   | 0.91292095  |
|    learning_rate        | 0.0003      |
|    loss                 | 0.103       |
|    n_updates            | 1150        |
|    policy_gradient_loss | -0.029      |
|    std                  | 0.881       |
|    value_loss           | 0.635       |
-----------------------------------------
-----------------------------------------
| rollout/                |             |
|    ep_len_mean          | 1.05e+03    |
|    ep_rew_mean          | 183         |
| time/                   |             |
|    fps                  | 1443        |
|    iterations           | 117         |
|    time_elapsed         | 165         |
|    total_timesteps      | 239616      |
| train/                  |             |
|    approx_kl            | 0.024815183 |
|    clip_fraction        | 0.239       |
|    clip_range           | 0.2         |
|    entropy_loss         | -19.3       |
|    explained_variance   | 0.8150877   |
|    learning_rate        | 0.0003      |
|    loss                 | 0.282       |
|    n_updates            | 1160        |
|    policy_gradient_loss | -0.0319     |
|    std                  | 0.881       |
|    value_loss           | 1.46        |
-----------------------------------------
----------------------------------------
| rollout/                |            |
|    ep_len_mean          | 1.05e+03   |
|    ep_rew_mean          | 183        |
| time/                   |            |
|    fps                  | 1442       |
|    iterations           | 118        |
|    time_elapsed         | 167        |
|    total_timesteps      | 241664     |
| train/                  |            |
|    approx_kl            | 0.02539438 |
|    clip_fraction        | 0.294      |
|    clip_range           | 0.2        |
|    entropy_loss         | -19.3      |
|    explained_variance   | 0.8827671  |
|    learning_rate        | 0.0003     |
|    loss                 | 0.12       |
|    n_updates            | 1170       |
|    policy_gradient_loss | -0.0319    |
|    std                  | 0.878      |
|    value_loss           | 0.973      |
----------------------------------------
-----------------------------------------
| rollout/                |             |
|    ep_len_mean          | 1.09e+03    |
|    ep_rew_mean          | 190         |
| time/                   |             |
|    fps                  | 1442        |
|    iterations           | 119         |
|    time_elapsed         | 169         |
|    total_timesteps      | 243712      |
| train/                  |             |
|    approx_kl            | 0.02865312  |
|    clip_fraction        | 0.289       |
|    clip_range           | 0.2         |
|    entropy_loss         | -19.3       |
|    explained_variance   | -0.68367445 |
|    learning_rate        | 0.0003      |
|    loss                 | 0.195       |
|    n_updates            | 1180        |
|    policy_gradient_loss | -0.0307     |
|    std                  | 0.876       |
|    value_loss           | 0.897       |
-----------------------------------------
-----------------------------------------
| rollout/                |             |
|    ep_len_mean          | 1.09e+03    |
|    ep_rew_mean          | 190         |
| time/                   |             |
|    fps                  | 1441        |
|    iterations           | 120         |
|    time_elapsed         | 170         |
|    total_timesteps      | 245760      |
| train/                  |             |
|    approx_kl            | 0.030005058 |
|    clip_fraction        | 0.304       |
|    clip_range           | 0.2         |
|    entropy_loss         | -19.2       |
|    explained_variance   | 0.7178714   |
|    learning_rate        | 0.0003      |
|    loss                 | 0.0914      |
|    n_updates            | 1190        |
|    policy_gradient_loss | -0.0317     |
|    std                  | 0.874       |
|    value_loss           | 0.644       |
-----------------------------------------
-----------------------------------------
| rollout/                |             |
|    ep_len_mean          | 1.11e+03    |
|    ep_rew_mean          | 196         |
| time/                   |             |
|    fps                  | 1440        |
|    iterations           | 121         |
|    time_elapsed         | 172         |
|    total_timesteps      | 247808      |
| train/                  |             |
|    approx_kl            | 0.031024192 |
|    clip_fraction        | 0.343       |
|    clip_range           | 0.2         |
|    entropy_loss         | -19.2       |
|    explained_variance   | -1.312779   |
|    learning_rate        | 0.0003      |
|    loss                 | -0.00756    |
|    n_updates            | 1200        |
|    policy_gradient_loss | -0.0383     |
|    std                  | 0.873       |
|    value_loss           | 0.123       |
-----------------------------------------
-----------------------------------------
| rollout/                |             |
|    ep_len_mean          | 1.11e+03    |
|    ep_rew_mean          | 196         |
| time/                   |             |
|    fps                  | 1439        |
|    iterations           | 122         |
|    time_elapsed         | 173         |
|    total_timesteps      | 249856      |
| train/                  |             |
|    approx_kl            | 0.024209134 |
|    clip_fraction        | 0.3         |
|    clip_range           | 0.2         |
|    entropy_loss         | -19.2       |
|    explained_variance   | 0.8424777   |
|    learning_rate        | 0.0003      |
|    loss                 | 0.00947     |
|    n_updates            | 1210        |
|    policy_gradient_loss | -0.03       |
|    std                  | 0.874       |
|    value_loss           | 0.224       |
-----------------------------------------
----------------------------------------
| rollout/                |            |
|    ep_len_mean          | 1.15e+03   |
|    ep_rew_mean          | 204        |
| time/                   |            |
|    fps                  | 1439       |
|    iterations           | 123        |
|    time_elapsed         | 175        |
|    total_timesteps      | 251904     |
| train/                  |            |
|    approx_kl            | 0.03087342 |
|    clip_fraction        | 0.333      |
|    clip_range           | 0.2        |
|    entropy_loss         | -19.2      |
|    explained_variance   | -2.4819276 |
|    learning_rate        | 0.0003     |
|    loss                 | -0.0017    |
|    n_updates            | 1220       |
|    policy_gradient_loss | -0.0324    |
|    std                  | 0.87       |
|    value_loss           | 0.165      |
----------------------------------------
-----------------------------------------
| rollout/                |             |
|    ep_len_mean          | 1.17e+03    |
|    ep_rew_mean          | 209         |
| time/                   |             |
|    fps                  | 1439        |
|    iterations           | 124         |
|    time_elapsed         | 176         |
|    total_timesteps      | 253952      |
| train/                  |             |
|    approx_kl            | 0.024943976 |
|    clip_fraction        | 0.296       |
|    clip_range           | 0.2         |
|    entropy_loss         | -19.2       |
|    explained_variance   | 0.7902616   |
|    learning_rate        | 0.0003      |
|    loss                 | 0.292       |
|    n_updates            | 1230        |
|    policy_gradient_loss | -0.0304     |
|    std                  | 0.871       |
|    value_loss           | 0.349       |
-----------------------------------------
-----------------------------------------
| rollout/                |             |
|    ep_len_mean          | 1.18e+03    |
|    ep_rew_mean          | 210         |
| time/                   |             |
|    fps                  | 1438        |
|    iterations           | 125         |
|    time_elapsed         | 177         |
|    total_timesteps      | 256000      |
| train/                  |             |
|    approx_kl            | 0.021803038 |
|    clip_fraction        | 0.276       |
|    clip_range           | 0.2         |
|    entropy_loss         | -19.2       |
|    explained_variance   | 0.8981762   |
|    learning_rate        | 0.0003      |
|    loss                 | 0.0145      |
|    n_updates            | 1240        |
|    policy_gradient_loss | -0.0284     |
|    std                  | 0.873       |
|    value_loss           | 0.265       |
-----------------------------------------
-----------------------------------------
| rollout/                |             |
|    ep_len_mean          | 1.19e+03    |
|    ep_rew_mean          | 213         |
| time/                   |             |
|    fps                  | 1438        |
|    iterations           | 126         |
|    time_elapsed         | 179         |
|    total_timesteps      | 258048      |
| train/                  |             |
|    approx_kl            | 0.023712033 |
|    clip_fraction        | 0.274       |
|    clip_range           | 0.2         |
|    entropy_loss         | -19.2       |
|    explained_variance   | 0.9171626   |
|    learning_rate        | 0.0003      |
|    loss                 | 0.0504      |
|    n_updates            | 1250        |
|    policy_gradient_loss | -0.0271     |
|    std                  | 0.872       |
|    value_loss           | 0.458       |
-----------------------------------------
-----------------------------------------
| rollout/                |             |
|    ep_len_mean          | 1.2e+03     |
|    ep_rew_mean          | 215         |
| time/                   |             |
|    fps                  | 1437        |
|    iterations           | 127         |
|    time_elapsed         | 180         |
|    total_timesteps      | 260096      |
| train/                  |             |
|    approx_kl            | 0.022821229 |
|    clip_fraction        | 0.267       |
|    clip_range           | 0.2         |
|    entropy_loss         | -19.2       |
|    explained_variance   | 0.9252186   |
|    learning_rate        | 0.0003      |
|    loss                 | 0.163       |
|    n_updates            | 1260        |
|    policy_gradient_loss | -0.0307     |
|    std                  | 0.871       |
|    value_loss           | 1.1         |
-----------------------------------------
-----------------------------------------
| rollout/                |             |
|    ep_len_mean          | 1.2e+03     |
|    ep_rew_mean          | 215         |
| time/                   |             |
|    fps                  | 1437        |
|    iterations           | 128         |
|    time_elapsed         | 182         |
|    total_timesteps      | 262144      |
| train/                  |             |
|    approx_kl            | 0.026545983 |
|    clip_fraction        | 0.29        |
|    clip_range           | 0.2         |
|    entropy_loss         | -19.2       |
|    explained_variance   | 0.8699406   |
|    learning_rate        | 0.0003      |
|    loss                 | -0.00117    |
|    n_updates            | 1270        |
|    policy_gradient_loss | -0.0303     |
|    std                  | 0.873       |
|    value_loss           | 0.424       |
-----------------------------------------
-----------------------------------------
| rollout/                |             |
|    ep_len_mean          | 1.19e+03    |
|    ep_rew_mean          | 214         |
| time/                   |             |
|    fps                  | 1437        |
|    iterations           | 129         |
|    time_elapsed         | 183         |
|    total_timesteps      | 264192      |
| train/                  |             |
|    approx_kl            | 0.019488104 |
|    clip_fraction        | 0.239       |
|    clip_range           | 0.2         |
|    entropy_loss         | -19.2       |
|    explained_variance   | 0.84765327  |
|    learning_rate        | 0.0003      |
|    loss                 | 0.437       |
|    n_updates            | 1280        |
|    policy_gradient_loss | -0.0292     |
|    std                  | 0.873       |
|    value_loss           | 1.72        |
-----------------------------------------
-----------------------------------------
| rollout/                |             |
|    ep_len_mean          | 1.21e+03    |
|    ep_rew_mean          | 217         |
| time/                   |             |
|    fps                  | 1437        |
|    iterations           | 130         |
|    time_elapsed         | 185         |
|    total_timesteps      | 266240      |
| train/                  |             |
|    approx_kl            | 0.022851534 |
|    clip_fraction        | 0.246       |
|    clip_range           | 0.2         |
|    entropy_loss         | -19.2       |
|    explained_variance   | 0.8773684   |
|    learning_rate        | 0.0003      |
|    loss                 | 0.233       |
|    n_updates            | 1290        |
|    policy_gradient_loss | -0.0325     |
|    std                  | 0.871       |
|    value_loss           | 1.61        |
-----------------------------------------
-----------------------------------------
| rollout/                |             |
|    ep_len_mean          | 1.22e+03    |
|    ep_rew_mean          | 220         |
| time/                   |             |
|    fps                  | 1438        |
|    iterations           | 131         |
|    time_elapsed         | 186         |
|    total_timesteps      | 268288      |
| train/                  |             |
|    approx_kl            | 0.027832288 |
|    clip_fraction        | 0.291       |
|    clip_range           | 0.2         |
|    entropy_loss         | -19.2       |
|    explained_variance   | 0.8517035   |
|    learning_rate        | 0.0003      |
|    loss                 | 0.59        |
|    n_updates            | 1300        |
|    policy_gradient_loss | -0.0336     |
|    std                  | 0.87        |
|    value_loss           | 1.43        |
-----------------------------------------
-----------------------------------------
| rollout/                |             |
|    ep_len_mean          | 1.22e+03    |
|    ep_rew_mean          | 221         |
| time/                   |             |
|    fps                  | 1438        |
|    iterations           | 132         |
|    time_elapsed         | 187         |
|    total_timesteps      | 270336      |
| train/                  |             |
|    approx_kl            | 0.025317457 |
|    clip_fraction        | 0.301       |
|    clip_range           | 0.2         |
|    entropy_loss         | -19.1       |
|    explained_variance   | 0.93336374  |
|    learning_rate        | 0.0003      |
|    loss                 | 0.749       |
|    n_updates            | 1310        |
|    policy_gradient_loss | -0.0335     |
|    std                  | 0.869       |
|    value_loss           | 0.678       |
-----------------------------------------
----------------------------------------
| rollout/                |            |
|    ep_len_mean          | 1.24e+03   |
|    ep_rew_mean          | 224        |
| time/                   |            |
|    fps                  | 1438       |
|    iterations           | 133        |
|    time_elapsed         | 189        |
|    total_timesteps      | 272384     |
| train/                  |            |
|    approx_kl            | 0.03001048 |
|    clip_fraction        | 0.342      |
|    clip_range           | 0.2        |
|    entropy_loss         | -19.1      |
|    explained_variance   | 0.8502337  |
|    learning_rate        | 0.0003     |
|    loss                 | 0.156      |
|    n_updates            | 1320       |
|    policy_gradient_loss | -0.0337    |
|    std                  | 0.866      |
|    value_loss           | 0.724      |
----------------------------------------
----------------------------------------
| rollout/                |            |
|    ep_len_mean          | 1.25e+03   |
|    ep_rew_mean          | 226        |
| time/                   |            |
|    fps                  | 1438       |
|    iterations           | 134        |
|    time_elapsed         | 190        |
|    total_timesteps      | 274432     |
| train/                  |            |
|    approx_kl            | 0.03305087 |
|    clip_fraction        | 0.339      |
|    clip_range           | 0.2        |
|    entropy_loss         | -19.1      |
|    explained_variance   | 0.8706073  |
|    learning_rate        | 0.0003     |
|    loss                 | 0.124      |
|    n_updates            | 1330       |
|    policy_gradient_loss | -0.034     |
|    std                  | 0.865      |
|    value_loss           | 0.608      |
----------------------------------------
-----------------------------------------
| rollout/                |             |
|    ep_len_mean          | 1.25e+03    |
|    ep_rew_mean          | 227         |
| time/                   |             |
|    fps                  | 1438        |
|    iterations           | 135         |
|    time_elapsed         | 192         |
|    total_timesteps      | 276480      |
| train/                  |             |
|    approx_kl            | 0.026937012 |
|    clip_fraction        | 0.276       |
|    clip_range           | 0.2         |
|    entropy_loss         | -19.1       |
|    explained_variance   | 0.91657555  |
|    learning_rate        | 0.0003      |
|    loss                 | 0.577       |
|    n_updates            | 1340        |
|    policy_gradient_loss | -0.0265     |
|    std                  | 0.864       |
|    value_loss           | 1.08        |
-----------------------------------------
-----------------------------------------
| rollout/                |             |
|    ep_len_mean          | 1.24e+03    |
|    ep_rew_mean          | 226         |
| time/                   |             |
|    fps                  | 1439        |
|    iterations           | 136         |
|    time_elapsed         | 193         |
|    total_timesteps      | 278528      |
| train/                  |             |
|    approx_kl            | 0.021401951 |
|    clip_fraction        | 0.26        |
|    clip_range           | 0.2         |
|    entropy_loss         | -19         |
|    explained_variance   | 0.9070384   |
|    learning_rate        | 0.0003      |
|    loss                 | 0.302       |
|    n_updates            | 1350        |
|    policy_gradient_loss | -0.0332     |
|    std                  | 0.862       |
|    value_loss           | 1.96        |
-----------------------------------------
----------------------------------------
| rollout/                |            |
|    ep_len_mean          | 1.24e+03   |
|    ep_rew_mean          | 227        |
| time/                   |            |
|    fps                  | 1439       |
|    iterations           | 137        |
|    time_elapsed         | 194        |
|    total_timesteps      | 280576     |
| train/                  |            |
|    approx_kl            | 0.02401559 |
|    clip_fraction        | 0.27       |
|    clip_range           | 0.2        |
|    entropy_loss         | -19        |
|    explained_variance   | 0.909868   |
|    learning_rate        | 0.0003     |
|    loss                 | 1.02       |
|    n_updates            | 1360       |
|    policy_gradient_loss | -0.0344    |
|    std                  | 0.86       |
|    value_loss           | 1.62       |
----------------------------------------
-----------------------------------------
| rollout/                |             |
|    ep_len_mean          | 1.26e+03    |
|    ep_rew_mean          | 231         |
| time/                   |             |
|    fps                  | 1439        |
|    iterations           | 138         |
|    time_elapsed         | 196         |
|    total_timesteps      | 282624      |
| train/                  |             |
|    approx_kl            | 0.025091102 |
|    clip_fraction        | 0.282       |
|    clip_range           | 0.2         |
|    entropy_loss         | -19         |
|    explained_variance   | 0.91843987  |
|    learning_rate        | 0.0003      |
|    loss                 | 0.418       |
|    n_updates            | 1370        |
|    policy_gradient_loss | -0.0361     |
|    std                  | 0.86        |
|    value_loss           | 1.9         |
-----------------------------------------
-----------------------------------------
| rollout/                |             |
|    ep_len_mean          | 1.27e+03    |
|    ep_rew_mean          | 232         |
| time/                   |             |
|    fps                  | 1438        |
|    iterations           | 139         |
|    time_elapsed         | 197         |
|    total_timesteps      | 284672      |
| train/                  |             |
|    approx_kl            | 0.029204637 |
|    clip_fraction        | 0.331       |
|    clip_range           | 0.2         |
|    entropy_loss         | -19         |
|    explained_variance   | 0.90567493  |
|    learning_rate        | 0.0003      |
|    loss                 | 0.621       |
|    n_updates            | 1380        |
|    policy_gradient_loss | -0.031      |
|    std                  | 0.86        |
|    value_loss           | 0.817       |
-----------------------------------------
-----------------------------------------
| rollout/                |             |
|    ep_len_mean          | 1.28e+03    |
|    ep_rew_mean          | 235         |
| time/                   |             |
|    fps                  | 1439        |
|    iterations           | 140         |
|    time_elapsed         | 199         |
|    total_timesteps      | 286720      |
| train/                  |             |
|    approx_kl            | 0.026976079 |
|    clip_fraction        | 0.31        |
|    clip_range           | 0.2         |
|    entropy_loss         | -19         |
|    explained_variance   | 0.91792053  |
|    learning_rate        | 0.0003      |
|    loss                 | 0.069       |
|    n_updates            | 1390        |
|    policy_gradient_loss | -0.031      |
|    std                  | 0.859       |
|    value_loss           | 0.909       |
-----------------------------------------
----------------------------------------
| rollout/                |            |
|    ep_len_mean          | 1.29e+03   |
|    ep_rew_mean          | 238        |
| time/                   |            |
|    fps                  | 1439       |
|    iterations           | 141        |
|    time_elapsed         | 200        |
|    total_timesteps      | 288768     |
| train/                  |            |
|    approx_kl            | 0.03138727 |
|    clip_fraction        | 0.35       |
|    clip_range           | 0.2        |
|    entropy_loss         | -19        |
|    explained_variance   | 0.92807627 |
|    learning_rate        | 0.0003     |
|    loss                 | 0.253      |
|    n_updates            | 1400       |
|    policy_gradient_loss | -0.0321    |
|    std                  | 0.86       |
|    value_loss           | 0.996      |
----------------------------------------
-----------------------------------------
| rollout/                |             |
|    ep_len_mean          | 1.29e+03    |
|    ep_rew_mean          | 238         |
| time/                   |             |
|    fps                  | 1438        |
|    iterations           | 142         |
|    time_elapsed         | 202         |
|    total_timesteps      | 290816      |
| train/                  |             |
|    approx_kl            | 0.029636959 |
|    clip_fraction        | 0.351       |
|    clip_range           | 0.2         |
|    entropy_loss         | -19         |
|    explained_variance   | 0.91925114  |
|    learning_rate        | 0.0003      |
|    loss                 | 0.372       |
|    n_updates            | 1410        |
|    policy_gradient_loss | -0.0274     |
|    std                  | 0.858       |
|    value_loss           | 0.747       |
-----------------------------------------
-----------------------------------------
| rollout/                |             |
|    ep_len_mean          | 1.32e+03    |
|    ep_rew_mean          | 245         |
| time/                   |             |
|    fps                  | 1438        |
|    iterations           | 143         |
|    time_elapsed         | 203         |
|    total_timesteps      | 292864      |
| train/                  |             |
|    approx_kl            | 0.028384816 |
|    clip_fraction        | 0.328       |
|    clip_range           | 0.2         |
|    entropy_loss         | -18.9       |
|    explained_variance   | -0.9942939  |
|    learning_rate        | 0.0003      |
|    loss                 | -0.0369     |
|    n_updates            | 1420        |
|    policy_gradient_loss | -0.0319     |
|    std                  | 0.856       |
|    value_loss           | 0.0543      |
-----------------------------------------
-----------------------------------------
| rollout/                |             |
|    ep_len_mean          | 1.33e+03    |
|    ep_rew_mean          | 248         |
| time/                   |             |
|    fps                  | 1438        |
|    iterations           | 144         |
|    time_elapsed         | 204         |
|    total_timesteps      | 294912      |
| train/                  |             |
|    approx_kl            | 0.026643492 |
|    clip_fraction        | 0.297       |
|    clip_range           | 0.2         |
|    entropy_loss         | -18.9       |
|    explained_variance   | 0.9270247   |
|    learning_rate        | 0.0003      |
|    loss                 | 0.0255      |
|    n_updates            | 1430        |
|    policy_gradient_loss | -0.0323     |
|    std                  | 0.859       |
|    value_loss           | 0.434       |
-----------------------------------------
-----------------------------------------
| rollout/                |             |
|    ep_len_mean          | 1.34e+03    |
|    ep_rew_mean          | 249         |
| time/                   |             |
|    fps                  | 1438        |
|    iterations           | 145         |
|    time_elapsed         | 206         |
|    total_timesteps      | 296960      |
| train/                  |             |
|    approx_kl            | 0.022507915 |
|    clip_fraction        | 0.291       |
|    clip_range           | 0.2         |
|    entropy_loss         | -18.9       |
|    explained_variance   | 0.9378891   |
|    learning_rate        | 0.0003      |
|    loss                 | 0.147       |
|    n_updates            | 1440        |
|    policy_gradient_loss | -0.0306     |
|    std                  | 0.857       |
|    value_loss           | 0.525       |
-----------------------------------------
-----------------------------------------
| rollout/                |             |
|    ep_len_mean          | 1.35e+03    |
|    ep_rew_mean          | 253         |
| time/                   |             |
|    fps                  | 1438        |
|    iterations           | 146         |
|    time_elapsed         | 207         |
|    total_timesteps      | 299008      |
| train/                  |             |
|    approx_kl            | 0.030031107 |
|    clip_fraction        | 0.308       |
|    clip_range           | 0.2         |
|    entropy_loss         | -18.9       |
|    explained_variance   | 0.8836082   |
|    learning_rate        | 0.0003      |
|    loss                 | 0.514       |
|    n_updates            | 1450        |
|    policy_gradient_loss | -0.0267     |
|    std                  | 0.859       |
|    value_loss           | 0.808       |
-----------------------------------------
----------------------------------------
| rollout/                |            |
|    ep_len_mean          | 1.36e+03   |
|    ep_rew_mean          | 255        |
| time/                   |            |
|    fps                  | 1438       |
|    iterations           | 147        |
|    time_elapsed         | 209        |
|    total_timesteps      | 301056     |
| train/                  |            |
|    approx_kl            | 0.02338766 |
|    clip_fraction        | 0.289      |
|    clip_range           | 0.2        |
|    entropy_loss         | -18.9      |
|    explained_variance   | 0.8976164  |
|    learning_rate        | 0.0003     |
|    loss                 | 0.27       |
|    n_updates            | 1460       |
|    policy_gradient_loss | -0.0289    |
|    std                  | 0.859      |
|    value_loss           | 0.818      |
----------------------------------------
-----------------------------------------
| rollout/                |             |
|    ep_len_mean          | 1.36e+03    |
|    ep_rew_mean          | 255         |
| time/                   |             |
|    fps                  | 1438        |
|    iterations           | 148         |
|    time_elapsed         | 210         |
|    total_timesteps      | 303104      |
| train/                  |             |
|    approx_kl            | 0.028492853 |
|    clip_fraction        | 0.319       |
|    clip_range           | 0.2         |
|    entropy_loss         | -18.9       |
|    explained_variance   | 0.9164272   |
|    learning_rate        | 0.0003      |
|    loss                 | 0.185       |
|    n_updates            | 1470        |
|    policy_gradient_loss | -0.031      |
|    std                  | 0.855       |
|    value_loss           | 0.813       |
-----------------------------------------
-----------------------------------------
| rollout/                |             |
|    ep_len_mean          | 1.36e+03    |
|    ep_rew_mean          | 255         |
| time/                   |             |
|    fps                  | 1438        |
|    iterations           | 149         |
|    time_elapsed         | 212         |
|    total_timesteps      | 305152      |
| train/                  |             |
|    approx_kl            | 0.032354906 |
|    clip_fraction        | 0.366       |
|    clip_range           | 0.2         |
|    entropy_loss         | -18.9       |
|    explained_variance   | -1.8438737  |
|    learning_rate        | 0.0003      |
|    loss                 | -0.017      |
|    n_updates            | 1480        |
|    policy_gradient_loss | -0.0333     |
|    std                  | 0.854       |
|    value_loss           | 0.136       |
-----------------------------------------
-----------------------------------------
| rollout/                |             |
|    ep_len_mean          | 1.36e+03    |
|    ep_rew_mean          | 255         |
| time/                   |             |
|    fps                  | 1437        |
|    iterations           | 150         |
|    time_elapsed         | 213         |
|    total_timesteps      | 307200      |
| train/                  |             |
|    approx_kl            | 0.027286068 |
|    clip_fraction        | 0.324       |
|    clip_range           | 0.2         |
|    entropy_loss         | -18.8       |
|    explained_variance   | 0.16144818  |
|    learning_rate        | 0.0003      |
|    loss                 | -0.0488     |
|    n_updates            | 1490        |
|    policy_gradient_loss | -0.0364     |
|    std                  | 0.852       |
|    value_loss           | 0.0244      |
-----------------------------------------
----------------------------------------
| rollout/                |            |
|    ep_len_mean          | 1.36e+03   |
|    ep_rew_mean          | 255        |
| time/                   |            |
|    fps                  | 1437       |
|    iterations           | 151        |
|    time_elapsed         | 215        |
|    total_timesteps      | 309248     |
| train/                  |            |
|    approx_kl            | 0.02613097 |
|    clip_fraction        | 0.318      |
|    clip_range           | 0.2        |
|    entropy_loss         | -18.8      |
|    explained_variance   | -1.343853  |
|    learning_rate        | 0.0003     |
|    loss                 | -0.054     |
|    n_updates            | 1500       |
|    policy_gradient_loss | -0.0389    |
|    std                  | 0.85       |
|    value_loss           | 0.0287     |
----------------------------------------
-----------------------------------------
| rollout/                |             |
|    ep_len_mean          | 1.44e+03    |
|    ep_rew_mean          | 275         |
| time/                   |             |
|    fps                  | 1436        |
|    iterations           | 152         |
|    time_elapsed         | 216         |
|    total_timesteps      | 311296      |
| train/                  |             |
|    approx_kl            | 0.025231741 |
|    clip_fraction        | 0.309       |
|    clip_range           | 0.2         |
|    entropy_loss         | -18.8       |
|    explained_variance   | -1.222199   |
|    learning_rate        | 0.0003      |
|    loss                 | -0.00999    |
|    n_updates            | 1510        |
|    policy_gradient_loss | -0.0336     |
|    std                  | 0.848       |
|    value_loss           | 0.0303      |
-----------------------------------------
-----------------------------------------
| rollout/                |             |
|    ep_len_mean          | 1.44e+03    |
|    ep_rew_mean          | 275         |
| time/                   |             |
|    fps                  | 1435        |
|    iterations           | 153         |
|    time_elapsed         | 218         |
|    total_timesteps      | 313344      |
| train/                  |             |
|    approx_kl            | 0.026174143 |
|    clip_fraction        | 0.288       |
|    clip_range           | 0.2         |
|    entropy_loss         | -18.7       |
|    explained_variance   | 0.90334606  |
|    learning_rate        | 0.0003      |
|    loss                 | -0.0029     |
|    n_updates            | 1520        |
|    policy_gradient_loss | -0.0324     |
|    std                  | 0.847       |
|    value_loss           | 0.337       |
-----------------------------------------
-----------------------------------------
| rollout/                |             |
|    ep_len_mean          | 1.49e+03    |
|    ep_rew_mean          | 284         |
| time/                   |             |
|    fps                  | 1435        |
|    iterations           | 154         |
|    time_elapsed         | 219         |
|    total_timesteps      | 315392      |
| train/                  |             |
|    approx_kl            | 0.028023176 |
|    clip_fraction        | 0.321       |
|    clip_range           | 0.2         |
|    entropy_loss         | -18.7       |
|    explained_variance   | 0.28389674  |
|    learning_rate        | 0.0003      |
|    loss                 | -0.0617     |
|    n_updates            | 1530        |
|    policy_gradient_loss | -0.0412     |
|    std                  | 0.843       |
|    value_loss           | 0.0756      |
-----------------------------------------
-----------------------------------------
| rollout/                |             |
|    ep_len_mean          | 1.49e+03    |
|    ep_rew_mean          | 284         |
| time/                   |             |
|    fps                  | 1435        |
|    iterations           | 155         |
|    time_elapsed         | 221         |
|    total_timesteps      | 317440      |
| train/                  |             |
|    approx_kl            | 0.021909714 |
|    clip_fraction        | 0.272       |
|    clip_range           | 0.2         |
|    entropy_loss         | -18.7       |
|    explained_variance   | 0.9129891   |
|    learning_rate        | 0.0003      |
|    loss                 | 0.19        |
|    n_updates            | 1540        |
|    policy_gradient_loss | -0.0261     |
|    std                  | 0.843       |
|    value_loss           | 0.771       |
-----------------------------------------
-----------------------------------------
| rollout/                |             |
|    ep_len_mean          | 1.52e+03    |
|    ep_rew_mean          | 292         |
| time/                   |             |
|    fps                  | 1435        |
|    iterations           | 156         |
|    time_elapsed         | 222         |
|    total_timesteps      | 319488      |
| train/                  |             |
|    approx_kl            | 0.026614927 |
|    clip_fraction        | 0.343       |
|    clip_range           | 0.2         |
|    entropy_loss         | -18.6       |
|    explained_variance   | -2.175394   |
|    learning_rate        | 0.0003      |
|    loss                 | -0.0208     |
|    n_updates            | 1550        |
|    policy_gradient_loss | -0.0347     |
|    std                  | 0.84        |
|    value_loss           | 0.0557      |
-----------------------------------------
-----------------------------------------
| rollout/                |             |
|    ep_len_mean          | 1.52e+03    |
|    ep_rew_mean          | 292         |
| time/                   |             |
|    fps                  | 1435        |
|    iterations           | 157         |
|    time_elapsed         | 223         |
|    total_timesteps      | 321536      |
| train/                  |             |
|    approx_kl            | 0.026952386 |
|    clip_fraction        | 0.293       |
|    clip_range           | 0.2         |
|    entropy_loss         | -18.6       |
|    explained_variance   | 0.9003762   |
|    learning_rate        | 0.0003      |
|    loss                 | 0.769       |
|    n_updates            | 1560        |
|    policy_gradient_loss | -0.0298     |
|    std                  | 0.838       |
|    value_loss           | 0.721       |
-----------------------------------------
-----------------------------------------
| rollout/                |             |
|    ep_len_mean          | 1.55e+03    |
|    ep_rew_mean          | 298         |
| time/                   |             |
|    fps                  | 1435        |
|    iterations           | 158         |
|    time_elapsed         | 225         |
|    total_timesteps      | 323584      |
| train/                  |             |
|    approx_kl            | 0.032242037 |
|    clip_fraction        | 0.337       |
|    clip_range           | 0.2         |
|    entropy_loss         | -18.5       |
|    explained_variance   | -1.272244   |
|    learning_rate        | 0.0003      |
|    loss                 | -0.00759    |
|    n_updates            | 1570        |
|    policy_gradient_loss | -0.0381     |
|    std                  | 0.836       |
|    value_loss           | 0.189       |
-----------------------------------------
----------------------------------------
| rollout/                |            |
|    ep_len_mean          | 1.55e+03   |
|    ep_rew_mean          | 301        |
| time/                   |            |
|    fps                  | 1435       |
|    iterations           | 159        |
|    time_elapsed         | 226        |
|    total_timesteps      | 325632     |
| train/                  |            |
|    approx_kl            | 0.02181842 |
|    clip_fraction        | 0.268      |
|    clip_range           | 0.2        |
|    entropy_loss         | -18.5      |
|    explained_variance   | 0.8639741  |
|    learning_rate        | 0.0003     |
|    loss                 | 0.155      |
|    n_updates            | 1580       |
|    policy_gradient_loss | -0.031     |
|    std                  | 0.836      |
|    value_loss           | 1.08       |
----------------------------------------
-----------------------------------------
| rollout/                |             |
|    ep_len_mean          | 1.55e+03    |
|    ep_rew_mean          | 301         |
| time/                   |             |
|    fps                  | 1435        |
|    iterations           | 160         |
|    time_elapsed         | 228         |
|    total_timesteps      | 327680      |
| train/                  |             |
|    approx_kl            | 0.020840008 |
|    clip_fraction        | 0.236       |
|    clip_range           | 0.2         |
|    entropy_loss         | -18.5       |
|    explained_variance   | 0.91138786  |
|    learning_rate        | 0.0003      |
|    loss                 | 0.126       |
|    n_updates            | 1590        |
|    policy_gradient_loss | -0.0292     |
|    std                  | 0.832       |
|    value_loss           | 1.2         |
-----------------------------------------
-----------------------------------------
| rollout/                |             |
|    ep_len_mean          | 1.55e+03    |
|    ep_rew_mean          | 301         |
| time/                   |             |
|    fps                  | 1435        |
|    iterations           | 161         |
|    time_elapsed         | 229         |
|    total_timesteps      | 329728      |
| train/                  |             |
|    approx_kl            | 0.030413467 |
|    clip_fraction        | 0.349       |
|    clip_range           | 0.2         |
|    entropy_loss         | -18.4       |
|    explained_variance   | -3.9075952  |
|    learning_rate        | 0.0003      |
|    loss                 | 0.000354    |
|    n_updates            | 1600        |
|    policy_gradient_loss | -0.0267     |
|    std                  | 0.83        |
|    value_loss           | 0.166       |
-----------------------------------------
-----------------------------------------
| rollout/                |             |
|    ep_len_mean          | 1.58e+03    |
|    ep_rew_mean          | 309         |
| time/                   |             |
|    fps                  | 1435        |
|    iterations           | 162         |
|    time_elapsed         | 231         |
|    total_timesteps      | 331776      |
| train/                  |             |
|    approx_kl            | 0.030436793 |
|    clip_fraction        | 0.347       |
|    clip_range           | 0.2         |
|    entropy_loss         | -18.4       |
|    explained_variance   | -0.9756398  |
|    learning_rate        | 0.0003      |
|    loss                 | -0.0322     |
|    n_updates            | 1610        |
|    policy_gradient_loss | -0.0408     |
|    std                  | 0.83        |
|    value_loss           | 0.0435      |
-----------------------------------------
-----------------------------------------
| rollout/                |             |
|    ep_len_mean          | 1.58e+03    |
|    ep_rew_mean          | 309         |
| time/                   |             |
|    fps                  | 1435        |
|    iterations           | 163         |
|    time_elapsed         | 232         |
|    total_timesteps      | 333824      |
| train/                  |             |
|    approx_kl            | 0.027116183 |
|    clip_fraction        | 0.304       |
|    clip_range           | 0.2         |
|    entropy_loss         | -18.4       |
|    explained_variance   | 0.8822772   |
|    learning_rate        | 0.0003      |
|    loss                 | 0.171       |
|    n_updates            | 1620        |
|    policy_gradient_loss | -0.0274     |
|    std                  | 0.827       |
|    value_loss           | 0.481       |
-----------------------------------------
-----------------------------------------
| rollout/                |             |
|    ep_len_mean          | 1.58e+03    |
|    ep_rew_mean          | 309         |
| time/                   |             |
|    fps                  | 1435        |
|    iterations           | 164         |
|    time_elapsed         | 233         |
|    total_timesteps      | 335872      |
| train/                  |             |
|    approx_kl            | 0.029990122 |
|    clip_fraction        | 0.319       |
|    clip_range           | 0.2         |
|    entropy_loss         | -18.4       |
|    explained_variance   | -2.1047318  |
|    learning_rate        | 0.0003      |
|    loss                 | -0.0334     |
|    n_updates            | 1630        |
|    policy_gradient_loss | -0.0368     |
|    std                  | 0.827       |
|    value_loss           | 0.0625      |
-----------------------------------------
-----------------------------------------
| rollout/                |             |
|    ep_len_mean          | 1.58e+03    |
|    ep_rew_mean          | 309         |
| time/                   |             |
|    fps                  | 1435        |
|    iterations           | 165         |
|    time_elapsed         | 235         |
|    total_timesteps      | 337920      |
| train/                  |             |
|    approx_kl            | 0.030736506 |
|    clip_fraction        | 0.343       |
|    clip_range           | 0.2         |
|    entropy_loss         | -18.3       |
|    explained_variance   | -1.438472   |
|    learning_rate        | 0.0003      |
|    loss                 | -0.0498     |
|    n_updates            | 1640        |
|    policy_gradient_loss | -0.0396     |
|    std                  | 0.824       |
|    value_loss           | 0.0162      |
-----------------------------------------
-----------------------------------------
| rollout/                |             |
|    ep_len_mean          | 1.58e+03    |
|    ep_rew_mean          | 309         |
| time/                   |             |
|    fps                  | 1433        |
|    iterations           | 166         |
|    time_elapsed         | 237         |
|    total_timesteps      | 339968      |
| train/                  |             |
|    approx_kl            | 0.024113875 |
|    clip_fraction        | 0.295       |
|    clip_range           | 0.2         |
|    entropy_loss         | -18.3       |
|    explained_variance   | 0.010858774 |
|    learning_rate        | 0.0003      |
|    loss                 | -0.0447     |
|    n_updates            | 1650        |
|    policy_gradient_loss | -0.0391     |
|    std                  | 0.824       |
|    value_loss           | 0.0334      |
-----------------------------------------
-----------------------------------------
| rollout/                |             |
|    ep_len_mean          | 1.58e+03    |
|    ep_rew_mean          | 309         |
| time/                   |             |
|    fps                  | 1432        |
|    iterations           | 167         |
|    time_elapsed         | 238         |
|    total_timesteps      | 342016      |
| train/                  |             |
|    approx_kl            | 0.023036262 |
|    clip_fraction        | 0.277       |
|    clip_range           | 0.2         |
|    entropy_loss         | -18.3       |
|    explained_variance   | 0.07060981  |
|    learning_rate        | 0.0003      |
|    loss                 | -0.0531     |
|    n_updates            | 1660        |
|    policy_gradient_loss | -0.0378     |
|    std                  | 0.823       |
|    value_loss           | 0.0443      |
-----------------------------------------
-----------------------------------------
| rollout/                |             |
|    ep_len_mean          | 1.69e+03    |
|    ep_rew_mean          | 334         |
| time/                   |             |
|    fps                  | 1432        |
|    iterations           | 168         |
|    time_elapsed         | 240         |
|    total_timesteps      | 344064      |
| train/                  |             |
|    approx_kl            | 0.026333293 |
|    clip_fraction        | 0.303       |
|    clip_range           | 0.2         |
|    entropy_loss         | -18.3       |
|    explained_variance   | -0.08901882 |
|    learning_rate        | 0.0003      |
|    loss                 | -0.0182     |
|    n_updates            | 1670        |
|    policy_gradient_loss | -0.0401     |
|    std                  | 0.825       |
|    value_loss           | 0.0242      |
-----------------------------------------
-----------------------------------------
| rollout/                |             |
|    ep_len_mean          | 1.69e+03    |
|    ep_rew_mean          | 334         |
| time/                   |             |
|    fps                  | 1431        |
|    iterations           | 169         |
|    time_elapsed         | 241         |
|    total_timesteps      | 346112      |
| train/                  |             |
|    approx_kl            | 0.022309646 |
|    clip_fraction        | 0.262       |
|    clip_range           | 0.2         |
|    entropy_loss         | -18.3       |
|    explained_variance   | 0.8482427   |
|    learning_rate        | 0.0003      |
|    loss                 | 0.0953      |
|    n_updates            | 1680        |
|    policy_gradient_loss | -0.0287     |
|    std                  | 0.824       |
|    value_loss           | 0.5         |
-----------------------------------------
-----------------------------------------
| rollout/                |             |
|    ep_len_mean          | 1.71e+03    |
|    ep_rew_mean          | 338         |
| time/                   |             |
|    fps                  | 1431        |
|    iterations           | 170         |
|    time_elapsed         | 243         |
|    total_timesteps      | 348160      |
| train/                  |             |
|    approx_kl            | 0.027829459 |
|    clip_fraction        | 0.311       |
|    clip_range           | 0.2         |
|    entropy_loss         | -18.3       |
|    explained_variance   | -0.35406387 |
|    learning_rate        | 0.0003      |
|    loss                 | -0.0215     |
|    n_updates            | 1690        |
|    policy_gradient_loss | -0.0368     |
|    std                  | 0.823       |
|    value_loss           | 0.0311      |
-----------------------------------------
-----------------------------------------
| rollout/                |             |
|    ep_len_mean          | 1.71e+03    |
|    ep_rew_mean          | 338         |
| time/                   |             |
|    fps                  | 1430        |
|    iterations           | 171         |
|    time_elapsed         | 244         |
|    total_timesteps      | 350208      |
| train/                  |             |
|    approx_kl            | 0.026311688 |
|    clip_fraction        | 0.289       |
|    clip_range           | 0.2         |
|    entropy_loss         | -18.3       |
|    explained_variance   | 0.8783802   |
|    learning_rate        | 0.0003      |
|    loss                 | -0.00707    |
|    n_updates            | 1700        |
|    policy_gradient_loss | -0.0208     |
|    std                  | 0.825       |
|    value_loss           | 0.17        |
-----------------------------------------
-----------------------------------------
| rollout/                |             |
|    ep_len_mean          | 1.71e+03    |
|    ep_rew_mean          | 338         |
| time/                   |             |
|    fps                  | 1429        |
|    iterations           | 172         |
|    time_elapsed         | 246         |
|    total_timesteps      | 352256      |
| train/                  |             |
|    approx_kl            | 0.028826233 |
|    clip_fraction        | 0.323       |
|    clip_range           | 0.2         |
|    entropy_loss         | -18.3       |
|    explained_variance   | -1.8707051  |
|    learning_rate        | 0.0003      |
|    loss                 | -0.0454     |
|    n_updates            | 1710        |
|    policy_gradient_loss | -0.0363     |
|    std                  | 0.823       |
|    value_loss           | 0.04        |
-----------------------------------------
------------------------------------------
| rollout/                |              |
|    ep_len_mean          | 1.71e+03     |
|    ep_rew_mean          | 338          |
| time/                   |              |
|    fps                  | 1428         |
|    iterations           | 173          |
|    time_elapsed         | 248          |
|    total_timesteps      | 354304       |
| train/                  |              |
|    approx_kl            | 0.026814291  |
|    clip_fraction        | 0.325        |
|    clip_range           | 0.2          |
|    entropy_loss         | -18.3        |
|    explained_variance   | -0.048895717 |
|    learning_rate        | 0.0003       |
|    loss                 | -0.0543      |
|    n_updates            | 1720         |
|    policy_gradient_loss | -0.0402      |
|    std                  | 0.822        |
|    value_loss           | 0.0466       |
------------------------------------------
-----------------------------------------
| rollout/                |             |
|    ep_len_mean          | 1.8e+03     |
|    ep_rew_mean          | 360         |
| time/                   |             |
|    fps                  | 1428        |
|    iterations           | 174         |
|    time_elapsed         | 249         |
|    total_timesteps      | 356352      |
| train/                  |             |
|    approx_kl            | 0.026305132 |
|    clip_fraction        | 0.307       |
|    clip_range           | 0.2         |
|    entropy_loss         | -18.3       |
|    explained_variance   | 0.42654186  |
|    learning_rate        | 0.0003      |
|    loss                 | -0.00915    |
|    n_updates            | 1730        |
|    policy_gradient_loss | -0.0394     |
|    std                  | 0.823       |
|    value_loss           | 0.0411      |
-----------------------------------------
-----------------------------------------
| rollout/                |             |
|    ep_len_mean          | 1.8e+03     |
|    ep_rew_mean          | 360         |
| time/                   |             |
|    fps                  | 1427        |
|    iterations           | 175         |
|    time_elapsed         | 251         |
|    total_timesteps      | 358400      |
| train/                  |             |
|    approx_kl            | 0.026100572 |
|    clip_fraction        | 0.269       |
|    clip_range           | 0.2         |
|    entropy_loss         | -18.3       |
|    explained_variance   | 0.8819749   |
|    learning_rate        | 0.0003      |
|    loss                 | 0.0372      |
|    n_updates            | 1740        |
|    policy_gradient_loss | -0.0247     |
|    std                  | 0.825       |
|    value_loss           | 0.318       |
-----------------------------------------
----------------------------------------
| rollout/                |            |
|    ep_len_mean          | 1.8e+03    |
|    ep_rew_mean          | 360        |
| time/                   |            |
|    fps                  | 1426       |
|    iterations           | 176        |
|    time_elapsed         | 252        |
|    total_timesteps      | 360448     |
| train/                  |            |
|    approx_kl            | 0.0345855  |
|    clip_fraction        | 0.345      |
|    clip_range           | 0.2        |
|    entropy_loss         | -18.3      |
|    explained_variance   | -3.3409739 |
|    learning_rate        | 0.0003     |
|    loss                 | 0.103      |
|    n_updates            | 1750       |
|    policy_gradient_loss | -0.0305    |
|    std                  | 0.821      |
|    value_loss           | 0.212      |
----------------------------------------
-----------------------------------------
| rollout/                |             |
|    ep_len_mean          | 1.8e+03     |
|    ep_rew_mean          | 360         |
| time/                   |             |
|    fps                  | 1425        |
|    iterations           | 177         |
|    time_elapsed         | 254         |
|    total_timesteps      | 362496      |
| train/                  |             |
|    approx_kl            | 0.0263214   |
|    clip_fraction        | 0.328       |
|    clip_range           | 0.2         |
|    entropy_loss         | -18.2       |
|    explained_variance   | -0.19945192 |
|    learning_rate        | 0.0003      |
|    loss                 | -0.0277     |
|    n_updates            | 1760        |
|    policy_gradient_loss | -0.0372     |
|    std                  | 0.817       |
|    value_loss           | 0.0441      |
-----------------------------------------
-----------------------------------------
| rollout/                |             |
|    ep_len_mean          | 1.86e+03    |
|    ep_rew_mean          | 372         |
| time/                   |             |
|    fps                  | 1425        |
|    iterations           | 178         |
|    time_elapsed         | 255         |
|    total_timesteps      | 364544      |
| train/                  |             |
|    approx_kl            | 0.027292762 |
|    clip_fraction        | 0.321       |
|    clip_range           | 0.2         |
|    entropy_loss         | -18.1       |
|    explained_variance   | 0.4053573   |
|    learning_rate        | 0.0003      |
|    loss                 | -0.0494     |
|    n_updates            | 1770        |
|    policy_gradient_loss | -0.0396     |
|    std                  | 0.814       |
|    value_loss           | 0.0531      |
-----------------------------------------
-----------------------------------------
| rollout/                |             |
|    ep_len_mean          | 1.89e+03    |
|    ep_rew_mean          | 377         |
| time/                   |             |
|    fps                  | 1424        |
|    iterations           | 179         |
|    time_elapsed         | 257         |
|    total_timesteps      | 366592      |
| train/                  |             |
|    approx_kl            | 0.024053529 |
|    clip_fraction        | 0.3         |
|    clip_range           | 0.2         |
|    entropy_loss         | -18.1       |
|    explained_variance   | 0.91555303  |
|    learning_rate        | 0.0003      |
|    loss                 | -0.0168     |
|    n_updates            | 1780        |
|    policy_gradient_loss | -0.0295     |
|    std                  | 0.815       |
|    value_loss           | 0.164       |
-----------------------------------------
-----------------------------------------
| rollout/                |             |
|    ep_len_mean          | 1.89e+03    |
|    ep_rew_mean          | 377         |
| time/                   |             |
|    fps                  | 1423        |
|    iterations           | 180         |
|    time_elapsed         | 258         |
|    total_timesteps      | 368640      |
| train/                  |             |
|    approx_kl            | 0.022658767 |
|    clip_fraction        | 0.277       |
|    clip_range           | 0.2         |
|    entropy_loss         | -18.1       |
|    explained_variance   | 0.7902981   |
|    learning_rate        | 0.0003      |
|    loss                 | 0.0819      |
|    n_updates            | 1790        |
|    policy_gradient_loss | -0.0351     |
|    std                  | 0.813       |
|    value_loss           | 0.523       |
-----------------------------------------
----------------------------------------
| rollout/                |            |
|    ep_len_mean          | 1.89e+03   |
|    ep_rew_mean          | 377        |
| time/                   |            |
|    fps                  | 1423       |
|    iterations           | 181        |
|    time_elapsed         | 260        |
|    total_timesteps      | 370688     |
| train/                  |            |
|    approx_kl            | 0.02500182 |
|    clip_fraction        | 0.321      |
|    clip_range           | 0.2        |
|    entropy_loss         | -18.1      |
|    explained_variance   | 0.70769244 |
|    learning_rate        | 0.0003     |
|    loss                 | -0.04      |
|    n_updates            | 1800       |
|    policy_gradient_loss | -0.0365    |
|    std                  | 0.813      |
|    value_loss           | 0.0642     |
----------------------------------------
------------------------------------------
| rollout/                |              |
|    ep_len_mean          | 1.89e+03     |
|    ep_rew_mean          | 377          |
| time/                   |              |
|    fps                  | 1422         |
|    iterations           | 182          |
|    time_elapsed         | 262          |
|    total_timesteps      | 372736       |
| train/                  |              |
|    approx_kl            | 0.025619343  |
|    clip_fraction        | 0.316        |
|    clip_range           | 0.2          |
|    entropy_loss         | -18.1        |
|    explained_variance   | 0.0037680268 |
|    learning_rate        | 0.0003       |
|    loss                 | -0.031       |
|    n_updates            | 1810         |
|    policy_gradient_loss | -0.0371      |
|    std                  | 0.81         |
|    value_loss           | 0.0798       |
------------------------------------------
----------------------------------------
| rollout/                |            |
|    ep_len_mean          | 1.89e+03   |
|    ep_rew_mean          | 377        |
| time/                   |            |
|    fps                  | 1421       |
|    iterations           | 183        |
|    time_elapsed         | 263        |
|    total_timesteps      | 374784     |
| train/                  |            |
|    approx_kl            | 0.02628071 |
|    clip_fraction        | 0.326      |
|    clip_range           | 0.2        |
|    entropy_loss         | -18        |
|    explained_variance   | 0.35276693 |
|    learning_rate        | 0.0003     |
|    loss                 | -0.0529    |
|    n_updates            | 1820       |
|    policy_gradient_loss | -0.0379    |
|    std                  | 0.808      |
|    value_loss           | 0.0261     |
----------------------------------------
------------------------------------------
| rollout/                |              |
|    ep_len_mean          | 1.98e+03     |
|    ep_rew_mean          | 398          |
| time/                   |              |
|    fps                  | 1420         |
|    iterations           | 184          |
|    time_elapsed         | 265          |
|    total_timesteps      | 376832       |
| train/                  |              |
|    approx_kl            | 0.024225753  |
|    clip_fraction        | 0.288        |
|    clip_range           | 0.2          |
|    entropy_loss         | -18          |
|    explained_variance   | -0.048290014 |
|    learning_rate        | 0.0003       |
|    loss                 | 0.0457       |
|    n_updates            | 1830         |
|    policy_gradient_loss | -0.0356      |
|    std                  | 0.807        |
|    value_loss           | 0.269        |
------------------------------------------
-----------------------------------------
| rollout/                |             |
|    ep_len_mean          | 1.98e+03    |
|    ep_rew_mean          | 398         |
| time/                   |             |
|    fps                  | 1419        |
|    iterations           | 185         |
|    time_elapsed         | 266         |
|    total_timesteps      | 378880      |
| train/                  |             |
|    approx_kl            | 0.020789988 |
|    clip_fraction        | 0.268       |
|    clip_range           | 0.2         |
|    entropy_loss         | -18         |
|    explained_variance   | 0.87422085  |
|    learning_rate        | 0.0003      |
|    loss                 | -0.0301     |
|    n_updates            | 1840        |
|    policy_gradient_loss | -0.0242     |
|    std                  | 0.808       |
|    value_loss           | 0.221       |
-----------------------------------------
----------------------------------------
| rollout/                |            |
|    ep_len_mean          | 2.02e+03   |
|    ep_rew_mean          | 406        |
| time/                   |            |
|    fps                  | 1418       |
|    iterations           | 186        |
|    time_elapsed         | 268        |
|    total_timesteps      | 380928     |
| train/                  |            |
|    approx_kl            | 0.03199336 |
|    clip_fraction        | 0.347      |
|    clip_range           | 0.2        |
|    entropy_loss         | -18        |
|    explained_variance   | -1.330807  |
|    learning_rate        | 0.0003     |
|    loss                 | 0.00704    |
|    n_updates            | 1850       |
|    policy_gradient_loss | -0.0291    |
|    std                  | 0.807      |
|    value_loss           | 0.175      |
----------------------------------------
-----------------------------------------
| rollout/                |             |
|    ep_len_mean          | 2.04e+03    |
|    ep_rew_mean          | 410         |
| time/                   |             |
|    fps                  | 1417        |
|    iterations           | 187         |
|    time_elapsed         | 270         |
|    total_timesteps      | 382976      |
| train/                  |             |
|    approx_kl            | 0.028742567 |
|    clip_fraction        | 0.298       |
|    clip_range           | 0.2         |
|    entropy_loss         | -18         |
|    explained_variance   | 0.8826015   |
|    learning_rate        | 0.0003      |
|    loss                 | 0.0255      |
|    n_updates            | 1860        |
|    policy_gradient_loss | -0.0283     |
|    std                  | 0.807       |
|    value_loss           | 0.4         |
-----------------------------------------
-----------------------------------------
| rollout/                |             |
|    ep_len_mean          | 2.04e+03    |
|    ep_rew_mean          | 410         |
| time/                   |             |
|    fps                  | 1416        |
|    iterations           | 188         |
|    time_elapsed         | 271         |
|    total_timesteps      | 385024      |
| train/                  |             |
|    approx_kl            | 0.022693664 |
|    clip_fraction        | 0.297       |
|    clip_range           | 0.2         |
|    entropy_loss         | -18         |
|    explained_variance   | 0.9206821   |
|    learning_rate        | 0.0003      |
|    loss                 | 0.0657      |
|    n_updates            | 1870        |
|    policy_gradient_loss | -0.0284     |
|    std                  | 0.807       |
|    value_loss           | 0.782       |
-----------------------------------------
---------------------------------------
| rollout/                |           |
|    ep_len_mean          | 2.07e+03  |
|    ep_rew_mean          | 418       |
| time/                   |           |
|    fps                  | 1415      |
|    iterations           | 189       |
|    time_elapsed         | 273       |
|    total_timesteps      | 387072    |
| train/                  |           |
|    approx_kl            | 0.0320564 |
|    clip_fraction        | 0.348     |
|    clip_range           | 0.2       |
|    entropy_loss         | -18       |
|    explained_variance   | 0.5642483 |
|    learning_rate        | 0.0003    |
|    loss                 | 0.0526    |
|    n_updates            | 1880      |
|    policy_gradient_loss | -0.0258   |
|    std                  | 0.805     |
|    value_loss           | 0.286     |
---------------------------------------
-----------------------------------------
| rollout/                |             |
|    ep_len_mean          | 2.07e+03    |
|    ep_rew_mean          | 418         |
| time/                   |             |
|    fps                  | 1414        |
|    iterations           | 190         |
|    time_elapsed         | 275         |
|    total_timesteps      | 389120      |
| train/                  |             |
|    approx_kl            | 0.029947937 |
|    clip_fraction        | 0.319       |
|    clip_range           | 0.2         |
|    entropy_loss         | -17.9       |
|    explained_variance   | 0.9355502   |
|    learning_rate        | 0.0003      |
|    loss                 | 0.445       |
|    n_updates            | 1890        |
|    policy_gradient_loss | -0.032      |
|    std                  | 0.805       |
|    value_loss           | 1.02        |
-----------------------------------------
-----------------------------------------
| rollout/                |             |
|    ep_len_mean          | 2.07e+03    |
|    ep_rew_mean          | 418         |
| time/                   |             |
|    fps                  | 1413        |
|    iterations           | 191         |
|    time_elapsed         | 276         |
|    total_timesteps      | 391168      |
| train/                  |             |
|    approx_kl            | 0.029116072 |
|    clip_fraction        | 0.339       |
|    clip_range           | 0.2         |
|    entropy_loss         | -17.9       |
|    explained_variance   | 0.042633295 |
|    learning_rate        | 0.0003      |
|    loss                 | -0.0264     |
|    n_updates            | 1900        |
|    policy_gradient_loss | -0.0346     |
|    std                  | 0.806       |
|    value_loss           | 0.0442      |
-----------------------------------------
-----------------------------------------
| rollout/                |             |
|    ep_len_mean          | 2.1e+03     |
|    ep_rew_mean          | 427         |
| time/                   |             |
|    fps                  | 1412        |
|    iterations           | 192         |
|    time_elapsed         | 278         |
|    total_timesteps      | 393216      |
| train/                  |             |
|    approx_kl            | 0.030928653 |
|    clip_fraction        | 0.36        |
|    clip_range           | 0.2         |
|    entropy_loss         | -17.9       |
|    explained_variance   | 0.59139     |
|    learning_rate        | 0.0003      |
|    loss                 | -0.0511     |
|    n_updates            | 1910        |
|    policy_gradient_loss | -0.0412     |
|    std                  | 0.805       |
|    value_loss           | 0.0172      |
-----------------------------------------
-----------------------------------------
| rollout/                |             |
|    ep_len_mean          | 2.1e+03     |
|    ep_rew_mean          | 427         |
| time/                   |             |
|    fps                  | 1411        |
|    iterations           | 193         |
|    time_elapsed         | 279         |
|    total_timesteps      | 395264      |
| train/                  |             |
|    approx_kl            | 0.028938113 |
|    clip_fraction        | 0.315       |
|    clip_range           | 0.2         |
|    entropy_loss         | -17.9       |
|    explained_variance   | 0.9461558   |
|    learning_rate        | 0.0003      |
|    loss                 | 0.0321      |
|    n_updates            | 1920        |
|    policy_gradient_loss | -0.025      |
|    std                  | 0.804       |
|    value_loss           | 0.363       |
-----------------------------------------
----------------------------------------
| rollout/                |            |
|    ep_len_mean          | 2.1e+03    |
|    ep_rew_mean          | 427        |
| time/                   |            |
|    fps                  | 1410       |
|    iterations           | 194        |
|    time_elapsed         | 281        |
|    total_timesteps      | 397312     |
| train/                  |            |
|    approx_kl            | 0.03315918 |
|    clip_fraction        | 0.341      |
|    clip_range           | 0.2        |
|    entropy_loss         | -17.9      |
|    explained_variance   | -1.5572398 |
|    learning_rate        | 0.0003     |
|    loss                 | -0.035     |
|    n_updates            | 1930       |
|    policy_gradient_loss | -0.0311    |
|    std                  | 0.801      |
|    value_loss           | 0.0404     |
----------------------------------------
-----------------------------------------
| rollout/                |             |
|    ep_len_mean          | 2.13e+03    |
|    ep_rew_mean          | 434         |
| time/                   |             |
|    fps                  | 1410        |
|    iterations           | 195         |
|    time_elapsed         | 283         |
|    total_timesteps      | 399360      |
| train/                  |             |
|    approx_kl            | 0.03007339  |
|    clip_fraction        | 0.322       |
|    clip_range           | 0.2         |
|    entropy_loss         | -17.8       |
|    explained_variance   | -0.25913465 |
|    learning_rate        | 0.0003      |
|    loss                 | -0.0595     |
|    n_updates            | 1940        |
|    policy_gradient_loss | -0.0356     |
|    std                  | 0.799       |
|    value_loss           | 0.0353      |
-----------------------------------------
-----------------------------------------
| rollout/                |             |
|    ep_len_mean          | 2.14e+03    |
|    ep_rew_mean          | 435         |
| time/                   |             |
|    fps                  | 1410        |
|    iterations           | 196         |
|    time_elapsed         | 284         |
|    total_timesteps      | 401408      |
| train/                  |             |
|    approx_kl            | 0.022674756 |
|    clip_fraction        | 0.261       |
|    clip_range           | 0.2         |
|    entropy_loss         | -17.8       |
|    explained_variance   | 0.89672315  |
|    learning_rate        | 0.0003      |
|    loss                 | 0.459       |
|    n_updates            | 1950        |
|    policy_gradient_loss | -0.0294     |
|    std                  | 0.798       |
|    value_loss           | 0.944       |
-----------------------------------------
---------------------------------------
| rollout/                |           |
|    ep_len_mean          | 2.15e+03  |
|    ep_rew_mean          | 438       |
| time/                   |           |
|    fps                  | 1409      |
|    iterations           | 197       |
|    time_elapsed         | 286       |
|    total_timesteps      | 403456    |
| train/                  |           |
|    approx_kl            | 0.0251308 |
|    clip_fraction        | 0.272     |
|    clip_range           | 0.2       |
|    entropy_loss         | -17.8     |
|    explained_variance   | 0.8315214 |
|    learning_rate        | 0.0003    |
|    loss                 | 0.412     |
|    n_updates            | 1960      |
|    policy_gradient_loss | -0.031    |
|    std                  | 0.799     |
|    value_loss           | 1.23      |
---------------------------------------
-----------------------------------------
| rollout/                |             |
|    ep_len_mean          | 2.17e+03    |
|    ep_rew_mean          | 443         |
| time/                   |             |
|    fps                  | 1409        |
|    iterations           | 198         |
|    time_elapsed         | 287         |
|    total_timesteps      | 405504      |
| train/                  |             |
|    approx_kl            | 0.024368249 |
|    clip_fraction        | 0.325       |
|    clip_range           | 0.2         |
|    entropy_loss         | -17.8       |
|    explained_variance   | 0.93391806  |
|    learning_rate        | 0.0003      |
|    loss                 | 0.0553      |
|    n_updates            | 1970        |
|    policy_gradient_loss | -0.0286     |
|    std                  | 0.801       |
|    value_loss           | 0.354       |
-----------------------------------------
----------------------------------------
| rollout/                |            |
|    ep_len_mean          | 2.17e+03   |
|    ep_rew_mean          | 444        |
| time/                   |            |
|    fps                  | 1408       |
|    iterations           | 199        |
|    time_elapsed         | 289        |
|    total_timesteps      | 407552     |
| train/                  |            |
|    approx_kl            | 0.03213334 |
|    clip_fraction        | 0.335      |
|    clip_range           | 0.2        |
|    entropy_loss         | -17.8      |
|    explained_variance   | 0.937131   |
|    learning_rate        | 0.0003     |
|    loss                 | 0.045      |
|    n_updates            | 1980       |
|    policy_gradient_loss | -0.0322    |
|    std                  | 0.801      |
|    value_loss           | 0.493      |
----------------------------------------
----------------------------------------
| rollout/                |            |
|    ep_len_mean          | 2.15e+03   |
|    ep_rew_mean          | 441        |
| time/                   |            |
|    fps                  | 1407       |
|    iterations           | 200        |
|    time_elapsed         | 290        |
|    total_timesteps      | 409600     |
| train/                  |            |
|    approx_kl            | 0.02744331 |
|    clip_fraction        | 0.315      |
|    clip_range           | 0.2        |
|    entropy_loss         | -17.8      |
|    explained_variance   | 0.8694242  |
|    learning_rate        | 0.0003     |
|    loss                 | 0.911      |
|    n_updates            | 1990       |
|    policy_gradient_loss | -0.028     |
|    std                  | 0.8        |
|    value_loss           | 1.12       |
----------------------------------------
-----------------------------------------
| rollout/                |             |
|    ep_len_mean          | 2.15e+03    |
|    ep_rew_mean          | 441         |
| time/                   |             |
|    fps                  | 1406        |
|    iterations           | 201         |
|    time_elapsed         | 292         |
|    total_timesteps      | 411648      |
| train/                  |             |
|    approx_kl            | 0.030358892 |
|    clip_fraction        | 0.335       |
|    clip_range           | 0.2         |
|    entropy_loss         | -17.8       |
|    explained_variance   | 0.9100964   |
|    learning_rate        | 0.0003      |
|    loss                 | 0.134       |
|    n_updates            | 2000        |
|    policy_gradient_loss | -0.0302     |
|    std                  | 0.796       |
|    value_loss           | 0.641       |
-----------------------------------------
----------------------------------------
| rollout/                |            |
|    ep_len_mean          | 2.15e+03   |
|    ep_rew_mean          | 441        |
| time/                   |            |
|    fps                  | 1405       |
|    iterations           | 202        |
|    time_elapsed         | 294        |
|    total_timesteps      | 413696     |
| train/                  |            |
|    approx_kl            | 0.03553425 |
|    clip_fraction        | 0.379      |
|    clip_range           | 0.2        |
|    entropy_loss         | -17.7      |
|    explained_variance   | -3.5732536 |
|    learning_rate        | 0.0003     |
|    loss                 | -0.00708   |
|    n_updates            | 2010       |
|    policy_gradient_loss | -0.031     |
|    std                  | 0.793      |
|    value_loss           | 0.0513     |
----------------------------------------
-----------------------------------------
| rollout/                |             |
|    ep_len_mean          | 2.2e+03     |
|    ep_rew_mean          | 452         |
| time/                   |             |
|    fps                  | 1404        |
|    iterations           | 203         |
|    time_elapsed         | 296         |
|    total_timesteps      | 415744      |
| train/                  |             |
|    approx_kl            | 0.035811685 |
|    clip_fraction        | 0.364       |
|    clip_range           | 0.2         |
|    entropy_loss         | -17.7       |
|    explained_variance   | -0.920691   |
|    learning_rate        | 0.0003      |
|    loss                 | -0.0478     |
|    n_updates            | 2020        |
|    policy_gradient_loss | -0.0326     |
|    std                  | 0.793       |
|    value_loss           | 0.0388      |
-----------------------------------------
-----------------------------------------
| rollout/                |             |
|    ep_len_mean          | 2.2e+03     |
|    ep_rew_mean          | 454         |
| time/                   |             |
|    fps                  | 1403        |
|    iterations           | 204         |
|    time_elapsed         | 297         |
|    total_timesteps      | 417792      |
| train/                  |             |
|    approx_kl            | 0.026333481 |
|    clip_fraction        | 0.31        |
|    clip_range           | 0.2         |
|    entropy_loss         | -17.7       |
|    explained_variance   | 0.7414273   |
|    learning_rate        | 0.0003      |
|    loss                 | 0.0159      |
|    n_updates            | 2030        |
|    policy_gradient_loss | -0.0224     |
|    std                  | 0.794       |
|    value_loss           | 0.478       |
-----------------------------------------
-----------------------------------------
| rollout/                |             |
|    ep_len_mean          | 2.19e+03    |
|    ep_rew_mean          | 452         |
| time/                   |             |
|    fps                  | 1402        |
|    iterations           | 205         |
|    time_elapsed         | 299         |
|    total_timesteps      | 419840      |
| train/                  |             |
|    approx_kl            | 0.033710003 |
|    clip_fraction        | 0.352       |
|    clip_range           | 0.2         |
|    entropy_loss         | -17.7       |
|    explained_variance   | 0.91764057  |
|    learning_rate        | 0.0003      |
|    loss                 | 0.0172      |
|    n_updates            | 2040        |
|    policy_gradient_loss | -0.0335     |
|    std                  | 0.793       |
|    value_loss           | 0.617       |
-----------------------------------------
-----------------------------------------
| rollout/                |             |
|    ep_len_mean          | 2.17e+03    |
|    ep_rew_mean          | 448         |
| time/                   |             |
|    fps                  | 1401        |
|    iterations           | 206         |
|    time_elapsed         | 301         |
|    total_timesteps      | 421888      |
| train/                  |             |
|    approx_kl            | 0.028190993 |
|    clip_fraction        | 0.302       |
|    clip_range           | 0.2         |
|    entropy_loss         | -17.7       |
|    explained_variance   | 0.8928976   |
|    learning_rate        | 0.0003      |
|    loss                 | 0.0664      |
|    n_updates            | 2050        |
|    policy_gradient_loss | -0.0289     |
|    std                  | 0.794       |
|    value_loss           | 0.602       |
-----------------------------------------
-----------------------------------------
| rollout/                |             |
|    ep_len_mean          | 2.17e+03    |
|    ep_rew_mean          | 448         |
| time/                   |             |
|    fps                  | 1400        |
|    iterations           | 207         |
|    time_elapsed         | 302         |
|    total_timesteps      | 423936      |
| train/                  |             |
|    approx_kl            | 0.027712937 |
|    clip_fraction        | 0.321       |
|    clip_range           | 0.2         |
|    entropy_loss         | -17.7       |
|    explained_variance   | 0.9427094   |
|    learning_rate        | 0.0003      |
|    loss                 | 0.222       |
|    n_updates            | 2060        |
|    policy_gradient_loss | -0.0284     |
|    std                  | 0.793       |
|    value_loss           | 0.434       |
-----------------------------------------
-----------------------------------------
| rollout/                |             |
|    ep_len_mean          | 2.18e+03    |
|    ep_rew_mean          | 451         |
| time/                   |             |
|    fps                  | 1399        |
|    iterations           | 208         |
|    time_elapsed         | 304         |
|    total_timesteps      | 425984      |
| train/                  |             |
|    approx_kl            | 0.037561767 |
|    clip_fraction        | 0.375       |
|    clip_range           | 0.2         |
|    entropy_loss         | -17.6       |
|    explained_variance   | -0.28427696 |
|    learning_rate        | 0.0003      |
|    loss                 | -0.0245     |
|    n_updates            | 2070        |
|    policy_gradient_loss | -0.037      |
|    std                  | 0.789       |
|    value_loss           | 0.0357      |
-----------------------------------------
-----------------------------------------
| rollout/                |             |
|    ep_len_mean          | 2.19e+03    |
|    ep_rew_mean          | 452         |
| time/                   |             |
|    fps                  | 1399        |
|    iterations           | 209         |
|    time_elapsed         | 305         |
|    total_timesteps      | 428032      |
| train/                  |             |
|    approx_kl            | 0.024286289 |
|    clip_fraction        | 0.304       |
|    clip_range           | 0.2         |
|    entropy_loss         | -17.6       |
|    explained_variance   | 0.8704222   |
|    learning_rate        | 0.0003      |
|    loss                 | 0.0116      |
|    n_updates            | 2080        |
|    policy_gradient_loss | -0.0331     |
|    std                  | 0.787       |
|    value_loss           | 0.591       |
-----------------------------------------
----------------------------------------
| rollout/                |            |
|    ep_len_mean          | 2.19e+03   |
|    ep_rew_mean          | 452        |
| time/                   |            |
|    fps                  | 1398       |
|    iterations           | 210        |
|    time_elapsed         | 307        |
|    total_timesteps      | 430080     |
| train/                  |            |
|    approx_kl            | 0.03237473 |
|    clip_fraction        | 0.351      |
|    clip_range           | 0.2        |
|    entropy_loss         | -17.6      |
|    explained_variance   | 0.96918976 |
|    learning_rate        | 0.0003     |
|    loss                 | -0.00561   |
|    n_updates            | 2090       |
|    policy_gradient_loss | -0.0314    |
|    std                  | 0.787      |
|    value_loss           | 0.103      |
----------------------------------------
-----------------------------------------
| rollout/                |             |
|    ep_len_mean          | 2.19e+03    |
|    ep_rew_mean          | 452         |
| time/                   |             |
|    fps                  | 1397        |
|    iterations           | 211         |
|    time_elapsed         | 309         |
|    total_timesteps      | 432128      |
| train/                  |             |
|    approx_kl            | 0.031112505 |
|    clip_fraction        | 0.349       |
|    clip_range           | 0.2         |
|    entropy_loss         | -17.5       |
|    explained_variance   | -0.12889242 |
|    learning_rate        | 0.0003      |
|    loss                 | -0.0439     |
|    n_updates            | 2100        |
|    policy_gradient_loss | -0.0365     |
|    std                  | 0.784       |
|    value_loss           | 0.0395      |
-----------------------------------------
-----------------------------------------
| rollout/                |             |
|    ep_len_mean          | 2.25e+03    |
|    ep_rew_mean          | 466         |
| time/                   |             |
|    fps                  | 1396        |
|    iterations           | 212         |
|    time_elapsed         | 310         |
|    total_timesteps      | 434176      |
| train/                  |             |
|    approx_kl            | 0.034461014 |
|    clip_fraction        | 0.37        |
|    clip_range           | 0.2         |
|    entropy_loss         | -17.5       |
|    explained_variance   | 0.1338728   |
|    learning_rate        | 0.0003      |
|    loss                 | -0.0249     |
|    n_updates            | 2110        |
|    policy_gradient_loss | -0.0377     |
|    std                  | 0.784       |
|    value_loss           | 0.053       |
-----------------------------------------
-----------------------------------------
| rollout/                |             |
|    ep_len_mean          | 2.26e+03    |
|    ep_rew_mean          | 468         |
| time/                   |             |
|    fps                  | 1396        |
|    iterations           | 213         |
|    time_elapsed         | 312         |
|    total_timesteps      | 436224      |
| train/                  |             |
|    approx_kl            | 0.027034821 |
|    clip_fraction        | 0.311       |
|    clip_range           | 0.2         |
|    entropy_loss         | -17.5       |
|    explained_variance   | 0.9012809   |
|    learning_rate        | 0.0003      |
|    loss                 | 0.0316      |
|    n_updates            | 2120        |
|    policy_gradient_loss | -0.0266     |
|    std                  | 0.785       |
|    value_loss           | 0.39        |
-----------------------------------------
----------------------------------------
| rollout/                |            |
|    ep_len_mean          | 2.27e+03   |
|    ep_rew_mean          | 471        |
| time/                   |            |
|    fps                  | 1394       |
|    iterations           | 214        |
|    time_elapsed         | 314        |
|    total_timesteps      | 438272     |
| train/                  |            |
|    approx_kl            | 0.0230986  |
|    clip_fraction        | 0.296      |
|    clip_range           | 0.2        |
|    entropy_loss         | -17.5      |
|    explained_variance   | 0.92853546 |
|    learning_rate        | 0.0003     |
|    loss                 | 0.0791     |
|    n_updates            | 2130       |
|    policy_gradient_loss | -0.0231    |
|    std                  | 0.785      |
|    value_loss           | 0.523      |
----------------------------------------
----------------------------------------
| rollout/                |            |
|    ep_len_mean          | 2.27e+03   |
|    ep_rew_mean          | 471        |
| time/                   |            |
|    fps                  | 1394       |
|    iterations           | 215        |
|    time_elapsed         | 315        |
|    total_timesteps      | 440320     |
| train/                  |            |
|    approx_kl            | 0.03267292 |
|    clip_fraction        | 0.345      |
|    clip_range           | 0.2        |
|    entropy_loss         | -17.5      |
|    explained_variance   | 0.92855704 |
|    learning_rate        | 0.0003     |
|    loss                 | 0.0446     |
|    n_updates            | 2140       |
|    policy_gradient_loss | -0.0292    |
|    std                  | 0.782      |
|    value_loss           | 0.613      |
----------------------------------------
-----------------------------------------
| rollout/                |             |
|    ep_len_mean          | 2.27e+03    |
|    ep_rew_mean          | 471         |
| time/                   |             |
|    fps                  | 1393        |
|    iterations           | 216         |
|    time_elapsed         | 317         |
|    total_timesteps      | 442368      |
| train/                  |             |
|    approx_kl            | 0.032046616 |
|    clip_fraction        | 0.339       |
|    clip_range           | 0.2         |
|    entropy_loss         | -17.5       |
|    explained_variance   | -0.2326566  |
|    learning_rate        | 0.0003      |
|    loss                 | -0.0237     |
|    n_updates            | 2150        |
|    policy_gradient_loss | -0.0294     |
|    std                  | 0.786       |
|    value_loss           | 0.0257      |
-----------------------------------------
-----------------------------------------
| rollout/                |             |
|    ep_len_mean          | 2.27e+03    |
|    ep_rew_mean          | 471         |
| time/                   |             |
|    fps                  | 1393        |
|    iterations           | 217         |
|    time_elapsed         | 318         |
|    total_timesteps      | 444416      |
| train/                  |             |
|    approx_kl            | 0.029637787 |
|    clip_fraction        | 0.36        |
|    clip_range           | 0.2         |
|    entropy_loss         | -17.5       |
|    explained_variance   | -0.15069199 |
|    learning_rate        | 0.0003      |
|    loss                 | -0.018      |
|    n_updates            | 2160        |
|    policy_gradient_loss | -0.0311     |
|    std                  | 0.784       |
|    value_loss           | 0.0269      |
-----------------------------------------
-----------------------------------------
| rollout/                |             |
|    ep_len_mean          | 2.32e+03    |
|    ep_rew_mean          | 484         |
| time/                   |             |
|    fps                  | 1392        |
|    iterations           | 218         |
|    time_elapsed         | 320         |
|    total_timesteps      | 446464      |
| train/                  |             |
|    approx_kl            | 0.029191181 |
|    clip_fraction        | 0.343       |
|    clip_range           | 0.2         |
|    entropy_loss         | -17.5       |
|    explained_variance   | 0.053635657 |
|    learning_rate        | 0.0003      |
|    loss                 | -0.00313    |
|    n_updates            | 2170        |
|    policy_gradient_loss | -0.0361     |
|    std                  | 0.78        |
|    value_loss           | 0.0235      |
-----------------------------------------
-----------------------------------------
| rollout/                |             |
|    ep_len_mean          | 2.32e+03    |
|    ep_rew_mean          | 484         |
| time/                   |             |
|    fps                  | 1392        |
|    iterations           | 219         |
|    time_elapsed         | 322         |
|    total_timesteps      | 448512      |
| train/                  |             |
|    approx_kl            | 0.025898356 |
|    clip_fraction        | 0.32        |
|    clip_range           | 0.2         |
|    entropy_loss         | -17.4       |
|    explained_variance   | 0.9033104   |
|    learning_rate        | 0.0003      |
|    loss                 | -0.0115     |
|    n_updates            | 2180        |
|    policy_gradient_loss | -0.0226     |
|    std                  | 0.778       |
|    value_loss           | 0.183       |
-----------------------------------------
-----------------------------------------
| rollout/                |             |
|    ep_len_mean          | 2.32e+03    |
|    ep_rew_mean          | 484         |
| time/                   |             |
|    fps                  | 1391        |
|    iterations           | 220         |
|    time_elapsed         | 323         |
|    total_timesteps      | 450560      |
| train/                  |             |
|    approx_kl            | 0.027950505 |
|    clip_fraction        | 0.306       |
|    clip_range           | 0.2         |
|    entropy_loss         | -17.4       |
|    explained_variance   | -1.3234124  |
|    learning_rate        | 0.0003      |
|    loss                 | -0.0404     |
|    n_updates            | 2190        |
|    policy_gradient_loss | -0.03       |
|    std                  | 0.778       |
|    value_loss           | 0.0477      |
-----------------------------------------
----------------------------------------
| rollout/                |            |
|    ep_len_mean          | 2.32e+03   |
|    ep_rew_mean          | 484        |
| time/                   |            |
|    fps                  | 1391       |
|    iterations           | 221        |
|    time_elapsed         | 325        |
|    total_timesteps      | 452608     |
| train/                  |            |
|    approx_kl            | 0.02825929 |
|    clip_fraction        | 0.327      |
|    clip_range           | 0.2        |
|    entropy_loss         | -17.4      |
|    explained_variance   | 0.21599704 |
|    learning_rate        | 0.0003     |
|    loss                 | -0.0424    |
|    n_updates            | 2200       |
|    policy_gradient_loss | -0.0373    |
|    std                  | 0.78       |
|    value_loss           | 0.0112     |
----------------------------------------
-----------------------------------------
| rollout/                |             |
|    ep_len_mean          | 2.32e+03    |
|    ep_rew_mean          | 484         |
| time/                   |             |
|    fps                  | 1390        |
|    iterations           | 222         |
|    time_elapsed         | 326         |
|    total_timesteps      | 454656      |
| train/                  |             |
|    approx_kl            | 0.032188855 |
|    clip_fraction        | 0.348       |
|    clip_range           | 0.2         |
|    entropy_loss         | -17.4       |
|    explained_variance   | 0.5966331   |
|    learning_rate        | 0.0003      |
|    loss                 | -0.0468     |
|    n_updates            | 2210        |
|    policy_gradient_loss | -0.0407     |
|    std                  | 0.783       |
|    value_loss           | 0.00955     |
-----------------------------------------
----------------------------------------
| rollout/                |            |
|    ep_len_mean          | 2.32e+03   |
|    ep_rew_mean          | 484        |
| time/                   |            |
|    fps                  | 1390       |
|    iterations           | 223        |
|    time_elapsed         | 328        |
|    total_timesteps      | 456704     |
| train/                  |            |
|    approx_kl            | 0.02800269 |
|    clip_fraction        | 0.345      |
|    clip_range           | 0.2        |
|    entropy_loss         | -17.4      |
|    explained_variance   | 0.20315802 |
|    learning_rate        | 0.0003     |
|    loss                 | -0.0642    |
|    n_updates            | 2220       |
|    policy_gradient_loss | -0.0414    |
|    std                  | 0.779      |
|    value_loss           | 0.0086     |
----------------------------------------
-----------------------------------------
| rollout/                |             |
|    ep_len_mean          | 2.45e+03    |
|    ep_rew_mean          | 513         |
| time/                   |             |
|    fps                  | 1389        |
|    iterations           | 224         |
|    time_elapsed         | 330         |
|    total_timesteps      | 458752      |
| train/                  |             |
|    approx_kl            | 0.028473707 |
|    clip_fraction        | 0.325       |
|    clip_range           | 0.2         |
|    entropy_loss         | -17.3       |
|    explained_variance   | -1.4880376  |
|    learning_rate        | 0.0003      |
|    loss                 | -0.0148     |
|    n_updates            | 2230        |
|    policy_gradient_loss | -0.0309     |
|    std                  | 0.777       |
|    value_loss           | 0.0368      |
-----------------------------------------
----------------------------------------
| rollout/                |            |
|    ep_len_mean          | 2.46e+03   |
|    ep_rew_mean          | 517        |
| time/                   |            |
|    fps                  | 1389       |
|    iterations           | 225        |
|    time_elapsed         | 331        |
|    total_timesteps      | 460800     |
| train/                  |            |
|    approx_kl            | 0.02638641 |
|    clip_fraction        | 0.307      |
|    clip_range           | 0.2        |
|    entropy_loss         | -17.3      |
|    explained_variance   | 0.83502024 |
|    learning_rate        | 0.0003     |
|    loss                 | -0.00888   |
|    n_updates            | 2240       |
|    policy_gradient_loss | -0.0264    |
|    std                  | 0.777      |
|    value_loss           | 0.606      |
----------------------------------------
-----------------------------------------
| rollout/                |             |
|    ep_len_mean          | 2.47e+03    |
|    ep_rew_mean          | 520         |
| time/                   |             |
|    fps                  | 1389        |
|    iterations           | 226         |
|    time_elapsed         | 333         |
|    total_timesteps      | 462848      |
| train/                  |             |
|    approx_kl            | 0.029037599 |
|    clip_fraction        | 0.319       |
|    clip_range           | 0.2         |
|    entropy_loss         | -17.3       |
|    explained_variance   | 0.88992935  |
|    learning_rate        | 0.0003      |
|    loss                 | 0.116       |
|    n_updates            | 2250        |
|    policy_gradient_loss | -0.0257     |
|    std                  | 0.775       |
|    value_loss           | 0.294       |
-----------------------------------------
----------------------------------------
| rollout/                |            |
|    ep_len_mean          | 2.47e+03   |
|    ep_rew_mean          | 520        |
| time/                   |            |
|    fps                  | 1389       |
|    iterations           | 227        |
|    time_elapsed         | 334        |
|    total_timesteps      | 464896     |
| train/                  |            |
|    approx_kl            | 0.02626443 |
|    clip_fraction        | 0.308      |
|    clip_range           | 0.2        |
|    entropy_loss         | -17.3      |
|    explained_variance   | 0.9139364  |
|    learning_rate        | 0.0003     |
|    loss                 | 0.0271     |
|    n_updates            | 2260       |
|    policy_gradient_loss | -0.0285    |
|    std                  | 0.773      |
|    value_loss           | 0.382      |
----------------------------------------
-----------------------------------------
| rollout/                |             |
|    ep_len_mean          | 2.47e+03    |
|    ep_rew_mean          | 520         |
| time/                   |             |
|    fps                  | 1388        |
|    iterations           | 228         |
|    time_elapsed         | 336         |
|    total_timesteps      | 466944      |
| train/                  |             |
|    approx_kl            | 0.026906226 |
|    clip_fraction        | 0.32        |
|    clip_range           | 0.2         |
|    entropy_loss         | -17.2       |
|    explained_variance   | -1.5571291  |
|    learning_rate        | 0.0003      |
|    loss                 | -0.00859    |
|    n_updates            | 2270        |
|    policy_gradient_loss | -0.0268     |
|    std                  | 0.771       |
|    value_loss           | 0.0504      |
-----------------------------------------
--------------------------------------------
| rollout/                |                |
|    ep_len_mean          | 2.53e+03       |
|    ep_rew_mean          | 533            |
| time/                   |                |
|    fps                  | 1388           |
|    iterations           | 229            |
|    time_elapsed         | 337            |
|    total_timesteps      | 468992         |
| train/                  |                |
|    approx_kl            | 0.030504968    |
|    clip_fraction        | 0.339          |
|    clip_range           | 0.2            |
|    entropy_loss         | -17.2          |
|    explained_variance   | -0.00023317337 |
|    learning_rate        | 0.0003         |
|    loss                 | -0.0713        |
|    n_updates            | 2280           |
|    policy_gradient_loss | -0.0352        |
|    std                  | 0.768          |
|    value_loss           | 0.0195         |
--------------------------------------------
-----------------------------------------
| rollout/                |             |
|    ep_len_mean          | 2.53e+03    |
|    ep_rew_mean          | 533         |
| time/                   |             |
|    fps                  | 1388        |
|    iterations           | 230         |
|    time_elapsed         | 339         |
|    total_timesteps      | 471040      |
| train/                  |             |
|    approx_kl            | 0.029539939 |
|    clip_fraction        | 0.3         |
|    clip_range           | 0.2         |
|    entropy_loss         | -17.2       |
|    explained_variance   | 0.89062405  |
|    learning_rate        | 0.0003      |
|    loss                 | -0.0281     |
|    n_updates            | 2290        |
|    policy_gradient_loss | -0.0228     |
|    std                  | 0.77        |
|    value_loss           | 0.215       |
-----------------------------------------
-----------------------------------------
| rollout/                |             |
|    ep_len_mean          | 2.53e+03    |
|    ep_rew_mean          | 533         |
| time/                   |             |
|    fps                  | 1387        |
|    iterations           | 231         |
|    time_elapsed         | 340         |
|    total_timesteps      | 473088      |
| train/                  |             |
|    approx_kl            | 0.031493805 |
|    clip_fraction        | 0.348       |
|    clip_range           | 0.2         |
|    entropy_loss         | -17.2       |
|    explained_variance   | -0.9853817  |
|    learning_rate        | 0.0003      |
|    loss                 | -0.0334     |
|    n_updates            | 2300        |
|    policy_gradient_loss | -0.0279     |
|    std                  | 0.768       |
|    value_loss           | 0.033       |
-----------------------------------------
-----------------------------------------
| rollout/                |             |
|    ep_len_mean          | 2.53e+03    |
|    ep_rew_mean          | 533         |
| time/                   |             |
|    fps                  | 1386        |
|    iterations           | 232         |
|    time_elapsed         | 342         |
|    total_timesteps      | 475136      |
| train/                  |             |
|    approx_kl            | 0.03431061  |
|    clip_fraction        | 0.355       |
|    clip_range           | 0.2         |
|    entropy_loss         | -17.2       |
|    explained_variance   | 0.059756935 |
|    learning_rate        | 0.0003      |
|    loss                 | -0.0434     |
|    n_updates            | 2310        |
|    policy_gradient_loss | -0.0397     |
|    std                  | 0.769       |
|    value_loss           | 0.0166      |
-----------------------------------------
-----------------------------------------
| rollout/                |             |
|    ep_len_mean          | 2.6e+03     |
|    ep_rew_mean          | 550         |
| time/                   |             |
|    fps                  | 1386        |
|    iterations           | 233         |
|    time_elapsed         | 344         |
|    total_timesteps      | 477184      |
| train/                  |             |
|    approx_kl            | 0.027834952 |
|    clip_fraction        | 0.319       |
|    clip_range           | 0.2         |
|    entropy_loss         | -17.2       |
|    explained_variance   | 0.45612186  |
|    learning_rate        | 0.0003      |
|    loss                 | -0.0648     |
|    n_updates            | 2320        |
|    policy_gradient_loss | -0.0376     |
|    std                  | 0.77        |
|    value_loss           | 0.00771     |
-----------------------------------------
-----------------------------------------
| rollout/                |             |
|    ep_len_mean          | 2.6e+03     |
|    ep_rew_mean          | 550         |
| time/                   |             |
|    fps                  | 1386        |
|    iterations           | 234         |
|    time_elapsed         | 345         |
|    total_timesteps      | 479232      |
| train/                  |             |
|    approx_kl            | 0.026936034 |
|    clip_fraction        | 0.309       |
|    clip_range           | 0.2         |
|    entropy_loss         | -17.2       |
|    explained_variance   | 0.91587955  |
|    learning_rate        | 0.0003      |
|    loss                 | 0.0323      |
|    n_updates            | 2330        |
|    policy_gradient_loss | -0.0255     |
|    std                  | 0.77        |
|    value_loss           | 0.191       |
-----------------------------------------
-----------------------------------------
| rollout/                |             |
|    ep_len_mean          | 2.59e+03    |
|    ep_rew_mean          | 549         |
| time/                   |             |
|    fps                  | 1386        |
|    iterations           | 235         |
|    time_elapsed         | 347         |
|    total_timesteps      | 481280      |
| train/                  |             |
|    approx_kl            | 0.034617685 |
|    clip_fraction        | 0.364       |
|    clip_range           | 0.2         |
|    entropy_loss         | -17.2       |
|    explained_variance   | -2.1912224  |
|    learning_rate        | 0.0003      |
|    loss                 | -0.0255     |
|    n_updates            | 2340        |
|    policy_gradient_loss | -0.0319     |
|    std                  | 0.771       |
|    value_loss           | 0.0461      |
-----------------------------------------
-----------------------------------------
| rollout/                |             |
|    ep_len_mean          | 2.6e+03     |
|    ep_rew_mean          | 551         |
| time/                   |             |
|    fps                  | 1386        |
|    iterations           | 236         |
|    time_elapsed         | 348         |
|    total_timesteps      | 483328      |
| train/                  |             |
|    approx_kl            | 0.021166865 |
|    clip_fraction        | 0.254       |
|    clip_range           | 0.2         |
|    entropy_loss         | -17.2       |
|    explained_variance   | 0.90365595  |
|    learning_rate        | 0.0003      |
|    loss                 | 0.289       |
|    n_updates            | 2350        |
|    policy_gradient_loss | -0.0295     |
|    std                  | 0.772       |
|    value_loss           | 0.549       |
-----------------------------------------
-----------------------------------------
| rollout/                |             |
|    ep_len_mean          | 2.57e+03    |
|    ep_rew_mean          | 548         |
| time/                   |             |
|    fps                  | 1386        |
|    iterations           | 237         |
|    time_elapsed         | 350         |
|    total_timesteps      | 485376      |
| train/                  |             |
|    approx_kl            | 0.030282095 |
|    clip_fraction        | 0.337       |
|    clip_range           | 0.2         |
|    entropy_loss         | -17.3       |
|    explained_variance   | 0.9472566   |
|    learning_rate        | 0.0003      |
|    loss                 | 0.0382      |
|    n_updates            | 2360        |
|    policy_gradient_loss | -0.031      |
|    std                  | 0.772       |
|    value_loss           | 0.295       |
-----------------------------------------
-----------------------------------------
| rollout/                |             |
|    ep_len_mean          | 2.57e+03    |
|    ep_rew_mean          | 548         |
| time/                   |             |
|    fps                  | 1386        |
|    iterations           | 238         |
|    time_elapsed         | 351         |
|    total_timesteps      | 487424      |
| train/                  |             |
|    approx_kl            | 0.027071042 |
|    clip_fraction        | 0.302       |
|    clip_range           | 0.2         |
|    entropy_loss         | -17.2       |
|    explained_variance   | 0.9490434   |
|    learning_rate        | 0.0003      |
|    loss                 | 0.362       |
|    n_updates            | 2370        |
|    policy_gradient_loss | -0.0273     |
|    std                  | 0.77        |
|    value_loss           | 0.999       |
-----------------------------------------
----------------------------------------
| rollout/                |            |
|    ep_len_mean          | 2.56e+03   |
|    ep_rew_mean          | 545        |
| time/                   |            |
|    fps                  | 1386       |
|    iterations           | 239        |
|    time_elapsed         | 352        |
|    total_timesteps      | 489472     |
| train/                  |            |
|    approx_kl            | 0.02739596 |
|    clip_fraction        | 0.317      |
|    clip_range           | 0.2        |
|    entropy_loss         | -17.2      |
|    explained_variance   | 0.92757475 |
|    learning_rate        | 0.0003     |
|    loss                 | 0.128      |
|    n_updates            | 2380       |
|    policy_gradient_loss | -0.0287    |
|    std                  | 0.772      |
|    value_loss           | 0.585      |
----------------------------------------
-----------------------------------------
| rollout/                |             |
|    ep_len_mean          | 2.55e+03    |
|    ep_rew_mean          | 545         |
| time/                   |             |
|    fps                  | 1386        |
|    iterations           | 240         |
|    time_elapsed         | 354         |
|    total_timesteps      | 491520      |
| train/                  |             |
|    approx_kl            | 0.028035386 |
|    clip_fraction        | 0.327       |
|    clip_range           | 0.2         |
|    entropy_loss         | -17.2       |
|    explained_variance   | 0.9090241   |
|    learning_rate        | 0.0003      |
|    loss                 | 0.0542      |
|    n_updates            | 2390        |
|    policy_gradient_loss | -0.0317     |
|    std                  | 0.771       |
|    value_loss           | 0.875       |
-----------------------------------------
-----------------------------------------
| rollout/                |             |
|    ep_len_mean          | 2.57e+03    |
|    ep_rew_mean          | 549         |
| time/                   |             |
|    fps                  | 1387        |
|    iterations           | 241         |
|    time_elapsed         | 355         |
|    total_timesteps      | 493568      |
| train/                  |             |
|    approx_kl            | 0.028422458 |
|    clip_fraction        | 0.358       |
|    clip_range           | 0.2         |
|    entropy_loss         | -17.2       |
|    explained_variance   | 0.9633142   |
|    learning_rate        | 0.0003      |
|    loss                 | 0.367       |
|    n_updates            | 2400        |
|    policy_gradient_loss | -0.0284     |
|    std                  | 0.768       |
|    value_loss           | 0.498       |
-----------------------------------------
-----------------------------------------
| rollout/                |             |
|    ep_len_mean          | 2.57e+03    |
|    ep_rew_mean          | 550         |
| time/                   |             |
|    fps                  | 1386        |
|    iterations           | 242         |
|    time_elapsed         | 357         |
|    total_timesteps      | 495616      |
| train/                  |             |
|    approx_kl            | 0.030266134 |
|    clip_fraction        | 0.317       |
|    clip_range           | 0.2         |
|    entropy_loss         | -17.1       |
|    explained_variance   | 0.948137    |
|    learning_rate        | 0.0003      |
|    loss                 | 0.17        |
|    n_updates            | 2410        |
|    policy_gradient_loss | -0.0324     |
|    std                  | 0.766       |
|    value_loss           | 0.826       |
-----------------------------------------
----------------------------------------
| rollout/                |            |
|    ep_len_mean          | 2.58e+03   |
|    ep_rew_mean          | 553        |
| time/                   |            |
|    fps                  | 1387       |
|    iterations           | 243        |
|    time_elapsed         | 358        |
|    total_timesteps      | 497664     |
| train/                  |            |
|    approx_kl            | 0.03852726 |
|    clip_fraction        | 0.355      |
|    clip_range           | 0.2        |
|    entropy_loss         | -17.1      |
|    explained_variance   | 0.9017956  |
|    learning_rate        | 0.0003     |
|    loss                 | 0.156      |
|    n_updates            | 2420       |
|    policy_gradient_loss | -0.0297    |
|    std                  | 0.765      |
|    value_loss           | 0.686      |
----------------------------------------
----------------------------------------
| rollout/                |            |
|    ep_len_mean          | 2.56e+03   |
|    ep_rew_mean          | 549        |
| time/                   |            |
|    fps                  | 1387       |
|    iterations           | 244        |
|    time_elapsed         | 360        |
|    total_timesteps      | 499712     |
| train/                  |            |
|    approx_kl            | 0.03547618 |
|    clip_fraction        | 0.356      |
|    clip_range           | 0.2        |
|    entropy_loss         | -17.1      |
|    explained_variance   | 0.93221086 |
|    learning_rate        | 0.0003     |
|    loss                 | 0.269      |
|    n_updates            | 2430       |
|    policy_gradient_loss | -0.0285    |
|    std                  | 0.761      |
|    value_loss           | 0.661      |
----------------------------------------
----------------------------------------
| rollout/                |            |
|    ep_len_mean          | 2.55e+03   |
|    ep_rew_mean          | 547        |
| time/                   |            |
|    fps                  | 1387       |
|    iterations           | 245        |
|    time_elapsed         | 361        |
|    total_timesteps      | 501760     |
| train/                  |            |
|    approx_kl            | 0.03293521 |
|    clip_fraction        | 0.355      |
|    clip_range           | 0.2        |
|    entropy_loss         | -17        |
|    explained_variance   | 0.8937479  |
|    learning_rate        | 0.0003     |
|    loss                 | 0.0528     |
|    n_updates            | 2440       |
|    policy_gradient_loss | -0.03      |
|    std                  | 0.76       |
|    value_loss           | 0.784      |
----------------------------------------
 100% ━━━━━━━━━━━━━━━━━━━━━━ 501,760/500,000  [ 0:06:00 < 0:00:00 , 1,379 it/s ]
Using cpu device
Wrapping the env in a DummyVecEnv.
Logging to experiments/RL/course_project/runs/ppo_sac_imitation_bugfix_500k/tensorboard/sac/SAC_1
---------------------------------
| rollout/           |          |
|    ep_len_mean     | 199      |
|    ep_rew_mean     | 8.59     |
| time/              |          |
|    episodes        | 4        |
|    fps             | 2670     |
|    time_elapsed    | 0        |
|    total_timesteps | 797      |
---------------------------------
---------------------------------
| rollout/           |          |
|    ep_len_mean     | 214      |
|    ep_rew_mean     | 11.9     |
| time/              |          |
|    episodes        | 8        |
|    fps             | 2642     |
|    time_elapsed    | 0        |
|    total_timesteps | 1716     |
---------------------------------
---------------------------------
| rollout/           |          |
|    ep_len_mean     | 205      |
|    ep_rew_mean     | 10.3     |
| time/              |          |
|    episodes        | 12       |
|    fps             | 2680     |
|    time_elapsed    | 0        |
|    total_timesteps | 2455     |
---------------------------------
---------------------------------
| rollout/           |          |
|    ep_len_mean     | 209      |
|    ep_rew_mean     | 11       |
| time/              |          |
|    episodes        | 16       |
|    fps             | 2654     |
|    time_elapsed    | 1        |
|    total_timesteps | 3348     |
---------------------------------
---------------------------------
| rollout/           |          |
|    ep_len_mean     | 203      |
|    ep_rew_mean     | 10       |
| time/              |          |
|    episodes        | 20       |
|    fps             | 2681     |
|    time_elapsed    | 1        |
|    total_timesteps | 4055     |
---------------------------------
---------------------------------
| rollout/           |          |
|    ep_len_mean     | 203      |
|    ep_rew_mean     | 10.2     |
| time/              |          |
|    episodes        | 24       |
|    fps             | 2692     |
|    time_elapsed    | 1        |
|    total_timesteps | 4872     |
---------------------------------
---------------------------------
| rollout/           |          |
|    ep_len_mean     | 202      |
|    ep_rew_mean     | 10.1     |
| time/              |          |
|    episodes        | 28       |
|    fps             | 2684     |
|    time_elapsed    | 2        |
|    total_timesteps | 5668     |
---------------------------------
---------------------------------
| rollout/           |          |
|    ep_len_mean     | 207      |
|    ep_rew_mean     | 10.9     |
| time/              |          |
|    episodes        | 32       |
|    fps             | 2657     |
|    time_elapsed    | 2        |
|    total_timesteps | 6637     |
---------------------------------
---------------------------------
| rollout/           |          |
|    ep_len_mean     | 209      |
|    ep_rew_mean     | 10.4     |
| time/              |          |
|    episodes        | 36       |
|    fps             | 2649     |
|    time_elapsed    | 2        |
|    total_timesteps | 7515     |
---------------------------------
---------------------------------
| rollout/           |          |
|    ep_len_mean     | 207      |
|    ep_rew_mean     | 10.2     |
| time/              |          |
|    episodes        | 40       |
|    fps             | 2622     |
|    time_elapsed    | 3        |
|    total_timesteps | 8280     |
---------------------------------
---------------------------------
| rollout/           |          |
|    ep_len_mean     | 207      |
|    ep_rew_mean     | 10.3     |
| time/              |          |
|    episodes        | 44       |
|    fps             | 2618     |
|    time_elapsed    | 3        |
|    total_timesteps | 9127     |
---------------------------------
---------------------------------
| rollout/           |          |
|    ep_len_mean     | 206      |
|    ep_rew_mean     | 10.2     |
| time/              |          |
|    episodes        | 48       |
|    fps             | 2621     |
|    time_elapsed    | 3        |
|    total_timesteps | 9912     |
---------------------------------
---------------------------------
| rollout/           |          |
|    ep_len_mean     | 206      |
|    ep_rew_mean     | 9.9      |
| time/              |          |
|    episodes        | 52       |
|    fps             | 1289     |
|    time_elapsed    | 8        |
|    total_timesteps | 10713    |
| train/             |          |
|    actor_loss      | -37.8    |
|    critic_loss     | 4.36     |
|    ent_coef        | 0.808    |
|    ent_coef_loss   | -5.39    |
|    learning_rate   | 0.0003   |
|    n_updates       | 712      |
---------------------------------
---------------------------------
| rollout/           |          |
|    ep_len_mean     | 205      |
|    ep_rew_mean     | 9.75     |
| time/              |          |
|    episodes        | 56       |
|    fps             | 897      |
|    time_elapsed    | 12       |
|    total_timesteps | 11476    |
| train/             |          |
|    actor_loss      | -58.4    |
|    critic_loss     | 1.56     |
|    ent_coef        | 0.643    |
|    ent_coef_loss   | -11      |
|    learning_rate   | 0.0003   |
|    n_updates       | 1475     |
---------------------------------
---------------------------------
| rollout/           |          |
|    ep_len_mean     | 206      |
|    ep_rew_mean     | 9.88     |
| time/              |          |
|    episodes        | 60       |
|    fps             | 675      |
|    time_elapsed    | 18       |
|    total_timesteps | 12337    |
| train/             |          |
|    actor_loss      | -76.9    |
|    critic_loss     | 11.3     |
|    ent_coef        | 0.499    |
|    ent_coef_loss   | -16.8    |
|    learning_rate   | 0.0003   |
|    n_updates       | 2336     |
---------------------------------
---------------------------------
| rollout/           |          |
|    ep_len_mean     | 204      |
|    ep_rew_mean     | 9.59     |
| time/              |          |
|    episodes        | 64       |
|    fps             | 565      |
|    time_elapsed    | 23       |
|    total_timesteps | 13055    |
| train/             |          |
|    actor_loss      | -89      |
|    critic_loss     | 12.7     |
|    ent_coef        | 0.404    |
|    ent_coef_loss   | -21.3    |
|    learning_rate   | 0.0003   |
|    n_updates       | 3054     |
---------------------------------
---------------------------------
| rollout/           |          |
|    ep_len_mean     | 203      |
|    ep_rew_mean     | 9.33     |
| time/              |          |
|    episodes        | 68       |
|    fps             | 500      |
|    time_elapsed    | 27       |
|    total_timesteps | 13785    |
| train/             |          |
|    actor_loss      | -97.9    |
|    critic_loss     | 22.8     |
|    ent_coef        | 0.328    |
|    ent_coef_loss   | -25.1    |
|    learning_rate   | 0.0003   |
|    n_updates       | 3784     |
---------------------------------
---------------------------------
| rollout/           |          |
|    ep_len_mean     | 202      |
|    ep_rew_mean     | 9.15     |
| time/              |          |
|    episodes        | 72       |
|    fps             | 457      |
|    time_elapsed    | 31       |
|    total_timesteps | 14535    |
| train/             |          |
|    actor_loss      | -106     |
|    critic_loss     | 7.41     |
|    ent_coef        | 0.265    |
|    ent_coef_loss   | -28.3    |
|    learning_rate   | 0.0003   |
|    n_updates       | 4534     |
---------------------------------
---------------------------------
| rollout/           |          |
|    ep_len_mean     | 200      |
|    ep_rew_mean     | 8.93     |
| time/              |          |
|    episodes        | 76       |
|    fps             | 425      |
|    time_elapsed    | 35       |
|    total_timesteps | 15233    |
| train/             |          |
|    actor_loss      | -112     |
|    critic_loss     | 14.6     |
|    ent_coef        | 0.218    |
|    ent_coef_loss   | -26.7    |
|    learning_rate   | 0.0003   |
|    n_updates       | 5232     |
---------------------------------
---------------------------------
| rollout/           |          |
|    ep_len_mean     | 201      |
|    ep_rew_mean     | 8.62     |
| time/              |          |
|    episodes        | 80       |
|    fps             | 396      |
|    time_elapsed    | 40       |
|    total_timesteps | 16049    |
| train/             |          |
|    actor_loss      | -119     |
|    critic_loss     | 16.7     |
|    ent_coef        | 0.178    |
|    ent_coef_loss   | -27.3    |
|    learning_rate   | 0.0003   |
|    n_updates       | 6048     |
---------------------------------
---------------------------------
| rollout/           |          |
|    ep_len_mean     | 200      |
|    ep_rew_mean     | 8.51     |
| time/              |          |
|    episodes        | 84       |
|    fps             | 375      |
|    time_elapsed    | 44       |
|    total_timesteps | 16799    |
| train/             |          |
|    actor_loss      | -126     |
|    critic_loss     | 10.8     |
|    ent_coef        | 0.152    |
|    ent_coef_loss   | -23.9    |
|    learning_rate   | 0.0003   |
|    n_updates       | 6798     |
---------------------------------
---------------------------------
| rollout/           |          |
|    ep_len_mean     | 200      |
|    ep_rew_mean     | 8.38     |
| time/              |          |
|    episodes        | 88       |
|    fps             | 358      |
|    time_elapsed    | 49       |
|    total_timesteps | 17571    |
| train/             |          |
|    actor_loss      | -133     |
|    critic_loss     | 18       |
|    ent_coef        | 0.129    |
|    ent_coef_loss   | -22.2    |
|    learning_rate   | 0.0003   |
|    n_updates       | 7570     |
---------------------------------
---------------------------------
| rollout/           |          |
|    ep_len_mean     | 199      |
|    ep_rew_mean     | 8.25     |
| time/              |          |
|    episodes        | 92       |
|    fps             | 343      |
|    time_elapsed    | 53       |
|    total_timesteps | 18317    |
| train/             |          |
|    actor_loss      | -137     |
|    critic_loss     | 16.5     |
|    ent_coef        | 0.116    |
|    ent_coef_loss   | -10.2    |
|    learning_rate   | 0.0003   |
|    n_updates       | 8316     |
---------------------------------
---------------------------------
| rollout/           |          |
|    ep_len_mean     | 198      |
|    ep_rew_mean     | 8.08     |
| time/              |          |
|    episodes        | 96       |
|    fps             | 331      |
|    time_elapsed    | 57       |
|    total_timesteps | 19024    |
| train/             |          |
|    actor_loss      | -144     |
|    critic_loss     | 19.2     |
|    ent_coef        | 0.106    |
|    ent_coef_loss   | -3.3     |
|    learning_rate   | 0.0003   |
|    n_updates       | 9023     |
---------------------------------
---------------------------------
| rollout/           |          |
|    ep_len_mean     | 197      |
|    ep_rew_mean     | 7.88     |
| time/              |          |
|    episodes        | 100      |
|    fps             | 320      |
|    time_elapsed    | 61       |
|    total_timesteps | 19723    |
| train/             |          |
|    actor_loss      | -149     |
|    critic_loss     | 11.5     |
|    ent_coef        | 0.0979   |
|    ent_coef_loss   | -4.5     |
|    learning_rate   | 0.0003   |
|    n_updates       | 9722     |
---------------------------------
---------------------------------
| rollout/           |          |
|    ep_len_mean     | 197      |
|    ep_rew_mean     | 7.73     |
| time/              |          |
|    episodes        | 104      |
|    fps             | 309      |
|    time_elapsed    | 66       |
|    total_timesteps | 20468    |
| train/             |          |
|    actor_loss      | -159     |
|    critic_loss     | 29.9     |
|    ent_coef        | 0.094    |
|    ent_coef_loss   | -2.95    |
|    learning_rate   | 0.0003   |
|    n_updates       | 10467    |
---------------------------------
---------------------------------
| rollout/           |          |
|    ep_len_mean     | 195      |
|    ep_rew_mean     | 7.26     |
| time/              |          |
|    episodes        | 108      |
|    fps             | 298      |
|    time_elapsed    | 71       |
|    total_timesteps | 21194    |
| train/             |          |
|    actor_loss      | -161     |
|    critic_loss     | 29.6     |
|    ent_coef        | 0.0903   |
|    ent_coef_loss   | -1.41    |
|    learning_rate   | 0.0003   |
|    n_updates       | 11193    |
---------------------------------
---------------------------------
| rollout/           |          |
|    ep_len_mean     | 194      |
|    ep_rew_mean     | 7.13     |
| time/              |          |
|    episodes        | 112      |
|    fps             | 290      |
|    time_elapsed    | 75       |
|    total_timesteps | 21848    |
| train/             |          |
|    actor_loss      | -171     |
|    critic_loss     | 47.6     |
|    ent_coef        | 0.0791   |
|    ent_coef_loss   | -3.01    |
|    learning_rate   | 0.0003   |
|    n_updates       | 11847    |
---------------------------------
---------------------------------
| rollout/           |          |
|    ep_len_mean     | 192      |
|    ep_rew_mean     | 6.73     |
| time/              |          |
|    episodes        | 116      |
|    fps             | 283      |
|    time_elapsed    | 79       |
|    total_timesteps | 22563    |
| train/             |          |
|    actor_loss      | -173     |
|    critic_loss     | 26.6     |
|    ent_coef        | 0.0865   |
|    ent_coef_loss   | 2.54     |
|    learning_rate   | 0.0003   |
|    n_updates       | 12562    |
---------------------------------
---------------------------------
| rollout/           |          |
|    ep_len_mean     | 192      |
|    ep_rew_mean     | 6.66     |
| time/              |          |
|    episodes        | 120      |
|    fps             | 278      |
|    time_elapsed    | 83       |
|    total_timesteps | 23304    |
| train/             |          |
|    actor_loss      | -178     |
|    critic_loss     | 75.7     |
|    ent_coef        | 0.0869   |
|    ent_coef_loss   | 8.41     |
|    learning_rate   | 0.0003   |
|    n_updates       | 13303    |
---------------------------------
---------------------------------
| rollout/           |          |
|    ep_len_mean     | 192      |
|    ep_rew_mean     | 6.46     |
| time/              |          |
|    episodes        | 124      |
|    fps             | 272      |
|    time_elapsed    | 88       |
|    total_timesteps | 24079    |
| train/             |          |
|    actor_loss      | -190     |
|    critic_loss     | 94.3     |
|    ent_coef        | 0.0806   |
|    ent_coef_loss   | -3.51    |
|    learning_rate   | 0.0003   |
|    n_updates       | 14078    |
---------------------------------
---------------------------------
| rollout/           |          |
|    ep_len_mean     | 192      |
|    ep_rew_mean     | 6.3      |
| time/              |          |
|    episodes        | 128      |
|    fps             | 268      |
|    time_elapsed    | 92       |
|    total_timesteps | 24818    |
| train/             |          |
|    actor_loss      | -196     |
|    critic_loss     | 43.8     |
|    ent_coef        | 0.0794   |
|    ent_coef_loss   | 0.958    |
|    learning_rate   | 0.0003   |
|    n_updates       | 14817    |
---------------------------------
---------------------------------
| rollout/           |          |
|    ep_len_mean     | 189      |
|    ep_rew_mean     | 5.82     |
| time/              |          |
|    episodes        | 132      |
|    fps             | 263      |
|    time_elapsed    | 97       |
|    total_timesteps | 25538    |
| train/             |          |
|    actor_loss      | -202     |
|    critic_loss     | 41.5     |
|    ent_coef        | 0.0961   |
|    ent_coef_loss   | 6.2      |
|    learning_rate   | 0.0003   |
|    n_updates       | 15537    |
---------------------------------
---------------------------------
| rollout/           |          |
|    ep_len_mean     | 187      |
|    ep_rew_mean     | 5.68     |
| time/              |          |
|    episodes        | 136      |
|    fps             | 259      |
|    time_elapsed    | 100      |
|    total_timesteps | 26231    |
| train/             |          |
|    actor_loss      | -207     |
|    critic_loss     | 42       |
|    ent_coef        | 0.0989   |
|    ent_coef_loss   | -1.68    |
|    learning_rate   | 0.0003   |
|    n_updates       | 16230    |
---------------------------------
---------------------------------
| rollout/           |          |
|    ep_len_mean     | 187      |
|    ep_rew_mean     | 5.56     |
| time/              |          |
|    episodes        | 140      |
|    fps             | 255      |
|    time_elapsed    | 105      |
|    total_timesteps | 26979    |
| train/             |          |
|    actor_loss      | -225     |
|    critic_loss     | 81.5     |
|    ent_coef        | 0.0999   |
|    ent_coef_loss   | 0.34     |
|    learning_rate   | 0.0003   |
|    n_updates       | 16978    |
---------------------------------
---------------------------------
| rollout/           |          |
|    ep_len_mean     | 186      |
|    ep_rew_mean     | 5.27     |
| time/              |          |
|    episodes        | 144      |
|    fps             | 252      |
|    time_elapsed    | 109      |
|    total_timesteps | 27710    |
| train/             |          |
|    actor_loss      | -231     |
|    critic_loss     | 412      |
|    ent_coef        | 0.107    |
|    ent_coef_loss   | 0.648    |
|    learning_rate   | 0.0003   |
|    n_updates       | 17709    |
---------------------------------
---------------------------------
| rollout/           |          |
|    ep_len_mean     | 185      |
|    ep_rew_mean     | 4.96     |
| time/              |          |
|    episodes        | 148      |
|    fps             | 249      |
|    time_elapsed    | 113      |
|    total_timesteps | 28446    |
| train/             |          |
|    actor_loss      | -240     |
|    critic_loss     | 86.3     |
|    ent_coef        | 0.115    |
|    ent_coef_loss   | 0.84     |
|    learning_rate   | 0.0003   |
|    n_updates       | 18445    |
---------------------------------
---------------------------------
| rollout/           |          |
|    ep_len_mean     | 185      |
|    ep_rew_mean     | 4.81     |
| time/              |          |
|    episodes        | 152      |
|    fps             | 246      |
|    time_elapsed    | 118      |
|    total_timesteps | 29182    |
| train/             |          |
|    actor_loss      | -250     |
|    critic_loss     | 80.4     |
|    ent_coef        | 0.116    |
|    ent_coef_loss   | -1.19    |
|    learning_rate   | 0.0003   |
|    n_updates       | 19181    |
---------------------------------
---------------------------------
| rollout/           |          |
|    ep_len_mean     | 184      |
|    ep_rew_mean     | 4.55     |
| time/              |          |
|    episodes        | 156      |
|    fps             | 243      |
|    time_elapsed    | 122      |
|    total_timesteps | 29850    |
| train/             |          |
|    actor_loss      | -253     |
|    critic_loss     | 68.8     |
|    ent_coef        | 0.115    |
|    ent_coef_loss   | 0.0393   |
|    learning_rate   | 0.0003   |
|    n_updates       | 19849    |
---------------------------------
---------------------------------
| rollout/           |          |
|    ep_len_mean     | 182      |
|    ep_rew_mean     | 4.14     |
| time/              |          |
|    episodes        | 160      |
|    fps             | 240      |
|    time_elapsed    | 126      |
|    total_timesteps | 30556    |
| train/             |          |
|    actor_loss      | -271     |
|    critic_loss     | 251      |
|    ent_coef        | 0.119    |
|    ent_coef_loss   | 0.979    |
|    learning_rate   | 0.0003   |
|    n_updates       | 20555    |
---------------------------------
---------------------------------
| rollout/           |          |
|    ep_len_mean     | 182      |
|    ep_rew_mean     | 4.06     |
| time/              |          |
|    episodes        | 164      |
|    fps             | 237      |
|    time_elapsed    | 131      |
|    total_timesteps | 31222    |
| train/             |          |
|    actor_loss      | -271     |
|    critic_loss     | 79.2     |
|    ent_coef        | 0.112    |
|    ent_coef_loss   | -6.04    |
|    learning_rate   | 0.0003   |
|    n_updates       | 21221    |
---------------------------------
---------------------------------
| rollout/           |          |
|    ep_len_mean     | 182      |
|    ep_rew_mean     | 4        |
| time/              |          |
|    episodes        | 168      |
|    fps             | 235      |
|    time_elapsed    | 135      |
|    total_timesteps | 31973    |
| train/             |          |
|    actor_loss      | -283     |
|    critic_loss     | 193      |
|    ent_coef        | 0.126    |
|    ent_coef_loss   | 4.23     |
|    learning_rate   | 0.0003   |
|    n_updates       | 21972    |
---------------------------------
---------------------------------
| rollout/           |          |
|    ep_len_mean     | 181      |
|    ep_rew_mean     | 3.85     |
| time/              |          |
|    episodes        | 172      |
|    fps             | 233      |
|    time_elapsed    | 139      |
|    total_timesteps | 32658    |
| train/             |          |
|    actor_loss      | -304     |
|    critic_loss     | 917      |
|    ent_coef        | 0.136    |
|    ent_coef_loss   | 2.35     |
|    learning_rate   | 0.0003   |
|    n_updates       | 22657    |
---------------------------------
---------------------------------
| rollout/           |          |
|    ep_len_mean     | 182      |
|    ep_rew_mean     | 3.84     |
| time/              |          |
|    episodes        | 176      |
|    fps             | 231      |
|    time_elapsed    | 144      |
|    total_timesteps | 33407    |
| train/             |          |
|    actor_loss      | -304     |
|    critic_loss     | 156      |
|    ent_coef        | 0.137    |
|    ent_coef_loss   | 0.181    |
|    learning_rate   | 0.0003   |
|    n_updates       | 23406    |
---------------------------------
---------------------------------
| rollout/           |          |
|    ep_len_mean     | 181      |
|    ep_rew_mean     | 4.01     |
| time/              |          |
|    episodes        | 180      |
|    fps             | 229      |
|    time_elapsed    | 148      |
|    total_timesteps | 34160    |
| train/             |          |
|    actor_loss      | -326     |
|    critic_loss     | 205      |
|    ent_coef        | 0.138    |
|    ent_coef_loss   | 3.02     |
|    learning_rate   | 0.0003   |
|    n_updates       | 24159    |
---------------------------------
---------------------------------
| rollout/           |          |
|    ep_len_mean     | 182      |
|    ep_rew_mean     | 4.03     |
| time/              |          |
|    episodes        | 184      |
|    fps             | 227      |
|    time_elapsed    | 153      |
|    total_timesteps | 34957    |
| train/             |          |
|    actor_loss      | -337     |
|    critic_loss     | 312      |
|    ent_coef        | 0.149    |
|    ent_coef_loss   | 1.68     |
|    learning_rate   | 0.0003   |
|    n_updates       | 24956    |
---------------------------------
---------------------------------
| rollout/           |          |
|    ep_len_mean     | 182      |
|    ep_rew_mean     | 3.99     |
| time/              |          |
|    episodes        | 188      |
|    fps             | 224      |
|    time_elapsed    | 158      |
|    total_timesteps | 35728    |
| train/             |          |
|    actor_loss      | -356     |
|    critic_loss     | 210      |
|    ent_coef        | 0.151    |
|    ent_coef_loss   | 1.36     |
|    learning_rate   | 0.0003   |
|    n_updates       | 25727    |
---------------------------------
---------------------------------
| rollout/           |          |
|    ep_len_mean     | 181      |
|    ep_rew_mean     | 3.99     |
| time/              |          |
|    episodes        | 192      |
|    fps             | 222      |
|    time_elapsed    | 163      |
|    total_timesteps | 36441    |
| train/             |          |
|    actor_loss      | -361     |
|    critic_loss     | 227      |
|    ent_coef        | 0.173    |
|    ent_coef_loss   | 0.0837   |
|    learning_rate   | 0.0003   |
|    n_updates       | 26440    |
---------------------------------
---------------------------------
| rollout/           |          |
|    ep_len_mean     | 181      |
|    ep_rew_mean     | 3.83     |
| time/              |          |
|    episodes        | 196      |
|    fps             | 221      |
|    time_elapsed    | 167      |
|    total_timesteps | 37147    |
| train/             |          |
|    actor_loss      | -382     |
|    critic_loss     | 341      |
|    ent_coef        | 0.176    |
|    ent_coef_loss   | 0.489    |
|    learning_rate   | 0.0003   |
|    n_updates       | 27146    |
---------------------------------
---------------------------------
| rollout/           |          |
|    ep_len_mean     | 181      |
|    ep_rew_mean     | 3.68     |
| time/              |          |
|    episodes        | 200      |
|    fps             | 219      |
|    time_elapsed    | 172      |
|    total_timesteps | 37787    |
| train/             |          |
|    actor_loss      | -376     |
|    critic_loss     | 508      |
|    ent_coef        | 0.172    |
|    ent_coef_loss   | 1.62     |
|    learning_rate   | 0.0003   |
|    n_updates       | 27786    |
---------------------------------
---------------------------------
| rollout/           |          |
|    ep_len_mean     | 180      |
|    ep_rew_mean     | 3.49     |
| time/              |          |
|    episodes        | 204      |
|    fps             | 218      |
|    time_elapsed    | 176      |
|    total_timesteps | 38428    |
| train/             |          |
|    actor_loss      | -421     |
|    critic_loss     | 655      |
|    ent_coef        | 0.156    |
|    ent_coef_loss   | -1.92    |
|    learning_rate   | 0.0003   |
|    n_updates       | 28427    |
---------------------------------
---------------------------------
| rollout/           |          |
|    ep_len_mean     | 180      |
|    ep_rew_mean     | 3.49     |
| time/              |          |
|    episodes        | 208      |
|    fps             | 216      |
|    time_elapsed    | 181      |
|    total_timesteps | 39182    |
| train/             |          |
|    actor_loss      | -426     |
|    critic_loss     | 1.05e+03 |
|    ent_coef        | 0.161    |
|    ent_coef_loss   | 0.366    |
|    learning_rate   | 0.0003   |
|    n_updates       | 29181    |
---------------------------------
---------------------------------
| rollout/           |          |
|    ep_len_mean     | 180      |
|    ep_rew_mean     | 3.42     |
| time/              |          |
|    episodes        | 212      |
|    fps             | 215      |
|    time_elapsed    | 185      |
|    total_timesteps | 39868    |
| train/             |          |
|    actor_loss      | -440     |
|    critic_loss     | 578      |
|    ent_coef        | 0.167    |
|    ent_coef_loss   | 3.72     |
|    learning_rate   | 0.0003   |
|    n_updates       | 29867    |
---------------------------------
---------------------------------
| rollout/           |          |
|    ep_len_mean     | 180      |
|    ep_rew_mean     | 3.49     |
| time/              |          |
|    episodes        | 216      |
|    fps             | 213      |
|    time_elapsed    | 189      |
|    total_timesteps | 40598    |
| train/             |          |
|    actor_loss      | -453     |
|    critic_loss     | 723      |
|    ent_coef        | 0.191    |
|    ent_coef_loss   | 2.11     |
|    learning_rate   | 0.0003   |
|    n_updates       | 30597    |
---------------------------------
---------------------------------
| rollout/           |          |
|    ep_len_mean     | 180      |
|    ep_rew_mean     | 3.43     |
| time/              |          |
|    episodes        | 220      |
|    fps             | 212      |
|    time_elapsed    | 194      |
|    total_timesteps | 41291    |
| train/             |          |
|    actor_loss      | -461     |
|    critic_loss     | 485      |
|    ent_coef        | 0.2      |
|    ent_coef_loss   | -0.59    |
|    learning_rate   | 0.0003   |
|    n_updates       | 31290    |
---------------------------------
---------------------------------
| rollout/           |          |
|    ep_len_mean     | 179      |
|    ep_rew_mean     | 3.36     |
| time/              |          |
|    episodes        | 224      |
|    fps             | 211      |
|    time_elapsed    | 198      |
|    total_timesteps | 41962    |
| train/             |          |
|    actor_loss      | -471     |
|    critic_loss     | 494      |
|    ent_coef        | 0.226    |
|    ent_coef_loss   | 0.506    |
|    learning_rate   | 0.0003   |
|    n_updates       | 31961    |
---------------------------------
---------------------------------
| rollout/           |          |
|    ep_len_mean     | 178      |
|    ep_rew_mean     | 3.3      |
| time/              |          |
|    episodes        | 228      |
|    fps             | 210      |
|    time_elapsed    | 202      |
|    total_timesteps | 42658    |
| train/             |          |
|    actor_loss      | -514     |
|    critic_loss     | 444      |
|    ent_coef        | 0.241    |
|    ent_coef_loss   | 0.136    |
|    learning_rate   | 0.0003   |
|    n_updates       | 32657    |
---------------------------------
---------------------------------
| rollout/           |          |
|    ep_len_mean     | 178      |
|    ep_rew_mean     | 3.29     |
| time/              |          |
|    episodes        | 232      |
|    fps             | 210      |
|    time_elapsed    | 206      |
|    total_timesteps | 43331    |
| train/             |          |
|    actor_loss      | -515     |
|    critic_loss     | 375      |
|    ent_coef        | 0.253    |
|    ent_coef_loss   | -1.29    |
|    learning_rate   | 0.0003   |
|    n_updates       | 33330    |
---------------------------------
---------------------------------
| rollout/           |          |
|    ep_len_mean     | 178      |
|    ep_rew_mean     | 3.21     |
| time/              |          |
|    episodes        | 236      |
|    fps             | 209      |
|    time_elapsed    | 209      |
|    total_timesteps | 43981    |
| train/             |          |
|    actor_loss      | -533     |
|    critic_loss     | 807      |
|    ent_coef        | 0.25     |
|    ent_coef_loss   | 0.724    |
|    learning_rate   | 0.0003   |
|    n_updates       | 33980    |
---------------------------------
---------------------------------
| rollout/           |          |
|    ep_len_mean     | 177      |
|    ep_rew_mean     | 3.15     |
| time/              |          |
|    episodes        | 240      |
|    fps             | 209      |
|    time_elapsed    | 213      |
|    total_timesteps | 44711    |
| train/             |          |
|    actor_loss      | -552     |
|    critic_loss     | 677      |
|    ent_coef        | 0.231    |
|    ent_coef_loss   | 0.678    |
|    learning_rate   | 0.0003   |
|    n_updates       | 34710    |
---------------------------------
---------------------------------
| rollout/           |          |
|    ep_len_mean     | 177      |
|    ep_rew_mean     | 3.16     |
| time/              |          |
|    episodes        | 244      |
|    fps             | 208      |
|    time_elapsed    | 217      |
|    total_timesteps | 45416    |
| train/             |          |
|    actor_loss      | -562     |
|    critic_loss     | 917      |
|    ent_coef        | 0.236    |
|    ent_coef_loss   | -0.941   |
|    learning_rate   | 0.0003   |
|    n_updates       | 35415    |
---------------------------------
---------------------------------
| rollout/           |          |
|    ep_len_mean     | 177      |
|    ep_rew_mean     | 3.28     |
| time/              |          |
|    episodes        | 248      |
|    fps             | 207      |
|    time_elapsed    | 222      |
|    total_timesteps | 46175    |
| train/             |          |
|    actor_loss      | -571     |
|    critic_loss     | 565      |
|    ent_coef        | 0.274    |
|    ent_coef_loss   | 0.405    |
|    learning_rate   | 0.0003   |
|    n_updates       | 36174    |
---------------------------------
---------------------------------
| rollout/           |          |
|    ep_len_mean     | 177      |
|    ep_rew_mean     | 3.36     |
| time/              |          |
|    episodes        | 252      |
|    fps             | 207      |
|    time_elapsed    | 226      |
|    total_timesteps | 46926    |
| train/             |          |
|    actor_loss      | -602     |
|    critic_loss     | 3.09e+03 |
|    ent_coef        | 0.29     |
|    ent_coef_loss   | 1.17     |
|    learning_rate   | 0.0003   |
|    n_updates       | 36925    |
---------------------------------
---------------------------------
| rollout/           |          |
|    ep_len_mean     | 179      |
|    ep_rew_mean     | 3.53     |
| time/              |          |
|    episodes        | 256      |
|    fps             | 206      |
|    time_elapsed    | 231      |
|    total_timesteps | 47703    |
| train/             |          |
|    actor_loss      | -602     |
|    critic_loss     | 1.97e+03 |
|    ent_coef        | 0.275    |
|    ent_coef_loss   | -1.49    |
|    learning_rate   | 0.0003   |
|    n_updates       | 37702    |
---------------------------------
---------------------------------
| rollout/           |          |
|    ep_len_mean     | 179      |
|    ep_rew_mean     | 3.47     |
| time/              |          |
|    episodes        | 260      |
|    fps             | 205      |
|    time_elapsed    | 235      |
|    total_timesteps | 48456    |
| train/             |          |
|    actor_loss      | -646     |
|    critic_loss     | 2.01e+03 |
|    ent_coef        | 0.268    |
|    ent_coef_loss   | 2.45     |
|    learning_rate   | 0.0003   |
|    n_updates       | 38455    |
---------------------------------
---------------------------------
| rollout/           |          |
|    ep_len_mean     | 180      |
|    ep_rew_mean     | 3.62     |
| time/              |          |
|    episodes        | 264      |
|    fps             | 205      |
|    time_elapsed    | 240      |
|    total_timesteps | 49261    |
| train/             |          |
|    actor_loss      | -666     |
|    critic_loss     | 911      |
|    ent_coef        | 0.26     |
|    ent_coef_loss   | 2.81     |
|    learning_rate   | 0.0003   |
|    n_updates       | 39260    |
---------------------------------
---------------------------------
| rollout/           |          |
|    ep_len_mean     | 181      |
|    ep_rew_mean     | 3.77     |
| time/              |          |
|    episodes        | 268      |
|    fps             | 204      |
|    time_elapsed    | 244      |
|    total_timesteps | 50048    |
| train/             |          |
|    actor_loss      | -657     |
|    critic_loss     | 978      |
|    ent_coef        | 0.281    |
|    ent_coef_loss   | -0.026   |
|    learning_rate   | 0.0003   |
|    n_updates       | 40047    |
---------------------------------
---------------------------------
| rollout/           |          |
|    ep_len_mean     | 181      |
|    ep_rew_mean     | 3.88     |
| time/              |          |
|    episodes        | 272      |
|    fps             | 204      |
|    time_elapsed    | 248      |
|    total_timesteps | 50775    |
| train/             |          |
|    actor_loss      | -708     |
|    critic_loss     | 1.04e+03 |
|    ent_coef        | 0.31     |
|    ent_coef_loss   | -0.183   |
|    learning_rate   | 0.0003   |
|    n_updates       | 40774    |
---------------------------------
---------------------------------
| rollout/           |          |
|    ep_len_mean     | 181      |
|    ep_rew_mean     | 3.87     |
| time/              |          |
|    episodes        | 276      |
|    fps             | 203      |
|    time_elapsed    | 253      |
|    total_timesteps | 51524    |
| train/             |          |
|    actor_loss      | -693     |
|    critic_loss     | 3.56e+03 |
|    ent_coef        | 0.301    |
|    ent_coef_loss   | -0.878   |
|    learning_rate   | 0.0003   |
|    n_updates       | 41523    |
---------------------------------
---------------------------------
| rollout/           |          |
|    ep_len_mean     | 181      |
|    ep_rew_mean     | 3.74     |
| time/              |          |
|    episodes        | 280      |
|    fps             | 203      |
|    time_elapsed    | 257      |
|    total_timesteps | 52226    |
| train/             |          |
|    actor_loss      | -715     |
|    critic_loss     | 4.67e+03 |
|    ent_coef        | 0.311    |
|    ent_coef_loss   | -0.772   |
|    learning_rate   | 0.0003   |
|    n_updates       | 42225    |
---------------------------------
---------------------------------
| rollout/           |          |
|    ep_len_mean     | 180      |
|    ep_rew_mean     | 3.68     |
| time/              |          |
|    episodes        | 284      |
|    fps             | 202      |
|    time_elapsed    | 261      |
|    total_timesteps | 52973    |
| train/             |          |
|    actor_loss      | -751     |
|    critic_loss     | 1.02e+03 |
|    ent_coef        | 0.307    |
|    ent_coef_loss   | -2.16    |
|    learning_rate   | 0.0003   |
|    n_updates       | 42972    |
---------------------------------
---------------------------------
| rollout/           |          |
|    ep_len_mean     | 180      |
|    ep_rew_mean     | 3.78     |
| time/              |          |
|    episodes        | 288      |
|    fps             | 202      |
|    time_elapsed    | 265      |
|    total_timesteps | 53748    |
| train/             |          |
|    actor_loss      | -765     |
|    critic_loss     | 1.49e+03 |
|    ent_coef        | 0.269    |
|    ent_coef_loss   | 0.565    |
|    learning_rate   | 0.0003   |
|    n_updates       | 43747    |
---------------------------------
---------------------------------
| rollout/           |          |
|    ep_len_mean     | 181      |
|    ep_rew_mean     | 3.76     |
| time/              |          |
|    episodes        | 292      |
|    fps             | 201      |
|    time_elapsed    | 270      |
|    total_timesteps | 54549    |
| train/             |          |
|    actor_loss      | -802     |
|    critic_loss     | 1.95e+03 |
|    ent_coef        | 0.297    |
|    ent_coef_loss   | 1.8      |
|    learning_rate   | 0.0003   |
|    n_updates       | 44548    |
---------------------------------
---------------------------------
| rollout/           |          |
|    ep_len_mean     | 182      |
|    ep_rew_mean     | 3.87     |
| time/              |          |
|    episodes        | 296      |
|    fps             | 201      |
|    time_elapsed    | 275      |
|    total_timesteps | 55353    |
| train/             |          |
|    actor_loss      | -874     |
|    critic_loss     | 8.32e+03 |
|    ent_coef        | 0.344    |
|    ent_coef_loss   | -0.796   |
|    learning_rate   | 0.0003   |
|    n_updates       | 45352    |
---------------------------------
---------------------------------
| rollout/           |          |
|    ep_len_mean     | 183      |
|    ep_rew_mean     | 4.1      |
| time/              |          |
|    episodes        | 300      |
|    fps             | 200      |
|    time_elapsed    | 279      |
|    total_timesteps | 56105    |
| train/             |          |
|    actor_loss      | -850     |
|    critic_loss     | 1.29e+03 |
|    ent_coef        | 0.344    |
|    ent_coef_loss   | -0.706   |
|    learning_rate   | 0.0003   |
|    n_updates       | 46104    |
---------------------------------
---------------------------------
| rollout/           |          |
|    ep_len_mean     | 184      |
|    ep_rew_mean     | 4.28     |
| time/              |          |
|    episodes        | 304      |
|    fps             | 200      |
|    time_elapsed    | 283      |
|    total_timesteps | 56874    |
| train/             |          |
|    actor_loss      | -850     |
|    critic_loss     | 2.1e+03  |
|    ent_coef        | 0.41     |
|    ent_coef_loss   | 1.21     |
|    learning_rate   | 0.0003   |
|    n_updates       | 46873    |
---------------------------------
---------------------------------
| rollout/           |          |
|    ep_len_mean     | 184      |
|    ep_rew_mean     | 4.28     |
| time/              |          |
|    episodes        | 308      |
|    fps             | 199      |
|    time_elapsed    | 288      |
|    total_timesteps | 57609    |
| train/             |          |
|    actor_loss      | -938     |
|    critic_loss     | 7.04e+03 |
|    ent_coef        | 0.429    |
|    ent_coef_loss   | 0.931    |
|    learning_rate   | 0.0003   |
|    n_updates       | 47608    |
---------------------------------
---------------------------------
| rollout/           |          |
|    ep_len_mean     | 184      |
|    ep_rew_mean     | 4.44     |
| time/              |          |
|    episodes        | 312      |
|    fps             | 199      |
|    time_elapsed    | 292      |
|    total_timesteps | 58315    |
| train/             |          |
|    actor_loss      | -895     |
|    critic_loss     | 3.27e+03 |
|    ent_coef        | 0.398    |
|    ent_coef_loss   | 0.683    |
|    learning_rate   | 0.0003   |
|    n_updates       | 48314    |
---------------------------------
---------------------------------
| rollout/           |          |
|    ep_len_mean     | 184      |
|    ep_rew_mean     | 4.47     |
| time/              |          |
|    episodes        | 316      |
|    fps             | 199      |
|    time_elapsed    | 296      |
|    total_timesteps | 59029    |
| train/             |          |
|    actor_loss      | -984     |
|    critic_loss     | 3.08e+03 |
|    ent_coef        | 0.407    |
|    ent_coef_loss   | 0.0225   |
|    learning_rate   | 0.0003   |
|    n_updates       | 49028    |
---------------------------------
---------------------------------
| rollout/           |          |
|    ep_len_mean     | 185      |
|    ep_rew_mean     | 4.52     |
| time/              |          |
|    episodes        | 320      |
|    fps             | 198      |
|    time_elapsed    | 300      |
|    total_timesteps | 59796    |
| train/             |          |
|    actor_loss      | -920     |
|    critic_loss     | 3.02e+03 |
|    ent_coef        | 0.39     |
|    ent_coef_loss   | -0.114   |
|    learning_rate   | 0.0003   |
|    n_updates       | 49795    |
---------------------------------
---------------------------------
| rollout/           |          |
|    ep_len_mean     | 186      |
|    ep_rew_mean     | 4.53     |
| time/              |          |
|    episodes        | 324      |
|    fps             | 198      |
|    time_elapsed    | 305      |
|    total_timesteps | 60525    |
| train/             |          |
|    actor_loss      | -977     |
|    critic_loss     | 1.59e+03 |
|    ent_coef        | 0.43     |
|    ent_coef_loss   | -0.0881  |
|    learning_rate   | 0.0003   |
|    n_updates       | 50524    |
---------------------------------
---------------------------------
| rollout/           |          |
|    ep_len_mean     | 186      |
|    ep_rew_mean     | 4.61     |
| time/              |          |
|    episodes        | 328      |
|    fps             | 198      |
|    time_elapsed    | 309      |
|    total_timesteps | 61280    |
| train/             |          |
|    actor_loss      | -997     |
|    critic_loss     | 6.96e+03 |
|    ent_coef        | 0.454    |
|    ent_coef_loss   | -1.14    |
|    learning_rate   | 0.0003   |
|    n_updates       | 51279    |
---------------------------------
----------------------------------
| rollout/           |           |
|    ep_len_mean     | 187       |
|    ep_rew_mean     | 4.69      |
| time/              |           |
|    episodes        | 332       |
|    fps             | 197       |
|    time_elapsed    | 313       |
|    total_timesteps | 61993     |
| train/             |           |
|    actor_loss      | -1.01e+03 |
|    critic_loss     | 2.98e+03  |
|    ent_coef        | 0.433     |
|    ent_coef_loss   | -0.184    |
|    learning_rate   | 0.0003    |
|    n_updates       | 51992     |
----------------------------------
----------------------------------
| rollout/           |           |
|    ep_len_mean     | 187       |
|    ep_rew_mean     | 4.86      |
| time/              |           |
|    episodes        | 336       |
|    fps             | 197       |
|    time_elapsed    | 317       |
|    total_timesteps | 62717     |
| train/             |           |
|    actor_loss      | -1.07e+03 |
|    critic_loss     | 2.69e+03  |
|    ent_coef        | 0.418     |
|    ent_coef_loss   | 1.12      |
|    learning_rate   | 0.0003    |
|    n_updates       | 52716     |
----------------------------------
----------------------------------
| rollout/           |           |
|    ep_len_mean     | 189       |
|    ep_rew_mean     | 4.93      |
| time/              |           |
|    episodes        | 340       |
|    fps             | 197       |
|    time_elapsed    | 322       |
|    total_timesteps | 63615     |
| train/             |           |
|    actor_loss      | -1.07e+03 |
|    critic_loss     | 2.37e+03  |
|    ent_coef        | 0.466     |
|    ent_coef_loss   | 0.804     |
|    learning_rate   | 0.0003    |
|    n_updates       | 53614     |
----------------------------------
----------------------------------
| rollout/           |           |
|    ep_len_mean     | 190       |
|    ep_rew_mean     | 5.09      |
| time/              |           |
|    episodes        | 344       |
|    fps             | 196       |
|    time_elapsed    | 327       |
|    total_timesteps | 64409     |
| train/             |           |
|    actor_loss      | -1.02e+03 |
|    critic_loss     | 2.78e+03  |
|    ent_coef        | 0.453     |
|    ent_coef_loss   | 0.234     |
|    learning_rate   | 0.0003    |
|    n_updates       | 54408     |
----------------------------------
----------------------------------
| rollout/           |           |
|    ep_len_mean     | 190       |
|    ep_rew_mean     | 5.08      |
| time/              |           |
|    episodes        | 348       |
|    fps             | 196       |
|    time_elapsed    | 331       |
|    total_timesteps | 65126     |
| train/             |           |
|    actor_loss      | -1.09e+03 |
|    critic_loss     | 4.26e+03  |
|    ent_coef        | 0.446     |
|    ent_coef_loss   | 0.85      |
|    learning_rate   | 0.0003    |
|    n_updates       | 55125     |
----------------------------------
----------------------------------
| rollout/           |           |
|    ep_len_mean     | 189       |
|    ep_rew_mean     | 4.91      |
| time/              |           |
|    episodes        | 352       |
|    fps             | 196       |
|    time_elapsed    | 335       |
|    total_timesteps | 65833     |
| train/             |           |
|    actor_loss      | -1.12e+03 |
|    critic_loss     | 2.06e+03  |
|    ent_coef        | 0.477     |
|    ent_coef_loss   | -0.803    |
|    learning_rate   | 0.0003    |
|    n_updates       | 55832     |
----------------------------------
----------------------------------
| rollout/           |           |
|    ep_len_mean     | 189       |
|    ep_rew_mean     | 4.86      |
| time/              |           |
|    episodes        | 356       |
|    fps             | 195       |
|    time_elapsed    | 339       |
|    total_timesteps | 66604     |
| train/             |           |
|    actor_loss      | -1.11e+03 |
|    critic_loss     | 4.66e+03  |
|    ent_coef        | 0.454     |
|    ent_coef_loss   | -0.395    |
|    learning_rate   | 0.0003    |
|    n_updates       | 56603     |
----------------------------------
----------------------------------
| rollout/           |           |
|    ep_len_mean     | 188       |
|    ep_rew_mean     | 4.88      |
| time/              |           |
|    episodes        | 360       |
|    fps             | 195       |
|    time_elapsed    | 343       |
|    total_timesteps | 67298     |
| train/             |           |
|    actor_loss      | -1.14e+03 |
|    critic_loss     | 4.27e+03  |
|    ent_coef        | 0.436     |
|    ent_coef_loss   | 0.813     |
|    learning_rate   | 0.0003    |
|    n_updates       | 57297     |
----------------------------------
----------------------------------
| rollout/           |           |
|    ep_len_mean     | 188       |
|    ep_rew_mean     | 4.75      |
| time/              |           |
|    episodes        | 364       |
|    fps             | 195       |
|    time_elapsed    | 348       |
|    total_timesteps | 68065     |
| train/             |           |
|    actor_loss      | -1.24e+03 |
|    critic_loss     | 2.78e+03  |
|    ent_coef        | 0.405     |
|    ent_coef_loss   | 0.404     |
|    learning_rate   | 0.0003    |
|    n_updates       | 58064     |
----------------------------------
----------------------------------
| rollout/           |           |
|    ep_len_mean     | 188       |
|    ep_rew_mean     | 4.67      |
| time/              |           |
|    episodes        | 368       |
|    fps             | 195       |
|    time_elapsed    | 352       |
|    total_timesteps | 68865     |
| train/             |           |
|    actor_loss      | -1.18e+03 |
|    critic_loss     | 3.54e+03  |
|    ent_coef        | 0.479     |
|    ent_coef_loss   | -0.441    |
|    learning_rate   | 0.0003    |
|    n_updates       | 58864     |
----------------------------------
----------------------------------
| rollout/           |           |
|    ep_len_mean     | 188       |
|    ep_rew_mean     | 4.55      |
| time/              |           |
|    episodes        | 372       |
|    fps             | 194       |
|    time_elapsed    | 357       |
|    total_timesteps | 69623     |
| train/             |           |
|    actor_loss      | -1.19e+03 |
|    critic_loss     | 2.98e+03  |
|    ent_coef        | 0.528     |
|    ent_coef_loss   | 0.619     |
|    learning_rate   | 0.0003    |
|    n_updates       | 59622     |
----------------------------------
----------------------------------
| rollout/           |           |
|    ep_len_mean     | 188       |
|    ep_rew_mean     | 4.48      |
| time/              |           |
|    episodes        | 376       |
|    fps             | 194       |
|    time_elapsed    | 361       |
|    total_timesteps | 70352     |
| train/             |           |
|    actor_loss      | -1.24e+03 |
|    critic_loss     | 5.56e+03  |
|    ent_coef        | 0.536     |
|    ent_coef_loss   | -0.864    |
|    learning_rate   | 0.0003    |
|    n_updates       | 60351     |
----------------------------------
----------------------------------
| rollout/           |           |
|    ep_len_mean     | 188       |
|    ep_rew_mean     | 4.45      |
| time/              |           |
|    episodes        | 380       |
|    fps             | 194       |
|    time_elapsed    | 365       |
|    total_timesteps | 71043     |
| train/             |           |
|    actor_loss      | -1.21e+03 |
|    critic_loss     | 2.94e+03  |
|    ent_coef        | 0.514     |
|    ent_coef_loss   | 0.0364    |
|    learning_rate   | 0.0003    |
|    n_updates       | 61042     |
----------------------------------
----------------------------------
| rollout/           |           |
|    ep_len_mean     | 188       |
|    ep_rew_mean     | 4.34      |
| time/              |           |
|    episodes        | 384       |
|    fps             | 194       |
|    time_elapsed    | 369       |
|    total_timesteps | 71723     |
| train/             |           |
|    actor_loss      | -1.29e+03 |
|    critic_loss     | 3.02e+03  |
|    ent_coef        | 0.495     |
|    ent_coef_loss   | 1.06      |
|    learning_rate   | 0.0003    |
|    n_updates       | 61722     |
----------------------------------
----------------------------------
| rollout/           |           |
|    ep_len_mean     | 187       |
|    ep_rew_mean     | 4.07      |
| time/              |           |
|    episodes        | 388       |
|    fps             | 194       |
|    time_elapsed    | 373       |
|    total_timesteps | 72446     |
| train/             |           |
|    actor_loss      | -1.36e+03 |
|    critic_loss     | 2.23e+04  |
|    ent_coef        | 0.542     |
|    ent_coef_loss   | 0.323     |
|    learning_rate   | 0.0003    |
|    n_updates       | 62445     |
----------------------------------
----------------------------------
| rollout/           |           |
|    ep_len_mean     | 187       |
|    ep_rew_mean     | 4.11      |
| time/              |           |
|    episodes        | 392       |
|    fps             | 193       |
|    time_elapsed    | 377       |
|    total_timesteps | 73207     |
| train/             |           |
|    actor_loss      | -1.31e+03 |
|    critic_loss     | 6.69e+03  |
|    ent_coef        | 0.532     |
|    ent_coef_loss   | 0.525     |
|    learning_rate   | 0.0003    |
|    n_updates       | 63206     |
----------------------------------
----------------------------------
| rollout/           |           |
|    ep_len_mean     | 187       |
|    ep_rew_mean     | 4.26      |
| time/              |           |
|    episodes        | 396       |
|    fps             | 193       |
|    time_elapsed    | 382       |
|    total_timesteps | 74021     |
| train/             |           |
|    actor_loss      | -1.34e+03 |
|    critic_loss     | 3.15e+03  |
|    ent_coef        | 0.56      |
|    ent_coef_loss   | 0.515     |
|    learning_rate   | 0.0003    |
|    n_updates       | 64020     |
----------------------------------
----------------------------------
| rollout/           |           |
|    ep_len_mean     | 187       |
|    ep_rew_mean     | 4.34      |
| time/              |           |
|    episodes        | 400       |
|    fps             | 193       |
|    time_elapsed    | 386       |
|    total_timesteps | 74826     |
| train/             |           |
|    actor_loss      | -1.33e+03 |
|    critic_loss     | 2.71e+03  |
|    ent_coef        | 0.538     |
|    ent_coef_loss   | -0.197    |
|    learning_rate   | 0.0003    |
|    n_updates       | 64825     |
----------------------------------
----------------------------------
| rollout/           |           |
|    ep_len_mean     | 187       |
|    ep_rew_mean     | 4.49      |
| time/              |           |
|    episodes        | 404       |
|    fps             | 193       |
|    time_elapsed    | 391       |
|    total_timesteps | 75599     |
| train/             |           |
|    actor_loss      | -1.37e+03 |
|    critic_loss     | 3.34e+03  |
|    ent_coef        | 0.497     |
|    ent_coef_loss   | 0.692     |
|    learning_rate   | 0.0003    |
|    n_updates       | 65598     |
----------------------------------
----------------------------------
| rollout/           |           |
|    ep_len_mean     | 187       |
|    ep_rew_mean     | 4.71      |
| time/              |           |
|    episodes        | 408       |
|    fps             | 192       |
|    time_elapsed    | 395       |
|    total_timesteps | 76320     |
| train/             |           |
|    actor_loss      | -1.35e+03 |
|    critic_loss     | 3.7e+03   |
|    ent_coef        | 0.498     |
|    ent_coef_loss   | 0.164     |
|    learning_rate   | 0.0003    |
|    n_updates       | 66319     |
----------------------------------
----------------------------------
| rollout/           |           |
|    ep_len_mean     | 187       |
|    ep_rew_mean     | 4.78      |
| time/              |           |
|    episodes        | 412       |
|    fps             | 192       |
|    time_elapsed    | 399       |
|    total_timesteps | 77019     |
| train/             |           |
|    actor_loss      | -1.39e+03 |
|    critic_loss     | 3.96e+03  |
|    ent_coef        | 0.498     |
|    ent_coef_loss   | 0.0274    |
|    learning_rate   | 0.0003    |
|    n_updates       | 67018     |
----------------------------------
----------------------------------
| rollout/           |           |
|    ep_len_mean     | 187       |
|    ep_rew_mean     | 4.84      |
| time/              |           |
|    episodes        | 416       |
|    fps             | 192       |
|    time_elapsed    | 403       |
|    total_timesteps | 77763     |
| train/             |           |
|    actor_loss      | -1.38e+03 |
|    critic_loss     | 4.29e+03  |
|    ent_coef        | 0.48      |
|    ent_coef_loss   | -0.849    |
|    learning_rate   | 0.0003    |
|    n_updates       | 67762     |
----------------------------------
----------------------------------
| rollout/           |           |
|    ep_len_mean     | 187       |
|    ep_rew_mean     | 4.96      |
| time/              |           |
|    episodes        | 420       |
|    fps             | 192       |
|    time_elapsed    | 408       |
|    total_timesteps | 78505     |
| train/             |           |
|    actor_loss      | -1.33e+03 |
|    critic_loss     | 4.49e+03  |
|    ent_coef        | 0.511     |
|    ent_coef_loss   | 0.682     |
|    learning_rate   | 0.0003    |
|    n_updates       | 68504     |
----------------------------------
----------------------------------
| rollout/           |           |
|    ep_len_mean     | 187       |
|    ep_rew_mean     | 5.06      |
| time/              |           |
|    episodes        | 424       |
|    fps             | 192       |
|    time_elapsed    | 412       |
|    total_timesteps | 79240     |
| train/             |           |
|    actor_loss      | -1.37e+03 |
|    critic_loss     | 1.05e+04  |
|    ent_coef        | 0.533     |
|    ent_coef_loss   | 0.168     |
|    learning_rate   | 0.0003    |
|    n_updates       | 69239     |
----------------------------------
----------------------------------
| rollout/           |           |
|    ep_len_mean     | 187       |
|    ep_rew_mean     | 5.04      |
| time/              |           |
|    episodes        | 428       |
|    fps             | 192       |
|    time_elapsed    | 416       |
|    total_timesteps | 79976     |
| train/             |           |
|    actor_loss      | -1.42e+03 |
|    critic_loss     | 8.57e+03  |
|    ent_coef        | 0.572     |
|    ent_coef_loss   | -0.0523   |
|    learning_rate   | 0.0003    |
|    n_updates       | 69975     |
----------------------------------
----------------------------------
| rollout/           |           |
|    ep_len_mean     | 188       |
|    ep_rew_mean     | 5.19      |
| time/              |           |
|    episodes        | 432       |
|    fps             | 191       |
|    time_elapsed    | 421       |
|    total_timesteps | 80835     |
| train/             |           |
|    actor_loss      | -1.39e+03 |
|    critic_loss     | 3.29e+03  |
|    ent_coef        | 0.553     |
|    ent_coef_loss   | -0.839    |
|    learning_rate   | 0.0003    |
|    n_updates       | 70834     |
----------------------------------
----------------------------------
| rollout/           |           |
|    ep_len_mean     | 189       |
|    ep_rew_mean     | 5.3       |
| time/              |           |
|    episodes        | 436       |
|    fps             | 191       |
|    time_elapsed    | 426       |
|    total_timesteps | 81653     |
| train/             |           |
|    actor_loss      | -1.42e+03 |
|    critic_loss     | 2.51e+03  |
|    ent_coef        | 0.552     |
|    ent_coef_loss   | -0.335    |
|    learning_rate   | 0.0003    |
|    n_updates       | 71652     |
----------------------------------
---------------------------------
| rollout/           |          |
|    ep_len_mean     | 188      |
|    ep_rew_mean     | 5.32     |
| time/              |          |
|    episodes        | 440      |
|    fps             | 191      |
|    time_elapsed    | 430      |
|    total_timesteps | 82436    |
| train/             |          |
|    actor_loss      | -1.4e+03 |
|    critic_loss     | 3.86e+03 |
|    ent_coef        | 0.525    |
|    ent_coef_loss   | 0.08     |
|    learning_rate   | 0.0003   |
|    n_updates       | 72435    |
---------------------------------
----------------------------------
| rollout/           |           |
|    ep_len_mean     | 189       |
|    ep_rew_mean     | 5.34      |
| time/              |           |
|    episodes        | 444       |
|    fps             | 190       |
|    time_elapsed    | 437       |
|    total_timesteps | 83286     |
| train/             |           |
|    actor_loss      | -1.43e+03 |
|    critic_loss     | 4.32e+03  |
|    ent_coef        | 0.531     |
|    ent_coef_loss   | -0.422    |
|    learning_rate   | 0.0003    |
|    n_updates       | 73285     |
----------------------------------
----------------------------------
| rollout/           |           |
|    ep_len_mean     | 190       |
|    ep_rew_mean     | 5.47      |
| time/              |           |
|    episodes        | 448       |
|    fps             | 190       |
|    time_elapsed    | 442       |
|    total_timesteps | 84134     |
| train/             |           |
|    actor_loss      | -1.45e+03 |
|    critic_loss     | 5.47e+03  |
|    ent_coef        | 0.538     |
|    ent_coef_loss   | 0.382     |
|    learning_rate   | 0.0003    |
|    n_updates       | 74133     |
----------------------------------
----------------------------------
| rollout/           |           |
|    ep_len_mean     | 191       |
|    ep_rew_mean     | 5.64      |
| time/              |           |
|    episodes        | 452       |
|    fps             | 189       |
|    time_elapsed    | 447       |
|    total_timesteps | 84912     |
| train/             |           |
|    actor_loss      | -1.45e+03 |
|    critic_loss     | 8.42e+03  |
|    ent_coef        | 0.529     |
|    ent_coef_loss   | 0.0565    |
|    learning_rate   | 0.0003    |
|    n_updates       | 74911     |
----------------------------------
---------------------------------
| rollout/           |          |
|    ep_len_mean     | 191      |
|    ep_rew_mean     | 5.63     |
| time/              |          |
|    episodes        | 456      |
|    fps             | 189      |
|    time_elapsed    | 451      |
|    total_timesteps | 85664    |
| train/             |          |
|    actor_loss      | -1.4e+03 |
|    critic_loss     | 3.4e+03  |
|    ent_coef        | 0.534    |
|    ent_coef_loss   | 0.787    |
|    learning_rate   | 0.0003   |
|    n_updates       | 75663    |
---------------------------------
---------------------------------
| rollout/           |          |
|    ep_len_mean     | 192      |
|    ep_rew_mean     | 5.85     |
| time/              |          |
|    episodes        | 460      |
|    fps             | 189      |
|    time_elapsed    | 456      |
|    total_timesteps | 86503    |
| train/             |          |
|    actor_loss      | -1.5e+03 |
|    critic_loss     | 4.87e+03 |
|    ent_coef        | 0.552    |
|    ent_coef_loss   | 0.00418  |
|    learning_rate   | 0.0003   |
|    n_updates       | 76502    |
---------------------------------
----------------------------------
| rollout/           |           |
|    ep_len_mean     | 194       |
|    ep_rew_mean     | 6.17      |
| time/              |           |
|    episodes        | 464       |
|    fps             | 189       |
|    time_elapsed    | 462       |
|    total_timesteps | 87456     |
| train/             |           |
|    actor_loss      | -1.48e+03 |
|    critic_loss     | 3.11e+03  |
|    ent_coef        | 0.536     |
|    ent_coef_loss   | -0.305    |
|    learning_rate   | 0.0003    |
|    n_updates       | 77455     |
----------------------------------
----------------------------------
| rollout/           |           |
|    ep_len_mean     | 194       |
|    ep_rew_mean     | 6.17      |
| time/              |           |
|    episodes        | 468       |
|    fps             | 188       |
|    time_elapsed    | 466       |
|    total_timesteps | 88223     |
| train/             |           |
|    actor_loss      | -1.47e+03 |
|    critic_loss     | 3.05e+03  |
|    ent_coef        | 0.541     |
|    ent_coef_loss   | 0.0783    |
|    learning_rate   | 0.0003    |
|    n_updates       | 78222     |
----------------------------------
----------------------------------
| rollout/           |           |
|    ep_len_mean     | 194       |
|    ep_rew_mean     | 6.29      |
| time/              |           |
|    episodes        | 472       |
|    fps             | 188       |
|    time_elapsed    | 471       |
|    total_timesteps | 89012     |
| train/             |           |
|    actor_loss      | -1.47e+03 |
|    critic_loss     | 4.8e+03   |
|    ent_coef        | 0.51      |
|    ent_coef_loss   | 0.52      |
|    learning_rate   | 0.0003    |
|    n_updates       | 79011     |
----------------------------------
----------------------------------
| rollout/           |           |
|    ep_len_mean     | 194       |
|    ep_rew_mean     | 6.35      |
| time/              |           |
|    episodes        | 476       |
|    fps             | 188       |
|    time_elapsed    | 476       |
|    total_timesteps | 89766     |
| train/             |           |
|    actor_loss      | -1.46e+03 |
|    critic_loss     | 1.13e+04  |
|    ent_coef        | 0.562     |
|    ent_coef_loss   | 0.38      |
|    learning_rate   | 0.0003    |
|    n_updates       | 79765     |
----------------------------------
----------------------------------
| rollout/           |           |
|    ep_len_mean     | 196       |
|    ep_rew_mean     | 6.67      |
| time/              |           |
|    episodes        | 480       |
|    fps             | 188       |
|    time_elapsed    | 482       |
|    total_timesteps | 90679     |
| train/             |           |
|    actor_loss      | -1.49e+03 |
|    critic_loss     | 4.3e+03   |
|    ent_coef        | 0.502     |
|    ent_coef_loss   | 2.65      |
|    learning_rate   | 0.0003    |
|    n_updates       | 80678     |
----------------------------------
----------------------------------
| rollout/           |           |
|    ep_len_mean     | 198       |
|    ep_rew_mean     | 6.88      |
| time/              |           |
|    episodes        | 484       |
|    fps             | 187       |
|    time_elapsed    | 486       |
|    total_timesteps | 91512     |
| train/             |           |
|    actor_loss      | -1.47e+03 |
|    critic_loss     | 2.65e+03  |
|    ent_coef        | 0.498     |
|    ent_coef_loss   | -0.892    |
|    learning_rate   | 0.0003    |
|    n_updates       | 81511     |
----------------------------------
----------------------------------
| rollout/           |           |
|    ep_len_mean     | 198       |
|    ep_rew_mean     | 7.02      |
| time/              |           |
|    episodes        | 488       |
|    fps             | 187       |
|    time_elapsed    | 491       |
|    total_timesteps | 92284     |
| train/             |           |
|    actor_loss      | -1.48e+03 |
|    critic_loss     | 5.32e+03  |
|    ent_coef        | 0.476     |
|    ent_coef_loss   | 0.581     |
|    learning_rate   | 0.0003    |
|    n_updates       | 82283     |
----------------------------------
----------------------------------
| rollout/           |           |
|    ep_len_mean     | 199       |
|    ep_rew_mean     | 7.03      |
| time/              |           |
|    episodes        | 492       |
|    fps             | 187       |
|    time_elapsed    | 496       |
|    total_timesteps | 93082     |
| train/             |           |
|    actor_loss      | -1.46e+03 |
|    critic_loss     | 2.94e+03  |
|    ent_coef        | 0.465     |
|    ent_coef_loss   | -0.0239   |
|    learning_rate   | 0.0003    |
|    n_updates       | 83081     |
----------------------------------
---------------------------------
| rollout/           |          |
|    ep_len_mean     | 198      |
|    ep_rew_mean     | 6.95     |
| time/              |          |
|    episodes        | 496      |
|    fps             | 187      |
|    time_elapsed    | 500      |
|    total_timesteps | 93778    |
| train/             |          |
|    actor_loss      | -1.5e+03 |
|    critic_loss     | 2.87e+03 |
|    ent_coef        | 0.485    |
|    ent_coef_loss   | 0.201    |
|    learning_rate   | 0.0003   |
|    n_updates       | 83777    |
---------------------------------
----------------------------------
| rollout/           |           |
|    ep_len_mean     | 197       |
|    ep_rew_mean     | 6.82      |
| time/              |           |
|    episodes        | 500       |
|    fps             | 187       |
|    time_elapsed    | 504       |
|    total_timesteps | 94495     |
| train/             |           |
|    actor_loss      | -1.48e+03 |
|    critic_loss     | 1.45e+04  |
|    ent_coef        | 0.487     |
|    ent_coef_loss   | -0.34     |
|    learning_rate   | 0.0003    |
|    n_updates       | 84494     |
----------------------------------
----------------------------------
| rollout/           |           |
|    ep_len_mean     | 196       |
|    ep_rew_mean     | 6.76      |
| time/              |           |
|    episodes        | 504       |
|    fps             | 187       |
|    time_elapsed    | 508       |
|    total_timesteps | 95229     |
| train/             |           |
|    actor_loss      | -1.49e+03 |
|    critic_loss     | 2.4e+03   |
|    ent_coef        | 0.474     |
|    ent_coef_loss   | 0.943     |
|    learning_rate   | 0.0003    |
|    n_updates       | 85228     |
----------------------------------
----------------------------------
| rollout/           |           |
|    ep_len_mean     | 196       |
|    ep_rew_mean     | 6.67      |
| time/              |           |
|    episodes        | 508       |
|    fps             | 186       |
|    time_elapsed    | 513       |
|    total_timesteps | 95945     |
| train/             |           |
|    actor_loss      | -1.42e+03 |
|    critic_loss     | 8.2e+03   |
|    ent_coef        | 0.493     |
|    ent_coef_loss   | 0.907     |
|    learning_rate   | 0.0003    |
|    n_updates       | 85944     |
----------------------------------
----------------------------------
| rollout/           |           |
|    ep_len_mean     | 196       |
|    ep_rew_mean     | 6.62      |
| time/              |           |
|    episodes        | 512       |
|    fps             | 186       |
|    time_elapsed    | 517       |
|    total_timesteps | 96657     |
| train/             |           |
|    actor_loss      | -1.41e+03 |
|    critic_loss     | 3.3e+03   |
|    ent_coef        | 0.52      |
|    ent_coef_loss   | 1.03      |
|    learning_rate   | 0.0003    |
|    n_updates       | 86656     |
----------------------------------
----------------------------------
| rollout/           |           |
|    ep_len_mean     | 196       |
|    ep_rew_mean     | 6.56      |
| time/              |           |
|    episodes        | 516       |
|    fps             | 186       |
|    time_elapsed    | 521       |
|    total_timesteps | 97358     |
| train/             |           |
|    actor_loss      | -1.46e+03 |
|    critic_loss     | 4.57e+03  |
|    ent_coef        | 0.513     |
|    ent_coef_loss   | -0.426    |
|    learning_rate   | 0.0003    |
|    n_updates       | 87357     |
----------------------------------
----------------------------------
| rollout/           |           |
|    ep_len_mean     | 196       |
|    ep_rew_mean     | 6.52      |
| time/              |           |
|    episodes        | 520       |
|    fps             | 186       |
|    time_elapsed    | 526       |
|    total_timesteps | 98068     |
| train/             |           |
|    actor_loss      | -1.43e+03 |
|    critic_loss     | 2.12e+03  |
|    ent_coef        | 0.509     |
|    ent_coef_loss   | -0.144    |
|    learning_rate   | 0.0003    |
|    n_updates       | 88067     |
----------------------------------
----------------------------------
| rollout/           |           |
|    ep_len_mean     | 196       |
|    ep_rew_mean     | 6.5       |
| time/              |           |
|    episodes        | 524       |
|    fps             | 185       |
|    time_elapsed    | 531       |
|    total_timesteps | 98804     |
| train/             |           |
|    actor_loss      | -1.45e+03 |
|    critic_loss     | 3.89e+03  |
|    ent_coef        | 0.498     |
|    ent_coef_loss   | 0.265     |
|    learning_rate   | 0.0003    |
|    n_updates       | 88803     |
----------------------------------
----------------------------------
| rollout/           |           |
|    ep_len_mean     | 196       |
|    ep_rew_mean     | 6.45      |
| time/              |           |
|    episodes        | 528       |
|    fps             | 185       |
|    time_elapsed    | 536       |
|    total_timesteps | 99572     |
| train/             |           |
|    actor_loss      | -1.44e+03 |
|    critic_loss     | 2.7e+03   |
|    ent_coef        | 0.523     |
|    ent_coef_loss   | 0.47      |
|    learning_rate   | 0.0003    |
|    n_updates       | 89571     |
----------------------------------
----------------------------------
| rollout/           |           |
|    ep_len_mean     | 195       |
|    ep_rew_mean     | 6.38      |
| time/              |           |
|    episodes        | 532       |
|    fps             | 185       |
|    time_elapsed    | 541       |
|    total_timesteps | 100339    |
| train/             |           |
|    actor_loss      | -1.43e+03 |
|    critic_loss     | 2.15e+03  |
|    ent_coef        | 0.543     |
|    ent_coef_loss   | -0.282    |
|    learning_rate   | 0.0003    |
|    n_updates       | 90338     |
----------------------------------
----------------------------------
| rollout/           |           |
|    ep_len_mean     | 195       |
|    ep_rew_mean     | 6.35      |
| time/              |           |
|    episodes        | 536       |
|    fps             | 185       |
|    time_elapsed    | 545       |
|    total_timesteps | 101106    |
| train/             |           |
|    actor_loss      | -1.41e+03 |
|    critic_loss     | 3.42e+03  |
|    ent_coef        | 0.544     |
|    ent_coef_loss   | 0.00278   |
|    learning_rate   | 0.0003    |
|    n_updates       | 91105     |
----------------------------------
----------------------------------
| rollout/           |           |
|    ep_len_mean     | 195       |
|    ep_rew_mean     | 6.39      |
| time/              |           |
|    episodes        | 540       |
|    fps             | 184       |
|    time_elapsed    | 551       |
|    total_timesteps | 101917    |
| train/             |           |
|    actor_loss      | -1.43e+03 |
|    critic_loss     | 2.28e+03  |
|    ent_coef        | 0.539     |
|    ent_coef_loss   | 0.188     |
|    learning_rate   | 0.0003    |
|    n_updates       | 91916     |
----------------------------------
----------------------------------
| rollout/           |           |
|    ep_len_mean     | 194       |
|    ep_rew_mean     | 6.38      |
| time/              |           |
|    episodes        | 544       |
|    fps             | 184       |
|    time_elapsed    | 556       |
|    total_timesteps | 102687    |
| train/             |           |
|    actor_loss      | -1.44e+03 |
|    critic_loss     | 2.17e+03  |
|    ent_coef        | 0.516     |
|    ent_coef_loss   | -0.434    |
|    learning_rate   | 0.0003    |
|    n_updates       | 92686     |
----------------------------------
----------------------------------
| rollout/           |           |
|    ep_len_mean     | 193       |
|    ep_rew_mean     | 6.31      |
| time/              |           |
|    episodes        | 548       |
|    fps             | 184       |
|    time_elapsed    | 561       |
|    total_timesteps | 103460    |
| train/             |           |
|    actor_loss      | -1.42e+03 |
|    critic_loss     | 2.45e+03  |
|    ent_coef        | 0.472     |
|    ent_coef_loss   | -0.0758   |
|    learning_rate   | 0.0003    |
|    n_updates       | 93459     |
----------------------------------
----------------------------------
| rollout/           |           |
|    ep_len_mean     | 193       |
|    ep_rew_mean     | 6.37      |
| time/              |           |
|    episodes        | 552       |
|    fps             | 183       |
|    time_elapsed    | 566       |
|    total_timesteps | 104206    |
| train/             |           |
|    actor_loss      | -1.42e+03 |
|    critic_loss     | 2.22e+03  |
|    ent_coef        | 0.478     |
|    ent_coef_loss   | -0.0219   |
|    learning_rate   | 0.0003    |
|    n_updates       | 94205     |
----------------------------------
---------------------------------
| rollout/           |          |
|    ep_len_mean     | 193      |
|    ep_rew_mean     | 6.4      |
| time/              |          |
|    episodes        | 556      |
|    fps             | 183      |
|    time_elapsed    | 571      |
|    total_timesteps | 104928   |
| train/             |          |
|    actor_loss      | -1.4e+03 |
|    critic_loss     | 1.93e+03 |
|    ent_coef        | 0.495    |
|    ent_coef_loss   | -0.137   |
|    learning_rate   | 0.0003   |
|    n_updates       | 94927    |
---------------------------------
----------------------------------
| rollout/           |           |
|    ep_len_mean     | 192       |
|    ep_rew_mean     | 6.46      |
| time/              |           |
|    episodes        | 560       |
|    fps             | 183       |
|    time_elapsed    | 576       |
|    total_timesteps | 105695    |
| train/             |           |
|    actor_loss      | -1.42e+03 |
|    critic_loss     | 2.3e+03   |
|    ent_coef        | 0.485     |
|    ent_coef_loss   | -0.344    |
|    learning_rate   | 0.0003    |
|    n_updates       | 95694     |
----------------------------------
----------------------------------
| rollout/           |           |
|    ep_len_mean     | 191       |
|    ep_rew_mean     | 6.34      |
| time/              |           |
|    episodes        | 564       |
|    fps             | 183       |
|    time_elapsed    | 581       |
|    total_timesteps | 106573    |
| train/             |           |
|    actor_loss      | -1.46e+03 |
|    critic_loss     | 3.18e+03  |
|    ent_coef        | 0.482     |
|    ent_coef_loss   | 0.138     |
|    learning_rate   | 0.0003    |
|    n_updates       | 96572     |
----------------------------------
----------------------------------
| rollout/           |           |
|    ep_len_mean     | 192       |
|    ep_rew_mean     | 6.49      |
| time/              |           |
|    episodes        | 568       |
|    fps             | 183       |
|    time_elapsed    | 586       |
|    total_timesteps | 107434    |
| train/             |           |
|    actor_loss      | -1.41e+03 |
|    critic_loss     | 1.41e+03  |
|    ent_coef        | 0.465     |
|    ent_coef_loss   | -0.03     |
|    learning_rate   | 0.0003    |
|    n_updates       | 97433     |
----------------------------------
----------------------------------
| rollout/           |           |
|    ep_len_mean     | 193       |
|    ep_rew_mean     | 6.66      |
| time/              |           |
|    episodes        | 572       |
|    fps             | 183       |
|    time_elapsed    | 591       |
|    total_timesteps | 108325    |
| train/             |           |
|    actor_loss      | -1.38e+03 |
|    critic_loss     | 1.68e+03  |
|    ent_coef        | 0.439     |
|    ent_coef_loss   | 0.114     |
|    learning_rate   | 0.0003    |
|    n_updates       | 98324     |
----------------------------------
----------------------------------
| rollout/           |           |
|    ep_len_mean     | 194       |
|    ep_rew_mean     | 6.85      |
| time/              |           |
|    episodes        | 576       |
|    fps             | 183       |
|    time_elapsed    | 596       |
|    total_timesteps | 109126    |
| train/             |           |
|    actor_loss      | -1.39e+03 |
|    critic_loss     | 2.59e+03  |
|    ent_coef        | 0.416     |
|    ent_coef_loss   | 1         |
|    learning_rate   | 0.0003    |
|    n_updates       | 99125     |
----------------------------------
---------------------------------
| rollout/           |          |
|    ep_len_mean     | 193      |
|    ep_rew_mean     | 6.68     |
| time/              |          |
|    episodes        | 580      |
|    fps             | 182      |
|    time_elapsed    | 601      |
|    total_timesteps | 109992   |
| train/             |          |
|    actor_loss      | -1.4e+03 |
|    critic_loss     | 3.19e+03 |
|    ent_coef        | 0.473    |
|    ent_coef_loss   | 1.24     |
|    learning_rate   | 0.0003   |
|    n_updates       | 99991    |
---------------------------------
----------------------------------
| rollout/           |           |
|    ep_len_mean     | 193       |
|    ep_rew_mean     | 6.67      |
| time/              |           |
|    episodes        | 584       |
|    fps             | 182       |
|    time_elapsed    | 606       |
|    total_timesteps | 110841    |
| train/             |           |
|    actor_loss      | -1.38e+03 |
|    critic_loss     | 3.3e+03   |
|    ent_coef        | 0.517     |
|    ent_coef_loss   | -0.179    |
|    learning_rate   | 0.0003    |
|    n_updates       | 100840    |
----------------------------------
----------------------------------
| rollout/           |           |
|    ep_len_mean     | 193       |
|    ep_rew_mean     | 6.72      |
| time/              |           |
|    episodes        | 588       |
|    fps             | 182       |
|    time_elapsed    | 610       |
|    total_timesteps | 111569    |
| train/             |           |
|    actor_loss      | -1.39e+03 |
|    critic_loss     | 1.34e+03  |
|    ent_coef        | 0.475     |
|    ent_coef_loss   | -0.261    |
|    learning_rate   | 0.0003    |
|    n_updates       | 101568    |
----------------------------------
----------------------------------
| rollout/           |           |
|    ep_len_mean     | 194       |
|    ep_rew_mean     | 6.83      |
| time/              |           |
|    episodes        | 592       |
|    fps             | 182       |
|    time_elapsed    | 615       |
|    total_timesteps | 112444    |
| train/             |           |
|    actor_loss      | -1.38e+03 |
|    critic_loss     | 1.97e+03  |
|    ent_coef        | 0.453     |
|    ent_coef_loss   | -1.21     |
|    learning_rate   | 0.0003    |
|    n_updates       | 102443    |
----------------------------------
----------------------------------
| rollout/           |           |
|    ep_len_mean     | 195       |
|    ep_rew_mean     | 6.95      |
| time/              |           |
|    episodes        | 596       |
|    fps             | 182       |
|    time_elapsed    | 621       |
|    total_timesteps | 113258    |
| train/             |           |
|    actor_loss      | -1.39e+03 |
|    critic_loss     | 2.48e+03  |
|    ent_coef        | 0.437     |
|    ent_coef_loss   | -0.662    |
|    learning_rate   | 0.0003    |
|    n_updates       | 103257    |
----------------------------------
----------------------------------
| rollout/           |           |
|    ep_len_mean     | 195       |
|    ep_rew_mean     | 6.98      |
| time/              |           |
|    episodes        | 600       |
|    fps             | 182       |
|    time_elapsed    | 626       |
|    total_timesteps | 113969    |
| train/             |           |
|    actor_loss      | -1.36e+03 |
|    critic_loss     | 1.86e+03  |
|    ent_coef        | 0.482     |
|    ent_coef_loss   | 0.329     |
|    learning_rate   | 0.0003    |
|    n_updates       | 103968    |
----------------------------------
----------------------------------
| rollout/           |           |
|    ep_len_mean     | 195       |
|    ep_rew_mean     | 6.9       |
| time/              |           |
|    episodes        | 604       |
|    fps             | 181       |
|    time_elapsed    | 630       |
|    total_timesteps | 114703    |
| train/             |           |
|    actor_loss      | -1.33e+03 |
|    critic_loss     | 1.71e+03  |
|    ent_coef        | 0.498     |
|    ent_coef_loss   | 0.577     |
|    learning_rate   | 0.0003    |
|    n_updates       | 104702    |
----------------------------------
----------------------------------
| rollout/           |           |
|    ep_len_mean     | 195       |
|    ep_rew_mean     | 6.84      |
| time/              |           |
|    episodes        | 608       |
|    fps             | 181       |
|    time_elapsed    | 635       |
|    total_timesteps | 115427    |
| train/             |           |
|    actor_loss      | -1.36e+03 |
|    critic_loss     | 1.38e+03  |
|    ent_coef        | 0.536     |
|    ent_coef_loss   | -0.765    |
|    learning_rate   | 0.0003    |
|    n_updates       | 105426    |
----------------------------------
----------------------------------
| rollout/           |           |
|    ep_len_mean     | 195       |
|    ep_rew_mean     | 6.77      |
| time/              |           |
|    episodes        | 612       |
|    fps             | 181       |
|    time_elapsed    | 639       |
|    total_timesteps | 116148    |
| train/             |           |
|    actor_loss      | -1.33e+03 |
|    critic_loss     | 1.81e+03  |
|    ent_coef        | 0.472     |
|    ent_coef_loss   | -0.993    |
|    learning_rate   | 0.0003    |
|    n_updates       | 106147    |
----------------------------------
----------------------------------
| rollout/           |           |
|    ep_len_mean     | 196       |
|    ep_rew_mean     | 6.85      |
| time/              |           |
|    episodes        | 616       |
|    fps             | 181       |
|    time_elapsed    | 644       |
|    total_timesteps | 116915    |
| train/             |           |
|    actor_loss      | -1.33e+03 |
|    critic_loss     | 1.63e+03  |
|    ent_coef        | 0.471     |
|    ent_coef_loss   | -0.0278   |
|    learning_rate   | 0.0003    |
|    n_updates       | 106914    |
----------------------------------
----------------------------------
| rollout/           |           |
|    ep_len_mean     | 195       |
|    ep_rew_mean     | 6.78      |
| time/              |           |
|    episodes        | 620       |
|    fps             | 181       |
|    time_elapsed    | 648       |
|    total_timesteps | 117590    |
| train/             |           |
|    actor_loss      | -1.35e+03 |
|    critic_loss     | 1.85e+03  |
|    ent_coef        | 0.476     |
|    ent_coef_loss   | -1.13     |
|    learning_rate   | 0.0003    |
|    n_updates       | 107589    |
----------------------------------
----------------------------------
| rollout/           |           |
|    ep_len_mean     | 196       |
|    ep_rew_mean     | 6.88      |
| time/              |           |
|    episodes        | 624       |
|    fps             | 181       |
|    time_elapsed    | 653       |
|    total_timesteps | 118400    |
| train/             |           |
|    actor_loss      | -1.35e+03 |
|    critic_loss     | 1.18e+03  |
|    ent_coef        | 0.45      |
|    ent_coef_loss   | -1.55     |
|    learning_rate   | 0.0003    |
|    n_updates       | 108399    |
----------------------------------
----------------------------------
| rollout/           |           |
|    ep_len_mean     | 196       |
|    ep_rew_mean     | 6.93      |
| time/              |           |
|    episodes        | 628       |
|    fps             | 181       |
|    time_elapsed    | 657       |
|    total_timesteps | 119133    |
| train/             |           |
|    actor_loss      | -1.31e+03 |
|    critic_loss     | 1.51e+03  |
|    ent_coef        | 0.451     |
|    ent_coef_loss   | 0.187     |
|    learning_rate   | 0.0003    |
|    n_updates       | 109132    |
----------------------------------
----------------------------------
| rollout/           |           |
|    ep_len_mean     | 195       |
|    ep_rew_mean     | 6.79      |
| time/              |           |
|    episodes        | 632       |
|    fps             | 180       |
|    time_elapsed    | 662       |
|    total_timesteps | 119880    |
| train/             |           |
|    actor_loss      | -1.33e+03 |
|    critic_loss     | 3.73e+03  |
|    ent_coef        | 0.451     |
|    ent_coef_loss   | -0.0878   |
|    learning_rate   | 0.0003    |
|    n_updates       | 109879    |
----------------------------------
----------------------------------
| rollout/           |           |
|    ep_len_mean     | 196       |
|    ep_rew_mean     | 6.75      |
| time/              |           |
|    episodes        | 636       |
|    fps             | 180       |
|    time_elapsed    | 667       |
|    total_timesteps | 120673    |
| train/             |           |
|    actor_loss      | -1.31e+03 |
|    critic_loss     | 1.41e+03  |
|    ent_coef        | 0.429     |
|    ent_coef_loss   | 0.132     |
|    learning_rate   | 0.0003    |
|    n_updates       | 110672    |
----------------------------------
----------------------------------
| rollout/           |           |
|    ep_len_mean     | 195       |
|    ep_rew_mean     | 6.62      |
| time/              |           |
|    episodes        | 640       |
|    fps             | 180       |
|    time_elapsed    | 671       |
|    total_timesteps | 121379    |
| train/             |           |
|    actor_loss      | -1.31e+03 |
|    critic_loss     | 1.56e+03  |
|    ent_coef        | 0.404     |
|    ent_coef_loss   | -0.13     |
|    learning_rate   | 0.0003    |
|    n_updates       | 111378    |
----------------------------------
----------------------------------
| rollout/           |           |
|    ep_len_mean     | 195       |
|    ep_rew_mean     | 6.5       |
| time/              |           |
|    episodes        | 644       |
|    fps             | 180       |
|    time_elapsed    | 676       |
|    total_timesteps | 122139    |
| train/             |           |
|    actor_loss      | -1.31e+03 |
|    critic_loss     | 2.08e+03  |
|    ent_coef        | 0.398     |
|    ent_coef_loss   | -0.888    |
|    learning_rate   | 0.0003    |
|    n_updates       | 112138    |
----------------------------------
----------------------------------
| rollout/           |           |
|    ep_len_mean     | 194       |
|    ep_rew_mean     | 6.58      |
| time/              |           |
|    episodes        | 648       |
|    fps             | 180       |
|    time_elapsed    | 681       |
|    total_timesteps | 122874    |
| train/             |           |
|    actor_loss      | -1.27e+03 |
|    critic_loss     | 1.96e+03  |
|    ent_coef        | 0.446     |
|    ent_coef_loss   | 0.617     |
|    learning_rate   | 0.0003    |
|    n_updates       | 112873    |
----------------------------------
----------------------------------
| rollout/           |           |
|    ep_len_mean     | 195       |
|    ep_rew_mean     | 6.5       |
| time/              |           |
|    episodes        | 652       |
|    fps             | 180       |
|    time_elapsed    | 686       |
|    total_timesteps | 123669    |
| train/             |           |
|    actor_loss      | -1.26e+03 |
|    critic_loss     | 1.98e+03  |
|    ent_coef        | 0.436     |
|    ent_coef_loss   | -0.356    |
|    learning_rate   | 0.0003    |
|    n_updates       | 113668    |
----------------------------------
----------------------------------
| rollout/           |           |
|    ep_len_mean     | 196       |
|    ep_rew_mean     | 6.68      |
| time/              |           |
|    episodes        | 656       |
|    fps             | 180       |
|    time_elapsed    | 691       |
|    total_timesteps | 124536    |
| train/             |           |
|    actor_loss      | -1.26e+03 |
|    critic_loss     | 1.5e+03   |
|    ent_coef        | 0.425     |
|    ent_coef_loss   | -1.17     |
|    learning_rate   | 0.0003    |
|    n_updates       | 114535    |
----------------------------------
----------------------------------
| rollout/           |           |
|    ep_len_mean     | 196       |
|    ep_rew_mean     | 6.6       |
| time/              |           |
|    episodes        | 660       |
|    fps             | 179       |
|    time_elapsed    | 696       |
|    total_timesteps | 125300    |
| train/             |           |
|    actor_loss      | -1.26e+03 |
|    critic_loss     | 2.02e+03  |
|    ent_coef        | 0.419     |
|    ent_coef_loss   | -0.436    |
|    learning_rate   | 0.0003    |
|    n_updates       | 115299    |
----------------------------------
----------------------------------
| rollout/           |           |
|    ep_len_mean     | 195       |
|    ep_rew_mean     | 6.34      |
| time/              |           |
|    episodes        | 664       |
|    fps             | 179       |
|    time_elapsed    | 700       |
|    total_timesteps | 126037    |
| train/             |           |
|    actor_loss      | -1.26e+03 |
|    critic_loss     | 1.31e+03  |
|    ent_coef        | 0.415     |
|    ent_coef_loss   | 0.55      |
|    learning_rate   | 0.0003    |
|    n_updates       | 116036    |
----------------------------------
----------------------------------
| rollout/           |           |
|    ep_len_mean     | 194       |
|    ep_rew_mean     | 6.15      |
| time/              |           |
|    episodes        | 668       |
|    fps             | 179       |
|    time_elapsed    | 704       |
|    total_timesteps | 126786    |
| train/             |           |
|    actor_loss      | -1.25e+03 |
|    critic_loss     | 1.72e+03  |
|    ent_coef        | 0.407     |
|    ent_coef_loss   | -0.105    |
|    learning_rate   | 0.0003    |
|    n_updates       | 116785    |
----------------------------------
----------------------------------
| rollout/           |           |
|    ep_len_mean     | 192       |
|    ep_rew_mean     | 6.03      |
| time/              |           |
|    episodes        | 672       |
|    fps             | 179       |
|    time_elapsed    | 709       |
|    total_timesteps | 127564    |
| train/             |           |
|    actor_loss      | -1.24e+03 |
|    critic_loss     | 1.34e+03  |
|    ent_coef        | 0.389     |
|    ent_coef_loss   | 0.244     |
|    learning_rate   | 0.0003    |
|    n_updates       | 117563    |
----------------------------------
----------------------------------
| rollout/           |           |
|    ep_len_mean     | 193       |
|    ep_rew_mean     | 6.09      |
| time/              |           |
|    episodes        | 676       |
|    fps             | 179       |
|    time_elapsed    | 714       |
|    total_timesteps | 128405    |
| train/             |           |
|    actor_loss      | -1.26e+03 |
|    critic_loss     | 1.33e+03  |
|    ent_coef        | 0.415     |
|    ent_coef_loss   | -0.96     |
|    learning_rate   | 0.0003    |
|    n_updates       | 118404    |
----------------------------------
----------------------------------
| rollout/           |           |
|    ep_len_mean     | 193       |
|    ep_rew_mean     | 6.2       |
| time/              |           |
|    episodes        | 680       |
|    fps             | 179       |
|    time_elapsed    | 718       |
|    total_timesteps | 129254    |
| train/             |           |
|    actor_loss      | -1.21e+03 |
|    critic_loss     | 4.59e+03  |
|    ent_coef        | 0.415     |
|    ent_coef_loss   | -0.672    |
|    learning_rate   | 0.0003    |
|    n_updates       | 119253    |
----------------------------------
----------------------------------
| rollout/           |           |
|    ep_len_mean     | 193       |
|    ep_rew_mean     | 6.43      |
| time/              |           |
|    episodes        | 684       |
|    fps             | 179       |
|    time_elapsed    | 724       |
|    total_timesteps | 130153    |
| train/             |           |
|    actor_loss      | -1.19e+03 |
|    critic_loss     | 2.07e+03  |
|    ent_coef        | 0.372     |
|    ent_coef_loss   | -0.454    |
|    learning_rate   | 0.0003    |
|    n_updates       | 120152    |
----------------------------------
---------------------------------
| rollout/           |          |
|    ep_len_mean     | 195      |
|    ep_rew_mean     | 6.57     |
| time/              |          |
|    episodes        | 688      |
|    fps             | 179      |
|    time_elapsed    | 729      |
|    total_timesteps | 131045   |
| train/             |          |
|    actor_loss      | -1.2e+03 |
|    critic_loss     | 3.97e+03 |
|    ent_coef        | 0.392    |
|    ent_coef_loss   | -0.473   |
|    learning_rate   | 0.0003   |
|    n_updates       | 121044   |
---------------------------------
----------------------------------
| rollout/           |           |
|    ep_len_mean     | 195       |
|    ep_rew_mean     | 6.81      |
| time/              |           |
|    episodes        | 692       |
|    fps             | 179       |
|    time_elapsed    | 734       |
|    total_timesteps | 131981    |
| train/             |           |
|    actor_loss      | -1.19e+03 |
|    critic_loss     | 1.17e+03  |
|    ent_coef        | 0.378     |
|    ent_coef_loss   | 0.173     |
|    learning_rate   | 0.0003    |
|    n_updates       | 121980    |
----------------------------------
----------------------------------
| rollout/           |           |
|    ep_len_mean     | 196       |
|    ep_rew_mean     | 6.99      |
| time/              |           |
|    episodes        | 696       |
|    fps             | 179       |
|    time_elapsed    | 739       |
|    total_timesteps | 132887    |
| train/             |           |
|    actor_loss      | -1.18e+03 |
|    critic_loss     | 1.61e+03  |
|    ent_coef        | 0.371     |
|    ent_coef_loss   | -0.406    |
|    learning_rate   | 0.0003    |
|    n_updates       | 122886    |
----------------------------------
----------------------------------
| rollout/           |           |
|    ep_len_mean     | 198       |
|    ep_rew_mean     | 7.15      |
| time/              |           |
|    episodes        | 700       |
|    fps             | 179       |
|    time_elapsed    | 744       |
|    total_timesteps | 133768    |
| train/             |           |
|    actor_loss      | -1.16e+03 |
|    critic_loss     | 1.41e+03  |
|    ent_coef        | 0.364     |
|    ent_coef_loss   | -0.276    |
|    learning_rate   | 0.0003    |
|    n_updates       | 123767    |
----------------------------------
----------------------------------
| rollout/           |           |
|    ep_len_mean     | 199       |
|    ep_rew_mean     | 7.32      |
| time/              |           |
|    episodes        | 704       |
|    fps             | 179       |
|    time_elapsed    | 749       |
|    total_timesteps | 134625    |
| train/             |           |
|    actor_loss      | -1.17e+03 |
|    critic_loss     | 895       |
|    ent_coef        | 0.356     |
|    ent_coef_loss   | -1.93     |
|    learning_rate   | 0.0003    |
|    n_updates       | 124624    |
----------------------------------
----------------------------------
| rollout/           |           |
|    ep_len_mean     | 201       |
|    ep_rew_mean     | 7.44      |
| time/              |           |
|    episodes        | 708       |
|    fps             | 179       |
|    time_elapsed    | 754       |
|    total_timesteps | 135523    |
| train/             |           |
|    actor_loss      | -1.11e+03 |
|    critic_loss     | 2.08e+03  |
|    ent_coef        | 0.342     |
|    ent_coef_loss   | 1.68      |
|    learning_rate   | 0.0003    |
|    n_updates       | 125522    |
----------------------------------
----------------------------------
| rollout/           |           |
|    ep_len_mean     | 202       |
|    ep_rew_mean     | 7.64      |
| time/              |           |
|    episodes        | 712       |
|    fps             | 179       |
|    time_elapsed    | 759       |
|    total_timesteps | 136353    |
| train/             |           |
|    actor_loss      | -1.13e+03 |
|    critic_loss     | 1.63e+03  |
|    ent_coef        | 0.34      |
|    ent_coef_loss   | -0.92     |
|    learning_rate   | 0.0003    |
|    n_updates       | 126352    |
----------------------------------
----------------------------------
| rollout/           |           |
|    ep_len_mean     | 202       |
|    ep_rew_mean     | 7.54      |
| time/              |           |
|    episodes        | 716       |
|    fps             | 179       |
|    time_elapsed    | 764       |
|    total_timesteps | 137143    |
| train/             |           |
|    actor_loss      | -1.13e+03 |
|    critic_loss     | 1.08e+03  |
|    ent_coef        | 0.314     |
|    ent_coef_loss   | -1.71     |
|    learning_rate   | 0.0003    |
|    n_updates       | 127142    |
----------------------------------
----------------------------------
| rollout/           |           |
|    ep_len_mean     | 204       |
|    ep_rew_mean     | 7.53      |
| time/              |           |
|    episodes        | 720       |
|    fps             | 179       |
|    time_elapsed    | 769       |
|    total_timesteps | 138030    |
| train/             |           |
|    actor_loss      | -1.06e+03 |
|    critic_loss     | 1.66e+03  |
|    ent_coef        | 0.299     |
|    ent_coef_loss   | 2.36      |
|    learning_rate   | 0.0003    |
|    n_updates       | 128029    |
----------------------------------
----------------------------------
| rollout/           |           |
|    ep_len_mean     | 203       |
|    ep_rew_mean     | 7.31      |
| time/              |           |
|    episodes        | 724       |
|    fps             | 179       |
|    time_elapsed    | 773       |
|    total_timesteps | 138701    |
| train/             |           |
|    actor_loss      | -1.08e+03 |
|    critic_loss     | 2.01e+03  |
|    ent_coef        | 0.339     |
|    ent_coef_loss   | 0.0247    |
|    learning_rate   | 0.0003    |
|    n_updates       | 128700    |
----------------------------------
----------------------------------
| rollout/           |           |
|    ep_len_mean     | 202       |
|    ep_rew_mean     | 7.1       |
| time/              |           |
|    episodes        | 728       |
|    fps             | 179       |
|    time_elapsed    | 776       |
|    total_timesteps | 139374    |
| train/             |           |
|    actor_loss      | -1.05e+03 |
|    critic_loss     | 1.56e+03  |
|    ent_coef        | 0.335     |
|    ent_coef_loss   | -0.0324   |
|    learning_rate   | 0.0003    |
|    n_updates       | 129373    |
----------------------------------
----------------------------------
| rollout/           |           |
|    ep_len_mean     | 202       |
|    ep_rew_mean     | 7.03      |
| time/              |           |
|    episodes        | 732       |
|    fps             | 179       |
|    time_elapsed    | 780       |
|    total_timesteps | 140031    |
| train/             |           |
|    actor_loss      | -1.03e+03 |
|    critic_loss     | 1.15e+03  |
|    ent_coef        | 0.327     |
|    ent_coef_loss   | -0.323    |
|    learning_rate   | 0.0003    |
|    n_updates       | 130030    |
----------------------------------
----------------------------------
| rollout/           |           |
|    ep_len_mean     | 202       |
|    ep_rew_mean     | 6.91      |
| time/              |           |
|    episodes        | 736       |
|    fps             | 179       |
|    time_elapsed    | 785       |
|    total_timesteps | 140854    |
| train/             |           |
|    actor_loss      | -1.04e+03 |
|    critic_loss     | 1.02e+03  |
|    ent_coef        | 0.311     |
|    ent_coef_loss   | -0.35     |
|    learning_rate   | 0.0003    |
|    n_updates       | 130853    |
----------------------------------
----------------------------------
| rollout/           |           |
|    ep_len_mean     | 204       |
|    ep_rew_mean     | 7.02      |
| time/              |           |
|    episodes        | 740       |
|    fps             | 179       |
|    time_elapsed    | 790       |
|    total_timesteps | 141772    |
| train/             |           |
|    actor_loss      | -1.02e+03 |
|    critic_loss     | 860       |
|    ent_coef        | 0.285     |
|    ent_coef_loss   | 0.357     |
|    learning_rate   | 0.0003    |
|    n_updates       | 131771    |
----------------------------------
---------------------------------
| rollout/           |          |
|    ep_len_mean     | 205      |
|    ep_rew_mean     | 7.08     |
| time/              |          |
|    episodes        | 744      |
|    fps             | 179      |
|    time_elapsed    | 795      |
|    total_timesteps | 142636   |
| train/             |          |
|    actor_loss      | -1e+03   |
|    critic_loss     | 1.06e+03 |
|    ent_coef        | 0.272    |
|    ent_coef_loss   | 1.92     |
|    learning_rate   | 0.0003   |
|    n_updates       | 132635   |
---------------------------------
---------------------------------
| rollout/           |          |
|    ep_len_mean     | 206      |
|    ep_rew_mean     | 7.05     |
| time/              |          |
|    episodes        | 748      |
|    fps             | 179      |
|    time_elapsed    | 800      |
|    total_timesteps | 143441   |
| train/             |          |
|    actor_loss      | -972     |
|    critic_loss     | 1.81e+03 |
|    ent_coef        | 0.285    |
|    ent_coef_loss   | 0.956    |
|    learning_rate   | 0.0003   |
|    n_updates       | 133440   |
---------------------------------
---------------------------------
| rollout/           |          |
|    ep_len_mean     | 206      |
|    ep_rew_mean     | 7.12     |
| time/              |          |
|    episodes        | 752      |
|    fps             | 179      |
|    time_elapsed    | 804      |
|    total_timesteps | 144221   |
| train/             |          |
|    actor_loss      | -998     |
|    critic_loss     | 1.72e+03 |
|    ent_coef        | 0.276    |
|    ent_coef_loss   | 0.158    |
|    learning_rate   | 0.0003   |
|    n_updates       | 134220   |
---------------------------------
---------------------------------
| rollout/           |          |
|    ep_len_mean     | 205      |
|    ep_rew_mean     | 6.88     |
| time/              |          |
|    episodes        | 756      |
|    fps             | 179      |
|    time_elapsed    | 809      |
|    total_timesteps | 145050   |
| train/             |          |
|    actor_loss      | -973     |
|    critic_loss     | 690      |
|    ent_coef        | 0.276    |
|    ent_coef_loss   | -0.149   |
|    learning_rate   | 0.0003   |
|    n_updates       | 135049   |
---------------------------------
---------------------------------
| rollout/           |          |
|    ep_len_mean     | 204      |
|    ep_rew_mean     | 6.68     |
| time/              |          |
|    episodes        | 760      |
|    fps             | 179      |
|    time_elapsed    | 813      |
|    total_timesteps | 145722   |
| train/             |          |
|    actor_loss      | -970     |
|    critic_loss     | 782      |
|    ent_coef        | 0.263    |
|    ent_coef_loss   | -0.428   |
|    learning_rate   | 0.0003   |
|    n_updates       | 135721   |
---------------------------------
---------------------------------
| rollout/           |          |
|    ep_len_mean     | 204      |
|    ep_rew_mean     | 6.63     |
| time/              |          |
|    episodes        | 764      |
|    fps             | 179      |
|    time_elapsed    | 817      |
|    total_timesteps | 146455   |
| train/             |          |
|    actor_loss      | -956     |
|    critic_loss     | 947      |
|    ent_coef        | 0.269    |
|    ent_coef_loss   | 1.06     |
|    learning_rate   | 0.0003   |
|    n_updates       | 136454   |
---------------------------------
---------------------------------
| rollout/           |          |
|    ep_len_mean     | 204      |
|    ep_rew_mean     | 6.43     |
| time/              |          |
|    episodes        | 768      |
|    fps             | 179      |
|    time_elapsed    | 821      |
|    total_timesteps | 147181   |
| train/             |          |
|    actor_loss      | -970     |
|    critic_loss     | 1.01e+03 |
|    ent_coef        | 0.264    |
|    ent_coef_loss   | 1.38     |
|    learning_rate   | 0.0003   |
|    n_updates       | 137180   |
---------------------------------
---------------------------------
| rollout/           |          |
|    ep_len_mean     | 204      |
|    ep_rew_mean     | 6.23     |
| time/              |          |
|    episodes        | 772      |
|    fps             | 179      |
|    time_elapsed    | 826      |
|    total_timesteps | 147941   |
| train/             |          |
|    actor_loss      | -936     |
|    critic_loss     | 618      |
|    ent_coef        | 0.258    |
|    ent_coef_loss   | -0.428   |
|    learning_rate   | 0.0003   |
|    n_updates       | 137940   |
---------------------------------
---------------------------------
| rollout/           |          |
|    ep_len_mean     | 202      |
|    ep_rew_mean     | 5.88     |
| time/              |          |
|    episodes        | 776      |
|    fps             | 179      |
|    time_elapsed    | 830      |
|    total_timesteps | 148654   |
| train/             |          |
|    actor_loss      | -933     |
|    critic_loss     | 610      |
|    ent_coef        | 0.238    |
|    ent_coef_loss   | 0.296    |
|    learning_rate   | 0.0003   |
|    n_updates       | 138653   |
---------------------------------
---------------------------------
| rollout/           |          |
|    ep_len_mean     | 202      |
|    ep_rew_mean     | 5.69     |
| time/              |          |
|    episodes        | 780      |
|    fps             | 179      |
|    time_elapsed    | 834      |
|    total_timesteps | 149471   |
| train/             |          |
|    actor_loss      | -929     |
|    critic_loss     | 585      |
|    ent_coef        | 0.25     |
|    ent_coef_loss   | -0.254   |
|    learning_rate   | 0.0003   |
|    n_updates       | 139470   |
---------------------------------
---------------------------------
| rollout/           |          |
|    ep_len_mean     | 201      |
|    ep_rew_mean     | 5.35     |
| time/              |          |
|    episodes        | 784      |
|    fps             | 178      |
|    time_elapsed    | 839      |
|    total_timesteps | 150230   |
| train/             |          |
|    actor_loss      | -919     |
|    critic_loss     | 675      |
|    ent_coef        | 0.244    |
|    ent_coef_loss   | -1.1     |
|    learning_rate   | 0.0003   |
|    n_updates       | 140229   |
---------------------------------
---------------------------------
| rollout/           |          |
|    ep_len_mean     | 201      |
|    ep_rew_mean     | 5.36     |
| time/              |          |
|    episodes        | 788      |
|    fps             | 178      |
|    time_elapsed    | 844      |
|    total_timesteps | 151151   |
| train/             |          |
|    actor_loss      | -884     |
|    critic_loss     | 1.3e+03  |
|    ent_coef        | 0.22     |
|    ent_coef_loss   | 0.842    |
|    learning_rate   | 0.0003   |
|    n_updates       | 141150   |
---------------------------------
---------------------------------
| rollout/           |          |
|    ep_len_mean     | 201      |
|    ep_rew_mean     | 5.26     |
| time/              |          |
|    episodes        | 792      |
|    fps             | 178      |
|    time_elapsed    | 850      |
|    total_timesteps | 152068   |
| train/             |          |
|    actor_loss      | -906     |
|    critic_loss     | 525      |
|    ent_coef        | 0.225    |
|    ent_coef_loss   | -1.55    |
|    learning_rate   | 0.0003   |
|    n_updates       | 142067   |
---------------------------------
---------------------------------
| rollout/           |          |
|    ep_len_mean     | 200      |
|    ep_rew_mean     | 5.08     |
| time/              |          |
|    episodes        | 796      |
|    fps             | 178      |
|    time_elapsed    | 854      |
|    total_timesteps | 152892   |
| train/             |          |
|    actor_loss      | -869     |
|    critic_loss     | 769      |
|    ent_coef        | 0.226    |
|    ent_coef_loss   | 0.668    |
|    learning_rate   | 0.0003   |
|    n_updates       | 142891   |
---------------------------------
---------------------------------
| rollout/           |          |
|    ep_len_mean     | 201      |
|    ep_rew_mean     | 5.22     |
| time/              |          |
|    episodes        | 800      |
|    fps             | 178      |
|    time_elapsed    | 860      |
|    total_timesteps | 153899   |
| train/             |          |
|    actor_loss      | -876     |
|    critic_loss     | 694      |
|    ent_coef        | 0.221    |
|    ent_coef_loss   | 0.212    |
|    learning_rate   | 0.0003   |
|    n_updates       | 143898   |
---------------------------------
---------------------------------
| rollout/           |          |
|    ep_len_mean     | 201      |
|    ep_rew_mean     | 5.05     |
| time/              |          |
|    episodes        | 804      |
|    fps             | 178      |
|    time_elapsed    | 865      |
|    total_timesteps | 154689   |
| train/             |          |
|    actor_loss      | -875     |
|    critic_loss     | 562      |
|    ent_coef        | 0.227    |
|    ent_coef_loss   | -1.92    |
|    learning_rate   | 0.0003   |
|    n_updates       | 144688   |
---------------------------------
---------------------------------
| rollout/           |          |
|    ep_len_mean     | 199      |
|    ep_rew_mean     | 4.97     |
| time/              |          |
|    episodes        | 808      |
|    fps             | 178      |
|    time_elapsed    | 869      |
|    total_timesteps | 155467   |
| train/             |          |
|    actor_loss      | -836     |
|    critic_loss     | 930      |
|    ent_coef        | 0.227    |
|    ent_coef_loss   | -0.944   |
|    learning_rate   | 0.0003   |
|    n_updates       | 145466   |
---------------------------------
---------------------------------
| rollout/           |          |
|    ep_len_mean     | 199      |
|    ep_rew_mean     | 4.81     |
| time/              |          |
|    episodes        | 812      |
|    fps             | 178      |
|    time_elapsed    | 873      |
|    total_timesteps | 156238   |
| train/             |          |
|    actor_loss      | -821     |
|    critic_loss     | 569      |
|    ent_coef        | 0.229    |
|    ent_coef_loss   | 1.96     |
|    learning_rate   | 0.0003   |
|    n_updates       | 146237   |
---------------------------------
---------------------------------
| rollout/           |          |
|    ep_len_mean     | 199      |
|    ep_rew_mean     | 4.8      |
| time/              |          |
|    episodes        | 816      |
|    fps             | 178      |
|    time_elapsed    | 878      |
|    total_timesteps | 157026   |
| train/             |          |
|    actor_loss      | -823     |
|    critic_loss     | 646      |
|    ent_coef        | 0.22     |
|    ent_coef_loss   | -0.567   |
|    learning_rate   | 0.0003   |
|    n_updates       | 147025   |
---------------------------------
---------------------------------
| rollout/           |          |
|    ep_len_mean     | 198      |
|    ep_rew_mean     | 4.94     |
| time/              |          |
|    episodes        | 820      |
|    fps             | 178      |
|    time_elapsed    | 882      |
|    total_timesteps | 157795   |
| train/             |          |
|    actor_loss      | -816     |
|    critic_loss     | 767      |
|    ent_coef        | 0.204    |
|    ent_coef_loss   | -0.417   |
|    learning_rate   | 0.0003   |
|    n_updates       | 147794   |
---------------------------------
---------------------------------
| rollout/           |          |
|    ep_len_mean     | 198      |
|    ep_rew_mean     | 4.92     |
| time/              |          |
|    episodes        | 824      |
|    fps             | 178      |
|    time_elapsed    | 886      |
|    total_timesteps | 158500   |
| train/             |          |
|    actor_loss      | -798     |
|    critic_loss     | 1.18e+03 |
|    ent_coef        | 0.202    |
|    ent_coef_loss   | 1.11     |
|    learning_rate   | 0.0003   |
|    n_updates       | 148499   |
---------------------------------
---------------------------------
| rollout/           |          |
|    ep_len_mean     | 199      |
|    ep_rew_mean     | 5.1      |
| time/              |          |
|    episodes        | 828      |
|    fps             | 178      |
|    time_elapsed    | 891      |
|    total_timesteps | 159281   |
| train/             |          |
|    actor_loss      | -787     |
|    critic_loss     | 1.32e+03 |
|    ent_coef        | 0.211    |
|    ent_coef_loss   | -0.139   |
|    learning_rate   | 0.0003   |
|    n_updates       | 149280   |
---------------------------------
---------------------------------
| rollout/           |          |
|    ep_len_mean     | 200      |
|    ep_rew_mean     | 5.26     |
| time/              |          |
|    episodes        | 832      |
|    fps             | 178      |
|    time_elapsed    | 895      |
|    total_timesteps | 160068   |
| train/             |          |
|    actor_loss      | -779     |
|    critic_loss     | 2.22e+03 |
|    ent_coef        | 0.213    |
|    ent_coef_loss   | -0.42    |
|    learning_rate   | 0.0003   |
|    n_updates       | 150067   |
---------------------------------
---------------------------------
| rollout/           |          |
|    ep_len_mean     | 200      |
|    ep_rew_mean     | 5.41     |
| time/              |          |
|    episodes        | 836      |
|    fps             | 178      |
|    time_elapsed    | 900      |
|    total_timesteps | 160865   |
| train/             |          |
|    actor_loss      | -749     |
|    critic_loss     | 679      |
|    ent_coef        | 0.212    |
|    ent_coef_loss   | 1.17     |
|    learning_rate   | 0.0003   |
|    n_updates       | 150864   |
---------------------------------
---------------------------------
| rollout/           |          |
|    ep_len_mean     | 200      |
|    ep_rew_mean     | 5.46     |
| time/              |          |
|    episodes        | 840      |
|    fps             | 178      |
|    time_elapsed    | 905      |
|    total_timesteps | 161813   |
| train/             |          |
|    actor_loss      | -755     |
|    critic_loss     | 548      |
|    ent_coef        | 0.217    |
|    ent_coef_loss   | 2.38     |
|    learning_rate   | 0.0003   |
|    n_updates       | 151812   |
---------------------------------
---------------------------------
| rollout/           |          |
|    ep_len_mean     | 201      |
|    ep_rew_mean     | 5.68     |
| time/              |          |
|    episodes        | 844      |
|    fps             | 178      |
|    time_elapsed    | 911      |
|    total_timesteps | 162782   |
| train/             |          |
|    actor_loss      | -751     |
|    critic_loss     | 816      |
|    ent_coef        | 0.224    |
|    ent_coef_loss   | 0.384    |
|    learning_rate   | 0.0003   |
|    n_updates       | 152781   |
---------------------------------
---------------------------------
| rollout/           |          |
|    ep_len_mean     | 202      |
|    ep_rew_mean     | 5.65     |
| time/              |          |
|    episodes        | 848      |
|    fps             | 178      |
|    time_elapsed    | 916      |
|    total_timesteps | 163598   |
| train/             |          |
|    actor_loss      | -736     |
|    critic_loss     | 572      |
|    ent_coef        | 0.228    |
|    ent_coef_loss   | 1.54     |
|    learning_rate   | 0.0003   |
|    n_updates       | 153597   |
---------------------------------
---------------------------------
| rollout/           |          |
|    ep_len_mean     | 202      |
|    ep_rew_mean     | 5.7      |
| time/              |          |
|    episodes        | 852      |
|    fps             | 178      |
|    time_elapsed    | 921      |
|    total_timesteps | 164427   |
| train/             |          |
|    actor_loss      | -712     |
|    critic_loss     | 606      |
|    ent_coef        | 0.239    |
|    ent_coef_loss   | 0.383    |
|    learning_rate   | 0.0003   |
|    n_updates       | 154426   |
---------------------------------
---------------------------------
| rollout/           |          |
|    ep_len_mean     | 201      |
|    ep_rew_mean     | 5.8      |
| time/              |          |
|    episodes        | 856      |
|    fps             | 178      |
|    time_elapsed    | 925      |
|    total_timesteps | 165130   |
| train/             |          |
|    actor_loss      | -727     |
|    critic_loss     | 427      |
|    ent_coef        | 0.228    |
|    ent_coef_loss   | -0.554   |
|    learning_rate   | 0.0003   |
|    n_updates       | 155129   |
---------------------------------
---------------------------------
| rollout/           |          |
|    ep_len_mean     | 200      |
|    ep_rew_mean     | 5.94     |
| time/              |          |
|    episodes        | 860      |
|    fps             | 178      |
|    time_elapsed    | 928      |
|    total_timesteps | 165761   |
| train/             |          |
|    actor_loss      | -713     |
|    critic_loss     | 467      |
|    ent_coef        | 0.225    |
|    ent_coef_loss   | 0.359    |
|    learning_rate   | 0.0003   |
|    n_updates       | 155760   |
---------------------------------
---------------------------------
| rollout/           |          |
|    ep_len_mean     | 200      |
|    ep_rew_mean     | 6.03     |
| time/              |          |
|    episodes        | 864      |
|    fps             | 178      |
|    time_elapsed    | 932      |
|    total_timesteps | 166471   |
| train/             |          |
|    actor_loss      | -711     |
|    critic_loss     | 367      |
|    ent_coef        | 0.219    |
|    ent_coef_loss   | -0.858   |
|    learning_rate   | 0.0003   |
|    n_updates       | 156470   |
---------------------------------
---------------------------------
| rollout/           |          |
|    ep_len_mean     | 200      |
|    ep_rew_mean     | 6.1      |
| time/              |          |
|    episodes        | 868      |
|    fps             | 178      |
|    time_elapsed    | 936      |
|    total_timesteps | 167176   |
| train/             |          |
|    actor_loss      | -698     |
|    critic_loss     | 456      |
|    ent_coef        | 0.205    |
|    ent_coef_loss   | -1.91    |
|    learning_rate   | 0.0003   |
|    n_updates       | 157175   |
---------------------------------
---------------------------------
| rollout/           |          |
|    ep_len_mean     | 200      |
|    ep_rew_mean     | 6.11     |
| time/              |          |
|    episodes        | 872      |
|    fps             | 178      |
|    time_elapsed    | 941      |
|    total_timesteps | 167965   |
| train/             |          |
|    actor_loss      | -677     |
|    critic_loss     | 466      |
|    ent_coef        | 0.188    |
|    ent_coef_loss   | -0.447   |
|    learning_rate   | 0.0003   |
|    n_updates       | 157964   |
---------------------------------
---------------------------------
| rollout/           |          |
|    ep_len_mean     | 201      |
|    ep_rew_mean     | 6.32     |
| time/              |          |
|    episodes        | 876      |
|    fps             | 178      |
|    time_elapsed    | 945      |
|    total_timesteps | 168780   |
| train/             |          |
|    actor_loss      | -719     |
|    critic_loss     | 510      |
|    ent_coef        | 0.187    |
|    ent_coef_loss   | -0.433   |
|    learning_rate   | 0.0003   |
|    n_updates       | 158779   |
---------------------------------
---------------------------------
| rollout/           |          |
|    ep_len_mean     | 202      |
|    ep_rew_mean     | 6.49     |
| time/              |          |
|    episodes        | 880      |
|    fps             | 178      |
|    time_elapsed    | 950      |
|    total_timesteps | 169635   |
| train/             |          |
|    actor_loss      | -676     |
|    critic_loss     | 478      |
|    ent_coef        | 0.193    |
|    ent_coef_loss   | -1.04    |
|    learning_rate   | 0.0003   |
|    n_updates       | 159634   |
---------------------------------
---------------------------------
| rollout/           |          |
|    ep_len_mean     | 202      |
|    ep_rew_mean     | 6.63     |
| time/              |          |
|    episodes        | 884      |
|    fps             | 178      |
|    time_elapsed    | 955      |
|    total_timesteps | 170422   |
| train/             |          |
|    actor_loss      | -663     |
|    critic_loss     | 452      |
|    ent_coef        | 0.187    |
|    ent_coef_loss   | -1.55    |
|    learning_rate   | 0.0003   |
|    n_updates       | 160421   |
---------------------------------
---------------------------------
| rollout/           |          |
|    ep_len_mean     | 200      |
|    ep_rew_mean     | 6.61     |
| time/              |          |
|    episodes        | 888      |
|    fps             | 178      |
|    time_elapsed    | 959      |
|    total_timesteps | 171198   |
| train/             |          |
|    actor_loss      | -665     |
|    critic_loss     | 362      |
|    ent_coef        | 0.178    |
|    ent_coef_loss   | -1.03    |
|    learning_rate   | 0.0003   |
|    n_updates       | 161197   |
---------------------------------
---------------------------------
| rollout/           |          |
|    ep_len_mean     | 200      |
|    ep_rew_mean     | 6.47     |
| time/              |          |
|    episodes        | 892      |
|    fps             | 178      |
|    time_elapsed    | 964      |
|    total_timesteps | 172071   |
| train/             |          |
|    actor_loss      | -638     |
|    critic_loss     | 515      |
|    ent_coef        | 0.171    |
|    ent_coef_loss   | 0.612    |
|    learning_rate   | 0.0003   |
|    n_updates       | 162070   |
---------------------------------
---------------------------------
| rollout/           |          |
|    ep_len_mean     | 200      |
|    ep_rew_mean     | 6.34     |
| time/              |          |
|    episodes        | 896      |
|    fps             | 178      |
|    time_elapsed    | 969      |
|    total_timesteps | 172908   |
| train/             |          |
|    actor_loss      | -619     |
|    critic_loss     | 703      |
|    ent_coef        | 0.164    |
|    ent_coef_loss   | 2.09     |
|    learning_rate   | 0.0003   |
|    n_updates       | 162907   |
---------------------------------
---------------------------------
| rollout/           |          |
|    ep_len_mean     | 198      |
|    ep_rew_mean     | 6.07     |
| time/              |          |
|    episodes        | 900      |
|    fps             | 178      |
|    time_elapsed    | 974      |
|    total_timesteps | 173671   |
| train/             |          |
|    actor_loss      | -643     |
|    critic_loss     | 411      |
|    ent_coef        | 0.163    |
|    ent_coef_loss   | 1.08     |
|    learning_rate   | 0.0003   |
|    n_updates       | 163670   |
---------------------------------
---------------------------------
| rollout/           |          |
|    ep_len_mean     | 199      |
|    ep_rew_mean     | 6.34     |
| time/              |          |
|    episodes        | 904      |
|    fps             | 178      |
|    time_elapsed    | 979      |
|    total_timesteps | 174609   |
| train/             |          |
|    actor_loss      | -617     |
|    critic_loss     | 311      |
|    ent_coef        | 0.182    |
|    ent_coef_loss   | -0.957   |
|    learning_rate   | 0.0003   |
|    n_updates       | 164608   |
---------------------------------
---------------------------------
| rollout/           |          |
|    ep_len_mean     | 199      |
|    ep_rew_mean     | 6.3      |
| time/              |          |
|    episodes        | 908      |
|    fps             | 178      |
|    time_elapsed    | 983      |
|    total_timesteps | 175375   |
| train/             |          |
|    actor_loss      | -608     |
|    critic_loss     | 471      |
|    ent_coef        | 0.18     |
|    ent_coef_loss   | -1.13    |
|    learning_rate   | 0.0003   |
|    n_updates       | 165374   |
---------------------------------
---------------------------------
| rollout/           |          |
|    ep_len_mean     | 199      |
|    ep_rew_mean     | 6.23     |
| time/              |          |
|    episodes        | 912      |
|    fps             | 178      |
|    time_elapsed    | 988      |
|    total_timesteps | 176111   |
| train/             |          |
|    actor_loss      | -591     |
|    critic_loss     | 366      |
|    ent_coef        | 0.192    |
|    ent_coef_loss   | 3.47     |
|    learning_rate   | 0.0003   |
|    n_updates       | 166110   |
---------------------------------
---------------------------------
| rollout/           |          |
|    ep_len_mean     | 198      |
|    ep_rew_mean     | 6.24     |
| time/              |          |
|    episodes        | 916      |
|    fps             | 178      |
|    time_elapsed    | 992      |
|    total_timesteps | 176854   |
| train/             |          |
|    actor_loss      | -599     |
|    critic_loss     | 407      |
|    ent_coef        | 0.189    |
|    ent_coef_loss   | -0.259   |
|    learning_rate   | 0.0003   |
|    n_updates       | 166853   |
---------------------------------
---------------------------------
| rollout/           |          |
|    ep_len_mean     | 198      |
|    ep_rew_mean     | 6.2      |
| time/              |          |
|    episodes        | 920      |
|    fps             | 178      |
|    time_elapsed    | 996      |
|    total_timesteps | 177610   |
| train/             |          |
|    actor_loss      | -593     |
|    critic_loss     | 646      |
|    ent_coef        | 0.192    |
|    ent_coef_loss   | 0.474    |
|    learning_rate   | 0.0003   |
|    n_updates       | 167609   |
---------------------------------
---------------------------------
| rollout/           |          |
|    ep_len_mean     | 198      |
|    ep_rew_mean     | 6.24     |
| time/              |          |
|    episodes        | 924      |
|    fps             | 178      |
|    time_elapsed    | 1000     |
|    total_timesteps | 178302   |
| train/             |          |
|    actor_loss      | -598     |
|    critic_loss     | 327      |
|    ent_coef        | 0.193    |
|    ent_coef_loss   | -2.25    |
|    learning_rate   | 0.0003   |
|    n_updates       | 168301   |
---------------------------------
---------------------------------
| rollout/           |          |
|    ep_len_mean     | 198      |
|    ep_rew_mean     | 6.13     |
| time/              |          |
|    episodes        | 928      |
|    fps             | 178      |
|    time_elapsed    | 1004     |
|    total_timesteps | 179043   |
| train/             |          |
|    actor_loss      | -595     |
|    critic_loss     | 484      |
|    ent_coef        | 0.192    |
|    ent_coef_loss   | 0.145    |
|    learning_rate   | 0.0003   |
|    n_updates       | 169042   |
---------------------------------
---------------------------------
| rollout/           |          |
|    ep_len_mean     | 198      |
|    ep_rew_mean     | 6.23     |
| time/              |          |
|    episodes        | 932      |
|    fps             | 178      |
|    time_elapsed    | 1009     |
|    total_timesteps | 179848   |
| train/             |          |
|    actor_loss      | -590     |
|    critic_loss     | 430      |
|    ent_coef        | 0.183    |
|    ent_coef_loss   | 0.0361   |
|    learning_rate   | 0.0003   |
|    n_updates       | 169847   |
---------------------------------
---------------------------------
| rollout/           |          |
|    ep_len_mean     | 198      |
|    ep_rew_mean     | 6.21     |
| time/              |          |
|    episodes        | 936      |
|    fps             | 178      |
|    time_elapsed    | 1013     |
|    total_timesteps | 180630   |
| train/             |          |
|    actor_loss      | -569     |
|    critic_loss     | 729      |
|    ent_coef        | 0.17     |
|    ent_coef_loss   | -0.847   |
|    learning_rate   | 0.0003   |
|    n_updates       | 170629   |
---------------------------------
---------------------------------
| rollout/           |          |
|    ep_len_mean     | 196      |
|    ep_rew_mean     | 6.11     |
| time/              |          |
|    episodes        | 940      |
|    fps             | 178      |
|    time_elapsed    | 1018     |
|    total_timesteps | 181419   |
| train/             |          |
|    actor_loss      | -566     |
|    critic_loss     | 388      |
|    ent_coef        | 0.163    |
|    ent_coef_loss   | 1.03     |
|    learning_rate   | 0.0003   |
|    n_updates       | 171418   |
---------------------------------
---------------------------------
| rollout/           |          |
|    ep_len_mean     | 195      |
|    ep_rew_mean     | 5.97     |
| time/              |          |
|    episodes        | 944      |
|    fps             | 178      |
|    time_elapsed    | 1023     |
|    total_timesteps | 182277   |
| train/             |          |
|    actor_loss      | -567     |
|    critic_loss     | 362      |
|    ent_coef        | 0.165    |
|    ent_coef_loss   | -1.5     |
|    learning_rate   | 0.0003   |
|    n_updates       | 172276   |
---------------------------------
---------------------------------
| rollout/           |          |
|    ep_len_mean     | 195      |
|    ep_rew_mean     | 6.05     |
| time/              |          |
|    episodes        | 948      |
|    fps             | 178      |
|    time_elapsed    | 1028     |
|    total_timesteps | 183125   |
| train/             |          |
|    actor_loss      | -552     |
|    critic_loss     | 425      |
|    ent_coef        | 0.167    |
|    ent_coef_loss   | 1.42     |
|    learning_rate   | 0.0003   |
|    n_updates       | 173124   |
---------------------------------
---------------------------------
| rollout/           |          |
|    ep_len_mean     | 196      |
|    ep_rew_mean     | 6.13     |
| time/              |          |
|    episodes        | 952      |
|    fps             | 178      |
|    time_elapsed    | 1033     |
|    total_timesteps | 184041   |
| train/             |          |
|    actor_loss      | -551     |
|    critic_loss     | 298      |
|    ent_coef        | 0.174    |
|    ent_coef_loss   | 1.28     |
|    learning_rate   | 0.0003   |
|    n_updates       | 174040   |
---------------------------------
---------------------------------
| rollout/           |          |
|    ep_len_mean     | 197      |
|    ep_rew_mean     | 6.29     |
| time/              |          |
|    episodes        | 956      |
|    fps             | 178      |
|    time_elapsed    | 1038     |
|    total_timesteps | 184864   |
| train/             |          |
|    actor_loss      | -546     |
|    critic_loss     | 1.27e+03 |
|    ent_coef        | 0.176    |
|    ent_coef_loss   | 1.13     |
|    learning_rate   | 0.0003   |
|    n_updates       | 174863   |
---------------------------------
---------------------------------
| rollout/           |          |
|    ep_len_mean     | 200      |
|    ep_rew_mean     | 6.46     |
| time/              |          |
|    episodes        | 960      |
|    fps             | 178      |
|    time_elapsed    | 1043     |
|    total_timesteps | 185787   |
| train/             |          |
|    actor_loss      | -566     |
|    critic_loss     | 379      |
|    ent_coef        | 0.171    |
|    ent_coef_loss   | -0.0887  |
|    learning_rate   | 0.0003   |
|    n_updates       | 175786   |
---------------------------------
---------------------------------
| rollout/           |          |
|    ep_len_mean     | 202      |
|    ep_rew_mean     | 6.52     |
| time/              |          |
|    episodes        | 964      |
|    fps             | 178      |
|    time_elapsed    | 1048     |
|    total_timesteps | 186663   |
| train/             |          |
|    actor_loss      | -529     |
|    critic_loss     | 289      |
|    ent_coef        | 0.161    |
|    ent_coef_loss   | -1.92    |
|    learning_rate   | 0.0003   |
|    n_updates       | 176662   |
---------------------------------
---------------------------------
| rollout/           |          |
|    ep_len_mean     | 204      |
|    ep_rew_mean     | 6.76     |
| time/              |          |
|    episodes        | 968      |
|    fps             | 178      |
|    time_elapsed    | 1053     |
|    total_timesteps | 187552   |
| train/             |          |
|    actor_loss      | -523     |
|    critic_loss     | 385      |
|    ent_coef        | 0.15     |
|    ent_coef_loss   | 0.575    |
|    learning_rate   | 0.0003   |
|    n_updates       | 177551   |
---------------------------------
---------------------------------
| rollout/           |          |
|    ep_len_mean     | 204      |
|    ep_rew_mean     | 6.98     |
| time/              |          |
|    episodes        | 972      |
|    fps             | 177      |
|    time_elapsed    | 1058     |
|    total_timesteps | 188388   |
| train/             |          |
|    actor_loss      | -522     |
|    critic_loss     | 527      |
|    ent_coef        | 0.166    |
|    ent_coef_loss   | 0.202    |
|    learning_rate   | 0.0003   |
|    n_updates       | 178387   |
---------------------------------
---------------------------------
| rollout/           |          |
|    ep_len_mean     | 205      |
|    ep_rew_mean     | 7.01     |
| time/              |          |
|    episodes        | 976      |
|    fps             | 177      |
|    time_elapsed    | 1063     |
|    total_timesteps | 189249   |
| train/             |          |
|    actor_loss      | -517     |
|    critic_loss     | 328      |
|    ent_coef        | 0.175    |
|    ent_coef_loss   | 1.56     |
|    learning_rate   | 0.0003   |
|    n_updates       | 179248   |
---------------------------------
---------------------------------
| rollout/           |          |
|    ep_len_mean     | 205      |
|    ep_rew_mean     | 6.9      |
| time/              |          |
|    episodes        | 980      |
|    fps             | 177      |
|    time_elapsed    | 1068     |
|    total_timesteps | 190089   |
| train/             |          |
|    actor_loss      | -530     |
|    critic_loss     | 264      |
|    ent_coef        | 0.175    |
|    ent_coef_loss   | -0.13    |
|    learning_rate   | 0.0003   |
|    n_updates       | 180088   |
---------------------------------
---------------------------------
| rollout/           |          |
|    ep_len_mean     | 206      |
|    ep_rew_mean     | 6.84     |
| time/              |          |
|    episodes        | 984      |
|    fps             | 177      |
|    time_elapsed    | 1073     |
|    total_timesteps | 190978   |
| train/             |          |
|    actor_loss      | -525     |
|    critic_loss     | 346      |
|    ent_coef        | 0.174    |
|    ent_coef_loss   | 2.11     |
|    learning_rate   | 0.0003   |
|    n_updates       | 180977   |
---------------------------------
---------------------------------
| rollout/           |          |
|    ep_len_mean     | 207      |
|    ep_rew_mean     | 6.69     |
| time/              |          |
|    episodes        | 988      |
|    fps             | 177      |
|    time_elapsed    | 1078     |
|    total_timesteps | 191849   |
| train/             |          |
|    actor_loss      | -535     |
|    critic_loss     | 256      |
|    ent_coef        | 0.17     |
|    ent_coef_loss   | 0.142    |
|    learning_rate   | 0.0003   |
|    n_updates       | 181848   |
---------------------------------
---------------------------------
| rollout/           |          |
|    ep_len_mean     | 205      |
|    ep_rew_mean     | 6.35     |
| time/              |          |
|    episodes        | 992      |
|    fps             | 177      |
|    time_elapsed    | 1082     |
|    total_timesteps | 192576   |
| train/             |          |
|    actor_loss      | -517     |
|    critic_loss     | 287      |
|    ent_coef        | 0.152    |
|    ent_coef_loss   | 1.45     |
|    learning_rate   | 0.0003   |
|    n_updates       | 182575   |
---------------------------------
---------------------------------
| rollout/           |          |
|    ep_len_mean     | 205      |
|    ep_rew_mean     | 6.26     |
| time/              |          |
|    episodes        | 996      |
|    fps             | 177      |
|    time_elapsed    | 1087     |
|    total_timesteps | 193410   |
| train/             |          |
|    actor_loss      | -530     |
|    critic_loss     | 253      |
|    ent_coef        | 0.15     |
|    ent_coef_loss   | 1.29     |
|    learning_rate   | 0.0003   |
|    n_updates       | 183409   |
---------------------------------
---------------------------------
| rollout/           |          |
|    ep_len_mean     | 206      |
|    ep_rew_mean     | 6.37     |
| time/              |          |
|    episodes        | 1000     |
|    fps             | 177      |
|    time_elapsed    | 1092     |
|    total_timesteps | 194257   |
| train/             |          |
|    actor_loss      | -521     |
|    critic_loss     | 203      |
|    ent_coef        | 0.155    |
|    ent_coef_loss   | 1.08     |
|    learning_rate   | 0.0003   |
|    n_updates       | 184256   |
---------------------------------
---------------------------------
| rollout/           |          |
|    ep_len_mean     | 205      |
|    ep_rew_mean     | 6.23     |
| time/              |          |
|    episodes        | 1004     |
|    fps             | 177      |
|    time_elapsed    | 1096     |
|    total_timesteps | 195104   |
| train/             |          |
|    actor_loss      | -514     |
|    critic_loss     | 367      |
|    ent_coef        | 0.163    |
|    ent_coef_loss   | 0.18     |
|    learning_rate   | 0.0003   |
|    n_updates       | 185103   |
---------------------------------
---------------------------------
| rollout/           |          |
|    ep_len_mean     | 206      |
|    ep_rew_mean     | 6.41     |
| time/              |          |
|    episodes        | 1008     |
|    fps             | 177      |
|    time_elapsed    | 1101     |
|    total_timesteps | 195950   |
| train/             |          |
|    actor_loss      | -498     |
|    critic_loss     | 389      |
|    ent_coef        | 0.16     |
|    ent_coef_loss   | 0.244    |
|    learning_rate   | 0.0003   |
|    n_updates       | 185949   |
---------------------------------
---------------------------------
| rollout/           |          |
|    ep_len_mean     | 207      |
|    ep_rew_mean     | 6.45     |
| time/              |          |
|    episodes        | 1012     |
|    fps             | 177      |
|    time_elapsed    | 1106     |
|    total_timesteps | 196763   |
| train/             |          |
|    actor_loss      | -500     |
|    critic_loss     | 303      |
|    ent_coef        | 0.159    |
|    ent_coef_loss   | 2.53     |
|    learning_rate   | 0.0003   |
|    n_updates       | 186762   |
---------------------------------
---------------------------------
| rollout/           |          |
|    ep_len_mean     | 207      |
|    ep_rew_mean     | 6.45     |
| time/              |          |
|    episodes        | 1016     |
|    fps             | 177      |
|    time_elapsed    | 1111     |
|    total_timesteps | 197588   |
| train/             |          |
|    actor_loss      | -556     |
|    critic_loss     | 1.38e+05 |
|    ent_coef        | 0.161    |
|    ent_coef_loss   | 0.706    |
|    learning_rate   | 0.0003   |
|    n_updates       | 187587   |
---------------------------------
---------------------------------
| rollout/           |          |
|    ep_len_mean     | 209      |
|    ep_rew_mean     | 6.63     |
| time/              |          |
|    episodes        | 1020     |
|    fps             | 177      |
|    time_elapsed    | 1116     |
|    total_timesteps | 198473   |
| train/             |          |
|    actor_loss      | -495     |
|    critic_loss     | 326      |
|    ent_coef        | 0.169    |
|    ent_coef_loss   | 1.41     |
|    learning_rate   | 0.0003   |
|    n_updates       | 188472   |
---------------------------------
---------------------------------
| rollout/           |          |
|    ep_len_mean     | 212      |
|    ep_rew_mean     | 6.82     |
| time/              |          |
|    episodes        | 1024     |
|    fps             | 177      |
|    time_elapsed    | 1122     |
|    total_timesteps | 199519   |
| train/             |          |
|    actor_loss      | -485     |
|    critic_loss     | 421      |
|    ent_coef        | 0.167    |
|    ent_coef_loss   | 1.68     |
|    learning_rate   | 0.0003   |
|    n_updates       | 189518   |
---------------------------------
---------------------------------
| rollout/           |          |
|    ep_len_mean     | 213      |
|    ep_rew_mean     | 7        |
| time/              |          |
|    episodes        | 1028     |
|    fps             | 177      |
|    time_elapsed    | 1127     |
|    total_timesteps | 200378   |
| train/             |          |
|    actor_loss      | -493     |
|    critic_loss     | 372      |
|    ent_coef        | 0.165    |
|    ent_coef_loss   | -0.241   |
|    learning_rate   | 0.0003   |
|    n_updates       | 190377   |
---------------------------------
---------------------------------
| rollout/           |          |
|    ep_len_mean     | 214      |
|    ep_rew_mean     | 7.03     |
| time/              |          |
|    episodes        | 1032     |
|    fps             | 177      |
|    time_elapsed    | 1132     |
|    total_timesteps | 201233   |
| train/             |          |
|    actor_loss      | -505     |
|    critic_loss     | 241      |
|    ent_coef        | 0.155    |
|    ent_coef_loss   | 0.531    |
|    learning_rate   | 0.0003   |
|    n_updates       | 191232   |
---------------------------------
---------------------------------
| rollout/           |          |
|    ep_len_mean     | 215      |
|    ep_rew_mean     | 7.1      |
| time/              |          |
|    episodes        | 1036     |
|    fps             | 177      |
|    time_elapsed    | 1137     |
|    total_timesteps | 202111   |
| train/             |          |
|    actor_loss      | -517     |
|    critic_loss     | 285      |
|    ent_coef        | 0.147    |
|    ent_coef_loss   | 0.372    |
|    learning_rate   | 0.0003   |
|    n_updates       | 192110   |
---------------------------------
---------------------------------
| rollout/           |          |
|    ep_len_mean     | 216      |
|    ep_rew_mean     | 7.16     |
| time/              |          |
|    episodes        | 1040     |
|    fps             | 177      |
|    time_elapsed    | 1142     |
|    total_timesteps | 203004   |
| train/             |          |
|    actor_loss      | -500     |
|    critic_loss     | 218      |
|    ent_coef        | 0.145    |
|    ent_coef_loss   | -1.76    |
|    learning_rate   | 0.0003   |
|    n_updates       | 193003   |
---------------------------------
---------------------------------
| rollout/           |          |
|    ep_len_mean     | 215      |
|    ep_rew_mean     | 7.11     |
| time/              |          |
|    episodes        | 1044     |
|    fps             | 177      |
|    time_elapsed    | 1146     |
|    total_timesteps | 203825   |
| train/             |          |
|    actor_loss      | -501     |
|    critic_loss     | 750      |
|    ent_coef        | 0.144    |
|    ent_coef_loss   | 4.24     |
|    learning_rate   | 0.0003   |
|    n_updates       | 193824   |
---------------------------------
---------------------------------
| rollout/           |          |
|    ep_len_mean     | 215      |
|    ep_rew_mean     | 7.02     |
| time/              |          |
|    episodes        | 1048     |
|    fps             | 177      |
|    time_elapsed    | 1151     |
|    total_timesteps | 204648   |
| train/             |          |
|    actor_loss      | -480     |
|    critic_loss     | 232      |
|    ent_coef        | 0.134    |
|    ent_coef_loss   | -1.8     |
|    learning_rate   | 0.0003   |
|    n_updates       | 194647   |
---------------------------------
---------------------------------
| rollout/           |          |
|    ep_len_mean     | 215      |
|    ep_rew_mean     | 7.07     |
| time/              |          |
|    episodes        | 1052     |
|    fps             | 177      |
|    time_elapsed    | 1156     |
|    total_timesteps | 205576   |
| train/             |          |
|    actor_loss      | -475     |
|    critic_loss     | 231      |
|    ent_coef        | 0.14     |
|    ent_coef_loss   | 0.627    |
|    learning_rate   | 0.0003   |
|    n_updates       | 195575   |
---------------------------------
---------------------------------
| rollout/           |          |
|    ep_len_mean     | 216      |
|    ep_rew_mean     | 7.15     |
| time/              |          |
|    episodes        | 1056     |
|    fps             | 177      |
|    time_elapsed    | 1161     |
|    total_timesteps | 206445   |
| train/             |          |
|    actor_loss      | -451     |
|    critic_loss     | 289      |
|    ent_coef        | 0.155    |
|    ent_coef_loss   | -1.31    |
|    learning_rate   | 0.0003   |
|    n_updates       | 196444   |
---------------------------------
---------------------------------
| rollout/           |          |
|    ep_len_mean     | 216      |
|    ep_rew_mean     | 7.18     |
| time/              |          |
|    episodes        | 1060     |
|    fps             | 177      |
|    time_elapsed    | 1167     |
|    total_timesteps | 207366   |
| train/             |          |
|    actor_loss      | -460     |
|    critic_loss     | 311      |
|    ent_coef        | 0.162    |
|    ent_coef_loss   | 1.43     |
|    learning_rate   | 0.0003   |
|    n_updates       | 197365   |
---------------------------------
---------------------------------
| rollout/           |          |
|    ep_len_mean     | 215      |
|    ep_rew_mean     | 7.22     |
| time/              |          |
|    episodes        | 1064     |
|    fps             | 177      |
|    time_elapsed    | 1172     |
|    total_timesteps | 208198   |
| train/             |          |
|    actor_loss      | -470     |
|    critic_loss     | 188      |
|    ent_coef        | 0.166    |
|    ent_coef_loss   | -1.41    |
|    learning_rate   | 0.0003   |
|    n_updates       | 198197   |
---------------------------------
---------------------------------
| rollout/           |          |
|    ep_len_mean     | 215      |
|    ep_rew_mean     | 7.05     |
| time/              |          |
|    episodes        | 1068     |
|    fps             | 177      |
|    time_elapsed    | 1176     |
|    total_timesteps | 209014   |
| train/             |          |
|    actor_loss      | -469     |
|    critic_loss     | 295      |
|    ent_coef        | 0.171    |
|    ent_coef_loss   | 2.44     |
|    learning_rate   | 0.0003   |
|    n_updates       | 199013   |
---------------------------------
---------------------------------
| rollout/           |          |
|    ep_len_mean     | 216      |
|    ep_rew_mean     | 7.23     |
| time/              |          |
|    episodes        | 1072     |
|    fps             | 177      |
|    time_elapsed    | 1182     |
|    total_timesteps | 209953   |
| train/             |          |
|    actor_loss      | -475     |
|    critic_loss     | 264      |
|    ent_coef        | 0.165    |
|    ent_coef_loss   | 0.911    |
|    learning_rate   | 0.0003   |
|    n_updates       | 199952   |
---------------------------------
---------------------------------
| rollout/           |          |
|    ep_len_mean     | 216      |
|    ep_rew_mean     | 7.26     |
| time/              |          |
|    episodes        | 1076     |
|    fps             | 177      |
|    time_elapsed    | 1187     |
|    total_timesteps | 210840   |
| train/             |          |
|    actor_loss      | -449     |
|    critic_loss     | 444      |
|    ent_coef        | 0.186    |
|    ent_coef_loss   | 1.64     |
|    learning_rate   | 0.0003   |
|    n_updates       | 200839   |
---------------------------------
---------------------------------
| rollout/           |          |
|    ep_len_mean     | 216      |
|    ep_rew_mean     | 7.25     |
| time/              |          |
|    episodes        | 1080     |
|    fps             | 177      |
|    time_elapsed    | 1192     |
|    total_timesteps | 211683   |
| train/             |          |
|    actor_loss      | -522     |
|    critic_loss     | 353      |
|    ent_coef        | 0.186    |
|    ent_coef_loss   | -2.47    |
|    learning_rate   | 0.0003   |
|    n_updates       | 201682   |
---------------------------------
---------------------------------
| rollout/           |          |
|    ep_len_mean     | 216      |
|    ep_rew_mean     | 7.2      |
| time/              |          |
|    episodes        | 1084     |
|    fps             | 177      |
|    time_elapsed    | 1197     |
|    total_timesteps | 212560   |
| train/             |          |
|    actor_loss      | -473     |
|    critic_loss     | 584      |
|    ent_coef        | 0.19     |
|    ent_coef_loss   | 0.948    |
|    learning_rate   | 0.0003   |
|    n_updates       | 202559   |
---------------------------------
---------------------------------
| rollout/           |          |
|    ep_len_mean     | 215      |
|    ep_rew_mean     | 7.17     |
| time/              |          |
|    episodes        | 1088     |
|    fps             | 177      |
|    time_elapsed    | 1201     |
|    total_timesteps | 213358   |
| train/             |          |
|    actor_loss      | -468     |
|    critic_loss     | 476      |
|    ent_coef        | 0.197    |
|    ent_coef_loss   | -0.891   |
|    learning_rate   | 0.0003   |
|    n_updates       | 203357   |
---------------------------------
---------------------------------
| rollout/           |          |
|    ep_len_mean     | 217      |
|    ep_rew_mean     | 7.55     |
| time/              |          |
|    episodes        | 1092     |
|    fps             | 177      |
|    time_elapsed    | 1206     |
|    total_timesteps | 214275   |
| train/             |          |
|    actor_loss      | -487     |
|    critic_loss     | 238      |
|    ent_coef        | 0.199    |
|    ent_coef_loss   | -1.85    |
|    learning_rate   | 0.0003   |
|    n_updates       | 204274   |
---------------------------------
---------------------------------
| rollout/           |          |
|    ep_len_mean     | 218      |
|    ep_rew_mean     | 7.67     |
| time/              |          |
|    episodes        | 1096     |
|    fps             | 177      |
|    time_elapsed    | 1212     |
|    total_timesteps | 215208   |
| train/             |          |
|    actor_loss      | -534     |
|    critic_loss     | 224      |
|    ent_coef        | 0.212    |
|    ent_coef_loss   | -1.21    |
|    learning_rate   | 0.0003   |
|    n_updates       | 205207   |
---------------------------------
---------------------------------
| rollout/           |          |
|    ep_len_mean     | 217      |
|    ep_rew_mean     | 7.46     |
| time/              |          |
|    episodes        | 1100     |
|    fps             | 177      |
|    time_elapsed    | 1216     |
|    total_timesteps | 215985   |
| train/             |          |
|    actor_loss      | -523     |
|    critic_loss     | 325      |
|    ent_coef        | 0.21     |
|    ent_coef_loss   | 1.11     |
|    learning_rate   | 0.0003   |
|    n_updates       | 205984   |
---------------------------------
---------------------------------
| rollout/           |          |
|    ep_len_mean     | 216      |
|    ep_rew_mean     | 7.34     |
| time/              |          |
|    episodes        | 1104     |
|    fps             | 177      |
|    time_elapsed    | 1221     |
|    total_timesteps | 216737   |
| train/             |          |
|    actor_loss      | -464     |
|    critic_loss     | 319      |
|    ent_coef        | 0.187    |
|    ent_coef_loss   | -0.129   |
|    learning_rate   | 0.0003   |
|    n_updates       | 206736   |
---------------------------------
---------------------------------
| rollout/           |          |
|    ep_len_mean     | 214      |
|    ep_rew_mean     | 7.04     |
| time/              |          |
|    episodes        | 1108     |
|    fps             | 177      |
|    time_elapsed    | 1224     |
|    total_timesteps | 217372   |
| train/             |          |
|    actor_loss      | -447     |
|    critic_loss     | 383      |
|    ent_coef        | 0.196    |
|    ent_coef_loss   | 2.04     |
|    learning_rate   | 0.0003   |
|    n_updates       | 207371   |
---------------------------------
---------------------------------
| rollout/           |          |
|    ep_len_mean     | 214      |
|    ep_rew_mean     | 7.03     |
| time/              |          |
|    episodes        | 1112     |
|    fps             | 177      |
|    time_elapsed    | 1229     |
|    total_timesteps | 218170   |
| train/             |          |
|    actor_loss      | -469     |
|    critic_loss     | 367      |
|    ent_coef        | 0.188    |
|    ent_coef_loss   | -1.42    |
|    learning_rate   | 0.0003   |
|    n_updates       | 208169   |
---------------------------------
---------------------------------
| rollout/           |          |
|    ep_len_mean     | 214      |
|    ep_rew_mean     | 7.1      |
| time/              |          |
|    episodes        | 1116     |
|    fps             | 177      |
|    time_elapsed    | 1233     |
|    total_timesteps | 219013   |
| train/             |          |
|    actor_loss      | -470     |
|    critic_loss     | 355      |
|    ent_coef        | 0.194    |
|    ent_coef_loss   | 0.608    |
|    learning_rate   | 0.0003   |
|    n_updates       | 209012   |
---------------------------------
---------------------------------
| rollout/           |          |
|    ep_len_mean     | 214      |
|    ep_rew_mean     | 6.97     |
| time/              |          |
|    episodes        | 1120     |
|    fps             | 177      |
|    time_elapsed    | 1238     |
|    total_timesteps | 219852   |
| train/             |          |
|    actor_loss      | -534     |
|    critic_loss     | 487      |
|    ent_coef        | 0.201    |
|    ent_coef_loss   | 1.18     |
|    learning_rate   | 0.0003   |
|    n_updates       | 209851   |
---------------------------------
---------------------------------
| rollout/           |          |
|    ep_len_mean     | 211      |
|    ep_rew_mean     | 6.88     |
| time/              |          |
|    episodes        | 1124     |
|    fps             | 177      |
|    time_elapsed    | 1243     |
|    total_timesteps | 220665   |
| train/             |          |
|    actor_loss      | -493     |
|    critic_loss     | 435      |
|    ent_coef        | 0.198    |
|    ent_coef_loss   | -1.36    |
|    learning_rate   | 0.0003   |
|    n_updates       | 210664   |
---------------------------------
---------------------------------
| rollout/           |          |
|    ep_len_mean     | 211      |
|    ep_rew_mean     | 6.9      |
| time/              |          |
|    episodes        | 1128     |
|    fps             | 177      |
|    time_elapsed    | 1248     |
|    total_timesteps | 221485   |
| train/             |          |
|    actor_loss      | -472     |
|    critic_loss     | 337      |
|    ent_coef        | 0.199    |
|    ent_coef_loss   | -0.993   |
|    learning_rate   | 0.0003   |
|    n_updates       | 211484   |
---------------------------------
---------------------------------
| rollout/           |          |
|    ep_len_mean     | 213      |
|    ep_rew_mean     | 6.95     |
| time/              |          |
|    episodes        | 1132     |
|    fps             | 177      |
|    time_elapsed    | 1254     |
|    total_timesteps | 222531   |
| train/             |          |
|    actor_loss      | -476     |
|    critic_loss     | 335      |
|    ent_coef        | 0.2      |
|    ent_coef_loss   | 1.09     |
|    learning_rate   | 0.0003   |
|    n_updates       | 212530   |
---------------------------------
---------------------------------
| rollout/           |          |
|    ep_len_mean     | 213      |
|    ep_rew_mean     | 6.83     |
| time/              |          |
|    episodes        | 1136     |
|    fps             | 177      |
|    time_elapsed    | 1258     |
|    total_timesteps | 223379   |
| train/             |          |
|    actor_loss      | -481     |
|    critic_loss     | 406      |
|    ent_coef        | 0.21     |
|    ent_coef_loss   | 0.853    |
|    learning_rate   | 0.0003   |
|    n_updates       | 213378   |
---------------------------------
---------------------------------
| rollout/           |          |
|    ep_len_mean     | 211      |
|    ep_rew_mean     | 6.84     |
| time/              |          |
|    episodes        | 1140     |
|    fps             | 177      |
|    time_elapsed    | 1263     |
|    total_timesteps | 224149   |
| train/             |          |
|    actor_loss      | -459     |
|    critic_loss     | 455      |
|    ent_coef        | 0.198    |
|    ent_coef_loss   | -0.472   |
|    learning_rate   | 0.0003   |
|    n_updates       | 214148   |
---------------------------------
---------------------------------
| rollout/           |          |
|    ep_len_mean     | 212      |
|    ep_rew_mean     | 6.97     |
| time/              |          |
|    episodes        | 1144     |
|    fps             | 177      |
|    time_elapsed    | 1268     |
|    total_timesteps | 225058   |
| train/             |          |
|    actor_loss      | -495     |
|    critic_loss     | 249      |
|    ent_coef        | 0.214    |
|    ent_coef_loss   | 0.123    |
|    learning_rate   | 0.0003   |
|    n_updates       | 215057   |
---------------------------------
---------------------------------
| rollout/           |          |
|    ep_len_mean     | 212      |
|    ep_rew_mean     | 7        |
| time/              |          |
|    episodes        | 1148     |
|    fps             | 177      |
|    time_elapsed    | 1273     |
|    total_timesteps | 225891   |
| train/             |          |
|    actor_loss      | -466     |
|    critic_loss     | 334      |
|    ent_coef        | 0.211    |
|    ent_coef_loss   | 0.614    |
|    learning_rate   | 0.0003   |
|    n_updates       | 215890   |
---------------------------------
---------------------------------
| rollout/           |          |
|    ep_len_mean     | 211      |
|    ep_rew_mean     | 6.75     |
| time/              |          |
|    episodes        | 1152     |
|    fps             | 177      |
|    time_elapsed    | 1277     |
|    total_timesteps | 226639   |
| train/             |          |
|    actor_loss      | -486     |
|    critic_loss     | 262      |
|    ent_coef        | 0.214    |
|    ent_coef_loss   | 0.0931   |
|    learning_rate   | 0.0003   |
|    n_updates       | 216638   |
---------------------------------
---------------------------------
| rollout/           |          |
|    ep_len_mean     | 209      |
|    ep_rew_mean     | 6.46     |
| time/              |          |
|    episodes        | 1156     |
|    fps             | 177      |
|    time_elapsed    | 1281     |
|    total_timesteps | 227341   |
| train/             |          |
|    actor_loss      | -468     |
|    critic_loss     | 364      |
|    ent_coef        | 0.22     |
|    ent_coef_loss   | -4.53    |
|    learning_rate   | 0.0003   |
|    n_updates       | 217340   |
---------------------------------
---------------------------------
| rollout/           |          |
|    ep_len_mean     | 206      |
|    ep_rew_mean     | 6.2      |
| time/              |          |
|    episodes        | 1160     |
|    fps             | 177      |
|    time_elapsed    | 1284     |
|    total_timesteps | 227949   |
| train/             |          |
|    actor_loss      | -467     |
|    critic_loss     | 357      |
|    ent_coef        | 0.191    |
|    ent_coef_loss   | 0.375    |
|    learning_rate   | 0.0003   |
|    n_updates       | 217948   |
---------------------------------
---------------------------------
| rollout/           |          |
|    ep_len_mean     | 204      |
|    ep_rew_mean     | 6.04     |
| time/              |          |
|    episodes        | 1164     |
|    fps             | 177      |
|    time_elapsed    | 1288     |
|    total_timesteps | 228560   |
| train/             |          |
|    actor_loss      | -471     |
|    critic_loss     | 390      |
|    ent_coef        | 0.198    |
|    ent_coef_loss   | 1.39     |
|    learning_rate   | 0.0003   |
|    n_updates       | 218559   |
---------------------------------
---------------------------------
| rollout/           |          |
|    ep_len_mean     | 202      |
|    ep_rew_mean     | 6        |
| time/              |          |
|    episodes        | 1168     |
|    fps             | 177      |
|    time_elapsed    | 1291     |
|    total_timesteps | 229211   |
| train/             |          |
|    actor_loss      | -487     |
|    critic_loss     | 385      |
|    ent_coef        | 0.205    |
|    ent_coef_loss   | -0.735   |
|    learning_rate   | 0.0003   |
|    n_updates       | 219210   |
---------------------------------
---------------------------------
| rollout/           |          |
|    ep_len_mean     | 199      |
|    ep_rew_mean     | 5.67     |
| time/              |          |
|    episodes        | 1172     |
|    fps             | 177      |
|    time_elapsed    | 1295     |
|    total_timesteps | 229840   |
| train/             |          |
|    actor_loss      | -460     |
|    critic_loss     | 787      |
|    ent_coef        | 0.195    |
|    ent_coef_loss   | -2.96    |
|    learning_rate   | 0.0003   |
|    n_updates       | 219839   |
---------------------------------
---------------------------------
| rollout/           |          |
|    ep_len_mean     | 197      |
|    ep_rew_mean     | 5.47     |
| time/              |          |
|    episodes        | 1176     |
|    fps             | 177      |
|    time_elapsed    | 1299     |
|    total_timesteps | 230546   |
| train/             |          |
|    actor_loss      | -473     |
|    critic_loss     | 303      |
|    ent_coef        | 0.191    |
|    ent_coef_loss   | -1.16    |
|    learning_rate   | 0.0003   |
|    n_updates       | 220545   |
---------------------------------
---------------------------------
| rollout/           |          |
|    ep_len_mean     | 195      |
|    ep_rew_mean     | 5.35     |
| time/              |          |
|    episodes        | 1180     |
|    fps             | 177      |
|    time_elapsed    | 1302     |
|    total_timesteps | 231168   |
| train/             |          |
|    actor_loss      | -545     |
|    critic_loss     | 550      |
|    ent_coef        | 0.186    |
|    ent_coef_loss   | -0.702   |
|    learning_rate   | 0.0003   |
|    n_updates       | 221167   |
---------------------------------
---------------------------------
| rollout/           |          |
|    ep_len_mean     | 194      |
|    ep_rew_mean     | 5.28     |
| time/              |          |
|    episodes        | 1184     |
|    fps             | 177      |
|    time_elapsed    | 1307     |
|    total_timesteps | 231924   |
| train/             |          |
|    actor_loss      | -559     |
|    critic_loss     | 881      |
|    ent_coef        | 0.198    |
|    ent_coef_loss   | 1.61     |
|    learning_rate   | 0.0003   |
|    n_updates       | 221923   |
---------------------------------
---------------------------------
| rollout/           |          |
|    ep_len_mean     | 193      |
|    ep_rew_mean     | 5.32     |
| time/              |          |
|    episodes        | 1188     |
|    fps             | 177      |
|    time_elapsed    | 1311     |
|    total_timesteps | 232682   |
| train/             |          |
|    actor_loss      | -478     |
|    critic_loss     | 257      |
|    ent_coef        | 0.188    |
|    ent_coef_loss   | 1.44     |
|    learning_rate   | 0.0003   |
|    n_updates       | 222681   |
---------------------------------
---------------------------------
| rollout/           |          |
|    ep_len_mean     | 193      |
|    ep_rew_mean     | 5.35     |
| time/              |          |
|    episodes        | 1192     |
|    fps             | 177      |
|    time_elapsed    | 1316     |
|    total_timesteps | 233587   |
| train/             |          |
|    actor_loss      | -452     |
|    critic_loss     | 331      |
|    ent_coef        | 0.191    |
|    ent_coef_loss   | 1.18     |
|    learning_rate   | 0.0003   |
|    n_updates       | 223586   |
---------------------------------
---------------------------------
| rollout/           |          |
|    ep_len_mean     | 192      |
|    ep_rew_mean     | 5.59     |
| time/              |          |
|    episodes        | 1196     |
|    fps             | 177      |
|    time_elapsed    | 1321     |
|    total_timesteps | 234457   |
| train/             |          |
|    actor_loss      | -479     |
|    critic_loss     | 402      |
|    ent_coef        | 0.21     |
|    ent_coef_loss   | -0.107   |
|    learning_rate   | 0.0003   |
|    n_updates       | 224456   |
---------------------------------
---------------------------------
| rollout/           |          |
|    ep_len_mean     | 193      |
|    ep_rew_mean     | 5.91     |
| time/              |          |
|    episodes        | 1200     |
|    fps             | 177      |
|    time_elapsed    | 1326     |
|    total_timesteps | 235305   |
| train/             |          |
|    actor_loss      | -482     |
|    critic_loss     | 286      |
|    ent_coef        | 0.198    |
|    ent_coef_loss   | -2.18    |
|    learning_rate   | 0.0003   |
|    n_updates       | 225304   |
---------------------------------
---------------------------------
| rollout/           |          |
|    ep_len_mean     | 194      |
|    ep_rew_mean     | 6.29     |
| time/              |          |
|    episodes        | 1204     |
|    fps             | 177      |
|    time_elapsed    | 1331     |
|    total_timesteps | 236172   |
| train/             |          |
|    actor_loss      | -493     |
|    critic_loss     | 321      |
|    ent_coef        | 0.206    |
|    ent_coef_loss   | -2.11    |
|    learning_rate   | 0.0003   |
|    n_updates       | 226171   |
---------------------------------
---------------------------------
| rollout/           |          |
|    ep_len_mean     | 198      |
|    ep_rew_mean     | 6.8      |
| time/              |          |
|    episodes        | 1208     |
|    fps             | 177      |
|    time_elapsed    | 1336     |
|    total_timesteps | 237122   |
| train/             |          |
|    actor_loss      | -477     |
|    critic_loss     | 322      |
|    ent_coef        | 0.196    |
|    ent_coef_loss   | 0.153    |
|    learning_rate   | 0.0003   |
|    n_updates       | 227121   |
---------------------------------
---------------------------------
| rollout/           |          |
|    ep_len_mean     | 199      |
|    ep_rew_mean     | 6.98     |
| time/              |          |
|    episodes        | 1212     |
|    fps             | 177      |
|    time_elapsed    | 1342     |
|    total_timesteps | 238110   |
| train/             |          |
|    actor_loss      | -464     |
|    critic_loss     | 480      |
|    ent_coef        | 0.185    |
|    ent_coef_loss   | -2.12    |
|    learning_rate   | 0.0003   |
|    n_updates       | 228109   |
---------------------------------
---------------------------------
| rollout/           |          |
|    ep_len_mean     | 200      |
|    ep_rew_mean     | 7.16     |
| time/              |          |
|    episodes        | 1216     |
|    fps             | 177      |
|    time_elapsed    | 1347     |
|    total_timesteps | 239024   |
| train/             |          |
|    actor_loss      | -474     |
|    critic_loss     | 404      |
|    ent_coef        | 0.188    |
|    ent_coef_loss   | 1.32     |
|    learning_rate   | 0.0003   |
|    n_updates       | 229023   |
---------------------------------
---------------------------------
| rollout/           |          |
|    ep_len_mean     | 200      |
|    ep_rew_mean     | 7.36     |
| time/              |          |
|    episodes        | 1220     |
|    fps             | 177      |
|    time_elapsed    | 1352     |
|    total_timesteps | 239901   |
| train/             |          |
|    actor_loss      | -476     |
|    critic_loss     | 657      |
|    ent_coef        | 0.193    |
|    ent_coef_loss   | 1.54     |
|    learning_rate   | 0.0003   |
|    n_updates       | 229900   |
---------------------------------
---------------------------------
| rollout/           |          |
|    ep_len_mean     | 202      |
|    ep_rew_mean     | 7.62     |
| time/              |          |
|    episodes        | 1224     |
|    fps             | 177      |
|    time_elapsed    | 1358     |
|    total_timesteps | 240823   |
| train/             |          |
|    actor_loss      | -542     |
|    critic_loss     | 414      |
|    ent_coef        | 0.191    |
|    ent_coef_loss   | 0.22     |
|    learning_rate   | 0.0003   |
|    n_updates       | 230822   |
---------------------------------
---------------------------------
| rollout/           |          |
|    ep_len_mean     | 203      |
|    ep_rew_mean     | 7.76     |
| time/              |          |
|    episodes        | 1228     |
|    fps             | 177      |
|    time_elapsed    | 1363     |
|    total_timesteps | 241791   |
| train/             |          |
|    actor_loss      | -563     |
|    critic_loss     | 408      |
|    ent_coef        | 0.176    |
|    ent_coef_loss   | -2.09    |
|    learning_rate   | 0.0003   |
|    n_updates       | 231790   |
---------------------------------
---------------------------------
| rollout/           |          |
|    ep_len_mean     | 202      |
|    ep_rew_mean     | 7.83     |
| time/              |          |
|    episodes        | 1232     |
|    fps             | 177      |
|    time_elapsed    | 1369     |
|    total_timesteps | 242770   |
| train/             |          |
|    actor_loss      | -455     |
|    critic_loss     | 366      |
|    ent_coef        | 0.174    |
|    ent_coef_loss   | 0.987    |
|    learning_rate   | 0.0003   |
|    n_updates       | 232769   |
---------------------------------
---------------------------------
| rollout/           |          |
|    ep_len_mean     | 202      |
|    ep_rew_mean     | 7.9      |
| time/              |          |
|    episodes        | 1236     |
|    fps             | 177      |
|    time_elapsed    | 1373     |
|    total_timesteps | 243579   |
| train/             |          |
|    actor_loss      | -456     |
|    critic_loss     | 286      |
|    ent_coef        | 0.173    |
|    ent_coef_loss   | 0.933    |
|    learning_rate   | 0.0003   |
|    n_updates       | 233578   |
---------------------------------
---------------------------------
| rollout/           |          |
|    ep_len_mean     | 203      |
|    ep_rew_mean     | 8.12     |
| time/              |          |
|    episodes        | 1240     |
|    fps             | 177      |
|    time_elapsed    | 1379     |
|    total_timesteps | 244484   |
| train/             |          |
|    actor_loss      | -448     |
|    critic_loss     | 340      |
|    ent_coef        | 0.18     |
|    ent_coef_loss   | -0.525   |
|    learning_rate   | 0.0003   |
|    n_updates       | 234483   |
---------------------------------
---------------------------------
| rollout/           |          |
|    ep_len_mean     | 202      |
|    ep_rew_mean     | 7.95     |
| time/              |          |
|    episodes        | 1244     |
|    fps             | 177      |
|    time_elapsed    | 1383     |
|    total_timesteps | 245249   |
| train/             |          |
|    actor_loss      | -455     |
|    critic_loss     | 349      |
|    ent_coef        | 0.174    |
|    ent_coef_loss   | -1.3     |
|    learning_rate   | 0.0003   |
|    n_updates       | 235248   |
---------------------------------
---------------------------------
| rollout/           |          |
|    ep_len_mean     | 202      |
|    ep_rew_mean     | 7.9      |
| time/              |          |
|    episodes        | 1248     |
|    fps             | 177      |
|    time_elapsed    | 1388     |
|    total_timesteps | 246083   |
| train/             |          |
|    actor_loss      | -444     |
|    critic_loss     | 290      |
|    ent_coef        | 0.16     |
|    ent_coef_loss   | -0.0481  |
|    learning_rate   | 0.0003   |
|    n_updates       | 236082   |
---------------------------------
---------------------------------
| rollout/           |          |
|    ep_len_mean     | 203      |
|    ep_rew_mean     | 7.94     |
| time/              |          |
|    episodes        | 1252     |
|    fps             | 177      |
|    time_elapsed    | 1393     |
|    total_timesteps | 246956   |
| train/             |          |
|    actor_loss      | -431     |
|    critic_loss     | 398      |
|    ent_coef        | 0.166    |
|    ent_coef_loss   | -0.0917  |
|    learning_rate   | 0.0003   |
|    n_updates       | 236955   |
---------------------------------
---------------------------------
| rollout/           |          |
|    ep_len_mean     | 204      |
|    ep_rew_mean     | 8.11     |
| time/              |          |
|    episodes        | 1256     |
|    fps             | 177      |
|    time_elapsed    | 1397     |
|    total_timesteps | 247737   |
| train/             |          |
|    actor_loss      | -425     |
|    critic_loss     | 392      |
|    ent_coef        | 0.158    |
|    ent_coef_loss   | 2.05     |
|    learning_rate   | 0.0003   |
|    n_updates       | 237736   |
---------------------------------
---------------------------------
| rollout/           |          |
|    ep_len_mean     | 206      |
|    ep_rew_mean     | 8.41     |
| time/              |          |
|    episodes        | 1260     |
|    fps             | 177      |
|    time_elapsed    | 1402     |
|    total_timesteps | 248543   |
| train/             |          |
|    actor_loss      | -417     |
|    critic_loss     | 655      |
|    ent_coef        | 0.153    |
|    ent_coef_loss   | 0.626    |
|    learning_rate   | 0.0003   |
|    n_updates       | 238542   |
---------------------------------
---------------------------------
| rollout/           |          |
|    ep_len_mean     | 207      |
|    ep_rew_mean     | 8.65     |
| time/              |          |
|    episodes        | 1264     |
|    fps             | 177      |
|    time_elapsed    | 1406     |
|    total_timesteps | 249306   |
| train/             |          |
|    actor_loss      | -427     |
|    critic_loss     | 252      |
|    ent_coef        | 0.145    |
|    ent_coef_loss   | -2.87    |
|    learning_rate   | 0.0003   |
|    n_updates       | 239305   |
---------------------------------
---------------------------------
| rollout/           |          |
|    ep_len_mean     | 209      |
|    ep_rew_mean     | 8.8      |
| time/              |          |
|    episodes        | 1268     |
|    fps             | 177      |
|    time_elapsed    | 1410     |
|    total_timesteps | 250107   |
| train/             |          |
|    actor_loss      | -420     |
|    critic_loss     | 259      |
|    ent_coef        | 0.131    |
|    ent_coef_loss   | -2.16    |
|    learning_rate   | 0.0003   |
|    n_updates       | 240106   |
---------------------------------
---------------------------------
| rollout/           |          |
|    ep_len_mean     | 210      |
|    ep_rew_mean     | 9.02     |
| time/              |          |
|    episodes        | 1272     |
|    fps             | 177      |
|    time_elapsed    | 1415     |
|    total_timesteps | 250886   |
| train/             |          |
|    actor_loss      | -441     |
|    critic_loss     | 312      |
|    ent_coef        | 0.131    |
|    ent_coef_loss   | 0.344    |
|    learning_rate   | 0.0003   |
|    n_updates       | 240885   |
---------------------------------
---------------------------------
| rollout/           |          |
|    ep_len_mean     | 211      |
|    ep_rew_mean     | 9.22     |
| time/              |          |
|    episodes        | 1276     |
|    fps             | 177      |
|    time_elapsed    | 1419     |
|    total_timesteps | 251663   |
| train/             |          |
|    actor_loss      | -406     |
|    critic_loss     | 288      |
|    ent_coef        | 0.141    |
|    ent_coef_loss   | 0.562    |
|    learning_rate   | 0.0003   |
|    n_updates       | 241662   |
---------------------------------
---------------------------------
| rollout/           |          |
|    ep_len_mean     | 213      |
|    ep_rew_mean     | 9.46     |
| time/              |          |
|    episodes        | 1280     |
|    fps             | 177      |
|    time_elapsed    | 1424     |
|    total_timesteps | 252489   |
| train/             |          |
|    actor_loss      | -397     |
|    critic_loss     | 289      |
|    ent_coef        | 0.139    |
|    ent_coef_loss   | 1.63     |
|    learning_rate   | 0.0003   |
|    n_updates       | 242488   |
---------------------------------
---------------------------------
| rollout/           |          |
|    ep_len_mean     | 214      |
|    ep_rew_mean     | 9.65     |
| time/              |          |
|    episodes        | 1284     |
|    fps             | 177      |
|    time_elapsed    | 1429     |
|    total_timesteps | 253309   |
| train/             |          |
|    actor_loss      | -399     |
|    critic_loss     | 242      |
|    ent_coef        | 0.141    |
|    ent_coef_loss   | -0.403   |
|    learning_rate   | 0.0003   |
|    n_updates       | 243308   |
---------------------------------
---------------------------------
| rollout/           |          |
|    ep_len_mean     | 216      |
|    ep_rew_mean     | 9.73     |
| time/              |          |
|    episodes        | 1288     |
|    fps             | 177      |
|    time_elapsed    | 1434     |
|    total_timesteps | 254262   |
| train/             |          |
|    actor_loss      | -382     |
|    critic_loss     | 220      |
|    ent_coef        | 0.136    |
|    ent_coef_loss   | 0.299    |
|    learning_rate   | 0.0003   |
|    n_updates       | 244261   |
---------------------------------
---------------------------------
| rollout/           |          |
|    ep_len_mean     | 215      |
|    ep_rew_mean     | 9.58     |
| time/              |          |
|    episodes        | 1292     |
|    fps             | 177      |
|    time_elapsed    | 1439     |
|    total_timesteps | 255099   |
| train/             |          |
|    actor_loss      | -392     |
|    critic_loss     | 423      |
|    ent_coef        | 0.129    |
|    ent_coef_loss   | -2.76    |
|    learning_rate   | 0.0003   |
|    n_updates       | 245098   |
---------------------------------
---------------------------------
| rollout/           |          |
|    ep_len_mean     | 216      |
|    ep_rew_mean     | 9.66     |
| time/              |          |
|    episodes        | 1296     |
|    fps             | 177      |
|    time_elapsed    | 1444     |
|    total_timesteps | 256089   |
| train/             |          |
|    actor_loss      | -372     |
|    critic_loss     | 311      |
|    ent_coef        | 0.127    |
|    ent_coef_loss   | 2.44     |
|    learning_rate   | 0.0003   |
|    n_updates       | 246088   |
---------------------------------
---------------------------------
| rollout/           |          |
|    ep_len_mean     | 218      |
|    ep_rew_mean     | 9.64     |
| time/              |          |
|    episodes        | 1300     |
|    fps             | 177      |
|    time_elapsed    | 1450     |
|    total_timesteps | 257068   |
| train/             |          |
|    actor_loss      | -387     |
|    critic_loss     | 333      |
|    ent_coef        | 0.125    |
|    ent_coef_loss   | -3.97    |
|    learning_rate   | 0.0003   |
|    n_updates       | 247067   |
---------------------------------
---------------------------------
| rollout/           |          |
|    ep_len_mean     | 218      |
|    ep_rew_mean     | 9.28     |
| time/              |          |
|    episodes        | 1304     |
|    fps             | 177      |
|    time_elapsed    | 1455     |
|    total_timesteps | 257923   |
| train/             |          |
|    actor_loss      | -379     |
|    critic_loss     | 182      |
|    ent_coef        | 0.124    |
|    ent_coef_loss   | -0.488   |
|    learning_rate   | 0.0003   |
|    n_updates       | 247922   |
---------------------------------
---------------------------------
| rollout/           |          |
|    ep_len_mean     | 217      |
|    ep_rew_mean     | 8.98     |
| time/              |          |
|    episodes        | 1308     |
|    fps             | 177      |
|    time_elapsed    | 1460     |
|    total_timesteps | 258831   |
| train/             |          |
|    actor_loss      | -383     |
|    critic_loss     | 283      |
|    ent_coef        | 0.138    |
|    ent_coef_loss   | 1.8      |
|    learning_rate   | 0.0003   |
|    n_updates       | 248830   |
---------------------------------
---------------------------------
| rollout/           |          |
|    ep_len_mean     | 216      |
|    ep_rew_mean     | 8.83     |
| time/              |          |
|    episodes        | 1312     |
|    fps             | 177      |
|    time_elapsed    | 1465     |
|    total_timesteps | 259731   |
| train/             |          |
|    actor_loss      | -374     |
|    critic_loss     | 218      |
|    ent_coef        | 0.141    |
|    ent_coef_loss   | -0.692   |
|    learning_rate   | 0.0003   |
|    n_updates       | 249730   |
---------------------------------
---------------------------------
| rollout/           |          |
|    ep_len_mean     | 215      |
|    ep_rew_mean     | 8.44     |
| time/              |          |
|    episodes        | 1316     |
|    fps             | 177      |
|    time_elapsed    | 1469     |
|    total_timesteps | 260501   |
| train/             |          |
|    actor_loss      | -363     |
|    critic_loss     | 247      |
|    ent_coef        | 0.145    |
|    ent_coef_loss   | -0.0241  |
|    learning_rate   | 0.0003   |
|    n_updates       | 250500   |
---------------------------------
---------------------------------
| rollout/           |          |
|    ep_len_mean     | 214      |
|    ep_rew_mean     | 7.98     |
| time/              |          |
|    episodes        | 1320     |
|    fps             | 177      |
|    time_elapsed    | 1474     |
|    total_timesteps | 261276   |
| train/             |          |
|    actor_loss      | -379     |
|    critic_loss     | 235      |
|    ent_coef        | 0.151    |
|    ent_coef_loss   | -2.38    |
|    learning_rate   | 0.0003   |
|    n_updates       | 251275   |
---------------------------------
---------------------------------
| rollout/           |          |
|    ep_len_mean     | 213      |
|    ep_rew_mean     | 7.93     |
| time/              |          |
|    episodes        | 1324     |
|    fps             | 177      |
|    time_elapsed    | 1479     |
|    total_timesteps | 262154   |
| train/             |          |
|    actor_loss      | -364     |
|    critic_loss     | 273      |
|    ent_coef        | 0.145    |
|    ent_coef_loss   | 1.14     |
|    learning_rate   | 0.0003   |
|    n_updates       | 252153   |
---------------------------------
---------------------------------
| rollout/           |          |
|    ep_len_mean     | 213      |
|    ep_rew_mean     | 7.94     |
| time/              |          |
|    episodes        | 1328     |
|    fps             | 177      |
|    time_elapsed    | 1484     |
|    total_timesteps | 263086   |
| train/             |          |
|    actor_loss      | -394     |
|    critic_loss     | 195      |
|    ent_coef        | 0.173    |
|    ent_coef_loss   | -1.47    |
|    learning_rate   | 0.0003   |
|    n_updates       | 253085   |
---------------------------------
---------------------------------
| rollout/           |          |
|    ep_len_mean     | 212      |
|    ep_rew_mean     | 7.97     |
| time/              |          |
|    episodes        | 1332     |
|    fps             | 177      |
|    time_elapsed    | 1489     |
|    total_timesteps | 264007   |
| train/             |          |
|    actor_loss      | -372     |
|    critic_loss     | 238      |
|    ent_coef        | 0.184    |
|    ent_coef_loss   | 1.59     |
|    learning_rate   | 0.0003   |
|    n_updates       | 254006   |
---------------------------------
---------------------------------
| rollout/           |          |
|    ep_len_mean     | 213      |
|    ep_rew_mean     | 8.21     |
| time/              |          |
|    episodes        | 1336     |
|    fps             | 177      |
|    time_elapsed    | 1494     |
|    total_timesteps | 264923   |
| train/             |          |
|    actor_loss      | -379     |
|    critic_loss     | 179      |
|    ent_coef        | 0.183    |
|    ent_coef_loss   | -4.37    |
|    learning_rate   | 0.0003   |
|    n_updates       | 254922   |
---------------------------------
---------------------------------
| rollout/           |          |
|    ep_len_mean     | 214      |
|    ep_rew_mean     | 8.12     |
| time/              |          |
|    episodes        | 1340     |
|    fps             | 177      |
|    time_elapsed    | 1500     |
|    total_timesteps | 265847   |
| train/             |          |
|    actor_loss      | -350     |
|    critic_loss     | 315      |
|    ent_coef        | 0.16     |
|    ent_coef_loss   | -0.193   |
|    learning_rate   | 0.0003   |
|    n_updates       | 255846   |
---------------------------------
---------------------------------
| rollout/           |          |
|    ep_len_mean     | 215      |
|    ep_rew_mean     | 8.21     |
| time/              |          |
|    episodes        | 1344     |
|    fps             | 177      |
|    time_elapsed    | 1505     |
|    total_timesteps | 266742   |
| train/             |          |
|    actor_loss      | -373     |
|    critic_loss     | 238      |
|    ent_coef        | 0.179    |
|    ent_coef_loss   | 2.16     |
|    learning_rate   | 0.0003   |
|    n_updates       | 256741   |
---------------------------------
---------------------------------
| rollout/           |          |
|    ep_len_mean     | 215      |
|    ep_rew_mean     | 8.31     |
| time/              |          |
|    episodes        | 1348     |
|    fps             | 177      |
|    time_elapsed    | 1510     |
|    total_timesteps | 267588   |
| train/             |          |
|    actor_loss      | -375     |
|    critic_loss     | 237      |
|    ent_coef        | 0.185    |
|    ent_coef_loss   | -0.842   |
|    learning_rate   | 0.0003   |
|    n_updates       | 257587   |
---------------------------------
---------------------------------
| rollout/           |          |
|    ep_len_mean     | 214      |
|    ep_rew_mean     | 8.31     |
| time/              |          |
|    episodes        | 1352     |
|    fps             | 177      |
|    time_elapsed    | 1514     |
|    total_timesteps | 268376   |
| train/             |          |
|    actor_loss      | -386     |
|    critic_loss     | 147      |
|    ent_coef        | 0.168    |
|    ent_coef_loss   | -1.44    |
|    learning_rate   | 0.0003   |
|    n_updates       | 258375   |
---------------------------------
---------------------------------
| rollout/           |          |
|    ep_len_mean     | 216      |
|    ep_rew_mean     | 8.34     |
| time/              |          |
|    episodes        | 1356     |
|    fps             | 177      |
|    time_elapsed    | 1520     |
|    total_timesteps | 269377   |
| train/             |          |
|    actor_loss      | -372     |
|    critic_loss     | 201      |
|    ent_coef        | 0.131    |
|    ent_coef_loss   | 0.21     |
|    learning_rate   | 0.0003   |
|    n_updates       | 259376   |
---------------------------------
---------------------------------
| rollout/           |          |
|    ep_len_mean     | 218      |
|    ep_rew_mean     | 8.23     |
| time/              |          |
|    episodes        | 1360     |
|    fps             | 177      |
|    time_elapsed    | 1525     |
|    total_timesteps | 270294   |
| train/             |          |
|    actor_loss      | -363     |
|    critic_loss     | 204      |
|    ent_coef        | 0.173    |
|    ent_coef_loss   | 1.04     |
|    learning_rate   | 0.0003   |
|    n_updates       | 260293   |
---------------------------------
---------------------------------
| rollout/           |          |
|    ep_len_mean     | 220      |
|    ep_rew_mean     | 8.25     |
| time/              |          |
|    episodes        | 1364     |
|    fps             | 177      |
|    time_elapsed    | 1531     |
|    total_timesteps | 271264   |
| train/             |          |
|    actor_loss      | -382     |
|    critic_loss     | 202      |
|    ent_coef        | 0.164    |
|    ent_coef_loss   | -1.14    |
|    learning_rate   | 0.0003   |
|    n_updates       | 261263   |
---------------------------------
---------------------------------
| rollout/           |          |
|    ep_len_mean     | 222      |
|    ep_rew_mean     | 8.36     |
| time/              |          |
|    episodes        | 1368     |
|    fps             | 177      |
|    time_elapsed    | 1537     |
|    total_timesteps | 272261   |
| train/             |          |
|    actor_loss      | -334     |
|    critic_loss     | 254      |
|    ent_coef        | 0.161    |
|    ent_coef_loss   | 1.84     |
|    learning_rate   | 0.0003   |
|    n_updates       | 262260   |
---------------------------------
---------------------------------
| rollout/           |          |
|    ep_len_mean     | 221      |
|    ep_rew_mean     | 8.17     |
| time/              |          |
|    episodes        | 1372     |
|    fps             | 177      |
|    time_elapsed    | 1541     |
|    total_timesteps | 273001   |
| train/             |          |
|    actor_loss      | -368     |
|    critic_loss     | 221      |
|    ent_coef        | 0.159    |
|    ent_coef_loss   | 0.977    |
|    learning_rate   | 0.0003   |
|    n_updates       | 263000   |
---------------------------------
---------------------------------
| rollout/           |          |
|    ep_len_mean     | 225      |
|    ep_rew_mean     | 8.44     |
| time/              |          |
|    episodes        | 1376     |
|    fps             | 177      |
|    time_elapsed    | 1548     |
|    total_timesteps | 274119   |
| train/             |          |
|    actor_loss      | -357     |
|    critic_loss     | 1.12e+03 |
|    ent_coef        | 0.124    |
|    ent_coef_loss   | 6.68     |
|    learning_rate   | 0.0003   |
|    n_updates       | 264118   |
---------------------------------
---------------------------------
| rollout/           |          |
|    ep_len_mean     | 226      |
|    ep_rew_mean     | 8.59     |
| time/              |          |
|    episodes        | 1380     |
|    fps             | 177      |
|    time_elapsed    | 1553     |
|    total_timesteps | 275061   |
| train/             |          |
|    actor_loss      | -321     |
|    critic_loss     | 203      |
|    ent_coef        | 0.134    |
|    ent_coef_loss   | -1.03    |
|    learning_rate   | 0.0003   |
|    n_updates       | 265060   |
---------------------------------
---------------------------------
| rollout/           |          |
|    ep_len_mean     | 226      |
|    ep_rew_mean     | 8.37     |
| time/              |          |
|    episodes        | 1384     |
|    fps             | 177      |
|    time_elapsed    | 1558     |
|    total_timesteps | 275929   |
| train/             |          |
|    actor_loss      | -413     |
|    critic_loss     | 200      |
|    ent_coef        | 0.135    |
|    ent_coef_loss   | -0.954   |
|    learning_rate   | 0.0003   |
|    n_updates       | 265928   |
---------------------------------
---------------------------------
| rollout/           |          |
|    ep_len_mean     | 226      |
|    ep_rew_mean     | 8.48     |
| time/              |          |
|    episodes        | 1388     |
|    fps             | 177      |
|    time_elapsed    | 1563     |
|    total_timesteps | 276829   |
| train/             |          |
|    actor_loss      | -332     |
|    critic_loss     | 193      |
|    ent_coef        | 0.138    |
|    ent_coef_loss   | 2.62     |
|    learning_rate   | 0.0003   |
|    n_updates       | 266828   |
---------------------------------
---------------------------------
| rollout/           |          |
|    ep_len_mean     | 227      |
|    ep_rew_mean     | 8.65     |
| time/              |          |
|    episodes        | 1392     |
|    fps             | 177      |
|    time_elapsed    | 1569     |
|    total_timesteps | 277813   |
| train/             |          |
|    actor_loss      | -327     |
|    critic_loss     | 192      |
|    ent_coef        | 0.145    |
|    ent_coef_loss   | 0.0964   |
|    learning_rate   | 0.0003   |
|    n_updates       | 267812   |
---------------------------------
---------------------------------
| rollout/           |          |
|    ep_len_mean     | 227      |
|    ep_rew_mean     | 8.51     |
| time/              |          |
|    episodes        | 1396     |
|    fps             | 176      |
|    time_elapsed    | 1575     |
|    total_timesteps | 278783   |
| train/             |          |
|    actor_loss      | -324     |
|    critic_loss     | 168      |
|    ent_coef        | 0.152    |
|    ent_coef_loss   | -1.13    |
|    learning_rate   | 0.0003   |
|    n_updates       | 268782   |
---------------------------------
---------------------------------
| rollout/           |          |
|    ep_len_mean     | 227      |
|    ep_rew_mean     | 8.51     |
| time/              |          |
|    episodes        | 1400     |
|    fps             | 176      |
|    time_elapsed    | 1581     |
|    total_timesteps | 279770   |
| train/             |          |
|    actor_loss      | -320     |
|    critic_loss     | 175      |
|    ent_coef        | 0.142    |
|    ent_coef_loss   | 0.548    |
|    learning_rate   | 0.0003   |
|    n_updates       | 269769   |
---------------------------------
---------------------------------
| rollout/           |          |
|    ep_len_mean     | 227      |
|    ep_rew_mean     | 8.44     |
| time/              |          |
|    episodes        | 1404     |
|    fps             | 176      |
|    time_elapsed    | 1586     |
|    total_timesteps | 280640   |
| train/             |          |
|    actor_loss      | -315     |
|    critic_loss     | 256      |
|    ent_coef        | 0.137    |
|    ent_coef_loss   | 1.04     |
|    learning_rate   | 0.0003   |
|    n_updates       | 270639   |
---------------------------------
---------------------------------
| rollout/           |          |
|    ep_len_mean     | 226      |
|    ep_rew_mean     | 8.32     |
| time/              |          |
|    episodes        | 1408     |
|    fps             | 176      |
|    time_elapsed    | 1590     |
|    total_timesteps | 281417   |
| train/             |          |
|    actor_loss      | -324     |
|    critic_loss     | 165      |
|    ent_coef        | 0.157    |
|    ent_coef_loss   | 0.195    |
|    learning_rate   | 0.0003   |
|    n_updates       | 271416   |
---------------------------------
---------------------------------
| rollout/           |          |
|    ep_len_mean     | 226      |
|    ep_rew_mean     | 8.4      |
| time/              |          |
|    episodes        | 1412     |
|    fps             | 176      |
|    time_elapsed    | 1596     |
|    total_timesteps | 282332   |
| train/             |          |
|    actor_loss      | -313     |
|    critic_loss     | 164      |
|    ent_coef        | 0.162    |
|    ent_coef_loss   | -0.932   |
|    learning_rate   | 0.0003   |
|    n_updates       | 272331   |
---------------------------------
---------------------------------
| rollout/           |          |
|    ep_len_mean     | 226      |
|    ep_rew_mean     | 8.58     |
| time/              |          |
|    episodes        | 1416     |
|    fps             | 176      |
|    time_elapsed    | 1600     |
|    total_timesteps | 283138   |
| train/             |          |
|    actor_loss      | -300     |
|    critic_loss     | 161      |
|    ent_coef        | 0.155    |
|    ent_coef_loss   | 1.15     |
|    learning_rate   | 0.0003   |
|    n_updates       | 273137   |
---------------------------------
---------------------------------
| rollout/           |          |
|    ep_len_mean     | 227      |
|    ep_rew_mean     | 8.84     |
| time/              |          |
|    episodes        | 1420     |
|    fps             | 176      |
|    time_elapsed    | 1605     |
|    total_timesteps | 283933   |
| train/             |          |
|    actor_loss      | -301     |
|    critic_loss     | 212      |
|    ent_coef        | 0.16     |
|    ent_coef_loss   | 0.471    |
|    learning_rate   | 0.0003   |
|    n_updates       | 273932   |
---------------------------------
---------------------------------
| rollout/           |          |
|    ep_len_mean     | 225      |
|    ep_rew_mean     | 8.46     |
| time/              |          |
|    episodes        | 1424     |
|    fps             | 176      |
|    time_elapsed    | 1609     |
|    total_timesteps | 284669   |
| train/             |          |
|    actor_loss      | -307     |
|    critic_loss     | 168      |
|    ent_coef        | 0.148    |
|    ent_coef_loss   | -1.31    |
|    learning_rate   | 0.0003   |
|    n_updates       | 274668   |
---------------------------------
---------------------------------
| rollout/           |          |
|    ep_len_mean     | 223      |
|    ep_rew_mean     | 8.12     |
| time/              |          |
|    episodes        | 1428     |
|    fps             | 176      |
|    time_elapsed    | 1613     |
|    total_timesteps | 285384   |
| train/             |          |
|    actor_loss      | -288     |
|    critic_loss     | 188      |
|    ent_coef        | 0.142    |
|    ent_coef_loss   | 0.164    |
|    learning_rate   | 0.0003   |
|    n_updates       | 275383   |
---------------------------------
---------------------------------
| rollout/           |          |
|    ep_len_mean     | 221      |
|    ep_rew_mean     | 7.69     |
| time/              |          |
|    episodes        | 1432     |
|    fps             | 176      |
|    time_elapsed    | 1618     |
|    total_timesteps | 286126   |
| train/             |          |
|    actor_loss      | -288     |
|    critic_loss     | 158      |
|    ent_coef        | 0.125    |
|    ent_coef_loss   | -0.217   |
|    learning_rate   | 0.0003   |
|    n_updates       | 276125   |
---------------------------------
---------------------------------
| rollout/           |          |
|    ep_len_mean     | 219      |
|    ep_rew_mean     | 7.33     |
| time/              |          |
|    episodes        | 1436     |
|    fps             | 176      |
|    time_elapsed    | 1622     |
|    total_timesteps | 286869   |
| train/             |          |
|    actor_loss      | -295     |
|    critic_loss     | 172      |
|    ent_coef        | 0.142    |
|    ent_coef_loss   | 0.57     |
|    learning_rate   | 0.0003   |
|    n_updates       | 276868   |
---------------------------------
---------------------------------
| rollout/           |          |
|    ep_len_mean     | 218      |
|    ep_rew_mean     | 7.13     |
| time/              |          |
|    episodes        | 1440     |
|    fps             | 176      |
|    time_elapsed    | 1626     |
|    total_timesteps | 287622   |
| train/             |          |
|    actor_loss      | -288     |
|    critic_loss     | 147      |
|    ent_coef        | 0.152    |
|    ent_coef_loss   | -1.1     |
|    learning_rate   | 0.0003   |
|    n_updates       | 277621   |
---------------------------------
---------------------------------
| rollout/           |          |
|    ep_len_mean     | 216      |
|    ep_rew_mean     | 7        |
| time/              |          |
|    episodes        | 1444     |
|    fps             | 176      |
|    time_elapsed    | 1630     |
|    total_timesteps | 288337   |
| train/             |          |
|    actor_loss      | -269     |
|    critic_loss     | 214      |
|    ent_coef        | 0.151    |
|    ent_coef_loss   | -1.59    |
|    learning_rate   | 0.0003   |
|    n_updates       | 278336   |
---------------------------------
---------------------------------
| rollout/           |          |
|    ep_len_mean     | 215      |
|    ep_rew_mean     | 6.87     |
| time/              |          |
|    episodes        | 1448     |
|    fps             | 176      |
|    time_elapsed    | 1635     |
|    total_timesteps | 289125   |
| train/             |          |
|    actor_loss      | -277     |
|    critic_loss     | 113      |
|    ent_coef        | 0.146    |
|    ent_coef_loss   | 0.461    |
|    learning_rate   | 0.0003   |
|    n_updates       | 279124   |
---------------------------------
---------------------------------
| rollout/           |          |
|    ep_len_mean     | 216      |
|    ep_rew_mean     | 6.79     |
| time/              |          |
|    episodes        | 1452     |
|    fps             | 176      |
|    time_elapsed    | 1640     |
|    total_timesteps | 289939   |
| train/             |          |
|    actor_loss      | -263     |
|    critic_loss     | 259      |
|    ent_coef        | 0.126    |
|    ent_coef_loss   | -4.53    |
|    learning_rate   | 0.0003   |
|    n_updates       | 279938   |
---------------------------------
---------------------------------
| rollout/           |          |
|    ep_len_mean     | 214      |
|    ep_rew_mean     | 6.7      |
| time/              |          |
|    episodes        | 1456     |
|    fps             | 176      |
|    time_elapsed    | 1645     |
|    total_timesteps | 290764   |
| train/             |          |
|    actor_loss      | -410     |
|    critic_loss     | 144      |
|    ent_coef        | 0.117    |
|    ent_coef_loss   | -0.794   |
|    learning_rate   | 0.0003   |
|    n_updates       | 280763   |
---------------------------------
/opt/homebrew/Caskroom/miniforge/base/lib/python3.10/multiprocessing/resource_tracker.py:224: UserWarning: resource_tracker: There appear to be 1 leaked semaphore objects to clean up at shutdown
  warnings.warn('resource_tracker: There appear to be %d '
