Wrapping the env in a DummyVecEnv.
Logging to experiments/RL/course_project/runs/ppo_walk_3_5M/tensorboard/PPO_0
---------------------------------
| rollout/           |          |
|    ep_len_mean     | 333      |
|    ep_rew_mean     | 82.5     |
| time/              |          |
|    fps             | 1860     |
|    iterations      | 1        |
|    time_elapsed    | 1        |
|    total_timesteps | 1503232  |
---------------------------------
---------------------------------------
| rollout/                |           |
|    ep_len_mean          | 332       |
|    ep_rew_mean          | 82        |
| time/                   |           |
|    fps                  | 1581      |
|    iterations           | 2         |
|    time_elapsed         | 2         |
|    total_timesteps      | 1505280   |
| train/                  |           |
|    approx_kl            | 0.1511389 |
|    clip_fraction        | 0.59      |
|    clip_range           | 0.2       |
|    entropy_loss         | -6.11     |
|    explained_variance   | 0.9578951 |
|    learning_rate        | 0.0003    |
|    loss                 | 0.37      |
|    n_updates            | 7340      |
|    policy_gradient_loss | -0.046    |
|    std                  | 0.381     |
|    value_loss           | 1.1       |
---------------------------------------
----------------------------------------
| rollout/                |            |
|    ep_len_mean          | 340        |
|    ep_rew_mean          | 83.2       |
| time/                   |            |
|    fps                  | 1526       |
|    iterations           | 3          |
|    time_elapsed         | 4          |
|    total_timesteps      | 1507328    |
| train/                  |            |
|    approx_kl            | 0.0894344  |
|    clip_fraction        | 0.498      |
|    clip_range           | 0.2        |
|    entropy_loss         | -6.09      |
|    explained_variance   | 0.90853065 |
|    learning_rate        | 0.0003     |
|    loss                 | 0.216      |
|    n_updates            | 7350       |
|    policy_gradient_loss | -0.053     |
|    std                  | 0.381      |
|    value_loss           | 2.3        |
----------------------------------------
-----------------------------------------
| rollout/                |             |
|    ep_len_mean          | 335         |
|    ep_rew_mean          | 81.5        |
| time/                   |             |
|    fps                  | 1522        |
|    iterations           | 4           |
|    time_elapsed         | 5           |
|    total_timesteps      | 1509376     |
| train/                  |             |
|    approx_kl            | 0.115637384 |
|    clip_fraction        | 0.56        |
|    clip_range           | 0.2         |
|    entropy_loss         | -6.07       |
|    explained_variance   | 0.93063456  |
|    learning_rate        | 0.0003      |
|    loss                 | 0.398       |
|    n_updates            | 7360        |
|    policy_gradient_loss | -0.0567     |
|    std                  | 0.381       |
|    value_loss           | 2.25        |
-----------------------------------------
---------------------------------------
| rollout/                |           |
|    ep_len_mean          | 334       |
|    ep_rew_mean          | 81.2      |
| time/                   |           |
|    fps                  | 1513      |
|    iterations           | 5         |
|    time_elapsed         | 6         |
|    total_timesteps      | 1511424   |
| train/                  |           |
|    approx_kl            | 0.1221323 |
|    clip_fraction        | 0.536     |
|    clip_range           | 0.2       |
|    entropy_loss         | -6.05     |
|    explained_variance   | 0.9652071 |
|    learning_rate        | 0.0003    |
|    loss                 | 0.287     |
|    n_updates            | 7370      |
|    policy_gradient_loss | -0.0517   |
|    std                  | 0.381     |
|    value_loss           | 1.19      |
---------------------------------------
---------------------------------------
| rollout/                |           |
|    ep_len_mean          | 338       |
|    ep_rew_mean          | 82.2      |
| time/                   |           |
|    fps                  | 1505      |
|    iterations           | 6         |
|    time_elapsed         | 8         |
|    total_timesteps      | 1513472   |
| train/                  |           |
|    approx_kl            | 0.0984489 |
|    clip_fraction        | 0.531     |
|    clip_range           | 0.2       |
|    entropy_loss         | -6.04     |
|    explained_variance   | 0.9477671 |
|    learning_rate        | 0.0003    |
|    loss                 | 0.489     |
|    n_updates            | 7380      |
|    policy_gradient_loss | -0.0532   |
|    std                  | 0.38      |
|    value_loss           | 2.26      |
---------------------------------------
----------------------------------------
| rollout/                |            |
|    ep_len_mean          | 342        |
|    ep_rew_mean          | 83.7       |
| time/                   |            |
|    fps                  | 1503       |
|    iterations           | 7          |
|    time_elapsed         | 9          |
|    total_timesteps      | 1515520    |
| train/                  |            |
|    approx_kl            | 0.12635882 |
|    clip_fraction        | 0.554      |
|    clip_range           | 0.2        |
|    entropy_loss         | -6.04      |
|    explained_variance   | 0.9280279  |
|    learning_rate        | 0.0003     |
|    loss                 | 0.282      |
|    n_updates            | 7390       |
|    policy_gradient_loss | -0.0494    |
|    std                  | 0.38       |
|    value_loss           | 1.9        |
----------------------------------------
----------------------------------------
| rollout/                |            |
|    ep_len_mean          | 341        |
|    ep_rew_mean          | 83.8       |
| time/                   |            |
|    fps                  | 1503       |
|    iterations           | 8          |
|    time_elapsed         | 10         |
|    total_timesteps      | 1517568    |
| train/                  |            |
|    approx_kl            | 0.13871573 |
|    clip_fraction        | 0.607      |
|    clip_range           | 0.2        |
|    entropy_loss         | -6         |
|    explained_variance   | 0.97275275 |
|    learning_rate        | 0.0003     |
|    loss                 | 0.0372     |
|    n_updates            | 7400       |
|    policy_gradient_loss | -0.0515    |
|    std                  | 0.379      |
|    value_loss           | 0.981      |
----------------------------------------
----------------------------------------
| rollout/                |            |
|    ep_len_mean          | 341        |
|    ep_rew_mean          | 83.7       |
| time/                   |            |
|    fps                  | 1499       |
|    iterations           | 9          |
|    time_elapsed         | 12         |
|    total_timesteps      | 1519616    |
| train/                  |            |
|    approx_kl            | 0.15867716 |
|    clip_fraction        | 0.588      |
|    clip_range           | 0.2        |
|    entropy_loss         | -5.98      |
|    explained_variance   | 0.9660782  |
|    learning_rate        | 0.0003     |
|    loss                 | 0.118      |
|    n_updates            | 7410       |
|    policy_gradient_loss | -0.0482    |
|    std                  | 0.379      |
|    value_loss           | 1.12       |
----------------------------------------
----------------------------------------
| rollout/                |            |
|    ep_len_mean          | 336        |
|    ep_rew_mean          | 82         |
| time/                   |            |
|    fps                  | 1500       |
|    iterations           | 10         |
|    time_elapsed         | 13         |
|    total_timesteps      | 1521664    |
| train/                  |            |
|    approx_kl            | 0.17341277 |
|    clip_fraction        | 0.574      |
|    clip_range           | 0.2        |
|    entropy_loss         | -6         |
|    explained_variance   | 0.9737348  |
|    learning_rate        | 0.0003     |
|    loss                 | 0.243      |
|    n_updates            | 7420       |
|    policy_gradient_loss | -0.0593    |
|    std                  | 0.379      |
|    value_loss           | 1.01       |
----------------------------------------
----------------------------------------
| rollout/                |            |
|    ep_len_mean          | 337        |
|    ep_rew_mean          | 82.4       |
| time/                   |            |
|    fps                  | 1492       |
|    iterations           | 11         |
|    time_elapsed         | 15         |
|    total_timesteps      | 1523712    |
| train/                  |            |
|    approx_kl            | 0.12008177 |
|    clip_fraction        | 0.53       |
|    clip_range           | 0.2        |
|    entropy_loss         | -5.98      |
|    explained_variance   | 0.9733777  |
|    learning_rate        | 0.0003     |
|    loss                 | 0.0777     |
|    n_updates            | 7430       |
|    policy_gradient_loss | -0.0503    |
|    std                  | 0.378      |
|    value_loss           | 0.732      |
----------------------------------------
----------------------------------------
| rollout/                |            |
|    ep_len_mean          | 342        |
|    ep_rew_mean          | 82.7       |
| time/                   |            |
|    fps                  | 1493       |
|    iterations           | 12         |
|    time_elapsed         | 16         |
|    total_timesteps      | 1525760    |
| train/                  |            |
|    approx_kl            | 0.11704771 |
|    clip_fraction        | 0.548      |
|    clip_range           | 0.2        |
|    entropy_loss         | -5.91      |
|    explained_variance   | 0.90039945 |
|    learning_rate        | 0.0003     |
|    loss                 | 0.442      |
|    n_updates            | 7440       |
|    policy_gradient_loss | -0.0579    |
|    std                  | 0.377      |
|    value_loss           | 2.2        |
----------------------------------------
----------------------------------------
| rollout/                |            |
|    ep_len_mean          | 351        |
|    ep_rew_mean          | 84.4       |
| time/                   |            |
|    fps                  | 1477       |
|    iterations           | 13         |
|    time_elapsed         | 18         |
|    total_timesteps      | 1527808    |
| train/                  |            |
|    approx_kl            | 0.12630676 |
|    clip_fraction        | 0.529      |
|    clip_range           | 0.2        |
|    entropy_loss         | -5.9       |
|    explained_variance   | 0.9435556  |
|    learning_rate        | 0.0003     |
|    loss                 | 0.244      |
|    n_updates            | 7450       |
|    policy_gradient_loss | -0.0594    |
|    std                  | 0.377      |
|    value_loss           | 1.48       |
----------------------------------------
-----------------------------------------
| rollout/                |             |
|    ep_len_mean          | 353         |
|    ep_rew_mean          | 85.4        |
| time/                   |             |
|    fps                  | 1477        |
|    iterations           | 14          |
|    time_elapsed         | 19          |
|    total_timesteps      | 1529856     |
| train/                  |             |
|    approx_kl            | 0.124828815 |
|    clip_fraction        | 0.579       |
|    clip_range           | 0.2         |
|    entropy_loss         | -5.89       |
|    explained_variance   | 0.9297725   |
|    learning_rate        | 0.0003      |
|    loss                 | 0.439       |
|    n_updates            | 7460        |
|    policy_gradient_loss | -0.0536     |
|    std                  | 0.377       |
|    value_loss           | 2.24        |
-----------------------------------------
----------------------------------------
| rollout/                |            |
|    ep_len_mean          | 356        |
|    ep_rew_mean          | 86.7       |
| time/                   |            |
|    fps                  | 1473       |
|    iterations           | 15         |
|    time_elapsed         | 20         |
|    total_timesteps      | 1531904    |
| train/                  |            |
|    approx_kl            | 0.12911406 |
|    clip_fraction        | 0.564      |
|    clip_range           | 0.2        |
|    entropy_loss         | -5.9       |
|    explained_variance   | 0.9618934  |
|    learning_rate        | 0.0003     |
|    loss                 | 0.13       |
|    n_updates            | 7470       |
|    policy_gradient_loss | -0.053     |
|    std                  | 0.378      |
|    value_loss           | 1.51       |
----------------------------------------
----------------------------------------
| rollout/                |            |
|    ep_len_mean          | 354        |
|    ep_rew_mean          | 85.4       |
| time/                   |            |
|    fps                  | 1472       |
|    iterations           | 16         |
|    time_elapsed         | 22         |
|    total_timesteps      | 1533952    |
| train/                  |            |
|    approx_kl            | 0.12894735 |
|    clip_fraction        | 0.556      |
|    clip_range           | 0.2        |
|    entropy_loss         | -5.86      |
|    explained_variance   | 0.92536795 |
|    learning_rate        | 0.0003     |
|    loss                 | 0.263      |
|    n_updates            | 7480       |
|    policy_gradient_loss | -0.0488    |
|    std                  | 0.377      |
|    value_loss           | 2.31       |
----------------------------------------
----------------------------------------
| rollout/                |            |
|    ep_len_mean          | 347        |
|    ep_rew_mean          | 84.2       |
| time/                   |            |
|    fps                  | 1468       |
|    iterations           | 17         |
|    time_elapsed         | 23         |
|    total_timesteps      | 1536000    |
| train/                  |            |
|    approx_kl            | 0.12918742 |
|    clip_fraction        | 0.553      |
|    clip_range           | 0.2        |
|    entropy_loss         | -5.8       |
|    explained_variance   | 0.9665342  |
|    learning_rate        | 0.0003     |
|    loss                 | 0.0962     |
|    n_updates            | 7490       |
|    policy_gradient_loss | -0.0457    |
|    std                  | 0.375      |
|    value_loss           | 1.09       |
----------------------------------------
---------------------------------------
| rollout/                |           |
|    ep_len_mean          | 343       |
|    ep_rew_mean          | 83        |
| time/                   |           |
|    fps                  | 1465      |
|    iterations           | 18        |
|    time_elapsed         | 25        |
|    total_timesteps      | 1538048   |
| train/                  |           |
|    approx_kl            | 0.1556074 |
|    clip_fraction        | 0.611     |
|    clip_range           | 0.2       |
|    entropy_loss         | -5.78     |
|    explained_variance   | 0.9802034 |
|    learning_rate        | 0.0003    |
|    loss                 | 0.307     |
|    n_updates            | 7500      |
|    policy_gradient_loss | -0.0414   |
|    std                  | 0.375     |
|    value_loss           | 0.797     |
---------------------------------------
----------------------------------------
| rollout/                |            |
|    ep_len_mean          | 334        |
|    ep_rew_mean          | 81.3       |
| time/                   |            |
|    fps                  | 1459       |
|    iterations           | 19         |
|    time_elapsed         | 26         |
|    total_timesteps      | 1540096    |
| train/                  |            |
|    approx_kl            | 0.11756128 |
|    clip_fraction        | 0.558      |
|    clip_range           | 0.2        |
|    entropy_loss         | -5.75      |
|    explained_variance   | 0.967067   |
|    learning_rate        | 0.0003     |
|    loss                 | 0.296      |
|    n_updates            | 7510       |
|    policy_gradient_loss | -0.048     |
|    std                  | 0.374      |
|    value_loss           | 1.25       |
----------------------------------------
----------------------------------------
| rollout/                |            |
|    ep_len_mean          | 337        |
|    ep_rew_mean          | 82.1       |
| time/                   |            |
|    fps                  | 1452       |
|    iterations           | 20         |
|    time_elapsed         | 28         |
|    total_timesteps      | 1542144    |
| train/                  |            |
|    approx_kl            | 0.15345085 |
|    clip_fraction        | 0.59       |
|    clip_range           | 0.2        |
|    entropy_loss         | -5.68      |
|    explained_variance   | 0.9730143  |
|    learning_rate        | 0.0003     |
|    loss                 | 0.0338     |
|    n_updates            | 7520       |
|    policy_gradient_loss | -0.0503    |
|    std                  | 0.372      |
|    value_loss           | 0.905      |
----------------------------------------
----------------------------------------
| rollout/                |            |
|    ep_len_mean          | 338        |
|    ep_rew_mean          | 82.9       |
| time/                   |            |
|    fps                  | 1450       |
|    iterations           | 21         |
|    time_elapsed         | 29         |
|    total_timesteps      | 1544192    |
| train/                  |            |
|    approx_kl            | 0.14217417 |
|    clip_fraction        | 0.568      |
|    clip_range           | 0.2        |
|    entropy_loss         | -5.65      |
|    explained_variance   | 0.931166   |
|    learning_rate        | 0.0003     |
|    loss                 | 0.0652     |
|    n_updates            | 7530       |
|    policy_gradient_loss | -0.0557    |
|    std                  | 0.372      |
|    value_loss           | 1.36       |
----------------------------------------
----------------------------------------
| rollout/                |            |
|    ep_len_mean          | 340        |
|    ep_rew_mean          | 83.3       |
| time/                   |            |
|    fps                  | 1450       |
|    iterations           | 22         |
|    time_elapsed         | 31         |
|    total_timesteps      | 1546240    |
| train/                  |            |
|    approx_kl            | 0.15468904 |
|    clip_fraction        | 0.593      |
|    clip_range           | 0.2        |
|    entropy_loss         | -5.65      |
|    explained_variance   | 0.9553803  |
|    learning_rate        | 0.0003     |
|    loss                 | 0.0997     |
|    n_updates            | 7540       |
|    policy_gradient_loss | -0.0502    |
|    std                  | 0.372      |
|    value_loss           | 1.35       |
----------------------------------------
----------------------------------------
| rollout/                |            |
|    ep_len_mean          | 337        |
|    ep_rew_mean          | 82.7       |
| time/                   |            |
|    fps                  | 1452       |
|    iterations           | 23         |
|    time_elapsed         | 32         |
|    total_timesteps      | 1548288    |
| train/                  |            |
|    approx_kl            | 0.14646083 |
|    clip_fraction        | 0.591      |
|    clip_range           | 0.2        |
|    entropy_loss         | -5.64      |
|    explained_variance   | 0.9439473  |
|    learning_rate        | 0.0003     |
|    loss                 | 0.123      |
|    n_updates            | 7550       |
|    policy_gradient_loss | -0.0568    |
|    std                  | 0.371      |
|    value_loss           | 1.45       |
----------------------------------------
----------------------------------------
| rollout/                |            |
|    ep_len_mean          | 337        |
|    ep_rew_mean          | 83         |
| time/                   |            |
|    fps                  | 1452       |
|    iterations           | 24         |
|    time_elapsed         | 33         |
|    total_timesteps      | 1550336    |
| train/                  |            |
|    approx_kl            | 0.13752416 |
|    clip_fraction        | 0.598      |
|    clip_range           | 0.2        |
|    entropy_loss         | -5.6       |
|    explained_variance   | 0.9757069  |
|    learning_rate        | 0.0003     |
|    loss                 | 0.0795     |
|    n_updates            | 7560       |
|    policy_gradient_loss | -0.0448    |
|    std                  | 0.37       |
|    value_loss           | 1          |
----------------------------------------
----------------------------------------
| rollout/                |            |
|    ep_len_mean          | 339        |
|    ep_rew_mean          | 83.7       |
| time/                   |            |
|    fps                  | 1454       |
|    iterations           | 25         |
|    time_elapsed         | 35         |
|    total_timesteps      | 1552384    |
| train/                  |            |
|    approx_kl            | 0.15350379 |
|    clip_fraction        | 0.571      |
|    clip_range           | 0.2        |
|    entropy_loss         | -5.6       |
|    explained_variance   | 0.9549921  |
|    learning_rate        | 0.0003     |
|    loss                 | 0.209      |
|    n_updates            | 7570       |
|    policy_gradient_loss | -0.0503    |
|    std                  | 0.37       |
|    value_loss           | 1.46       |
----------------------------------------
----------------------------------------
| rollout/                |            |
|    ep_len_mean          | 337        |
|    ep_rew_mean          | 83.5       |
| time/                   |            |
|    fps                  | 1453       |
|    iterations           | 26         |
|    time_elapsed         | 36         |
|    total_timesteps      | 1554432    |
| train/                  |            |
|    approx_kl            | 0.12849504 |
|    clip_fraction        | 0.562      |
|    clip_range           | 0.2        |
|    entropy_loss         | -5.59      |
|    explained_variance   | 0.9502326  |
|    learning_rate        | 0.0003     |
|    loss                 | 0.415      |
|    n_updates            | 7580       |
|    policy_gradient_loss | -0.0596    |
|    std                  | 0.37       |
|    value_loss           | 1.95       |
----------------------------------------
----------------------------------------
| rollout/                |            |
|    ep_len_mean          | 335        |
|    ep_rew_mean          | 82.9       |
| time/                   |            |
|    fps                  | 1455       |
|    iterations           | 27         |
|    time_elapsed         | 37         |
|    total_timesteps      | 1556480    |
| train/                  |            |
|    approx_kl            | 0.12387337 |
|    clip_fraction        | 0.564      |
|    clip_range           | 0.2        |
|    entropy_loss         | -5.6       |
|    explained_variance   | 0.93722403 |
|    learning_rate        | 0.0003     |
|    loss                 | 0.351      |
|    n_updates            | 7590       |
|    policy_gradient_loss | -0.0494    |
|    std                  | 0.37       |
|    value_loss           | 1.99       |
----------------------------------------
----------------------------------------
| rollout/                |            |
|    ep_len_mean          | 332        |
|    ep_rew_mean          | 83.5       |
| time/                   |            |
|    fps                  | 1457       |
|    iterations           | 28         |
|    time_elapsed         | 39         |
|    total_timesteps      | 1558528    |
| train/                  |            |
|    approx_kl            | 0.12613648 |
|    clip_fraction        | 0.547      |
|    clip_range           | 0.2        |
|    entropy_loss         | -5.61      |
|    explained_variance   | 0.9598636  |
|    learning_rate        | 0.0003     |
|    loss                 | 0.235      |
|    n_updates            | 7600       |
|    policy_gradient_loss | -0.052     |
|    std                  | 0.37       |
|    value_loss           | 1.4        |
----------------------------------------
----------------------------------------
| rollout/                |            |
|    ep_len_mean          | 319        |
|    ep_rew_mean          | 80.4       |
| time/                   |            |
|    fps                  | 1459       |
|    iterations           | 29         |
|    time_elapsed         | 40         |
|    total_timesteps      | 1560576    |
| train/                  |            |
|    approx_kl            | 0.17293179 |
|    clip_fraction        | 0.613      |
|    clip_range           | 0.2        |
|    entropy_loss         | -5.6       |
|    explained_variance   | 0.9695396  |
|    learning_rate        | 0.0003     |
|    loss                 | 0.307      |
|    n_updates            | 7610       |
|    policy_gradient_loss | -0.0509    |
|    std                  | 0.37       |
|    value_loss           | 1.15       |
----------------------------------------
----------------------------------------
| rollout/                |            |
|    ep_len_mean          | 317        |
|    ep_rew_mean          | 80.2       |
| time/                   |            |
|    fps                  | 1461       |
|    iterations           | 30         |
|    time_elapsed         | 42         |
|    total_timesteps      | 1562624    |
| train/                  |            |
|    approx_kl            | 0.13016573 |
|    clip_fraction        | 0.566      |
|    clip_range           | 0.2        |
|    entropy_loss         | -5.58      |
|    explained_variance   | 0.9739338  |
|    learning_rate        | 0.0003     |
|    loss                 | 0.218      |
|    n_updates            | 7620       |
|    policy_gradient_loss | -0.0492    |
|    std                  | 0.369      |
|    value_loss           | 1.02       |
----------------------------------------
----------------------------------------
| rollout/                |            |
|    ep_len_mean          | 315        |
|    ep_rew_mean          | 79         |
| time/                   |            |
|    fps                  | 1463       |
|    iterations           | 31         |
|    time_elapsed         | 43         |
|    total_timesteps      | 1564672    |
| train/                  |            |
|    approx_kl            | 0.1431524  |
|    clip_fraction        | 0.582      |
|    clip_range           | 0.2        |
|    entropy_loss         | -5.57      |
|    explained_variance   | 0.98103654 |
|    learning_rate        | 0.0003     |
|    loss                 | 0.0169     |
|    n_updates            | 7630       |
|    policy_gradient_loss | -0.0486    |
|    std                  | 0.369      |
|    value_loss           | 0.761      |
----------------------------------------
----------------------------------------
| rollout/                |            |
|    ep_len_mean          | 315        |
|    ep_rew_mean          | 78.7       |
| time/                   |            |
|    fps                  | 1465       |
|    iterations           | 32         |
|    time_elapsed         | 44         |
|    total_timesteps      | 1566720    |
| train/                  |            |
|    approx_kl            | 0.11109029 |
|    clip_fraction        | 0.534      |
|    clip_range           | 0.2        |
|    entropy_loss         | -5.51      |
|    explained_variance   | 0.9647105  |
|    learning_rate        | 0.0003     |
|    loss                 | 0.222      |
|    n_updates            | 7640       |
|    policy_gradient_loss | -0.0503    |
|    std                  | 0.367      |
|    value_loss           | 1.54       |
----------------------------------------
----------------------------------------
| rollout/                |            |
|    ep_len_mean          | 317        |
|    ep_rew_mean          | 79.6       |
| time/                   |            |
|    fps                  | 1466       |
|    iterations           | 33         |
|    time_elapsed         | 46         |
|    total_timesteps      | 1568768    |
| train/                  |            |
|    approx_kl            | 0.14999178 |
|    clip_fraction        | 0.577      |
|    clip_range           | 0.2        |
|    entropy_loss         | -5.49      |
|    explained_variance   | 0.9770513  |
|    learning_rate        | 0.0003     |
|    loss                 | 0.0742     |
|    n_updates            | 7650       |
|    policy_gradient_loss | -0.0481    |
|    std                  | 0.367      |
|    value_loss           | 0.749      |
----------------------------------------
----------------------------------------
| rollout/                |            |
|    ep_len_mean          | 320        |
|    ep_rew_mean          | 80.8       |
| time/                   |            |
|    fps                  | 1468       |
|    iterations           | 34         |
|    time_elapsed         | 47         |
|    total_timesteps      | 1570816    |
| train/                  |            |
|    approx_kl            | 0.13396072 |
|    clip_fraction        | 0.566      |
|    clip_range           | 0.2        |
|    entropy_loss         | -5.47      |
|    explained_variance   | 0.9370079  |
|    learning_rate        | 0.0003     |
|    loss                 | 0.231      |
|    n_updates            | 7660       |
|    policy_gradient_loss | -0.0465    |
|    std                  | 0.367      |
|    value_loss           | 1.7        |
----------------------------------------
----------------------------------------
| rollout/                |            |
|    ep_len_mean          | 320        |
|    ep_rew_mean          | 81.3       |
| time/                   |            |
|    fps                  | 1470       |
|    iterations           | 35         |
|    time_elapsed         | 48         |
|    total_timesteps      | 1572864    |
| train/                  |            |
|    approx_kl            | 0.13425818 |
|    clip_fraction        | 0.587      |
|    clip_range           | 0.2        |
|    entropy_loss         | -5.45      |
|    explained_variance   | 0.96194136 |
|    learning_rate        | 0.0003     |
|    loss                 | 0.0221     |
|    n_updates            | 7670       |
|    policy_gradient_loss | -0.0467    |
|    std                  | 0.367      |
|    value_loss           | 1.18       |
----------------------------------------
----------------------------------------
| rollout/                |            |
|    ep_len_mean          | 314        |
|    ep_rew_mean          | 79.3       |
| time/                   |            |
|    fps                  | 1470       |
|    iterations           | 36         |
|    time_elapsed         | 50         |
|    total_timesteps      | 1574912    |
| train/                  |            |
|    approx_kl            | 0.16738176 |
|    clip_fraction        | 0.602      |
|    clip_range           | 0.2        |
|    entropy_loss         | -5.46      |
|    explained_variance   | 0.9814186  |
|    learning_rate        | 0.0003     |
|    loss                 | 0.022      |
|    n_updates            | 7680       |
|    policy_gradient_loss | -0.0473    |
|    std                  | 0.367      |
|    value_loss           | 0.594      |
----------------------------------------
---------------------------------------
| rollout/                |           |
|    ep_len_mean          | 312       |
|    ep_rew_mean          | 79        |
| time/                   |           |
|    fps                  | 1470      |
|    iterations           | 37        |
|    time_elapsed         | 51        |
|    total_timesteps      | 1576960   |
| train/                  |           |
|    approx_kl            | 0.129511  |
|    clip_fraction        | 0.581     |
|    clip_range           | 0.2       |
|    entropy_loss         | -5.44     |
|    explained_variance   | 0.9790994 |
|    learning_rate        | 0.0003    |
|    loss                 | 0.0519    |
|    n_updates            | 7690      |
|    policy_gradient_loss | -0.0491   |
|    std                  | 0.366     |
|    value_loss           | 0.819     |
---------------------------------------
----------------------------------------
| rollout/                |            |
|    ep_len_mean          | 314        |
|    ep_rew_mean          | 79.9       |
| time/                   |            |
|    fps                  | 1472       |
|    iterations           | 38         |
|    time_elapsed         | 52         |
|    total_timesteps      | 1579008    |
| train/                  |            |
|    approx_kl            | 0.13082312 |
|    clip_fraction        | 0.585      |
|    clip_range           | 0.2        |
|    entropy_loss         | -5.39      |
|    explained_variance   | 0.9720368  |
|    learning_rate        | 0.0003     |
|    loss                 | 0.243      |
|    n_updates            | 7700       |
|    policy_gradient_loss | -0.0457    |
|    std                  | 0.365      |
|    value_loss           | 1.27       |
----------------------------------------
----------------------------------------
| rollout/                |            |
|    ep_len_mean          | 313        |
|    ep_rew_mean          | 79.1       |
| time/                   |            |
|    fps                  | 1473       |
|    iterations           | 39         |
|    time_elapsed         | 54         |
|    total_timesteps      | 1581056    |
| train/                  |            |
|    approx_kl            | 0.13460684 |
|    clip_fraction        | 0.526      |
|    clip_range           | 0.2        |
|    entropy_loss         | -5.35      |
|    explained_variance   | 0.9547307  |
|    learning_rate        | 0.0003     |
|    loss                 | 0.602      |
|    n_updates            | 7710       |
|    policy_gradient_loss | -0.0458    |
|    std                  | 0.365      |
|    value_loss           | 1.93       |
----------------------------------------
----------------------------------------
| rollout/                |            |
|    ep_len_mean          | 313        |
|    ep_rew_mean          | 78.8       |
| time/                   |            |
|    fps                  | 1473       |
|    iterations           | 40         |
|    time_elapsed         | 55         |
|    total_timesteps      | 1583104    |
| train/                  |            |
|    approx_kl            | 0.14681147 |
|    clip_fraction        | 0.569      |
|    clip_range           | 0.2        |
|    entropy_loss         | -5.34      |
|    explained_variance   | 0.9628007  |
|    learning_rate        | 0.0003     |
|    loss                 | 0.167      |
|    n_updates            | 7720       |
|    policy_gradient_loss | -0.0515    |
|    std                  | 0.363      |
|    value_loss           | 1.21       |
----------------------------------------
----------------------------------------
| rollout/                |            |
|    ep_len_mean          | 310        |
|    ep_rew_mean          | 77.5       |
| time/                   |            |
|    fps                  | 1473       |
|    iterations           | 41         |
|    time_elapsed         | 56         |
|    total_timesteps      | 1585152    |
| train/                  |            |
|    approx_kl            | 0.13395807 |
|    clip_fraction        | 0.577      |
|    clip_range           | 0.2        |
|    entropy_loss         | -5.3       |
|    explained_variance   | 0.94978464 |
|    learning_rate        | 0.0003     |
|    loss                 | 0.162      |
|    n_updates            | 7730       |
|    policy_gradient_loss | -0.0552    |
|    std                  | 0.363      |
|    value_loss           | 1.69       |
----------------------------------------
----------------------------------------
| rollout/                |            |
|    ep_len_mean          | 310        |
|    ep_rew_mean          | 77.5       |
| time/                   |            |
|    fps                  | 1474       |
|    iterations           | 42         |
|    time_elapsed         | 58         |
|    total_timesteps      | 1587200    |
| train/                  |            |
|    approx_kl            | 0.12711027 |
|    clip_fraction        | 0.552      |
|    clip_range           | 0.2        |
|    entropy_loss         | -5.29      |
|    explained_variance   | 0.97376925 |
|    learning_rate        | 0.0003     |
|    loss                 | 0.225      |
|    n_updates            | 7740       |
|    policy_gradient_loss | -0.0527    |
|    std                  | 0.363      |
|    value_loss           | 1.35       |
----------------------------------------
----------------------------------------
| rollout/                |            |
|    ep_len_mean          | 311        |
|    ep_rew_mean          | 77.7       |
| time/                   |            |
|    fps                  | 1474       |
|    iterations           | 43         |
|    time_elapsed         | 59         |
|    total_timesteps      | 1589248    |
| train/                  |            |
|    approx_kl            | 0.13698106 |
|    clip_fraction        | 0.587      |
|    clip_range           | 0.2        |
|    entropy_loss         | -5.28      |
|    explained_variance   | 0.9391661  |
|    learning_rate        | 0.0003     |
|    loss                 | 0.276      |
|    n_updates            | 7750       |
|    policy_gradient_loss | -0.0417    |
|    std                  | 0.362      |
|    value_loss           | 1.79       |
----------------------------------------
----------------------------------------
| rollout/                |            |
|    ep_len_mean          | 316        |
|    ep_rew_mean          | 78.7       |
| time/                   |            |
|    fps                  | 1474       |
|    iterations           | 44         |
|    time_elapsed         | 61         |
|    total_timesteps      | 1591296    |
| train/                  |            |
|    approx_kl            | 0.15250844 |
|    clip_fraction        | 0.581      |
|    clip_range           | 0.2        |
|    entropy_loss         | -5.24      |
|    explained_variance   | 0.939994   |
|    learning_rate        | 0.0003     |
|    loss                 | 0.12       |
|    n_updates            | 7760       |
|    policy_gradient_loss | -0.0493    |
|    std                  | 0.361      |
|    value_loss           | 1.57       |
----------------------------------------
----------------------------------------
| rollout/                |            |
|    ep_len_mean          | 318        |
|    ep_rew_mean          | 79.3       |
| time/                   |            |
|    fps                  | 1475       |
|    iterations           | 45         |
|    time_elapsed         | 62         |
|    total_timesteps      | 1593344    |
| train/                  |            |
|    approx_kl            | 0.11174028 |
|    clip_fraction        | 0.543      |
|    clip_range           | 0.2        |
|    entropy_loss         | -5.21      |
|    explained_variance   | 0.8896085  |
|    learning_rate        | 0.0003     |
|    loss                 | 0.297      |
|    n_updates            | 7770       |
|    policy_gradient_loss | -0.0554    |
|    std                  | 0.36       |
|    value_loss           | 4.35       |
----------------------------------------
----------------------------------------
| rollout/                |            |
|    ep_len_mean          | 318        |
|    ep_rew_mean          | 78.6       |
| time/                   |            |
|    fps                  | 1476       |
|    iterations           | 46         |
|    time_elapsed         | 63         |
|    total_timesteps      | 1595392    |
| train/                  |            |
|    approx_kl            | 0.1805242  |
|    clip_fraction        | 0.608      |
|    clip_range           | 0.2        |
|    entropy_loss         | -5.17      |
|    explained_variance   | 0.96755725 |
|    learning_rate        | 0.0003     |
|    loss                 | 0.319      |
|    n_updates            | 7780       |
|    policy_gradient_loss | -0.0556    |
|    std                  | 0.359      |
|    value_loss           | 1.2        |
----------------------------------------
----------------------------------------
| rollout/                |            |
|    ep_len_mean          | 319        |
|    ep_rew_mean          | 79.1       |
| time/                   |            |
|    fps                  | 1476       |
|    iterations           | 47         |
|    time_elapsed         | 65         |
|    total_timesteps      | 1597440    |
| train/                  |            |
|    approx_kl            | 0.16734749 |
|    clip_fraction        | 0.583      |
|    clip_range           | 0.2        |
|    entropy_loss         | -5.13      |
|    explained_variance   | 0.95716715 |
|    learning_rate        | 0.0003     |
|    loss                 | 0.125      |
|    n_updates            | 7790       |
|    policy_gradient_loss | -0.0462    |
|    std                  | 0.358      |
|    value_loss           | 1.53       |
----------------------------------------
----------------------------------------
| rollout/                |            |
|    ep_len_mean          | 322        |
|    ep_rew_mean          | 80         |
| time/                   |            |
|    fps                  | 1476       |
|    iterations           | 48         |
|    time_elapsed         | 66         |
|    total_timesteps      | 1599488    |
| train/                  |            |
|    approx_kl            | 0.14631408 |
|    clip_fraction        | 0.597      |
|    clip_range           | 0.2        |
|    entropy_loss         | -5.09      |
|    explained_variance   | 0.96002036 |
|    learning_rate        | 0.0003     |
|    loss                 | 0.244      |
|    n_updates            | 7800       |
|    policy_gradient_loss | -0.0503    |
|    std                  | 0.357      |
|    value_loss           | 1.52       |
----------------------------------------
----------------------------------------
| rollout/                |            |
|    ep_len_mean          | 322        |
|    ep_rew_mean          | 79.7       |
| time/                   |            |
|    fps                  | 1475       |
|    iterations           | 49         |
|    time_elapsed         | 67         |
|    total_timesteps      | 1601536    |
| train/                  |            |
|    approx_kl            | 0.15523839 |
|    clip_fraction        | 0.57       |
|    clip_range           | 0.2        |
|    entropy_loss         | -5.08      |
|    explained_variance   | 0.9451758  |
|    learning_rate        | 0.0003     |
|    loss                 | 0.243      |
|    n_updates            | 7810       |
|    policy_gradient_loss | -0.0512    |
|    std                  | 0.358      |
|    value_loss           | 1.95       |
----------------------------------------
----------------------------------------
| rollout/                |            |
|    ep_len_mean          | 324        |
|    ep_rew_mean          | 80         |
| time/                   |            |
|    fps                  | 1475       |
|    iterations           | 50         |
|    time_elapsed         | 69         |
|    total_timesteps      | 1603584    |
| train/                  |            |
|    approx_kl            | 0.15282458 |
|    clip_fraction        | 0.581      |
|    clip_range           | 0.2        |
|    entropy_loss         | -5.09      |
|    explained_variance   | 0.93537825 |
|    learning_rate        | 0.0003     |
|    loss                 | 0.359      |
|    n_updates            | 7820       |
|    policy_gradient_loss | -0.0542    |
|    std                  | 0.358      |
|    value_loss           | 2.1        |
----------------------------------------
----------------------------------------
| rollout/                |            |
|    ep_len_mean          | 331        |
|    ep_rew_mean          | 82         |
| time/                   |            |
|    fps                  | 1475       |
|    iterations           | 51         |
|    time_elapsed         | 70         |
|    total_timesteps      | 1605632    |
| train/                  |            |
|    approx_kl            | 0.14395104 |
|    clip_fraction        | 0.59       |
|    clip_range           | 0.2        |
|    entropy_loss         | -5.06      |
|    explained_variance   | 0.9514297  |
|    learning_rate        | 0.0003     |
|    loss                 | 0.334      |
|    n_updates            | 7830       |
|    policy_gradient_loss | -0.0569    |
|    std                  | 0.356      |
|    value_loss           | 2          |
----------------------------------------
---------------------------------------
| rollout/                |           |
|    ep_len_mean          | 335       |
|    ep_rew_mean          | 84.1      |
| time/                   |           |
|    fps                  | 1476      |
|    iterations           | 52        |
|    time_elapsed         | 72        |
|    total_timesteps      | 1607680   |
| train/                  |           |
|    approx_kl            | 0.1663683 |
|    clip_fraction        | 0.61      |
|    clip_range           | 0.2       |
|    entropy_loss         | -5.03     |
|    explained_variance   | 0.9358504 |
|    learning_rate        | 0.0003    |
|    loss                 | 0.206     |
|    n_updates            | 7840      |
|    policy_gradient_loss | -0.0481   |
|    std                  | 0.356     |
|    value_loss           | 1.8       |
---------------------------------------
----------------------------------------
| rollout/                |            |
|    ep_len_mean          | 336        |
|    ep_rew_mean          | 84.5       |
| time/                   |            |
|    fps                  | 1476       |
|    iterations           | 53         |
|    time_elapsed         | 73         |
|    total_timesteps      | 1609728    |
| train/                  |            |
|    approx_kl            | 0.18368828 |
|    clip_fraction        | 0.617      |
|    clip_range           | 0.2        |
|    entropy_loss         | -5.01      |
|    explained_variance   | 0.95876896 |
|    learning_rate        | 0.0003     |
|    loss                 | 0.186      |
|    n_updates            | 7850       |
|    policy_gradient_loss | -0.0518    |
|    std                  | 0.355      |
|    value_loss           | 1.23       |
----------------------------------------
----------------------------------------
| rollout/                |            |
|    ep_len_mean          | 336        |
|    ep_rew_mean          | 83.6       |
| time/                   |            |
|    fps                  | 1476       |
|    iterations           | 54         |
|    time_elapsed         | 74         |
|    total_timesteps      | 1611776    |
| train/                  |            |
|    approx_kl            | 0.13886459 |
|    clip_fraction        | 0.573      |
|    clip_range           | 0.2        |
|    entropy_loss         | -5.01      |
|    explained_variance   | 0.9416439  |
|    learning_rate        | 0.0003     |
|    loss                 | 0.347      |
|    n_updates            | 7860       |
|    policy_gradient_loss | -0.0537    |
|    std                  | 0.356      |
|    value_loss           | 2.37       |
----------------------------------------
----------------------------------------
| rollout/                |            |
|    ep_len_mean          | 336        |
|    ep_rew_mean          | 84         |
| time/                   |            |
|    fps                  | 1476       |
|    iterations           | 55         |
|    time_elapsed         | 76         |
|    total_timesteps      | 1613824    |
| train/                  |            |
|    approx_kl            | 0.20187926 |
|    clip_fraction        | 0.586      |
|    clip_range           | 0.2        |
|    entropy_loss         | -4.97      |
|    explained_variance   | 0.94664085 |
|    learning_rate        | 0.0003     |
|    loss                 | 0.338      |
|    n_updates            | 7870       |
|    policy_gradient_loss | -0.0506    |
|    std                  | 0.355      |
|    value_loss           | 1.7        |
----------------------------------------
----------------------------------------
| rollout/                |            |
|    ep_len_mean          | 340        |
|    ep_rew_mean          | 84.8       |
| time/                   |            |
|    fps                  | 1474       |
|    iterations           | 56         |
|    time_elapsed         | 77         |
|    total_timesteps      | 1615872    |
| train/                  |            |
|    approx_kl            | 0.17967346 |
|    clip_fraction        | 0.601      |
|    clip_range           | 0.2        |
|    entropy_loss         | -4.94      |
|    explained_variance   | 0.9563652  |
|    learning_rate        | 0.0003     |
|    loss                 | 0.176      |
|    n_updates            | 7880       |
|    policy_gradient_loss | -0.0493    |
|    std                  | 0.354      |
|    value_loss           | 1.52       |
----------------------------------------
----------------------------------------
| rollout/                |            |
|    ep_len_mean          | 336        |
|    ep_rew_mean          | 83.5       |
| time/                   |            |
|    fps                  | 1476       |
|    iterations           | 57         |
|    time_elapsed         | 79         |
|    total_timesteps      | 1617920    |
| train/                  |            |
|    approx_kl            | 0.13419884 |
|    clip_fraction        | 0.618      |
|    clip_range           | 0.2        |
|    entropy_loss         | -4.92      |
|    explained_variance   | 0.9454811  |
|    learning_rate        | 0.0003     |
|    loss                 | 0.133      |
|    n_updates            | 7890       |
|    policy_gradient_loss | -0.0488    |
|    std                  | 0.354      |
|    value_loss           | 1.68       |
----------------------------------------
-----------------------------------------
| rollout/                |             |
|    ep_len_mean          | 339         |
|    ep_rew_mean          | 84.5        |
| time/                   |             |
|    fps                  | 1477        |
|    iterations           | 58          |
|    time_elapsed         | 80          |
|    total_timesteps      | 1619968     |
| train/                  |             |
|    approx_kl            | 0.124132946 |
|    clip_fraction        | 0.554       |
|    clip_range           | 0.2         |
|    entropy_loss         | -4.89       |
|    explained_variance   | 0.9530591   |
|    learning_rate        | 0.0003      |
|    loss                 | 0.291       |
|    n_updates            | 7900        |
|    policy_gradient_loss | -0.0466     |
|    std                  | 0.353       |
|    value_loss           | 1.89        |
-----------------------------------------
----------------------------------------
| rollout/                |            |
|    ep_len_mean          | 340        |
|    ep_rew_mean          | 84.5       |
| time/                   |            |
|    fps                  | 1477       |
|    iterations           | 59         |
|    time_elapsed         | 81         |
|    total_timesteps      | 1622016    |
| train/                  |            |
|    approx_kl            | 0.15891844 |
|    clip_fraction        | 0.607      |
|    clip_range           | 0.2        |
|    entropy_loss         | -4.87      |
|    explained_variance   | 0.9640395  |
|    learning_rate        | 0.0003     |
|    loss                 | 0.153      |
|    n_updates            | 7910       |
|    policy_gradient_loss | -0.0447    |
|    std                  | 0.353      |
|    value_loss           | 1.07       |
----------------------------------------
----------------------------------------
| rollout/                |            |
|    ep_len_mean          | 342        |
|    ep_rew_mean          | 85.1       |
| time/                   |            |
|    fps                  | 1476       |
|    iterations           | 60         |
|    time_elapsed         | 83         |
|    total_timesteps      | 1624064    |
| train/                  |            |
|    approx_kl            | 0.14744642 |
|    clip_fraction        | 0.573      |
|    clip_range           | 0.2        |
|    entropy_loss         | -4.86      |
|    explained_variance   | 0.92610294 |
|    learning_rate        | 0.0003     |
|    loss                 | 0.3        |
|    n_updates            | 7920       |
|    policy_gradient_loss | -0.0524    |
|    std                  | 0.353      |
|    value_loss           | 2.73       |
----------------------------------------
----------------------------------------
| rollout/                |            |
|    ep_len_mean          | 341        |
|    ep_rew_mean          | 85.6       |
| time/                   |            |
|    fps                  | 1476       |
|    iterations           | 61         |
|    time_elapsed         | 84         |
|    total_timesteps      | 1626112    |
| train/                  |            |
|    approx_kl            | 0.18639126 |
|    clip_fraction        | 0.612      |
|    clip_range           | 0.2        |
|    entropy_loss         | -4.85      |
|    explained_variance   | 0.9601271  |
|    learning_rate        | 0.0003     |
|    loss                 | 0.183      |
|    n_updates            | 7930       |
|    policy_gradient_loss | -0.0432    |
|    std                  | 0.352      |
|    value_loss           | 1.5        |
----------------------------------------
----------------------------------------
| rollout/                |            |
|    ep_len_mean          | 341        |
|    ep_rew_mean          | 85.5       |
| time/                   |            |
|    fps                  | 1476       |
|    iterations           | 62         |
|    time_elapsed         | 85         |
|    total_timesteps      | 1628160    |
| train/                  |            |
|    approx_kl            | 0.16811374 |
|    clip_fraction        | 0.623      |
|    clip_range           | 0.2        |
|    entropy_loss         | -4.82      |
|    explained_variance   | 0.9604617  |
|    learning_rate        | 0.0003     |
|    loss                 | 0.208      |
|    n_updates            | 7940       |
|    policy_gradient_loss | -0.0512    |
|    std                  | 0.352      |
|    value_loss           | 1.49       |
----------------------------------------
-----------------------------------------
| rollout/                |             |
|    ep_len_mean          | 339         |
|    ep_rew_mean          | 85.2        |
| time/                   |             |
|    fps                  | 1476        |
|    iterations           | 63          |
|    time_elapsed         | 87          |
|    total_timesteps      | 1630208     |
| train/                  |             |
|    approx_kl            | 0.119880095 |
|    clip_fraction        | 0.563       |
|    clip_range           | 0.2         |
|    entropy_loss         | -4.77       |
|    explained_variance   | 0.96483046  |
|    learning_rate        | 0.0003      |
|    loss                 | 0.181       |
|    n_updates            | 7950        |
|    policy_gradient_loss | -0.0488     |
|    std                  | 0.351       |
|    value_loss           | 1.4         |
-----------------------------------------
----------------------------------------
| rollout/                |            |
|    ep_len_mean          | 339        |
|    ep_rew_mean          | 85.3       |
| time/                   |            |
|    fps                  | 1475       |
|    iterations           | 64         |
|    time_elapsed         | 88         |
|    total_timesteps      | 1632256    |
| train/                  |            |
|    approx_kl            | 0.1382815  |
|    clip_fraction        | 0.561      |
|    clip_range           | 0.2        |
|    entropy_loss         | -4.76      |
|    explained_variance   | 0.95621204 |
|    learning_rate        | 0.0003     |
|    loss                 | 0.362      |
|    n_updates            | 7960       |
|    policy_gradient_loss | -0.0524    |
|    std                  | 0.351      |
|    value_loss           | 1.91       |
----------------------------------------
----------------------------------------
| rollout/                |            |
|    ep_len_mean          | 342        |
|    ep_rew_mean          | 85.8       |
| time/                   |            |
|    fps                  | 1474       |
|    iterations           | 65         |
|    time_elapsed         | 90         |
|    total_timesteps      | 1634304    |
| train/                  |            |
|    approx_kl            | 0.13446544 |
|    clip_fraction        | 0.567      |
|    clip_range           | 0.2        |
|    entropy_loss         | -4.78      |
|    explained_variance   | 0.95236725 |
|    learning_rate        | 0.0003     |
|    loss                 | 0.484      |
|    n_updates            | 7970       |
|    policy_gradient_loss | -0.0489    |
|    std                  | 0.352      |
|    value_loss           | 1.88       |
----------------------------------------
---------------------------------------
| rollout/                |           |
|    ep_len_mean          | 341       |
|    ep_rew_mean          | 86        |
| time/                   |           |
|    fps                  | 1474      |
|    iterations           | 66        |
|    time_elapsed         | 91        |
|    total_timesteps      | 1636352   |
| train/                  |           |
|    approx_kl            | 0.1688292 |
|    clip_fraction        | 0.581     |
|    clip_range           | 0.2       |
|    entropy_loss         | -4.79     |
|    explained_variance   | 0.924282  |
|    learning_rate        | 0.0003    |
|    loss                 | 0.275     |
|    n_updates            | 7980      |
|    policy_gradient_loss | -0.0473   |
|    std                  | 0.352     |
|    value_loss           | 2.05      |
---------------------------------------
----------------------------------------
| rollout/                |            |
|    ep_len_mean          | 342        |
|    ep_rew_mean          | 85.8       |
| time/                   |            |
|    fps                  | 1474       |
|    iterations           | 67         |
|    time_elapsed         | 93         |
|    total_timesteps      | 1638400    |
| train/                  |            |
|    approx_kl            | 0.13856846 |
|    clip_fraction        | 0.573      |
|    clip_range           | 0.2        |
|    entropy_loss         | -4.76      |
|    explained_variance   | 0.9464702  |
|    learning_rate        | 0.0003     |
|    loss                 | 0.267      |
|    n_updates            | 7990       |
|    policy_gradient_loss | -0.0532    |
|    std                  | 0.351      |
|    value_loss           | 2.29       |
----------------------------------------
---------------------------------------
| rollout/                |           |
|    ep_len_mean          | 337       |
|    ep_rew_mean          | 83.6      |
| time/                   |           |
|    fps                  | 1475      |
|    iterations           | 68        |
|    time_elapsed         | 94        |
|    total_timesteps      | 1640448   |
| train/                  |           |
|    approx_kl            | 0.1497598 |
|    clip_fraction        | 0.606     |
|    clip_range           | 0.2       |
|    entropy_loss         | -4.73     |
|    explained_variance   | 0.9334737 |
|    learning_rate        | 0.0003    |
|    loss                 | 0.35      |
|    n_updates            | 8000      |
|    policy_gradient_loss | -0.0475   |
|    std                  | 0.35      |
|    value_loss           | 2.17      |
---------------------------------------
----------------------------------------
| rollout/                |            |
|    ep_len_mean          | 334        |
|    ep_rew_mean          | 82.3       |
| time/                   |            |
|    fps                  | 1475       |
|    iterations           | 69         |
|    time_elapsed         | 95         |
|    total_timesteps      | 1642496    |
| train/                  |            |
|    approx_kl            | 0.17294124 |
|    clip_fraction        | 0.599      |
|    clip_range           | 0.2        |
|    entropy_loss         | -4.74      |
|    explained_variance   | 0.9575934  |
|    learning_rate        | 0.0003     |
|    loss                 | 0.097      |
|    n_updates            | 8010       |
|    policy_gradient_loss | -0.0514    |
|    std                  | 0.351      |
|    value_loss           | 1.36       |
----------------------------------------
----------------------------------------
| rollout/                |            |
|    ep_len_mean          | 329        |
|    ep_rew_mean          | 80.8       |
| time/                   |            |
|    fps                  | 1474       |
|    iterations           | 70         |
|    time_elapsed         | 97         |
|    total_timesteps      | 1644544    |
| train/                  |            |
|    approx_kl            | 0.16055954 |
|    clip_fraction        | 0.586      |
|    clip_range           | 0.2        |
|    entropy_loss         | -4.7       |
|    explained_variance   | 0.97053885 |
|    learning_rate        | 0.0003     |
|    loss                 | 0.0687     |
|    n_updates            | 8020       |
|    policy_gradient_loss | -0.05      |
|    std                  | 0.35       |
|    value_loss           | 0.939      |
----------------------------------------
----------------------------------------
| rollout/                |            |
|    ep_len_mean          | 332        |
|    ep_rew_mean          | 81.5       |
| time/                   |            |
|    fps                  | 1474       |
|    iterations           | 71         |
|    time_elapsed         | 98         |
|    total_timesteps      | 1646592    |
| train/                  |            |
|    approx_kl            | 0.16377425 |
|    clip_fraction        | 0.598      |
|    clip_range           | 0.2        |
|    entropy_loss         | -4.64      |
|    explained_variance   | 0.9746048  |
|    learning_rate        | 0.0003     |
|    loss                 | 0.0975     |
|    n_updates            | 8030       |
|    policy_gradient_loss | -0.0481    |
|    std                  | 0.348      |
|    value_loss           | 1.05       |
----------------------------------------
----------------------------------------
| rollout/                |            |
|    ep_len_mean          | 329        |
|    ep_rew_mean          | 81.1       |
| time/                   |            |
|    fps                  | 1474       |
|    iterations           | 72         |
|    time_elapsed         | 100        |
|    total_timesteps      | 1648640    |
| train/                  |            |
|    approx_kl            | 0.16116276 |
|    clip_fraction        | 0.584      |
|    clip_range           | 0.2        |
|    entropy_loss         | -4.59      |
|    explained_variance   | 0.9351611  |
|    learning_rate        | 0.0003     |
|    loss                 | 0.365      |
|    n_updates            | 8040       |
|    policy_gradient_loss | -0.0532    |
|    std                  | 0.347      |
|    value_loss           | 2.03       |
----------------------------------------
----------------------------------------
| rollout/                |            |
|    ep_len_mean          | 331        |
|    ep_rew_mean          | 82.2       |
| time/                   |            |
|    fps                  | 1474       |
|    iterations           | 73         |
|    time_elapsed         | 101        |
|    total_timesteps      | 1650688    |
| train/                  |            |
|    approx_kl            | 0.17927891 |
|    clip_fraction        | 0.636      |
|    clip_range           | 0.2        |
|    entropy_loss         | -4.59      |
|    explained_variance   | 0.94996214 |
|    learning_rate        | 0.0003     |
|    loss                 | 0.186      |
|    n_updates            | 8050       |
|    policy_gradient_loss | -0.0438    |
|    std                  | 0.347      |
|    value_loss           | 1.31       |
----------------------------------------
----------------------------------------
| rollout/                |            |
|    ep_len_mean          | 328        |
|    ep_rew_mean          | 81.4       |
| time/                   |            |
|    fps                  | 1474       |
|    iterations           | 74         |
|    time_elapsed         | 102        |
|    total_timesteps      | 1652736    |
| train/                  |            |
|    approx_kl            | 0.22583605 |
|    clip_fraction        | 0.627      |
|    clip_range           | 0.2        |
|    entropy_loss         | -4.57      |
|    explained_variance   | 0.9838323  |
|    learning_rate        | 0.0003     |
|    loss                 | 0.146      |
|    n_updates            | 8060       |
|    policy_gradient_loss | -0.0447    |
|    std                  | 0.347      |
|    value_loss           | 0.671      |
----------------------------------------
----------------------------------------
| rollout/                |            |
|    ep_len_mean          | 329        |
|    ep_rew_mean          | 82.3       |
| time/                   |            |
|    fps                  | 1474       |
|    iterations           | 75         |
|    time_elapsed         | 104        |
|    total_timesteps      | 1654784    |
| train/                  |            |
|    approx_kl            | 0.17693153 |
|    clip_fraction        | 0.602      |
|    clip_range           | 0.2        |
|    entropy_loss         | -4.52      |
|    explained_variance   | 0.984454   |
|    learning_rate        | 0.0003     |
|    loss                 | 0.0679     |
|    n_updates            | 8070       |
|    policy_gradient_loss | -0.0509    |
|    std                  | 0.346      |
|    value_loss           | 0.661      |
----------------------------------------
---------------------------------------
| rollout/                |           |
|    ep_len_mean          | 324       |
|    ep_rew_mean          | 80.4      |
| time/                   |           |
|    fps                  | 1474      |
|    iterations           | 76        |
|    time_elapsed         | 105       |
|    total_timesteps      | 1656832   |
| train/                  |           |
|    approx_kl            | 0.1782864 |
|    clip_fraction        | 0.617     |
|    clip_range           | 0.2       |
|    entropy_loss         | -4.45     |
|    explained_variance   | 0.955081  |
|    learning_rate        | 0.0003    |
|    loss                 | 0.311     |
|    n_updates            | 8080      |
|    policy_gradient_loss | -0.056    |
|    std                  | 0.344     |
|    value_loss           | 1.31      |
---------------------------------------
----------------------------------------
| rollout/                |            |
|    ep_len_mean          | 328        |
|    ep_rew_mean          | 80.8       |
| time/                   |            |
|    fps                  | 1473       |
|    iterations           | 77         |
|    time_elapsed         | 107        |
|    total_timesteps      | 1658880    |
| train/                  |            |
|    approx_kl            | 0.13321012 |
|    clip_fraction        | 0.571      |
|    clip_range           | 0.2        |
|    entropy_loss         | -4.42      |
|    explained_variance   | 0.9698608  |
|    learning_rate        | 0.0003     |
|    loss                 | 0.0497     |
|    n_updates            | 8090       |
|    policy_gradient_loss | -0.0458    |
|    std                  | 0.344      |
|    value_loss           | 1.12       |
----------------------------------------
----------------------------------------
| rollout/                |            |
|    ep_len_mean          | 330        |
|    ep_rew_mean          | 81         |
| time/                   |            |
|    fps                  | 1474       |
|    iterations           | 78         |
|    time_elapsed         | 108        |
|    total_timesteps      | 1660928    |
| train/                  |            |
|    approx_kl            | 0.15633422 |
|    clip_fraction        | 0.584      |
|    clip_range           | 0.2        |
|    entropy_loss         | -4.41      |
|    explained_variance   | 0.91224456 |
|    learning_rate        | 0.0003     |
|    loss                 | 0.201      |
|    n_updates            | 8100       |
|    policy_gradient_loss | -0.0502    |
|    std                  | 0.343      |
|    value_loss           | 1.92       |
----------------------------------------
---------------------------------------
| rollout/                |           |
|    ep_len_mean          | 330       |
|    ep_rew_mean          | 81.8      |
| time/                   |           |
|    fps                  | 1474      |
|    iterations           | 79        |
|    time_elapsed         | 109       |
|    total_timesteps      | 1662976   |
| train/                  |           |
|    approx_kl            | 0.1727769 |
|    clip_fraction        | 0.589     |
|    clip_range           | 0.2       |
|    entropy_loss         | -4.43     |
|    explained_variance   | 0.9566177 |
|    learning_rate        | 0.0003    |
|    loss                 | 0.14      |
|    n_updates            | 8110      |
|    policy_gradient_loss | -0.0504   |
|    std                  | 0.344     |
|    value_loss           | 1.24      |
---------------------------------------
----------------------------------------
| rollout/                |            |
|    ep_len_mean          | 327        |
|    ep_rew_mean          | 80.2       |
| time/                   |            |
|    fps                  | 1473       |
|    iterations           | 80         |
|    time_elapsed         | 111        |
|    total_timesteps      | 1665024    |
| train/                  |            |
|    approx_kl            | 0.18813147 |
|    clip_fraction        | 0.599      |
|    clip_range           | 0.2        |
|    entropy_loss         | -4.43      |
|    explained_variance   | 0.9468749  |
|    learning_rate        | 0.0003     |
|    loss                 | 0.229      |
|    n_updates            | 8120       |
|    policy_gradient_loss | -0.0445    |
|    std                  | 0.344      |
|    value_loss           | 1.23       |
----------------------------------------
----------------------------------------
| rollout/                |            |
|    ep_len_mean          | 320        |
|    ep_rew_mean          | 78.2       |
| time/                   |            |
|    fps                  | 1473       |
|    iterations           | 81         |
|    time_elapsed         | 112        |
|    total_timesteps      | 1667072    |
| train/                  |            |
|    approx_kl            | 0.1685447  |
|    clip_fraction        | 0.593      |
|    clip_range           | 0.2        |
|    entropy_loss         | -4.39      |
|    explained_variance   | 0.97420937 |
|    learning_rate        | 0.0003     |
|    loss                 | 0.0643     |
|    n_updates            | 8130       |
|    policy_gradient_loss | -0.0498    |
|    std                  | 0.343      |
|    value_loss           | 0.849      |
----------------------------------------
----------------------------------------
| rollout/                |            |
|    ep_len_mean          | 316        |
|    ep_rew_mean          | 77.4       |
| time/                   |            |
|    fps                  | 1474       |
|    iterations           | 82         |
|    time_elapsed         | 113        |
|    total_timesteps      | 1669120    |
| train/                  |            |
|    approx_kl            | 0.18077043 |
|    clip_fraction        | 0.611      |
|    clip_range           | 0.2        |
|    entropy_loss         | -4.36      |
|    explained_variance   | 0.97053885 |
|    learning_rate        | 0.0003     |
|    loss                 | 0.242      |
|    n_updates            | 8140       |
|    policy_gradient_loss | -0.05      |
|    std                  | 0.343      |
|    value_loss           | 1.12       |
----------------------------------------
----------------------------------------
| rollout/                |            |
|    ep_len_mean          | 312        |
|    ep_rew_mean          | 76         |
| time/                   |            |
|    fps                  | 1474       |
|    iterations           | 83         |
|    time_elapsed         | 115        |
|    total_timesteps      | 1671168    |
| train/                  |            |
|    approx_kl            | 0.17172234 |
|    clip_fraction        | 0.577      |
|    clip_range           | 0.2        |
|    entropy_loss         | -4.32      |
|    explained_variance   | 0.97163355 |
|    learning_rate        | 0.0003     |
|    loss                 | 0.167      |
|    n_updates            | 8150       |
|    policy_gradient_loss | -0.0487    |
|    std                  | 0.341      |
|    value_loss           | 1.16       |
----------------------------------------
----------------------------------------
| rollout/                |            |
|    ep_len_mean          | 314        |
|    ep_rew_mean          | 76.4       |
| time/                   |            |
|    fps                  | 1474       |
|    iterations           | 84         |
|    time_elapsed         | 116        |
|    total_timesteps      | 1673216    |
| train/                  |            |
|    approx_kl            | 0.19786295 |
|    clip_fraction        | 0.602      |
|    clip_range           | 0.2        |
|    entropy_loss         | -4.29      |
|    explained_variance   | 0.962889   |
|    learning_rate        | 0.0003     |
|    loss                 | 0.338      |
|    n_updates            | 8160       |
|    policy_gradient_loss | -0.0481    |
|    std                  | 0.341      |
|    value_loss           | 1.04       |
----------------------------------------
----------------------------------------
| rollout/                |            |
|    ep_len_mean          | 315        |
|    ep_rew_mean          | 76.9       |
| time/                   |            |
|    fps                  | 1474       |
|    iterations           | 85         |
|    time_elapsed         | 118        |
|    total_timesteps      | 1675264    |
| train/                  |            |
|    approx_kl            | 0.14141588 |
|    clip_fraction        | 0.589      |
|    clip_range           | 0.2        |
|    entropy_loss         | -4.28      |
|    explained_variance   | 0.9507513  |
|    learning_rate        | 0.0003     |
|    loss                 | 0.148      |
|    n_updates            | 8170       |
|    policy_gradient_loss | -0.0442    |
|    std                  | 0.341      |
|    value_loss           | 1.41       |
----------------------------------------
----------------------------------------
| rollout/                |            |
|    ep_len_mean          | 314        |
|    ep_rew_mean          | 76.4       |
| time/                   |            |
|    fps                  | 1474       |
|    iterations           | 86         |
|    time_elapsed         | 119        |
|    total_timesteps      | 1677312    |
| train/                  |            |
|    approx_kl            | 0.14936484 |
|    clip_fraction        | 0.589      |
|    clip_range           | 0.2        |
|    entropy_loss         | -4.26      |
|    explained_variance   | 0.9633772  |
|    learning_rate        | 0.0003     |
|    loss                 | 0.231      |
|    n_updates            | 8180       |
|    policy_gradient_loss | -0.0502    |
|    std                  | 0.34       |
|    value_loss           | 1.5        |
----------------------------------------
----------------------------------------
| rollout/                |            |
|    ep_len_mean          | 312        |
|    ep_rew_mean          | 75.8       |
| time/                   |            |
|    fps                  | 1475       |
|    iterations           | 87         |
|    time_elapsed         | 120        |
|    total_timesteps      | 1679360    |
| train/                  |            |
|    approx_kl            | 0.12584138 |
|    clip_fraction        | 0.548      |
|    clip_range           | 0.2        |
|    entropy_loss         | -4.23      |
|    explained_variance   | 0.9384947  |
|    learning_rate        | 0.0003     |
|    loss                 | 0.639      |
|    n_updates            | 8190       |
|    policy_gradient_loss | -0.0496    |
|    std                  | 0.34       |
|    value_loss           | 2.06       |
----------------------------------------
----------------------------------------
| rollout/                |            |
|    ep_len_mean          | 311        |
|    ep_rew_mean          | 75.2       |
| time/                   |            |
|    fps                  | 1475       |
|    iterations           | 88         |
|    time_elapsed         | 122        |
|    total_timesteps      | 1681408    |
| train/                  |            |
|    approx_kl            | 0.17733434 |
|    clip_fraction        | 0.611      |
|    clip_range           | 0.2        |
|    entropy_loss         | -4.25      |
|    explained_variance   | 0.9677904  |
|    learning_rate        | 0.0003     |
|    loss                 | 0.194      |
|    n_updates            | 8200       |
|    policy_gradient_loss | -0.0456    |
|    std                  | 0.341      |
|    value_loss           | 1.29       |
----------------------------------------
----------------------------------------
| rollout/                |            |
|    ep_len_mean          | 313        |
|    ep_rew_mean          | 75.8       |
| time/                   |            |
|    fps                  | 1475       |
|    iterations           | 89         |
|    time_elapsed         | 123        |
|    total_timesteps      | 1683456    |
| train/                  |            |
|    approx_kl            | 0.19620615 |
|    clip_fraction        | 0.627      |
|    clip_range           | 0.2        |
|    entropy_loss         | -4.27      |
|    explained_variance   | 0.98005074 |
|    learning_rate        | 0.0003     |
|    loss                 | 0.1        |
|    n_updates            | 8210       |
|    policy_gradient_loss | -0.0466    |
|    std                  | 0.34       |
|    value_loss           | 0.825      |
----------------------------------------
----------------------------------------
| rollout/                |            |
|    ep_len_mean          | 312        |
|    ep_rew_mean          | 74.4       |
| time/                   |            |
|    fps                  | 1475       |
|    iterations           | 90         |
|    time_elapsed         | 124        |
|    total_timesteps      | 1685504    |
| train/                  |            |
|    approx_kl            | 0.18700355 |
|    clip_fraction        | 0.624      |
|    clip_range           | 0.2        |
|    entropy_loss         | -4.26      |
|    explained_variance   | 0.9681577  |
|    learning_rate        | 0.0003     |
|    loss                 | 0.102      |
|    n_updates            | 8220       |
|    policy_gradient_loss | -0.0487    |
|    std                  | 0.341      |
|    value_loss           | 1.06       |
----------------------------------------
----------------------------------------
| rollout/                |            |
|    ep_len_mean          | 313        |
|    ep_rew_mean          | 74.4       |
| time/                   |            |
|    fps                  | 1475       |
|    iterations           | 91         |
|    time_elapsed         | 126        |
|    total_timesteps      | 1687552    |
| train/                  |            |
|    approx_kl            | 0.15550825 |
|    clip_fraction        | 0.6        |
|    clip_range           | 0.2        |
|    entropy_loss         | -4.25      |
|    explained_variance   | 0.92348754 |
|    learning_rate        | 0.0003     |
|    loss                 | 0.17       |
|    n_updates            | 8230       |
|    policy_gradient_loss | -0.0529    |
|    std                  | 0.339      |
|    value_loss           | 1.42       |
----------------------------------------
----------------------------------------
| rollout/                |            |
|    ep_len_mean          | 307        |
|    ep_rew_mean          | 73.6       |
| time/                   |            |
|    fps                  | 1475       |
|    iterations           | 92         |
|    time_elapsed         | 127        |
|    total_timesteps      | 1689600    |
| train/                  |            |
|    approx_kl            | 0.16309527 |
|    clip_fraction        | 0.603      |
|    clip_range           | 0.2        |
|    entropy_loss         | -4.21      |
|    explained_variance   | 0.9747329  |
|    learning_rate        | 0.0003     |
|    loss                 | 0.0598     |
|    n_updates            | 8240       |
|    policy_gradient_loss | -0.0563    |
|    std                  | 0.34       |
|    value_loss           | 1.12       |
----------------------------------------
----------------------------------------
| rollout/                |            |
|    ep_len_mean          | 305        |
|    ep_rew_mean          | 73.3       |
| time/                   |            |
|    fps                  | 1475       |
|    iterations           | 93         |
|    time_elapsed         | 129        |
|    total_timesteps      | 1691648    |
| train/                  |            |
|    approx_kl            | 0.21262881 |
|    clip_fraction        | 0.649      |
|    clip_range           | 0.2        |
|    entropy_loss         | -4.25      |
|    explained_variance   | 0.9694089  |
|    learning_rate        | 0.0003     |
|    loss                 | 0.139      |
|    n_updates            | 8250       |
|    policy_gradient_loss | -0.0454    |
|    std                  | 0.341      |
|    value_loss           | 0.937      |
----------------------------------------
----------------------------------------
| rollout/                |            |
|    ep_len_mean          | 302        |
|    ep_rew_mean          | 71.7       |
| time/                   |            |
|    fps                  | 1475       |
|    iterations           | 94         |
|    time_elapsed         | 130        |
|    total_timesteps      | 1693696    |
| train/                  |            |
|    approx_kl            | 0.14273943 |
|    clip_fraction        | 0.576      |
|    clip_range           | 0.2        |
|    entropy_loss         | -4.26      |
|    explained_variance   | 0.9735814  |
|    learning_rate        | 0.0003     |
|    loss                 | 0.0675     |
|    n_updates            | 8260       |
|    policy_gradient_loss | -0.0442    |
|    std                  | 0.34       |
|    value_loss           | 1.04       |
----------------------------------------
----------------------------------------
| rollout/                |            |
|    ep_len_mean          | 304        |
|    ep_rew_mean          | 72.9       |
| time/                   |            |
|    fps                  | 1476       |
|    iterations           | 95         |
|    time_elapsed         | 131        |
|    total_timesteps      | 1695744    |
| train/                  |            |
|    approx_kl            | 0.12828699 |
|    clip_fraction        | 0.546      |
|    clip_range           | 0.2        |
|    entropy_loss         | -4.22      |
|    explained_variance   | 0.9694388  |
|    learning_rate        | 0.0003     |
|    loss                 | 0.195      |
|    n_updates            | 8270       |
|    policy_gradient_loss | -0.0449    |
|    std                  | 0.34       |
|    value_loss           | 1.18       |
----------------------------------------
----------------------------------------
| rollout/                |            |
|    ep_len_mean          | 308        |
|    ep_rew_mean          | 74.5       |
| time/                   |            |
|    fps                  | 1475       |
|    iterations           | 96         |
|    time_elapsed         | 133        |
|    total_timesteps      | 1697792    |
| train/                  |            |
|    approx_kl            | 0.22564311 |
|    clip_fraction        | 0.648      |
|    clip_range           | 0.2        |
|    entropy_loss         | -4.18      |
|    explained_variance   | 0.9626824  |
|    learning_rate        | 0.0003     |
|    loss                 | 0.105      |
|    n_updates            | 8280       |
|    policy_gradient_loss | -0.0444    |
|    std                  | 0.339      |
|    value_loss           | 0.64       |
----------------------------------------
----------------------------------------
| rollout/                |            |
|    ep_len_mean          | 311        |
|    ep_rew_mean          | 75.8       |
| time/                   |            |
|    fps                  | 1475       |
|    iterations           | 97         |
|    time_elapsed         | 134        |
|    total_timesteps      | 1699840    |
| train/                  |            |
|    approx_kl            | 0.18599385 |
|    clip_fraction        | 0.64       |
|    clip_range           | 0.2        |
|    entropy_loss         | -4.16      |
|    explained_variance   | 0.96248543 |
|    learning_rate        | 0.0003     |
|    loss                 | 0.0448     |
|    n_updates            | 8290       |
|    policy_gradient_loss | -0.0466    |
|    std                  | 0.339      |
|    value_loss           | 0.844      |
----------------------------------------
----------------------------------------
| rollout/                |            |
|    ep_len_mean          | 314        |
|    ep_rew_mean          | 76.9       |
| time/                   |            |
|    fps                  | 1475       |
|    iterations           | 98         |
|    time_elapsed         | 136        |
|    total_timesteps      | 1701888    |
| train/                  |            |
|    approx_kl            | 0.20500264 |
|    clip_fraction        | 0.631      |
|    clip_range           | 0.2        |
|    entropy_loss         | -4.12      |
|    explained_variance   | 0.9726524  |
|    learning_rate        | 0.0003     |
|    loss                 | 0.0222     |
|    n_updates            | 8300       |
|    policy_gradient_loss | -0.051     |
|    std                  | 0.338      |
|    value_loss           | 0.823      |
----------------------------------------
----------------------------------------
| rollout/                |            |
|    ep_len_mean          | 320        |
|    ep_rew_mean          | 79.2       |
| time/                   |            |
|    fps                  | 1475       |
|    iterations           | 99         |
|    time_elapsed         | 137        |
|    total_timesteps      | 1703936    |
| train/                  |            |
|    approx_kl            | 0.14151606 |
|    clip_fraction        | 0.586      |
|    clip_range           | 0.2        |
|    entropy_loss         | -4.08      |
|    explained_variance   | 0.93003494 |
|    learning_rate        | 0.0003     |
|    loss                 | 0.244      |
|    n_updates            | 8310       |
|    policy_gradient_loss | -0.0512    |
|    std                  | 0.337      |
|    value_loss           | 1.84       |
----------------------------------------
----------------------------------------
| rollout/                |            |
|    ep_len_mean          | 317        |
|    ep_rew_mean          | 78.1       |
| time/                   |            |
|    fps                  | 1475       |
|    iterations           | 100        |
|    time_elapsed         | 138        |
|    total_timesteps      | 1705984    |
| train/                  |            |
|    approx_kl            | 0.16157745 |
|    clip_fraction        | 0.608      |
|    clip_range           | 0.2        |
|    entropy_loss         | -4.02      |
|    explained_variance   | 0.9512395  |
|    learning_rate        | 0.0003     |
|    loss                 | 0.144      |
|    n_updates            | 8320       |
|    policy_gradient_loss | -0.047     |
|    std                  | 0.336      |
|    value_loss           | 1.3        |
----------------------------------------
----------------------------------------
| rollout/                |            |
|    ep_len_mean          | 313        |
|    ep_rew_mean          | 77         |
| time/                   |            |
|    fps                  | 1475       |
|    iterations           | 101        |
|    time_elapsed         | 140        |
|    total_timesteps      | 1708032    |
| train/                  |            |
|    approx_kl            | 0.1538018  |
|    clip_fraction        | 0.565      |
|    clip_range           | 0.2        |
|    entropy_loss         | -3.99      |
|    explained_variance   | 0.97078264 |
|    learning_rate        | 0.0003     |
|    loss                 | 0.117      |
|    n_updates            | 8330       |
|    policy_gradient_loss | -0.0512    |
|    std                  | 0.336      |
|    value_loss           | 1.09       |
----------------------------------------
----------------------------------------
| rollout/                |            |
|    ep_len_mean          | 316        |
|    ep_rew_mean          | 78.9       |
| time/                   |            |
|    fps                  | 1475       |
|    iterations           | 102        |
|    time_elapsed         | 141        |
|    total_timesteps      | 1710080    |
| train/                  |            |
|    approx_kl            | 0.19527508 |
|    clip_fraction        | 0.597      |
|    clip_range           | 0.2        |
|    entropy_loss         | -3.94      |
|    explained_variance   | 0.9800001  |
|    learning_rate        | 0.0003     |
|    loss                 | 0.0722     |
|    n_updates            | 8340       |
|    policy_gradient_loss | -0.0501    |
|    std                  | 0.335      |
|    value_loss           | 0.776      |
----------------------------------------
----------------------------------------
| rollout/                |            |
|    ep_len_mean          | 322        |
|    ep_rew_mean          | 80.9       |
| time/                   |            |
|    fps                  | 1475       |
|    iterations           | 103        |
|    time_elapsed         | 143        |
|    total_timesteps      | 1712128    |
| train/                  |            |
|    approx_kl            | 0.21909563 |
|    clip_fraction        | 0.657      |
|    clip_range           | 0.2        |
|    entropy_loss         | -3.88      |
|    explained_variance   | 0.96763206 |
|    learning_rate        | 0.0003     |
|    loss                 | 0.197      |
|    n_updates            | 8350       |
|    policy_gradient_loss | -0.048     |
|    std                  | 0.334      |
|    value_loss           | 0.79       |
----------------------------------------
----------------------------------------
| rollout/                |            |
|    ep_len_mean          | 322        |
|    ep_rew_mean          | 80.7       |
| time/                   |            |
|    fps                  | 1475       |
|    iterations           | 104        |
|    time_elapsed         | 144        |
|    total_timesteps      | 1714176    |
| train/                  |            |
|    approx_kl            | 0.22078373 |
|    clip_fraction        | 0.644      |
|    clip_range           | 0.2        |
|    entropy_loss         | -3.86      |
|    explained_variance   | 0.9775873  |
|    learning_rate        | 0.0003     |
|    loss                 | 0.0471     |
|    n_updates            | 8360       |
|    policy_gradient_loss | -0.0478    |
|    std                  | 0.333      |
|    value_loss           | 0.646      |
----------------------------------------
-----------------------------------------
| rollout/                |             |
|    ep_len_mean          | 321         |
|    ep_rew_mean          | 81          |
| time/                   |             |
|    fps                  | 1475        |
|    iterations           | 105         |
|    time_elapsed         | 145         |
|    total_timesteps      | 1716224     |
| train/                  |             |
|    approx_kl            | 0.123178944 |
|    clip_fraction        | 0.575       |
|    clip_range           | 0.2         |
|    entropy_loss         | -3.85       |
|    explained_variance   | 0.97161555  |
|    learning_rate        | 0.0003      |
|    loss                 | 0.382       |
|    n_updates            | 8370        |
|    policy_gradient_loss | -0.0434     |
|    std                  | 0.333       |
|    value_loss           | 0.872       |
-----------------------------------------
----------------------------------------
| rollout/                |            |
|    ep_len_mean          | 324        |
|    ep_rew_mean          | 82.2       |
| time/                   |            |
|    fps                  | 1475       |
|    iterations           | 106        |
|    time_elapsed         | 147        |
|    total_timesteps      | 1718272    |
| train/                  |            |
|    approx_kl            | 0.18185373 |
|    clip_fraction        | 0.618      |
|    clip_range           | 0.2        |
|    entropy_loss         | -3.84      |
|    explained_variance   | 0.97644764 |
|    learning_rate        | 0.0003     |
|    loss                 | 0.0858     |
|    n_updates            | 8380       |
|    policy_gradient_loss | -0.0409    |
|    std                  | 0.333      |
|    value_loss           | 0.733      |
----------------------------------------
----------------------------------------
| rollout/                |            |
|    ep_len_mean          | 325        |
|    ep_rew_mean          | 82.6       |
| time/                   |            |
|    fps                  | 1475       |
|    iterations           | 107        |
|    time_elapsed         | 148        |
|    total_timesteps      | 1720320    |
| train/                  |            |
|    approx_kl            | 0.21011339 |
|    clip_fraction        | 0.639      |
|    clip_range           | 0.2        |
|    entropy_loss         | -3.81      |
|    explained_variance   | 0.9778924  |
|    learning_rate        | 0.0003     |
|    loss                 | 0.0289     |
|    n_updates            | 8390       |
|    policy_gradient_loss | -0.051     |
|    std                  | 0.332      |
|    value_loss           | 0.746      |
----------------------------------------
----------------------------------------
| rollout/                |            |
|    ep_len_mean          | 325        |
|    ep_rew_mean          | 82.1       |
| time/                   |            |
|    fps                  | 1475       |
|    iterations           | 108        |
|    time_elapsed         | 149        |
|    total_timesteps      | 1722368    |
| train/                  |            |
|    approx_kl            | 0.12415826 |
|    clip_fraction        | 0.576      |
|    clip_range           | 0.2        |
|    entropy_loss         | -3.82      |
|    explained_variance   | 0.97735584 |
|    learning_rate        | 0.0003     |
|    loss                 | 0.235      |
|    n_updates            | 8400       |
|    policy_gradient_loss | -0.0441    |
|    std                  | 0.332      |
|    value_loss           | 1.09       |
----------------------------------------
---------------------------------------
| rollout/                |           |
|    ep_len_mean          | 329       |
|    ep_rew_mean          | 83.8      |
| time/                   |           |
|    fps                  | 1475      |
|    iterations           | 109       |
|    time_elapsed         | 151       |
|    total_timesteps      | 1724416   |
| train/                  |           |
|    approx_kl            | 0.1638188 |
|    clip_fraction        | 0.609     |
|    clip_range           | 0.2       |
|    entropy_loss         | -3.79     |
|    explained_variance   | 0.9783041 |
|    learning_rate        | 0.0003    |
|    loss                 | 0.283     |
|    n_updates            | 8410      |
|    policy_gradient_loss | -0.052    |
|    std                  | 0.331     |
|    value_loss           | 0.881     |
---------------------------------------
---------------------------------------
| rollout/                |           |
|    ep_len_mean          | 330       |
|    ep_rew_mean          | 84        |
| time/                   |           |
|    fps                  | 1475      |
|    iterations           | 110       |
|    time_elapsed         | 152       |
|    total_timesteps      | 1726464   |
| train/                  |           |
|    approx_kl            | 0.1714251 |
|    clip_fraction        | 0.59      |
|    clip_range           | 0.2       |
|    entropy_loss         | -3.76     |
|    explained_variance   | 0.958878  |
|    learning_rate        | 0.0003    |
|    loss                 | 0.2       |
|    n_updates            | 8420      |
|    policy_gradient_loss | -0.0471   |
|    std                  | 0.33      |
|    value_loss           | 1.07      |
---------------------------------------
---------------------------------------
| rollout/                |           |
|    ep_len_mean          | 330       |
|    ep_rew_mean          | 83.6      |
| time/                   |           |
|    fps                  | 1475      |
|    iterations           | 111       |
|    time_elapsed         | 154       |
|    total_timesteps      | 1728512   |
| train/                  |           |
|    approx_kl            | 0.1078954 |
|    clip_fraction        | 0.518     |
|    clip_range           | 0.2       |
|    entropy_loss         | -3.75     |
|    explained_variance   | 0.9557378 |
|    learning_rate        | 0.0003    |
|    loss                 | 0.411     |
|    n_updates            | 8430      |
|    policy_gradient_loss | -0.0534   |
|    std                  | 0.33      |
|    value_loss           | 1.85      |
---------------------------------------
----------------------------------------
| rollout/                |            |
|    ep_len_mean          | 327        |
|    ep_rew_mean          | 82.1       |
| time/                   |            |
|    fps                  | 1475       |
|    iterations           | 112        |
|    time_elapsed         | 155        |
|    total_timesteps      | 1730560    |
| train/                  |            |
|    approx_kl            | 0.16578594 |
|    clip_fraction        | 0.623      |
|    clip_range           | 0.2        |
|    entropy_loss         | -3.71      |
|    explained_variance   | 0.964868   |
|    learning_rate        | 0.0003     |
|    loss                 | 0.201      |
|    n_updates            | 8440       |
|    policy_gradient_loss | -0.0441    |
|    std                  | 0.329      |
|    value_loss           | 1.13       |
----------------------------------------
----------------------------------------
| rollout/                |            |
|    ep_len_mean          | 326        |
|    ep_rew_mean          | 81         |
| time/                   |            |
|    fps                  | 1475       |
|    iterations           | 113        |
|    time_elapsed         | 156        |
|    total_timesteps      | 1732608    |
| train/                  |            |
|    approx_kl            | 0.13067634 |
|    clip_fraction        | 0.6        |
|    clip_range           | 0.2        |
|    entropy_loss         | -3.65      |
|    explained_variance   | 0.96509606 |
|    learning_rate        | 0.0003     |
|    loss                 | 0.509      |
|    n_updates            | 8450       |
|    policy_gradient_loss | -0.0462    |
|    std                  | 0.328      |
|    value_loss           | 1.59       |
----------------------------------------
----------------------------------------
| rollout/                |            |
|    ep_len_mean          | 322        |
|    ep_rew_mean          | 79.9       |
| time/                   |            |
|    fps                  | 1475       |
|    iterations           | 114        |
|    time_elapsed         | 158        |
|    total_timesteps      | 1734656    |
| train/                  |            |
|    approx_kl            | 0.12518907 |
|    clip_fraction        | 0.563      |
|    clip_range           | 0.2        |
|    entropy_loss         | -3.59      |
|    explained_variance   | 0.94400704 |
|    learning_rate        | 0.0003     |
|    loss                 | 0.0929     |
|    n_updates            | 8460       |
|    policy_gradient_loss | -0.0476    |
|    std                  | 0.326      |
|    value_loss           | 2.11       |
----------------------------------------
----------------------------------------
| rollout/                |            |
|    ep_len_mean          | 319        |
|    ep_rew_mean          | 79         |
| time/                   |            |
|    fps                  | 1475       |
|    iterations           | 115        |
|    time_elapsed         | 159        |
|    total_timesteps      | 1736704    |
| train/                  |            |
|    approx_kl            | 0.18337284 |
|    clip_fraction        | 0.621      |
|    clip_range           | 0.2        |
|    entropy_loss         | -3.56      |
|    explained_variance   | 0.97748667 |
|    learning_rate        | 0.0003     |
|    loss                 | 0.373      |
|    n_updates            | 8470       |
|    policy_gradient_loss | -0.0481    |
|    std                  | 0.326      |
|    value_loss           | 1.02       |
----------------------------------------
---------------------------------------
| rollout/                |           |
|    ep_len_mean          | 322       |
|    ep_rew_mean          | 79.4      |
| time/                   |           |
|    fps                  | 1474      |
|    iterations           | 116       |
|    time_elapsed         | 161       |
|    total_timesteps      | 1738752   |
| train/                  |           |
|    approx_kl            | 0.1575964 |
|    clip_fraction        | 0.594     |
|    clip_range           | 0.2       |
|    entropy_loss         | -3.53     |
|    explained_variance   | 0.9544047 |
|    learning_rate        | 0.0003    |
|    loss                 | 0.423     |
|    n_updates            | 8480      |
|    policy_gradient_loss | -0.0485   |
|    std                  | 0.325     |
|    value_loss           | 1.87      |
---------------------------------------
----------------------------------------
| rollout/                |            |
|    ep_len_mean          | 327        |
|    ep_rew_mean          | 81.1       |
| time/                   |            |
|    fps                  | 1474       |
|    iterations           | 117        |
|    time_elapsed         | 162        |
|    total_timesteps      | 1740800    |
| train/                  |            |
|    approx_kl            | 0.18022326 |
|    clip_fraction        | 0.622      |
|    clip_range           | 0.2        |
|    entropy_loss         | -3.51      |
|    explained_variance   | 0.94894433 |
|    learning_rate        | 0.0003     |
|    loss                 | 0.274      |
|    n_updates            | 8490       |
|    policy_gradient_loss | -0.053     |
|    std                  | 0.326      |
|    value_loss           | 1.59       |
----------------------------------------
----------------------------------------
| rollout/                |            |
|    ep_len_mean          | 317        |
|    ep_rew_mean          | 77.4       |
| time/                   |            |
|    fps                  | 1475       |
|    iterations           | 118        |
|    time_elapsed         | 163        |
|    total_timesteps      | 1742848    |
| train/                  |            |
|    approx_kl            | 0.1701371  |
|    clip_fraction        | 0.617      |
|    clip_range           | 0.2        |
|    entropy_loss         | -3.5       |
|    explained_variance   | 0.91429734 |
|    learning_rate        | 0.0003     |
|    loss                 | 0.246      |
|    n_updates            | 8500       |
|    policy_gradient_loss | -0.0431    |
|    std                  | 0.326      |
|    value_loss           | 2.58       |
----------------------------------------
----------------------------------------
| rollout/                |            |
|    ep_len_mean          | 325        |
|    ep_rew_mean          | 80         |
| time/                   |            |
|    fps                  | 1474       |
|    iterations           | 119        |
|    time_elapsed         | 165        |
|    total_timesteps      | 1744896    |
| train/                  |            |
|    approx_kl            | 0.19781366 |
|    clip_fraction        | 0.637      |
|    clip_range           | 0.2        |
|    entropy_loss         | -3.5       |
|    explained_variance   | 0.97159123 |
|    learning_rate        | 0.0003     |
|    loss                 | 0.235      |
|    n_updates            | 8510       |
|    policy_gradient_loss | -0.0381    |
|    std                  | 0.326      |
|    value_loss           | 1.07       |
----------------------------------------
----------------------------------------
| rollout/                |            |
|    ep_len_mean          | 333        |
|    ep_rew_mean          | 82.3       |
| time/                   |            |
|    fps                  | 1473       |
|    iterations           | 120        |
|    time_elapsed         | 166        |
|    total_timesteps      | 1746944    |
| train/                  |            |
|    approx_kl            | 0.24063751 |
|    clip_fraction        | 0.667      |
|    clip_range           | 0.2        |
|    entropy_loss         | -3.46      |
|    explained_variance   | 0.9202318  |
|    learning_rate        | 0.0003     |
|    loss                 | 0.21       |
|    n_updates            | 8520       |
|    policy_gradient_loss | -0.0396    |
|    std                  | 0.325      |
|    value_loss           | 1.32       |
----------------------------------------
----------------------------------------
| rollout/                |            |
|    ep_len_mean          | 339        |
|    ep_rew_mean          | 84.1       |
| time/                   |            |
|    fps                  | 1473       |
|    iterations           | 121        |
|    time_elapsed         | 168        |
|    total_timesteps      | 1748992    |
| train/                  |            |
|    approx_kl            | 0.21984363 |
|    clip_fraction        | 0.678      |
|    clip_range           | 0.2        |
|    entropy_loss         | -3.41      |
|    explained_variance   | 0.95376754 |
|    learning_rate        | 0.0003     |
|    loss                 | 0.22       |
|    n_updates            | 8530       |
|    policy_gradient_loss | -0.0439    |
|    std                  | 0.324      |
|    value_loss           | 1.03       |
----------------------------------------
----------------------------------------
| rollout/                |            |
|    ep_len_mean          | 339        |
|    ep_rew_mean          | 84.5       |
| time/                   |            |
|    fps                  | 1473       |
|    iterations           | 122        |
|    time_elapsed         | 169        |
|    total_timesteps      | 1751040    |
| train/                  |            |
|    approx_kl            | 0.19685788 |
|    clip_fraction        | 0.677      |
|    clip_range           | 0.2        |
|    entropy_loss         | -3.37      |
|    explained_variance   | 0.9773667  |
|    learning_rate        | 0.0003     |
|    loss                 | 0.098      |
|    n_updates            | 8540       |
|    policy_gradient_loss | -0.0434    |
|    std                  | 0.323      |
|    value_loss           | 0.74       |
----------------------------------------
---------------------------------------
| rollout/                |           |
|    ep_len_mean          | 345       |
|    ep_rew_mean          | 86        |
| time/                   |           |
|    fps                  | 1472      |
|    iterations           | 123       |
|    time_elapsed         | 171       |
|    total_timesteps      | 1753088   |
| train/                  |           |
|    approx_kl            | 0.1229496 |
|    clip_fraction        | 0.583     |
|    clip_range           | 0.2       |
|    entropy_loss         | -3.33     |
|    explained_variance   | 0.9515171 |
|    learning_rate        | 0.0003    |
|    loss                 | 0.379     |
|    n_updates            | 8550      |
|    policy_gradient_loss | -0.0437   |
|    std                  | 0.323     |
|    value_loss           | 2.08      |
---------------------------------------
----------------------------------------
| rollout/                |            |
|    ep_len_mean          | 348        |
|    ep_rew_mean          | 87.1       |
| time/                   |            |
|    fps                  | 1472       |
|    iterations           | 124        |
|    time_elapsed         | 172        |
|    total_timesteps      | 1755136    |
| train/                  |            |
|    approx_kl            | 0.20029317 |
|    clip_fraction        | 0.638      |
|    clip_range           | 0.2        |
|    entropy_loss         | -3.33      |
|    explained_variance   | 0.9609089  |
|    learning_rate        | 0.0003     |
|    loss                 | 0.0801     |
|    n_updates            | 8560       |
|    policy_gradient_loss | -0.0441    |
|    std                  | 0.322      |
|    value_loss           | 0.95       |
----------------------------------------
---------------------------------------
| rollout/                |           |
|    ep_len_mean          | 348       |
|    ep_rew_mean          | 87.6      |
| time/                   |           |
|    fps                  | 1472      |
|    iterations           | 125       |
|    time_elapsed         | 173       |
|    total_timesteps      | 1757184   |
| train/                  |           |
|    approx_kl            | 0.1560962 |
|    clip_fraction        | 0.615     |
|    clip_range           | 0.2       |
|    entropy_loss         | -3.31     |
|    explained_variance   | 0.9793534 |
|    learning_rate        | 0.0003    |
|    loss                 | 0.245     |
|    n_updates            | 8570      |
|    policy_gradient_loss | -0.0505   |
|    std                  | 0.322     |
|    value_loss           | 1.21      |
---------------------------------------
----------------------------------------
| rollout/                |            |
|    ep_len_mean          | 350        |
|    ep_rew_mean          | 88         |
| time/                   |            |
|    fps                  | 1472       |
|    iterations           | 126        |
|    time_elapsed         | 175        |
|    total_timesteps      | 1759232    |
| train/                  |            |
|    approx_kl            | 0.16390097 |
|    clip_fraction        | 0.601      |
|    clip_range           | 0.2        |
|    entropy_loss         | -3.24      |
|    explained_variance   | 0.974451   |
|    learning_rate        | 0.0003     |
|    loss                 | 0.237      |
|    n_updates            | 8580       |
|    policy_gradient_loss | -0.0466    |
|    std                  | 0.32       |
|    value_loss           | 1.34       |
----------------------------------------
----------------------------------------
| rollout/                |            |
|    ep_len_mean          | 348        |
|    ep_rew_mean          | 87.8       |
| time/                   |            |
|    fps                  | 1472       |
|    iterations           | 127        |
|    time_elapsed         | 176        |
|    total_timesteps      | 1761280    |
| train/                  |            |
|    approx_kl            | 0.16744366 |
|    clip_fraction        | 0.604      |
|    clip_range           | 0.2        |
|    entropy_loss         | -3.18      |
|    explained_variance   | 0.9595379  |
|    learning_rate        | 0.0003     |
|    loss                 | 0.278      |
|    n_updates            | 8590       |
|    policy_gradient_loss | -0.0481    |
|    std                  | 0.319      |
|    value_loss           | 1.7        |
----------------------------------------
----------------------------------------
| rollout/                |            |
|    ep_len_mean          | 347        |
|    ep_rew_mean          | 87.8       |
| time/                   |            |
|    fps                  | 1472       |
|    iterations           | 128        |
|    time_elapsed         | 178        |
|    total_timesteps      | 1763328    |
| train/                  |            |
|    approx_kl            | 0.16773102 |
|    clip_fraction        | 0.564      |
|    clip_range           | 0.2        |
|    entropy_loss         | -3.14      |
|    explained_variance   | 0.9618012  |
|    learning_rate        | 0.0003     |
|    loss                 | 0.331      |
|    n_updates            | 8600       |
|    policy_gradient_loss | -0.0453    |
|    std                  | 0.319      |
|    value_loss           | 1.63       |
----------------------------------------
----------------------------------------
| rollout/                |            |
|    ep_len_mean          | 349        |
|    ep_rew_mean          | 88.1       |
| time/                   |            |
|    fps                  | 1472       |
|    iterations           | 129        |
|    time_elapsed         | 179        |
|    total_timesteps      | 1765376    |
| train/                  |            |
|    approx_kl            | 0.20147453 |
|    clip_fraction        | 0.646      |
|    clip_range           | 0.2        |
|    entropy_loss         | -3.1       |
|    explained_variance   | 0.9758563  |
|    learning_rate        | 0.0003     |
|    loss                 | 0.198      |
|    n_updates            | 8610       |
|    policy_gradient_loss | -0.0442    |
|    std                  | 0.318      |
|    value_loss           | 1.15       |
----------------------------------------
----------------------------------------
| rollout/                |            |
|    ep_len_mean          | 350        |
|    ep_rew_mean          | 89         |
| time/                   |            |
|    fps                  | 1472       |
|    iterations           | 130        |
|    time_elapsed         | 180        |
|    total_timesteps      | 1767424    |
| train/                  |            |
|    approx_kl            | 0.19680351 |
|    clip_fraction        | 0.633      |
|    clip_range           | 0.2        |
|    entropy_loss         | -3.06      |
|    explained_variance   | 0.9590832  |
|    learning_rate        | 0.0003     |
|    loss                 | 0.454      |
|    n_updates            | 8620       |
|    policy_gradient_loss | -0.0444    |
|    std                  | 0.317      |
|    value_loss           | 1.6        |
----------------------------------------
----------------------------------------
| rollout/                |            |
|    ep_len_mean          | 356        |
|    ep_rew_mean          | 91.1       |
| time/                   |            |
|    fps                  | 1471       |
|    iterations           | 131        |
|    time_elapsed         | 182        |
|    total_timesteps      | 1769472    |
| train/                  |            |
|    approx_kl            | 0.19577621 |
|    clip_fraction        | 0.652      |
|    clip_range           | 0.2        |
|    entropy_loss         | -3.03      |
|    explained_variance   | 0.9676445  |
|    learning_rate        | 0.0003     |
|    loss                 | 0.191      |
|    n_updates            | 8630       |
|    policy_gradient_loss | -0.0374    |
|    std                  | 0.316      |
|    value_loss           | 0.951      |
----------------------------------------
----------------------------------------
| rollout/                |            |
|    ep_len_mean          | 363        |
|    ep_rew_mean          | 93.9       |
| time/                   |            |
|    fps                  | 1471       |
|    iterations           | 132        |
|    time_elapsed         | 183        |
|    total_timesteps      | 1771520    |
| train/                  |            |
|    approx_kl            | 0.22001675 |
|    clip_fraction        | 0.657      |
|    clip_range           | 0.2        |
|    entropy_loss         | -2.99      |
|    explained_variance   | 0.9575407  |
|    learning_rate        | 0.0003     |
|    loss                 | 0.195      |
|    n_updates            | 8640       |
|    policy_gradient_loss | -0.0453    |
|    std                  | 0.315      |
|    value_loss           | 0.967      |
----------------------------------------
----------------------------------------
| rollout/                |            |
|    ep_len_mean          | 361        |
|    ep_rew_mean          | 93.6       |
| time/                   |            |
|    fps                  | 1471       |
|    iterations           | 133        |
|    time_elapsed         | 185        |
|    total_timesteps      | 1773568    |
| train/                  |            |
|    approx_kl            | 0.22433805 |
|    clip_fraction        | 0.659      |
|    clip_range           | 0.2        |
|    entropy_loss         | -2.91      |
|    explained_variance   | 0.96681255 |
|    learning_rate        | 0.0003     |
|    loss                 | 0.158      |
|    n_updates            | 8650       |
|    policy_gradient_loss | -0.0415    |
|    std                  | 0.313      |
|    value_loss           | 1.11       |
----------------------------------------
----------------------------------------
| rollout/                |            |
|    ep_len_mean          | 362        |
|    ep_rew_mean          | 94.3       |
| time/                   |            |
|    fps                  | 1471       |
|    iterations           | 134        |
|    time_elapsed         | 186        |
|    total_timesteps      | 1775616    |
| train/                  |            |
|    approx_kl            | 0.15457417 |
|    clip_fraction        | 0.614      |
|    clip_range           | 0.2        |
|    entropy_loss         | -2.85      |
|    explained_variance   | 0.96511245 |
|    learning_rate        | 0.0003     |
|    loss                 | 0.193      |
|    n_updates            | 8660       |
|    policy_gradient_loss | -0.034     |
|    std                  | 0.313      |
|    value_loss           | 1.36       |
----------------------------------------
----------------------------------------
| rollout/                |            |
|    ep_len_mean          | 359        |
|    ep_rew_mean          | 93.6       |
| time/                   |            |
|    fps                  | 1471       |
|    iterations           | 135        |
|    time_elapsed         | 187        |
|    total_timesteps      | 1777664    |
| train/                  |            |
|    approx_kl            | 0.21240535 |
|    clip_fraction        | 0.649      |
|    clip_range           | 0.2        |
|    entropy_loss         | -2.84      |
|    explained_variance   | 0.9807343  |
|    learning_rate        | 0.0003     |
|    loss                 | 0.092      |
|    n_updates            | 8670       |
|    policy_gradient_loss | -0.0377    |
|    std                  | 0.312      |
|    value_loss           | 0.649      |
----------------------------------------
----------------------------------------
| rollout/                |            |
|    ep_len_mean          | 355        |
|    ep_rew_mean          | 92.5       |
| time/                   |            |
|    fps                  | 1471       |
|    iterations           | 136        |
|    time_elapsed         | 189        |
|    total_timesteps      | 1779712    |
| train/                  |            |
|    approx_kl            | 0.19296147 |
|    clip_fraction        | 0.629      |
|    clip_range           | 0.2        |
|    entropy_loss         | -2.8       |
|    explained_variance   | 0.9824247  |
|    learning_rate        | 0.0003     |
|    loss                 | 0.0652     |
|    n_updates            | 8680       |
|    policy_gradient_loss | -0.0428    |
|    std                  | 0.312      |
|    value_loss           | 0.826      |
----------------------------------------
----------------------------------------
| rollout/                |            |
|    ep_len_mean          | 341        |
|    ep_rew_mean          | 88.4       |
| time/                   |            |
|    fps                  | 1471       |
|    iterations           | 137        |
|    time_elapsed         | 190        |
|    total_timesteps      | 1781760    |
| train/                  |            |
|    approx_kl            | 0.21230516 |
|    clip_fraction        | 0.643      |
|    clip_range           | 0.2        |
|    entropy_loss         | -2.77      |
|    explained_variance   | 0.979432   |
|    learning_rate        | 0.0003     |
|    loss                 | 0.148      |
|    n_updates            | 8690       |
|    policy_gradient_loss | -0.0486    |
|    std                  | 0.311      |
|    value_loss           | 0.929      |
----------------------------------------
----------------------------------------
| rollout/                |            |
|    ep_len_mean          | 338        |
|    ep_rew_mean          | 87.5       |
| time/                   |            |
|    fps                  | 1471       |
|    iterations           | 138        |
|    time_elapsed         | 192        |
|    total_timesteps      | 1783808    |
| train/                  |            |
|    approx_kl            | 0.17318162 |
|    clip_fraction        | 0.617      |
|    clip_range           | 0.2        |
|    entropy_loss         | -2.74      |
|    explained_variance   | 0.97303206 |
|    learning_rate        | 0.0003     |
|    loss                 | 0.143      |
|    n_updates            | 8700       |
|    policy_gradient_loss | -0.044     |
|    std                  | 0.311      |
|    value_loss           | 1.12       |
----------------------------------------
----------------------------------------
| rollout/                |            |
|    ep_len_mean          | 324        |
|    ep_rew_mean          | 82.9       |
| time/                   |            |
|    fps                  | 1471       |
|    iterations           | 139        |
|    time_elapsed         | 193        |
|    total_timesteps      | 1785856    |
| train/                  |            |
|    approx_kl            | 0.19599903 |
|    clip_fraction        | 0.673      |
|    clip_range           | 0.2        |
|    entropy_loss         | -2.71      |
|    explained_variance   | 0.981796   |
|    learning_rate        | 0.0003     |
|    loss                 | 0.092      |
|    n_updates            | 8710       |
|    policy_gradient_loss | -0.0463    |
|    std                  | 0.31       |
|    value_loss           | 0.831      |
----------------------------------------
----------------------------------------
| rollout/                |            |
|    ep_len_mean          | 326        |
|    ep_rew_mean          | 83.4       |
| time/                   |            |
|    fps                  | 1471       |
|    iterations           | 140        |
|    time_elapsed         | 194        |
|    total_timesteps      | 1787904    |
| train/                  |            |
|    approx_kl            | 0.17785597 |
|    clip_fraction        | 0.579      |
|    clip_range           | 0.2        |
|    entropy_loss         | -2.69      |
|    explained_variance   | 0.9495912  |
|    learning_rate        | 0.0003     |
|    loss                 | 0.161      |
|    n_updates            | 8720       |
|    policy_gradient_loss | -0.0445    |
|    std                  | 0.31       |
|    value_loss           | 1.57       |
----------------------------------------
----------------------------------------
| rollout/                |            |
|    ep_len_mean          | 323        |
|    ep_rew_mean          | 82.6       |
| time/                   |            |
|    fps                  | 1470       |
|    iterations           | 141        |
|    time_elapsed         | 196        |
|    total_timesteps      | 1789952    |
| train/                  |            |
|    approx_kl            | 0.18349756 |
|    clip_fraction        | 0.632      |
|    clip_range           | 0.2        |
|    entropy_loss         | -2.71      |
|    explained_variance   | 0.9709129  |
|    learning_rate        | 0.0003     |
|    loss                 | 0.504      |
|    n_updates            | 8730       |
|    policy_gradient_loss | -0.0455    |
|    std                  | 0.311      |
|    value_loss           | 1.41       |
----------------------------------------
----------------------------------------
| rollout/                |            |
|    ep_len_mean          | 324        |
|    ep_rew_mean          | 83.1       |
| time/                   |            |
|    fps                  | 1470       |
|    iterations           | 142        |
|    time_elapsed         | 197        |
|    total_timesteps      | 1792000    |
| train/                  |            |
|    approx_kl            | 0.19656208 |
|    clip_fraction        | 0.64       |
|    clip_range           | 0.2        |
|    entropy_loss         | -2.72      |
|    explained_variance   | 0.974594   |
|    learning_rate        | 0.0003     |
|    loss                 | 0.284      |
|    n_updates            | 8740       |
|    policy_gradient_loss | -0.0415    |
|    std                  | 0.31       |
|    value_loss           | 0.957      |
----------------------------------------
----------------------------------------
| rollout/                |            |
|    ep_len_mean          | 327        |
|    ep_rew_mean          | 84.3       |
| time/                   |            |
|    fps                  | 1470       |
|    iterations           | 143        |
|    time_elapsed         | 199        |
|    total_timesteps      | 1794048    |
| train/                  |            |
|    approx_kl            | 0.22457734 |
|    clip_fraction        | 0.639      |
|    clip_range           | 0.2        |
|    entropy_loss         | -2.73      |
|    explained_variance   | 0.9667273  |
|    learning_rate        | 0.0003     |
|    loss                 | 0.209      |
|    n_updates            | 8750       |
|    policy_gradient_loss | -0.044     |
|    std                  | 0.311      |
|    value_loss           | 1.65       |
----------------------------------------
----------------------------------------
| rollout/                |            |
|    ep_len_mean          | 328        |
|    ep_rew_mean          | 83.9       |
| time/                   |            |
|    fps                  | 1470       |
|    iterations           | 144        |
|    time_elapsed         | 200        |
|    total_timesteps      | 1796096    |
| train/                  |            |
|    approx_kl            | 0.19812554 |
|    clip_fraction        | 0.656      |
|    clip_range           | 0.2        |
|    entropy_loss         | -2.75      |
|    explained_variance   | 0.9786238  |
|    learning_rate        | 0.0003     |
|    loss                 | 0.066      |
|    n_updates            | 8760       |
|    policy_gradient_loss | -0.0316    |
|    std                  | 0.311      |
|    value_loss           | 0.934      |
----------------------------------------
---------------------------------------
| rollout/                |           |
|    ep_len_mean          | 329       |
|    ep_rew_mean          | 83.9      |
| time/                   |           |
|    fps                  | 1470      |
|    iterations           | 145       |
|    time_elapsed         | 201       |
|    total_timesteps      | 1798144   |
| train/                  |           |
|    approx_kl            | 0.1909464 |
|    clip_fraction        | 0.63      |
|    clip_range           | 0.2       |
|    entropy_loss         | -2.76     |
|    explained_variance   | 0.9598652 |
|    learning_rate        | 0.0003    |
|    loss                 | 0.452     |
|    n_updates            | 8770      |
|    policy_gradient_loss | -0.0399   |
|    std                  | 0.311     |
|    value_loss           | 1.28      |
---------------------------------------
----------------------------------------
| rollout/                |            |
|    ep_len_mean          | 328        |
|    ep_rew_mean          | 84.1       |
| time/                   |            |
|    fps                  | 1470       |
|    iterations           | 146        |
|    time_elapsed         | 203        |
|    total_timesteps      | 1800192    |
| train/                  |            |
|    approx_kl            | 0.17939892 |
|    clip_fraction        | 0.626      |
|    clip_range           | 0.2        |
|    entropy_loss         | -2.75      |
|    explained_variance   | 0.9460061  |
|    learning_rate        | 0.0003     |
|    loss                 | 0.187      |
|    n_updates            | 8780       |
|    policy_gradient_loss | -0.0453    |
|    std                  | 0.31       |
|    value_loss           | 1.7        |
----------------------------------------
----------------------------------------
| rollout/                |            |
|    ep_len_mean          | 334        |
|    ep_rew_mean          | 85.5       |
| time/                   |            |
|    fps                  | 1469       |
|    iterations           | 147        |
|    time_elapsed         | 204        |
|    total_timesteps      | 1802240    |
| train/                  |            |
|    approx_kl            | 0.23412627 |
|    clip_fraction        | 0.672      |
|    clip_range           | 0.2        |
|    entropy_loss         | -2.71      |
|    explained_variance   | 0.9685995  |
|    learning_rate        | 0.0003     |
|    loss                 | 0.319      |
|    n_updates            | 8790       |
|    policy_gradient_loss | -0.048     |
|    std                  | 0.31       |
|    value_loss           | 1.02       |
----------------------------------------
----------------------------------------
| rollout/                |            |
|    ep_len_mean          | 328        |
|    ep_rew_mean          | 83.3       |
| time/                   |            |
|    fps                  | 1469       |
|    iterations           | 148        |
|    time_elapsed         | 206        |
|    total_timesteps      | 1804288    |
| train/                  |            |
|    approx_kl            | 0.20043704 |
|    clip_fraction        | 0.67       |
|    clip_range           | 0.2        |
|    entropy_loss         | -2.73      |
|    explained_variance   | 0.9763294  |
|    learning_rate        | 0.0003     |
|    loss                 | 0.159      |
|    n_updates            | 8800       |
|    policy_gradient_loss | -0.0434    |
|    std                  | 0.31       |
|    value_loss           | 0.953      |
----------------------------------------
----------------------------------------
| rollout/                |            |
|    ep_len_mean          | 330        |
|    ep_rew_mean          | 83.7       |
| time/                   |            |
|    fps                  | 1469       |
|    iterations           | 149        |
|    time_elapsed         | 207        |
|    total_timesteps      | 1806336    |
| train/                  |            |
|    approx_kl            | 0.20017228 |
|    clip_fraction        | 0.65       |
|    clip_range           | 0.2        |
|    entropy_loss         | -2.74      |
|    explained_variance   | 0.9668331  |
|    learning_rate        | 0.0003     |
|    loss                 | 0.136      |
|    n_updates            | 8810       |
|    policy_gradient_loss | -0.0465    |
|    std                  | 0.312      |
|    value_loss           | 1.06       |
----------------------------------------
---------------------------------------
| rollout/                |           |
|    ep_len_mean          | 331       |
|    ep_rew_mean          | 83.6      |
| time/                   |           |
|    fps                  | 1469      |
|    iterations           | 150       |
|    time_elapsed         | 209       |
|    total_timesteps      | 1808384   |
| train/                  |           |
|    approx_kl            | 0.169352  |
|    clip_fraction        | 0.627     |
|    clip_range           | 0.2       |
|    entropy_loss         | -2.75     |
|    explained_variance   | 0.9637388 |
|    learning_rate        | 0.0003    |
|    loss                 | 0.315     |
|    n_updates            | 8820      |
|    policy_gradient_loss | -0.0444   |
|    std                  | 0.311     |
|    value_loss           | 1.25      |
---------------------------------------
---------------------------------------
| rollout/                |           |
|    ep_len_mean          | 337       |
|    ep_rew_mean          | 85.8      |
| time/                   |           |
|    fps                  | 1468      |
|    iterations           | 151       |
|    time_elapsed         | 210       |
|    total_timesteps      | 1810432   |
| train/                  |           |
|    approx_kl            | 0.1750322 |
|    clip_fraction        | 0.624     |
|    clip_range           | 0.2       |
|    entropy_loss         | -2.71     |
|    explained_variance   | 0.9358069 |
|    learning_rate        | 0.0003    |
|    loss                 | 0.54      |
|    n_updates            | 8830      |
|    policy_gradient_loss | -0.0457   |
|    std                  | 0.31      |
|    value_loss           | 1.98      |
---------------------------------------
----------------------------------------
| rollout/                |            |
|    ep_len_mean          | 340        |
|    ep_rew_mean          | 86.3       |
| time/                   |            |
|    fps                  | 1468       |
|    iterations           | 152        |
|    time_elapsed         | 211        |
|    total_timesteps      | 1812480    |
| train/                  |            |
|    approx_kl            | 0.20291764 |
|    clip_fraction        | 0.673      |
|    clip_range           | 0.2        |
|    entropy_loss         | -2.65      |
|    explained_variance   | 0.95855826 |
|    learning_rate        | 0.0003     |
|    loss                 | 0.166      |
|    n_updates            | 8840       |
|    policy_gradient_loss | -0.0379    |
|    std                  | 0.309      |
|    value_loss           | 1.17       |
----------------------------------------
----------------------------------------
| rollout/                |            |
|    ep_len_mean          | 340        |
|    ep_rew_mean          | 86.3       |
| time/                   |            |
|    fps                  | 1468       |
|    iterations           | 153        |
|    time_elapsed         | 213        |
|    total_timesteps      | 1814528    |
| train/                  |            |
|    approx_kl            | 0.23550206 |
|    clip_fraction        | 0.674      |
|    clip_range           | 0.2        |
|    entropy_loss         | -2.64      |
|    explained_variance   | 0.97994137 |
|    learning_rate        | 0.0003     |
|    loss                 | 0.0797     |
|    n_updates            | 8850       |
|    policy_gradient_loss | -0.0411    |
|    std                  | 0.309      |
|    value_loss           | 0.745      |
----------------------------------------
----------------------------------------
| rollout/                |            |
|    ep_len_mean          | 351        |
|    ep_rew_mean          | 89.8       |
| time/                   |            |
|    fps                  | 1467       |
|    iterations           | 154        |
|    time_elapsed         | 214        |
|    total_timesteps      | 1816576    |
| train/                  |            |
|    approx_kl            | 0.19175828 |
|    clip_fraction        | 0.593      |
|    clip_range           | 0.2        |
|    entropy_loss         | -2.63      |
|    explained_variance   | 0.9571758  |
|    learning_rate        | 0.0003     |
|    loss                 | 0.181      |
|    n_updates            | 8860       |
|    policy_gradient_loss | -0.0491    |
|    std                  | 0.309      |
|    value_loss           | 1.39       |
----------------------------------------
----------------------------------------
| rollout/                |            |
|    ep_len_mean          | 350        |
|    ep_rew_mean          | 89.1       |
| time/                   |            |
|    fps                  | 1467       |
|    iterations           | 155        |
|    time_elapsed         | 216        |
|    total_timesteps      | 1818624    |
| train/                  |            |
|    approx_kl            | 0.2374782  |
|    clip_fraction        | 0.672      |
|    clip_range           | 0.2        |
|    entropy_loss         | -2.62      |
|    explained_variance   | 0.95673716 |
|    learning_rate        | 0.0003     |
|    loss                 | 0.136      |
|    n_updates            | 8870       |
|    policy_gradient_loss | -0.0404    |
|    std                  | 0.309      |
|    value_loss           | 1.47       |
----------------------------------------
---------------------------------------
| rollout/                |           |
|    ep_len_mean          | 355       |
|    ep_rew_mean          | 90.8      |
| time/                   |           |
|    fps                  | 1467      |
|    iterations           | 156       |
|    time_elapsed         | 217       |
|    total_timesteps      | 1820672   |
| train/                  |           |
|    approx_kl            | 0.1833555 |
|    clip_fraction        | 0.596     |
|    clip_range           | 0.2       |
|    entropy_loss         | -2.59     |
|    explained_variance   | 0.9470858 |
|    learning_rate        | 0.0003    |
|    loss                 | 0.28      |
|    n_updates            | 8880      |
|    policy_gradient_loss | -0.0416   |
|    std                  | 0.308     |
|    value_loss           | 1.72      |
---------------------------------------
----------------------------------------
| rollout/                |            |
|    ep_len_mean          | 367        |
|    ep_rew_mean          | 94.8       |
| time/                   |            |
|    fps                  | 1466       |
|    iterations           | 157        |
|    time_elapsed         | 219        |
|    total_timesteps      | 1822720    |
| train/                  |            |
|    approx_kl            | 0.24257773 |
|    clip_fraction        | 0.674      |
|    clip_range           | 0.2        |
|    entropy_loss         | -2.58      |
|    explained_variance   | 0.96251404 |
|    learning_rate        | 0.0003     |
|    loss                 | 0.0898     |
|    n_updates            | 8890       |
|    policy_gradient_loss | -0.0516    |
|    std                  | 0.308      |
|    value_loss           | 0.836      |
----------------------------------------
----------------------------------------
| rollout/                |            |
|    ep_len_mean          | 372        |
|    ep_rew_mean          | 96.2       |
| time/                   |            |
|    fps                  | 1465       |
|    iterations           | 158        |
|    time_elapsed         | 220        |
|    total_timesteps      | 1824768    |
| train/                  |            |
|    approx_kl            | 0.25417975 |
|    clip_fraction        | 0.67       |
|    clip_range           | 0.2        |
|    entropy_loss         | -2.59      |
|    explained_variance   | 0.9803514  |
|    learning_rate        | 0.0003     |
|    loss                 | 0.175      |
|    n_updates            | 8900       |
|    policy_gradient_loss | -0.0404    |
|    std                  | 0.308      |
|    value_loss           | 0.724      |
----------------------------------------
----------------------------------------
| rollout/                |            |
|    ep_len_mean          | 378        |
|    ep_rew_mean          | 97.8       |
| time/                   |            |
|    fps                  | 1465       |
|    iterations           | 159        |
|    time_elapsed         | 222        |
|    total_timesteps      | 1826816    |
| train/                  |            |
|    approx_kl            | 0.18635038 |
|    clip_fraction        | 0.654      |
|    clip_range           | 0.2        |
|    entropy_loss         | -2.61      |
|    explained_variance   | 0.96538734 |
|    learning_rate        | 0.0003     |
|    loss                 | 0.199      |
|    n_updates            | 8910       |
|    policy_gradient_loss | -0.0485    |
|    std                  | 0.309      |
|    value_loss           | 1.07       |
----------------------------------------
----------------------------------------
| rollout/                |            |
|    ep_len_mean          | 383        |
|    ep_rew_mean          | 98.9       |
| time/                   |            |
|    fps                  | 1464       |
|    iterations           | 160        |
|    time_elapsed         | 223        |
|    total_timesteps      | 1828864    |
| train/                  |            |
|    approx_kl            | 0.15518649 |
|    clip_fraction        | 0.585      |
|    clip_range           | 0.2        |
|    entropy_loss         | -2.6       |
|    explained_variance   | 0.9520785  |
|    learning_rate        | 0.0003     |
|    loss                 | 0.175      |
|    n_updates            | 8920       |
|    policy_gradient_loss | -0.049     |
|    std                  | 0.307      |
|    value_loss           | 1.44       |
----------------------------------------
----------------------------------------
| rollout/                |            |
|    ep_len_mean          | 386        |
|    ep_rew_mean          | 99.1       |
| time/                   |            |
|    fps                  | 1463       |
|    iterations           | 161        |
|    time_elapsed         | 225        |
|    total_timesteps      | 1830912    |
| train/                  |            |
|    approx_kl            | 0.14131898 |
|    clip_fraction        | 0.608      |
|    clip_range           | 0.2        |
|    entropy_loss         | -2.57      |
|    explained_variance   | 0.9432308  |
|    learning_rate        | 0.0003     |
|    loss                 | 0.282      |
|    n_updates            | 8930       |
|    policy_gradient_loss | -0.0458    |
|    std                  | 0.307      |
|    value_loss           | 2.21       |
----------------------------------------
----------------------------------------
| rollout/                |            |
|    ep_len_mean          | 393        |
|    ep_rew_mean          | 101        |
| time/                   |            |
|    fps                  | 1463       |
|    iterations           | 162        |
|    time_elapsed         | 226        |
|    total_timesteps      | 1832960    |
| train/                  |            |
|    approx_kl            | 0.17389748 |
|    clip_fraction        | 0.616      |
|    clip_range           | 0.2        |
|    entropy_loss         | -2.54      |
|    explained_variance   | 0.91227376 |
|    learning_rate        | 0.0003     |
|    loss                 | 0.23       |
|    n_updates            | 8940       |
|    policy_gradient_loss | -0.0414    |
|    std                  | 0.306      |
|    value_loss           | 1.98       |
----------------------------------------
---------------------------------------
| rollout/                |           |
|    ep_len_mean          | 395       |
|    ep_rew_mean          | 102       |
| time/                   |           |
|    fps                  | 1463      |
|    iterations           | 163       |
|    time_elapsed         | 228       |
|    total_timesteps      | 1835008   |
| train/                  |           |
|    approx_kl            | 0.1804407 |
|    clip_fraction        | 0.615     |
|    clip_range           | 0.2       |
|    entropy_loss         | -2.51     |
|    explained_variance   | 0.9510825 |
|    learning_rate        | 0.0003    |
|    loss                 | 0.29      |
|    n_updates            | 8950      |
|    policy_gradient_loss | -0.0425   |
|    std                  | 0.306     |
|    value_loss           | 1.54      |
---------------------------------------
----------------------------------------
| rollout/                |            |
|    ep_len_mean          | 392        |
|    ep_rew_mean          | 102        |
| time/                   |            |
|    fps                  | 1463       |
|    iterations           | 164        |
|    time_elapsed         | 229        |
|    total_timesteps      | 1837056    |
| train/                  |            |
|    approx_kl            | 0.13904408 |
|    clip_fraction        | 0.595      |
|    clip_range           | 0.2        |
|    entropy_loss         | -2.51      |
|    explained_variance   | 0.9417527  |
|    learning_rate        | 0.0003     |
|    loss                 | 1.09       |
|    n_updates            | 8960       |
|    policy_gradient_loss | -0.0469    |
|    std                  | 0.306      |
|    value_loss           | 2.72       |
----------------------------------------
----------------------------------------
| rollout/                |            |
|    ep_len_mean          | 395        |
|    ep_rew_mean          | 102        |
| time/                   |            |
|    fps                  | 1462       |
|    iterations           | 165        |
|    time_elapsed         | 230        |
|    total_timesteps      | 1839104    |
| train/                  |            |
|    approx_kl            | 0.22439483 |
|    clip_fraction        | 0.671      |
|    clip_range           | 0.2        |
|    entropy_loss         | -2.48      |
|    explained_variance   | 0.9690176  |
|    learning_rate        | 0.0003     |
|    loss                 | 0.11       |
|    n_updates            | 8970       |
|    policy_gradient_loss | -0.0504    |
|    std                  | 0.305      |
|    value_loss           | 1.4        |
----------------------------------------
----------------------------------------
| rollout/                |            |
|    ep_len_mean          | 389        |
|    ep_rew_mean          | 100        |
| time/                   |            |
|    fps                  | 1462       |
|    iterations           | 166        |
|    time_elapsed         | 232        |
|    total_timesteps      | 1841152    |
| train/                  |            |
|    approx_kl            | 0.19922104 |
|    clip_fraction        | 0.659      |
|    clip_range           | 0.2        |
|    entropy_loss         | -2.47      |
|    explained_variance   | 0.9616605  |
|    learning_rate        | 0.0003     |
|    loss                 | 0.334      |
|    n_updates            | 8980       |
|    policy_gradient_loss | -0.0402    |
|    std                  | 0.304      |
|    value_loss           | 1.12       |
----------------------------------------
----------------------------------------
| rollout/                |            |
|    ep_len_mean          | 397        |
|    ep_rew_mean          | 103        |
| time/                   |            |
|    fps                  | 1461       |
|    iterations           | 167        |
|    time_elapsed         | 233        |
|    total_timesteps      | 1843200    |
| train/                  |            |
|    approx_kl            | 0.25174916 |
|    clip_fraction        | 0.672      |
|    clip_range           | 0.2        |
|    entropy_loss         | -2.48      |
|    explained_variance   | 0.95773816 |
|    learning_rate        | 0.0003     |
|    loss                 | 0.244      |
|    n_updates            | 8990       |
|    policy_gradient_loss | -0.0351    |
|    std                  | 0.306      |
|    value_loss           | 1.4        |
----------------------------------------
----------------------------------------
| rollout/                |            |
|    ep_len_mean          | 388        |
|    ep_rew_mean          | 101        |
| time/                   |            |
|    fps                  | 1462       |
|    iterations           | 168        |
|    time_elapsed         | 235        |
|    total_timesteps      | 1845248    |
| train/                  |            |
|    approx_kl            | 0.24197513 |
|    clip_fraction        | 0.682      |
|    clip_range           | 0.2        |
|    entropy_loss         | -2.5       |
|    explained_variance   | 0.9684412  |
|    learning_rate        | 0.0003     |
|    loss                 | 0.078      |
|    n_updates            | 9000       |
|    policy_gradient_loss | -0.0342    |
|    std                  | 0.305      |
|    value_loss           | 0.898      |
----------------------------------------
----------------------------------------
| rollout/                |            |
|    ep_len_mean          | 385        |
|    ep_rew_mean          | 100        |
| time/                   |            |
|    fps                  | 1462       |
|    iterations           | 169        |
|    time_elapsed         | 236        |
|    total_timesteps      | 1847296    |
| train/                  |            |
|    approx_kl            | 0.17106009 |
|    clip_fraction        | 0.583      |
|    clip_range           | 0.2        |
|    entropy_loss         | -2.49      |
|    explained_variance   | 0.9747196  |
|    learning_rate        | 0.0003     |
|    loss                 | 0.251      |
|    n_updates            | 9010       |
|    policy_gradient_loss | -0.0452    |
|    std                  | 0.305      |
|    value_loss           | 1.07       |
----------------------------------------
----------------------------------------
| rollout/                |            |
|    ep_len_mean          | 382        |
|    ep_rew_mean          | 98.8       |
| time/                   |            |
|    fps                  | 1461       |
|    iterations           | 170        |
|    time_elapsed         | 238        |
|    total_timesteps      | 1849344    |
| train/                  |            |
|    approx_kl            | 0.20410287 |
|    clip_fraction        | 0.637      |
|    clip_range           | 0.2        |
|    entropy_loss         | -2.46      |
|    explained_variance   | 0.97670054 |
|    learning_rate        | 0.0003     |
|    loss                 | 0.417      |
|    n_updates            | 9020       |
|    policy_gradient_loss | -0.0409    |
|    std                  | 0.304      |
|    value_loss           | 1.34       |
----------------------------------------
----------------------------------------
| rollout/                |            |
|    ep_len_mean          | 386        |
|    ep_rew_mean          | 99.7       |
| time/                   |            |
|    fps                  | 1460       |
|    iterations           | 171        |
|    time_elapsed         | 239        |
|    total_timesteps      | 1851392    |
| train/                  |            |
|    approx_kl            | 0.17749216 |
|    clip_fraction        | 0.64       |
|    clip_range           | 0.2        |
|    entropy_loss         | -2.42      |
|    explained_variance   | 0.96344477 |
|    learning_rate        | 0.0003     |
|    loss                 | 0.122      |
|    n_updates            | 9030       |
|    policy_gradient_loss | -0.0478    |
|    std                  | 0.304      |
|    value_loss           | 1.3        |
----------------------------------------
----------------------------------------
| rollout/                |            |
|    ep_len_mean          | 400        |
|    ep_rew_mean          | 104        |
| time/                   |            |
|    fps                  | 1459       |
|    iterations           | 172        |
|    time_elapsed         | 241        |
|    total_timesteps      | 1853440    |
| train/                  |            |
|    approx_kl            | 0.19673036 |
|    clip_fraction        | 0.658      |
|    clip_range           | 0.2        |
|    entropy_loss         | -2.37      |
|    explained_variance   | 0.927586   |
|    learning_rate        | 0.0003     |
|    loss                 | 0.399      |
|    n_updates            | 9040       |
|    policy_gradient_loss | -0.0422    |
|    std                  | 0.302      |
|    value_loss           | 1.73       |
----------------------------------------
----------------------------------------
| rollout/                |            |
|    ep_len_mean          | 396        |
|    ep_rew_mean          | 102        |
| time/                   |            |
|    fps                  | 1459       |
|    iterations           | 173        |
|    time_elapsed         | 242        |
|    total_timesteps      | 1855488    |
| train/                  |            |
|    approx_kl            | 0.18488239 |
|    clip_fraction        | 0.621      |
|    clip_range           | 0.2        |
|    entropy_loss         | -2.33      |
|    explained_variance   | 0.8414883  |
|    learning_rate        | 0.0003     |
|    loss                 | 0.537      |
|    n_updates            | 9050       |
|    policy_gradient_loss | -0.0408    |
|    std                  | 0.302      |
|    value_loss           | 2.98       |
----------------------------------------
----------------------------------------
| rollout/                |            |
|    ep_len_mean          | 390        |
|    ep_rew_mean          | 101        |
| time/                   |            |
|    fps                  | 1459       |
|    iterations           | 174        |
|    time_elapsed         | 244        |
|    total_timesteps      | 1857536    |
| train/                  |            |
|    approx_kl            | 0.20111173 |
|    clip_fraction        | 0.634      |
|    clip_range           | 0.2        |
|    entropy_loss         | -2.3       |
|    explained_variance   | 0.96861804 |
|    learning_rate        | 0.0003     |
|    loss                 | 0.134      |
|    n_updates            | 9060       |
|    policy_gradient_loss | -0.037     |
|    std                  | 0.301      |
|    value_loss           | 1.2        |
----------------------------------------
----------------------------------------
| rollout/                |            |
|    ep_len_mean          | 393        |
|    ep_rew_mean          | 101        |
| time/                   |            |
|    fps                  | 1458       |
|    iterations           | 175        |
|    time_elapsed         | 245        |
|    total_timesteps      | 1859584    |
| train/                  |            |
|    approx_kl            | 0.27224815 |
|    clip_fraction        | 0.695      |
|    clip_range           | 0.2        |
|    entropy_loss         | -2.28      |
|    explained_variance   | 0.9842114  |
|    learning_rate        | 0.0003     |
|    loss                 | 0.15       |
|    n_updates            | 9070       |
|    policy_gradient_loss | -0.0346    |
|    std                  | 0.301      |
|    value_loss           | 0.802      |
----------------------------------------
----------------------------------------
| rollout/                |            |
|    ep_len_mean          | 390        |
|    ep_rew_mean          | 99.5       |
| time/                   |            |
|    fps                  | 1458       |
|    iterations           | 176        |
|    time_elapsed         | 247        |
|    total_timesteps      | 1861632    |
| train/                  |            |
|    approx_kl            | 0.16441008 |
|    clip_fraction        | 0.631      |
|    clip_range           | 0.2        |
|    entropy_loss         | -2.26      |
|    explained_variance   | 0.8828631  |
|    learning_rate        | 0.0003     |
|    loss                 | 0.321      |
|    n_updates            | 9080       |
|    policy_gradient_loss | -0.0476    |
|    std                  | 0.3        |
|    value_loss           | 2.22       |
----------------------------------------
----------------------------------------
| rollout/                |            |
|    ep_len_mean          | 377        |
|    ep_rew_mean          | 95.2       |
| time/                   |            |
|    fps                  | 1458       |
|    iterations           | 177        |
|    time_elapsed         | 248        |
|    total_timesteps      | 1863680    |
| train/                  |            |
|    approx_kl            | 0.25460315 |
|    clip_fraction        | 0.677      |
|    clip_range           | 0.2        |
|    entropy_loss         | -2.23      |
|    explained_variance   | 0.9352991  |
|    learning_rate        | 0.0003     |
|    loss                 | 0.232      |
|    n_updates            | 9090       |
|    policy_gradient_loss | -0.0419    |
|    std                  | 0.3        |
|    value_loss           | 1.47       |
----------------------------------------
----------------------------------------
| rollout/                |            |
|    ep_len_mean          | 379        |
|    ep_rew_mean          | 95.3       |
| time/                   |            |
|    fps                  | 1457       |
|    iterations           | 178        |
|    time_elapsed         | 250        |
|    total_timesteps      | 1865728    |
| train/                  |            |
|    approx_kl            | 0.20777752 |
|    clip_fraction        | 0.606      |
|    clip_range           | 0.2        |
|    entropy_loss         | -2.21      |
|    explained_variance   | 0.9699913  |
|    learning_rate        | 0.0003     |
|    loss                 | 0.47       |
|    n_updates            | 9100       |
|    policy_gradient_loss | -0.0388    |
|    std                  | 0.299      |
|    value_loss           | 1.26       |
----------------------------------------
----------------------------------------
| rollout/                |            |
|    ep_len_mean          | 376        |
|    ep_rew_mean          | 94.1       |
| time/                   |            |
|    fps                  | 1457       |
|    iterations           | 179        |
|    time_elapsed         | 251        |
|    total_timesteps      | 1867776    |
| train/                  |            |
|    approx_kl            | 0.16955821 |
|    clip_fraction        | 0.606      |
|    clip_range           | 0.2        |
|    entropy_loss         | -2.15      |
|    explained_variance   | 0.8948988  |
|    learning_rate        | 0.0003     |
|    loss                 | 0.609      |
|    n_updates            | 9110       |
|    policy_gradient_loss | -0.0503    |
|    std                  | 0.298      |
|    value_loss           | 3.02       |
----------------------------------------
----------------------------------------
| rollout/                |            |
|    ep_len_mean          | 367        |
|    ep_rew_mean          | 91.3       |
| time/                   |            |
|    fps                  | 1457       |
|    iterations           | 180        |
|    time_elapsed         | 252        |
|    total_timesteps      | 1869824    |
| train/                  |            |
|    approx_kl            | 0.20188205 |
|    clip_fraction        | 0.647      |
|    clip_range           | 0.2        |
|    entropy_loss         | -2.09      |
|    explained_variance   | 0.9262007  |
|    learning_rate        | 0.0003     |
|    loss                 | 0.238      |
|    n_updates            | 9120       |
|    policy_gradient_loss | -0.0424    |
|    std                  | 0.297      |
|    value_loss           | 1.71       |
----------------------------------------
----------------------------------------
| rollout/                |            |
|    ep_len_mean          | 376        |
|    ep_rew_mean          | 94.1       |
| time/                   |            |
|    fps                  | 1456       |
|    iterations           | 181        |
|    time_elapsed         | 254        |
|    total_timesteps      | 1871872    |
| train/                  |            |
|    approx_kl            | 0.2394839  |
|    clip_fraction        | 0.673      |
|    clip_range           | 0.2        |
|    entropy_loss         | -2.01      |
|    explained_variance   | 0.97362435 |
|    learning_rate        | 0.0003     |
|    loss                 | -0.0379    |
|    n_updates            | 9130       |
|    policy_gradient_loss | -0.027     |
|    std                  | 0.295      |
|    value_loss           | 0.711      |
----------------------------------------
----------------------------------------
| rollout/                |            |
|    ep_len_mean          | 379        |
|    ep_rew_mean          | 93.7       |
| time/                   |            |
|    fps                  | 1456       |
|    iterations           | 182        |
|    time_elapsed         | 255        |
|    total_timesteps      | 1873920    |
| train/                  |            |
|    approx_kl            | 0.23261264 |
|    clip_fraction        | 0.681      |
|    clip_range           | 0.2        |
|    entropy_loss         | -1.94      |
|    explained_variance   | 0.9772799  |
|    learning_rate        | 0.0003     |
|    loss                 | 0.0978     |
|    n_updates            | 9140       |
|    policy_gradient_loss | -0.0366    |
|    std                  | 0.294      |
|    value_loss           | 0.695      |
----------------------------------------
----------------------------------------
| rollout/                |            |
|    ep_len_mean          | 383        |
|    ep_rew_mean          | 94.7       |
| time/                   |            |
|    fps                  | 1455       |
|    iterations           | 183        |
|    time_elapsed         | 257        |
|    total_timesteps      | 1875968    |
| train/                  |            |
|    approx_kl            | 0.13824904 |
|    clip_fraction        | 0.594      |
|    clip_range           | 0.2        |
|    entropy_loss         | -1.93      |
|    explained_variance   | 0.91973037 |
|    learning_rate        | 0.0003     |
|    loss                 | 0.493      |
|    n_updates            | 9150       |
|    policy_gradient_loss | -0.041     |
|    std                  | 0.294      |
|    value_loss           | 2.54       |
----------------------------------------
----------------------------------------
| rollout/                |            |
|    ep_len_mean          | 390        |
|    ep_rew_mean          | 97.2       |
| time/                   |            |
|    fps                  | 1454       |
|    iterations           | 184        |
|    time_elapsed         | 259        |
|    total_timesteps      | 1878016    |
| train/                  |            |
|    approx_kl            | 0.18928778 |
|    clip_fraction        | 0.626      |
|    clip_range           | 0.2        |
|    entropy_loss         | -1.92      |
|    explained_variance   | 0.9209536  |
|    learning_rate        | 0.0003     |
|    loss                 | 0.259      |
|    n_updates            | 9160       |
|    policy_gradient_loss | -0.0447    |
|    std                  | 0.294      |
|    value_loss           | 1.96       |
----------------------------------------
----------------------------------------
| rollout/                |            |
|    ep_len_mean          | 387        |
|    ep_rew_mean          | 96.3       |
| time/                   |            |
|    fps                  | 1454       |
|    iterations           | 185        |
|    time_elapsed         | 260        |
|    total_timesteps      | 1880064    |
| train/                  |            |
|    approx_kl            | 0.24840839 |
|    clip_fraction        | 0.674      |
|    clip_range           | 0.2        |
|    entropy_loss         | -1.91      |
|    explained_variance   | 0.882502   |
|    learning_rate        | 0.0003     |
|    loss                 | 0.836      |
|    n_updates            | 9170       |
|    policy_gradient_loss | -0.0426    |
|    std                  | 0.295      |
|    value_loss           | 1.97       |
----------------------------------------
----------------------------------------
| rollout/                |            |
|    ep_len_mean          | 384        |
|    ep_rew_mean          | 94.9       |
| time/                   |            |
|    fps                  | 1454       |
|    iterations           | 186        |
|    time_elapsed         | 261        |
|    total_timesteps      | 1882112    |
| train/                  |            |
|    approx_kl            | 0.26964724 |
|    clip_fraction        | 0.707      |
|    clip_range           | 0.2        |
|    entropy_loss         | -1.9       |
|    explained_variance   | 0.97758234 |
|    learning_rate        | 0.0003     |
|    loss                 | 0.0886     |
|    n_updates            | 9180       |
|    policy_gradient_loss | -0.0332    |
|    std                  | 0.293      |
|    value_loss           | 0.865      |
----------------------------------------
----------------------------------------
| rollout/                |            |
|    ep_len_mean          | 392        |
|    ep_rew_mean          | 97.8       |
| time/                   |            |
|    fps                  | 1453       |
|    iterations           | 187        |
|    time_elapsed         | 263        |
|    total_timesteps      | 1884160    |
| train/                  |            |
|    approx_kl            | 0.22006398 |
|    clip_fraction        | 0.655      |
|    clip_range           | 0.2        |
|    entropy_loss         | -1.84      |
|    explained_variance   | 0.962391   |
|    learning_rate        | 0.0003     |
|    loss                 | 0.165      |
|    n_updates            | 9190       |
|    policy_gradient_loss | -0.0464    |
|    std                  | 0.292      |
|    value_loss           | 1.31       |
----------------------------------------
----------------------------------------
| rollout/                |            |
|    ep_len_mean          | 401        |
|    ep_rew_mean          | 100        |
| time/                   |            |
|    fps                  | 1453       |
|    iterations           | 188        |
|    time_elapsed         | 264        |
|    total_timesteps      | 1886208    |
| train/                  |            |
|    approx_kl            | 0.22627991 |
|    clip_fraction        | 0.669      |
|    clip_range           | 0.2        |
|    entropy_loss         | -1.8       |
|    explained_variance   | 0.96628886 |
|    learning_rate        | 0.0003     |
|    loss                 | 0.245      |
|    n_updates            | 9200       |
|    policy_gradient_loss | -0.0403    |
|    std                  | 0.291      |
|    value_loss           | 0.895      |
----------------------------------------
---------------------------------------
| rollout/                |           |
|    ep_len_mean          | 407       |
|    ep_rew_mean          | 102       |
| time/                   |           |
|    fps                  | 1452      |
|    iterations           | 189       |
|    time_elapsed         | 266       |
|    total_timesteps      | 1888256   |
| train/                  |           |
|    approx_kl            | 0.1954751 |
|    clip_fraction        | 0.663     |
|    clip_range           | 0.2       |
|    entropy_loss         | -1.78     |
|    explained_variance   | 0.9490002 |
|    learning_rate        | 0.0003    |
|    loss                 | 0.278     |
|    n_updates            | 9210      |
|    policy_gradient_loss | -0.0453   |
|    std                  | 0.29      |
|    value_loss           | 1.09      |
---------------------------------------
----------------------------------------
| rollout/                |            |
|    ep_len_mean          | 406        |
|    ep_rew_mean          | 101        |
| time/                   |            |
|    fps                  | 1452       |
|    iterations           | 190        |
|    time_elapsed         | 267        |
|    total_timesteps      | 1890304    |
| train/                  |            |
|    approx_kl            | 0.2454437  |
|    clip_fraction        | 0.692      |
|    clip_range           | 0.2        |
|    entropy_loss         | -1.76      |
|    explained_variance   | 0.97417086 |
|    learning_rate        | 0.0003     |
|    loss                 | 0.184      |
|    n_updates            | 9220       |
|    policy_gradient_loss | -0.043     |
|    std                  | 0.29       |
|    value_loss           | 0.747      |
----------------------------------------
----------------------------------------
| rollout/                |            |
|    ep_len_mean          | 402        |
|    ep_rew_mean          | 100        |
| time/                   |            |
|    fps                  | 1452       |
|    iterations           | 191        |
|    time_elapsed         | 269        |
|    total_timesteps      | 1892352    |
| train/                  |            |
|    approx_kl            | 0.19849744 |
|    clip_fraction        | 0.637      |
|    clip_range           | 0.2        |
|    entropy_loss         | -1.74      |
|    explained_variance   | 0.9567847  |
|    learning_rate        | 0.0003     |
|    loss                 | 0.253      |
|    n_updates            | 9230       |
|    policy_gradient_loss | -0.0436    |
|    std                  | 0.29       |
|    value_loss           | 1.07       |
----------------------------------------
----------------------------------------
| rollout/                |            |
|    ep_len_mean          | 401        |
|    ep_rew_mean          | 99.6       |
| time/                   |            |
|    fps                  | 1451       |
|    iterations           | 192        |
|    time_elapsed         | 270        |
|    total_timesteps      | 1894400    |
| train/                  |            |
|    approx_kl            | 0.24504085 |
|    clip_fraction        | 0.658      |
|    clip_range           | 0.2        |
|    entropy_loss         | -1.72      |
|    explained_variance   | 0.96160024 |
|    learning_rate        | 0.0003     |
|    loss                 | 0.027      |
|    n_updates            | 9240       |
|    policy_gradient_loss | -0.0461    |
|    std                  | 0.29       |
|    value_loss           | 0.901      |
----------------------------------------
---------------------------------------
| rollout/                |           |
|    ep_len_mean          | 406       |
|    ep_rew_mean          | 100       |
| time/                   |           |
|    fps                  | 1451      |
|    iterations           | 193       |
|    time_elapsed         | 272       |
|    total_timesteps      | 1896448   |
| train/                  |           |
|    approx_kl            | 0.2340596 |
|    clip_fraction        | 0.669     |
|    clip_range           | 0.2       |
|    entropy_loss         | -1.69     |
|    explained_variance   | 0.9667617 |
|    learning_rate        | 0.0003    |
|    loss                 | 0.118     |
|    n_updates            | 9250      |
|    policy_gradient_loss | -0.048    |
|    std                  | 0.289     |
|    value_loss           | 0.995     |
---------------------------------------
----------------------------------------
| rollout/                |            |
|    ep_len_mean          | 411        |
|    ep_rew_mean          | 101        |
| time/                   |            |
|    fps                  | 1450       |
|    iterations           | 194        |
|    time_elapsed         | 273        |
|    total_timesteps      | 1898496    |
| train/                  |            |
|    approx_kl            | 0.1804347  |
|    clip_fraction        | 0.598      |
|    clip_range           | 0.2        |
|    entropy_loss         | -1.68      |
|    explained_variance   | 0.93699485 |
|    learning_rate        | 0.0003     |
|    loss                 | 0.134      |
|    n_updates            | 9260       |
|    policy_gradient_loss | -0.0465    |
|    std                  | 0.288      |
|    value_loss           | 1.99       |
----------------------------------------
----------------------------------------
| rollout/                |            |
|    ep_len_mean          | 396        |
|    ep_rew_mean          | 98.1       |
| time/                   |            |
|    fps                  | 1450       |
|    iterations           | 195        |
|    time_elapsed         | 275        |
|    total_timesteps      | 1900544    |
| train/                  |            |
|    approx_kl            | 0.18219316 |
|    clip_fraction        | 0.629      |
|    clip_range           | 0.2        |
|    entropy_loss         | -1.66      |
|    explained_variance   | 0.93521607 |
|    learning_rate        | 0.0003     |
|    loss                 | 0.338      |
|    n_updates            | 9270       |
|    policy_gradient_loss | -0.0361    |
|    std                  | 0.288      |
|    value_loss           | 1.69       |
----------------------------------------
----------------------------------------
| rollout/                |            |
|    ep_len_mean          | 403        |
|    ep_rew_mean          | 98.9       |
| time/                   |            |
|    fps                  | 1449       |
|    iterations           | 196        |
|    time_elapsed         | 276        |
|    total_timesteps      | 1902592    |
| train/                  |            |
|    approx_kl            | 0.19843149 |
|    clip_fraction        | 0.641      |
|    clip_range           | 0.2        |
|    entropy_loss         | -1.66      |
|    explained_variance   | 0.9755951  |
|    learning_rate        | 0.0003     |
|    loss                 | 0.0699     |
|    n_updates            | 9280       |
|    policy_gradient_loss | -0.0399    |
|    std                  | 0.288      |
|    value_loss           | 0.797      |
----------------------------------------
----------------------------------------
| rollout/                |            |
|    ep_len_mean          | 411        |
|    ep_rew_mean          | 102        |
| time/                   |            |
|    fps                  | 1449       |
|    iterations           | 197        |
|    time_elapsed         | 278        |
|    total_timesteps      | 1904640    |
| train/                  |            |
|    approx_kl            | 0.19405279 |
|    clip_fraction        | 0.654      |
|    clip_range           | 0.2        |
|    entropy_loss         | -1.64      |
|    explained_variance   | 0.89334965 |
|    learning_rate        | 0.0003     |
|    loss                 | 0.0945     |
|    n_updates            | 9290       |
|    policy_gradient_loss | -0.0426    |
|    std                  | 0.287      |
|    value_loss           | 1.63       |
----------------------------------------
----------------------------------------
| rollout/                |            |
|    ep_len_mean          | 410        |
|    ep_rew_mean          | 102        |
| time/                   |            |
|    fps                  | 1449       |
|    iterations           | 198        |
|    time_elapsed         | 279        |
|    total_timesteps      | 1906688    |
| train/                  |            |
|    approx_kl            | 0.2148323  |
|    clip_fraction        | 0.675      |
|    clip_range           | 0.2        |
|    entropy_loss         | -1.6       |
|    explained_variance   | 0.98147327 |
|    learning_rate        | 0.0003     |
|    loss                 | 0.377      |
|    n_updates            | 9300       |
|    policy_gradient_loss | -0.0343    |
|    std                  | 0.287      |
|    value_loss           | 0.815      |
----------------------------------------
----------------------------------------
| rollout/                |            |
|    ep_len_mean          | 419        |
|    ep_rew_mean          | 105        |
| time/                   |            |
|    fps                  | 1448       |
|    iterations           | 199        |
|    time_elapsed         | 281        |
|    total_timesteps      | 1908736    |
| train/                  |            |
|    approx_kl            | 0.2326252  |
|    clip_fraction        | 0.68       |
|    clip_range           | 0.2        |
|    entropy_loss         | -1.61      |
|    explained_variance   | 0.97833747 |
|    learning_rate        | 0.0003     |
|    loss                 | 0.0262     |
|    n_updates            | 9310       |
|    policy_gradient_loss | -0.038     |
|    std                  | 0.287      |
|    value_loss           | 0.608      |
----------------------------------------
----------------------------------------
| rollout/                |            |
|    ep_len_mean          | 420        |
|    ep_rew_mean          | 105        |
| time/                   |            |
|    fps                  | 1448       |
|    iterations           | 200        |
|    time_elapsed         | 282        |
|    total_timesteps      | 1910784    |
| train/                  |            |
|    approx_kl            | 0.27829382 |
|    clip_fraction        | 0.693      |
|    clip_range           | 0.2        |
|    entropy_loss         | -1.61      |
|    explained_variance   | 0.96464366 |
|    learning_rate        | 0.0003     |
|    loss                 | 0.0532     |
|    n_updates            | 9320       |
|    policy_gradient_loss | -0.0492    |
|    std                  | 0.287      |
|    value_loss           | 0.578      |
----------------------------------------
---------------------------------------
| rollout/                |           |
|    ep_len_mean          | 430       |
|    ep_rew_mean          | 108       |
| time/                   |           |
|    fps                  | 1446      |
|    iterations           | 201       |
|    time_elapsed         | 284       |
|    total_timesteps      | 1912832   |
| train/                  |           |
|    approx_kl            | 0.2034636 |
|    clip_fraction        | 0.655     |
|    clip_range           | 0.2       |
|    entropy_loss         | -1.58     |
|    explained_variance   | 0.9713587 |
|    learning_rate        | 0.0003    |
|    loss                 | 0.103     |
|    n_updates            | 9330      |
|    policy_gradient_loss | -0.0464   |
|    std                  | 0.286     |
|    value_loss           | 0.783     |
---------------------------------------
----------------------------------------
| rollout/                |            |
|    ep_len_mean          | 441        |
|    ep_rew_mean          | 110        |
| time/                   |            |
|    fps                  | 1446       |
|    iterations           | 202        |
|    time_elapsed         | 286        |
|    total_timesteps      | 1914880    |
| train/                  |            |
|    approx_kl            | 0.2579027  |
|    clip_fraction        | 0.701      |
|    clip_range           | 0.2        |
|    entropy_loss         | -1.59      |
|    explained_variance   | 0.96886367 |
|    learning_rate        | 0.0003     |
|    loss                 | 0.0507     |
|    n_updates            | 9340       |
|    policy_gradient_loss | -0.0425    |
|    std                  | 0.287      |
|    value_loss           | 0.6        |
----------------------------------------
----------------------------------------
| rollout/                |            |
|    ep_len_mean          | 433        |
|    ep_rew_mean          | 109        |
| time/                   |            |
|    fps                  | 1445       |
|    iterations           | 203        |
|    time_elapsed         | 287        |
|    total_timesteps      | 1916928    |
| train/                  |            |
|    approx_kl            | 0.18165468 |
|    clip_fraction        | 0.655      |
|    clip_range           | 0.2        |
|    entropy_loss         | -1.58      |
|    explained_variance   | 0.9442671  |
|    learning_rate        | 0.0003     |
|    loss                 | 0.159      |
|    n_updates            | 9350       |
|    policy_gradient_loss | -0.043     |
|    std                  | 0.286      |
|    value_loss           | 1.13       |
----------------------------------------
----------------------------------------
| rollout/                |            |
|    ep_len_mean          | 432        |
|    ep_rew_mean          | 109        |
| time/                   |            |
|    fps                  | 1445       |
|    iterations           | 204        |
|    time_elapsed         | 289        |
|    total_timesteps      | 1918976    |
| train/                  |            |
|    approx_kl            | 0.24634972 |
|    clip_fraction        | 0.663      |
|    clip_range           | 0.2        |
|    entropy_loss         | -1.56      |
|    explained_variance   | 0.9839086  |
|    learning_rate        | 0.0003     |
|    loss                 | 0.0574     |
|    n_updates            | 9360       |
|    policy_gradient_loss | -0.0483    |
|    std                  | 0.286      |
|    value_loss           | 0.667      |
----------------------------------------
----------------------------------------
| rollout/                |            |
|    ep_len_mean          | 425        |
|    ep_rew_mean          | 107        |
| time/                   |            |
|    fps                  | 1445       |
|    iterations           | 205        |
|    time_elapsed         | 290        |
|    total_timesteps      | 1921024    |
| train/                  |            |
|    approx_kl            | 0.17145367 |
|    clip_fraction        | 0.612      |
|    clip_range           | 0.2        |
|    entropy_loss         | -1.57      |
|    explained_variance   | 0.9621771  |
|    learning_rate        | 0.0003     |
|    loss                 | 0.0904     |
|    n_updates            | 9370       |
|    policy_gradient_loss | -0.0427    |
|    std                  | 0.287      |
|    value_loss           | 0.876      |
----------------------------------------
----------------------------------------
| rollout/                |            |
|    ep_len_mean          | 437        |
|    ep_rew_mean          | 110        |
| time/                   |            |
|    fps                  | 1444       |
|    iterations           | 206        |
|    time_elapsed         | 292        |
|    total_timesteps      | 1923072    |
| train/                  |            |
|    approx_kl            | 0.21870783 |
|    clip_fraction        | 0.671      |
|    clip_range           | 0.2        |
|    entropy_loss         | -1.56      |
|    explained_variance   | 0.9833459  |
|    learning_rate        | 0.0003     |
|    loss                 | 0.124      |
|    n_updates            | 9380       |
|    policy_gradient_loss | -0.0407    |
|    std                  | 0.286      |
|    value_loss           | 0.714      |
----------------------------------------
----------------------------------------
| rollout/                |            |
|    ep_len_mean          | 442        |
|    ep_rew_mean          | 111        |
| time/                   |            |
|    fps                  | 1443       |
|    iterations           | 207        |
|    time_elapsed         | 293        |
|    total_timesteps      | 1925120    |
| train/                  |            |
|    approx_kl            | 0.21409445 |
|    clip_fraction        | 0.674      |
|    clip_range           | 0.2        |
|    entropy_loss         | -1.54      |
|    explained_variance   | 0.9437812  |
|    learning_rate        | 0.0003     |
|    loss                 | 0.194      |
|    n_updates            | 9390       |
|    policy_gradient_loss | -0.0458    |
|    std                  | 0.286      |
|    value_loss           | 0.936      |
----------------------------------------
----------------------------------------
| rollout/                |            |
|    ep_len_mean          | 449        |
|    ep_rew_mean          | 113        |
| time/                   |            |
|    fps                  | 1442       |
|    iterations           | 208        |
|    time_elapsed         | 295        |
|    total_timesteps      | 1927168    |
| train/                  |            |
|    approx_kl            | 0.16477007 |
|    clip_fraction        | 0.631      |
|    clip_range           | 0.2        |
|    entropy_loss         | -1.51      |
|    explained_variance   | 0.9056143  |
|    learning_rate        | 0.0003     |
|    loss                 | 0.377      |
|    n_updates            | 9400       |
|    policy_gradient_loss | -0.0387    |
|    std                  | 0.285      |
|    value_loss           | 1.92       |
----------------------------------------
----------------------------------------
| rollout/                |            |
|    ep_len_mean          | 446        |
|    ep_rew_mean          | 112        |
| time/                   |            |
|    fps                  | 1442       |
|    iterations           | 209        |
|    time_elapsed         | 296        |
|    total_timesteps      | 1929216    |
| train/                  |            |
|    approx_kl            | 0.21612978 |
|    clip_fraction        | 0.651      |
|    clip_range           | 0.2        |
|    entropy_loss         | -1.51      |
|    explained_variance   | 0.9304421  |
|    learning_rate        | 0.0003     |
|    loss                 | 0.139      |
|    n_updates            | 9410       |
|    policy_gradient_loss | -0.0427    |
|    std                  | 0.285      |
|    value_loss           | 1.1        |
----------------------------------------
----------------------------------------
| rollout/                |            |
|    ep_len_mean          | 448        |
|    ep_rew_mean          | 113        |
| time/                   |            |
|    fps                  | 1442       |
|    iterations           | 210        |
|    time_elapsed         | 298        |
|    total_timesteps      | 1931264    |
| train/                  |            |
|    approx_kl            | 0.19556963 |
|    clip_fraction        | 0.631      |
|    clip_range           | 0.2        |
|    entropy_loss         | -1.46      |
|    explained_variance   | 0.97252643 |
|    learning_rate        | 0.0003     |
|    loss                 | 0.0944     |
|    n_updates            | 9420       |
|    policy_gradient_loss | -0.0464    |
|    std                  | 0.284      |
|    value_loss           | 0.885      |
----------------------------------------
----------------------------------------
| rollout/                |            |
|    ep_len_mean          | 453        |
|    ep_rew_mean          | 114        |
| time/                   |            |
|    fps                  | 1441       |
|    iterations           | 211        |
|    time_elapsed         | 299        |
|    total_timesteps      | 1933312    |
| train/                  |            |
|    approx_kl            | 0.23369738 |
|    clip_fraction        | 0.694      |
|    clip_range           | 0.2        |
|    entropy_loss         | -1.44      |
|    explained_variance   | 0.96923214 |
|    learning_rate        | 0.0003     |
|    loss                 | 0.157      |
|    n_updates            | 9430       |
|    policy_gradient_loss | -0.0415    |
|    std                  | 0.284      |
|    value_loss           | 0.905      |
----------------------------------------
----------------------------------------
| rollout/                |            |
|    ep_len_mean          | 466        |
|    ep_rew_mean          | 117        |
| time/                   |            |
|    fps                  | 1440       |
|    iterations           | 212        |
|    time_elapsed         | 301        |
|    total_timesteps      | 1935360    |
| train/                  |            |
|    approx_kl            | 0.26086998 |
|    clip_fraction        | 0.685      |
|    clip_range           | 0.2        |
|    entropy_loss         | -1.45      |
|    explained_variance   | 0.95958996 |
|    learning_rate        | 0.0003     |
|    loss                 | 0.208      |
|    n_updates            | 9440       |
|    policy_gradient_loss | -0.0505    |
|    std                  | 0.284      |
|    value_loss           | 0.962      |
----------------------------------------
---------------------------------------
| rollout/                |           |
|    ep_len_mean          | 471       |
|    ep_rew_mean          | 118       |
| time/                   |           |
|    fps                  | 1440      |
|    iterations           | 213       |
|    time_elapsed         | 302       |
|    total_timesteps      | 1937408   |
| train/                  |           |
|    approx_kl            | 0.1851727 |
|    clip_fraction        | 0.642     |
|    clip_range           | 0.2       |
|    entropy_loss         | -1.44     |
|    explained_variance   | 0.9188137 |
|    learning_rate        | 0.0003    |
|    loss                 | 0.348     |
|    n_updates            | 9450      |
|    policy_gradient_loss | -0.0377   |
|    std                  | 0.283     |
|    value_loss           | 1.55      |
---------------------------------------
----------------------------------------
| rollout/                |            |
|    ep_len_mean          | 468        |
|    ep_rew_mean          | 118        |
| time/                   |            |
|    fps                  | 1440       |
|    iterations           | 214        |
|    time_elapsed         | 304        |
|    total_timesteps      | 1939456    |
| train/                  |            |
|    approx_kl            | 0.19411173 |
|    clip_fraction        | 0.648      |
|    clip_range           | 0.2        |
|    entropy_loss         | -1.41      |
|    explained_variance   | 0.9465816  |
|    learning_rate        | 0.0003     |
|    loss                 | 0.171      |
|    n_updates            | 9460       |
|    policy_gradient_loss | -0.0454    |
|    std                  | 0.283      |
|    value_loss           | 1.21       |
----------------------------------------
----------------------------------------
| rollout/                |            |
|    ep_len_mean          | 470        |
|    ep_rew_mean          | 118        |
| time/                   |            |
|    fps                  | 1439       |
|    iterations           | 215        |
|    time_elapsed         | 305        |
|    total_timesteps      | 1941504    |
| train/                  |            |
|    approx_kl            | 0.25432223 |
|    clip_fraction        | 0.688      |
|    clip_range           | 0.2        |
|    entropy_loss         | -1.38      |
|    explained_variance   | 0.9802972  |
|    learning_rate        | 0.0003     |
|    loss                 | 0.0796     |
|    n_updates            | 9470       |
|    policy_gradient_loss | -0.0387    |
|    std                  | 0.282      |
|    value_loss           | 0.489      |
----------------------------------------
----------------------------------------
| rollout/                |            |
|    ep_len_mean          | 477        |
|    ep_rew_mean          | 120        |
| time/                   |            |
|    fps                  | 1439       |
|    iterations           | 216        |
|    time_elapsed         | 307        |
|    total_timesteps      | 1943552    |
| train/                  |            |
|    approx_kl            | 0.21480706 |
|    clip_fraction        | 0.666      |
|    clip_range           | 0.2        |
|    entropy_loss         | -1.35      |
|    explained_variance   | 0.95169747 |
|    learning_rate        | 0.0003     |
|    loss                 | 0.122      |
|    n_updates            | 9480       |
|    policy_gradient_loss | -0.041     |
|    std                  | 0.281      |
|    value_loss           | 0.964      |
----------------------------------------
----------------------------------------
| rollout/                |            |
|    ep_len_mean          | 475        |
|    ep_rew_mean          | 121        |
| time/                   |            |
|    fps                  | 1438       |
|    iterations           | 217        |
|    time_elapsed         | 308        |
|    total_timesteps      | 1945600    |
| train/                  |            |
|    approx_kl            | 0.19878931 |
|    clip_fraction        | 0.681      |
|    clip_range           | 0.2        |
|    entropy_loss         | -1.3       |
|    explained_variance   | 0.9595545  |
|    learning_rate        | 0.0003     |
|    loss                 | 0.187      |
|    n_updates            | 9490       |
|    policy_gradient_loss | -0.0429    |
|    std                  | 0.281      |
|    value_loss           | 0.968      |
----------------------------------------
----------------------------------------
| rollout/                |            |
|    ep_len_mean          | 478        |
|    ep_rew_mean          | 122        |
| time/                   |            |
|    fps                  | 1438       |
|    iterations           | 218        |
|    time_elapsed         | 310        |
|    total_timesteps      | 1947648    |
| train/                  |            |
|    approx_kl            | 0.2231762  |
|    clip_fraction        | 0.662      |
|    clip_range           | 0.2        |
|    entropy_loss         | -1.28      |
|    explained_variance   | 0.97637844 |
|    learning_rate        | 0.0003     |
|    loss                 | 0.116      |
|    n_updates            | 9500       |
|    policy_gradient_loss | -0.0409    |
|    std                  | 0.281      |
|    value_loss           | 0.647      |
----------------------------------------
---------------------------------------
| rollout/                |           |
|    ep_len_mean          | 470       |
|    ep_rew_mean          | 121       |
| time/                   |           |
|    fps                  | 1438      |
|    iterations           | 219       |
|    time_elapsed         | 311       |
|    total_timesteps      | 1949696   |
| train/                  |           |
|    approx_kl            | 0.2235358 |
|    clip_fraction        | 0.655     |
|    clip_range           | 0.2       |
|    entropy_loss         | -1.3      |
|    explained_variance   | 0.9509623 |
|    learning_rate        | 0.0003    |
|    loss                 | 0.205     |
|    n_updates            | 9510      |
|    policy_gradient_loss | -0.0469   |
|    std                  | 0.281     |
|    value_loss           | 1.53      |
---------------------------------------
---------------------------------------
| rollout/                |           |
|    ep_len_mean          | 478       |
|    ep_rew_mean          | 122       |
| time/                   |           |
|    fps                  | 1437      |
|    iterations           | 220       |
|    time_elapsed         | 313       |
|    total_timesteps      | 1951744   |
| train/                  |           |
|    approx_kl            | 0.2538035 |
|    clip_fraction        | 0.695     |
|    clip_range           | 0.2       |
|    entropy_loss         | -1.27     |
|    explained_variance   | 0.9822244 |
|    learning_rate        | 0.0003    |
|    loss                 | 0.012     |
|    n_updates            | 9520      |
|    policy_gradient_loss | -0.03     |
|    std                  | 0.28      |
|    value_loss           | 0.484     |
---------------------------------------
----------------------------------------
| rollout/                |            |
|    ep_len_mean          | 480        |
|    ep_rew_mean          | 123        |
| time/                   |            |
|    fps                  | 1437       |
|    iterations           | 221        |
|    time_elapsed         | 314        |
|    total_timesteps      | 1953792    |
| train/                  |            |
|    approx_kl            | 0.28086942 |
|    clip_fraction        | 0.691      |
|    clip_range           | 0.2        |
|    entropy_loss         | -1.25      |
|    explained_variance   | 0.9636129  |
|    learning_rate        | 0.0003     |
|    loss                 | 0.0358     |
|    n_updates            | 9530       |
|    policy_gradient_loss | -0.0468    |
|    std                  | 0.28       |
|    value_loss           | 0.76       |
----------------------------------------
----------------------------------------
| rollout/                |            |
|    ep_len_mean          | 478        |
|    ep_rew_mean          | 123        |
| time/                   |            |
|    fps                  | 1436       |
|    iterations           | 222        |
|    time_elapsed         | 316        |
|    total_timesteps      | 1955840    |
| train/                  |            |
|    approx_kl            | 0.276248   |
|    clip_fraction        | 0.67       |
|    clip_range           | 0.2        |
|    entropy_loss         | -1.25      |
|    explained_variance   | 0.96930027 |
|    learning_rate        | 0.0003     |
|    loss                 | 0.0605     |
|    n_updates            | 9540       |
|    policy_gradient_loss | -0.0465    |
|    std                  | 0.28       |
|    value_loss           | 0.846      |
----------------------------------------
----------------------------------------
| rollout/                |            |
|    ep_len_mean          | 484        |
|    ep_rew_mean          | 124        |
| time/                   |            |
|    fps                  | 1436       |
|    iterations           | 223        |
|    time_elapsed         | 317        |
|    total_timesteps      | 1957888    |
| train/                  |            |
|    approx_kl            | 0.21028522 |
|    clip_fraction        | 0.653      |
|    clip_range           | 0.2        |
|    entropy_loss         | -1.24      |
|    explained_variance   | 0.9609034  |
|    learning_rate        | 0.0003     |
|    loss                 | 0.0781     |
|    n_updates            | 9550       |
|    policy_gradient_loss | -0.0433    |
|    std                  | 0.279      |
|    value_loss           | 1.24       |
----------------------------------------
----------------------------------------
| rollout/                |            |
|    ep_len_mean          | 470        |
|    ep_rew_mean          | 120        |
| time/                   |            |
|    fps                  | 1436       |
|    iterations           | 224        |
|    time_elapsed         | 319        |
|    total_timesteps      | 1959936    |
| train/                  |            |
|    approx_kl            | 0.21611205 |
|    clip_fraction        | 0.657      |
|    clip_range           | 0.2        |
|    entropy_loss         | -1.2       |
|    explained_variance   | 0.951201   |
|    learning_rate        | 0.0003     |
|    loss                 | 0.165      |
|    n_updates            | 9560       |
|    policy_gradient_loss | -0.0429    |
|    std                  | 0.278      |
|    value_loss           | 1.19       |
----------------------------------------
----------------------------------------
| rollout/                |            |
|    ep_len_mean          | 476        |
|    ep_rew_mean          | 122        |
| time/                   |            |
|    fps                  | 1435       |
|    iterations           | 225        |
|    time_elapsed         | 320        |
|    total_timesteps      | 1961984    |
| train/                  |            |
|    approx_kl            | 0.18261778 |
|    clip_fraction        | 0.611      |
|    clip_range           | 0.2        |
|    entropy_loss         | -1.19      |
|    explained_variance   | 0.9197242  |
|    learning_rate        | 0.0003     |
|    loss                 | 0.328      |
|    n_updates            | 9570       |
|    policy_gradient_loss | -0.0427    |
|    std                  | 0.278      |
|    value_loss           | 2.38       |
----------------------------------------
----------------------------------------
| rollout/                |            |
|    ep_len_mean          | 474        |
|    ep_rew_mean          | 122        |
| time/                   |            |
|    fps                  | 1435       |
|    iterations           | 226        |
|    time_elapsed         | 322        |
|    total_timesteps      | 1964032    |
| train/                  |            |
|    approx_kl            | 0.26214498 |
|    clip_fraction        | 0.69       |
|    clip_range           | 0.2        |
|    entropy_loss         | -1.18      |
|    explained_variance   | 0.9231835  |
|    learning_rate        | 0.0003     |
|    loss                 | 0.143      |
|    n_updates            | 9580       |
|    policy_gradient_loss | -0.0449    |
|    std                  | 0.278      |
|    value_loss           | 1.24       |
----------------------------------------
----------------------------------------
| rollout/                |            |
|    ep_len_mean          | 474        |
|    ep_rew_mean          | 123        |
| time/                   |            |
|    fps                  | 1435       |
|    iterations           | 227        |
|    time_elapsed         | 323        |
|    total_timesteps      | 1966080    |
| train/                  |            |
|    approx_kl            | 0.21337414 |
|    clip_fraction        | 0.663      |
|    clip_range           | 0.2        |
|    entropy_loss         | -1.16      |
|    explained_variance   | 0.9601852  |
|    learning_rate        | 0.0003     |
|    loss                 | 0.075      |
|    n_updates            | 9590       |
|    policy_gradient_loss | -0.0387    |
|    std                  | 0.277      |
|    value_loss           | 0.856      |
----------------------------------------
----------------------------------------
| rollout/                |            |
|    ep_len_mean          | 479        |
|    ep_rew_mean          | 124        |
| time/                   |            |
|    fps                  | 1434       |
|    iterations           | 228        |
|    time_elapsed         | 325        |
|    total_timesteps      | 1968128    |
| train/                  |            |
|    approx_kl            | 0.25982207 |
|    clip_fraction        | 0.678      |
|    clip_range           | 0.2        |
|    entropy_loss         | -1.14      |
|    explained_variance   | 0.9807823  |
|    learning_rate        | 0.0003     |
|    loss                 | 0.133      |
|    n_updates            | 9600       |
|    policy_gradient_loss | -0.0399    |
|    std                  | 0.277      |
|    value_loss           | 0.701      |
----------------------------------------
----------------------------------------
| rollout/                |            |
|    ep_len_mean          | 470        |
|    ep_rew_mean          | 121        |
| time/                   |            |
|    fps                  | 1434       |
|    iterations           | 229        |
|    time_elapsed         | 326        |
|    total_timesteps      | 1970176    |
| train/                  |            |
|    approx_kl            | 0.18947992 |
|    clip_fraction        | 0.647      |
|    clip_range           | 0.2        |
|    entropy_loss         | -1.12      |
|    explained_variance   | 0.9679767  |
|    learning_rate        | 0.0003     |
|    loss                 | 0.164      |
|    n_updates            | 9610       |
|    policy_gradient_loss | -0.0344    |
|    std                  | 0.276      |
|    value_loss           | 1.07       |
----------------------------------------
----------------------------------------
| rollout/                |            |
|    ep_len_mean          | 467        |
|    ep_rew_mean          | 121        |
| time/                   |            |
|    fps                  | 1434       |
|    iterations           | 230        |
|    time_elapsed         | 328        |
|    total_timesteps      | 1972224    |
| train/                  |            |
|    approx_kl            | 0.20298648 |
|    clip_fraction        | 0.622      |
|    clip_range           | 0.2        |
|    entropy_loss         | -1.05      |
|    explained_variance   | 0.9451163  |
|    learning_rate        | 0.0003     |
|    loss                 | 0.165      |
|    n_updates            | 9620       |
|    policy_gradient_loss | -0.0467    |
|    std                  | 0.275      |
|    value_loss           | 1.55       |
----------------------------------------
----------------------------------------
| rollout/                |            |
|    ep_len_mean          | 467        |
|    ep_rew_mean          | 122        |
| time/                   |            |
|    fps                  | 1434       |
|    iterations           | 231        |
|    time_elapsed         | 329        |
|    total_timesteps      | 1974272    |
| train/                  |            |
|    approx_kl            | 0.22509243 |
|    clip_fraction        | 0.694      |
|    clip_range           | 0.2        |
|    entropy_loss         | -1.01      |
|    explained_variance   | 0.9612724  |
|    learning_rate        | 0.0003     |
|    loss                 | 0.259      |
|    n_updates            | 9630       |
|    policy_gradient_loss | -0.0439    |
|    std                  | 0.275      |
|    value_loss           | 1.09       |
----------------------------------------
----------------------------------------
| rollout/                |            |
|    ep_len_mean          | 469        |
|    ep_rew_mean          | 122        |
| time/                   |            |
|    fps                  | 1433       |
|    iterations           | 232        |
|    time_elapsed         | 331        |
|    total_timesteps      | 1976320    |
| train/                  |            |
|    approx_kl            | 0.25571123 |
|    clip_fraction        | 0.693      |
|    clip_range           | 0.2        |
|    entropy_loss         | -0.998     |
|    explained_variance   | 0.97401404 |
|    learning_rate        | 0.0003     |
|    loss                 | 0.157      |
|    n_updates            | 9640       |
|    policy_gradient_loss | -0.0424    |
|    std                  | 0.275      |
|    value_loss           | 0.79       |
----------------------------------------
----------------------------------------
| rollout/                |            |
|    ep_len_mean          | 462        |
|    ep_rew_mean          | 120        |
| time/                   |            |
|    fps                  | 1433       |
|    iterations           | 233        |
|    time_elapsed         | 332        |
|    total_timesteps      | 1978368    |
| train/                  |            |
|    approx_kl            | 0.20637392 |
|    clip_fraction        | 0.67       |
|    clip_range           | 0.2        |
|    entropy_loss         | -1.01      |
|    explained_variance   | 0.96341556 |
|    learning_rate        | 0.0003     |
|    loss                 | 0.134      |
|    n_updates            | 9650       |
|    policy_gradient_loss | -0.041     |
|    std                  | 0.274      |
|    value_loss           | 0.904      |
----------------------------------------
----------------------------------------
| rollout/                |            |
|    ep_len_mean          | 449        |
|    ep_rew_mean          | 118        |
| time/                   |            |
|    fps                  | 1433       |
|    iterations           | 234        |
|    time_elapsed         | 334        |
|    total_timesteps      | 1980416    |
| train/                  |            |
|    approx_kl            | 0.2368837  |
|    clip_fraction        | 0.698      |
|    clip_range           | 0.2        |
|    entropy_loss         | -0.988     |
|    explained_variance   | 0.97782975 |
|    learning_rate        | 0.0003     |
|    loss                 | 0.122      |
|    n_updates            | 9660       |
|    policy_gradient_loss | -0.042     |
|    std                  | 0.275      |
|    value_loss           | 0.735      |
----------------------------------------
----------------------------------------
| rollout/                |            |
|    ep_len_mean          | 450        |
|    ep_rew_mean          | 119        |
| time/                   |            |
|    fps                  | 1432       |
|    iterations           | 235        |
|    time_elapsed         | 335        |
|    total_timesteps      | 1982464    |
| train/                  |            |
|    approx_kl            | 0.23802713 |
|    clip_fraction        | 0.672      |
|    clip_range           | 0.2        |
|    entropy_loss         | -0.983     |
|    explained_variance   | 0.9827746  |
|    learning_rate        | 0.0003     |
|    loss                 | 0.0641     |
|    n_updates            | 9670       |
|    policy_gradient_loss | -0.0413    |
|    std                  | 0.274      |
|    value_loss           | 0.52       |
----------------------------------------
----------------------------------------
| rollout/                |            |
|    ep_len_mean          | 456        |
|    ep_rew_mean          | 121        |
| time/                   |            |
|    fps                  | 1432       |
|    iterations           | 236        |
|    time_elapsed         | 337        |
|    total_timesteps      | 1984512    |
| train/                  |            |
|    approx_kl            | 0.21139383 |
|    clip_fraction        | 0.68       |
|    clip_range           | 0.2        |
|    entropy_loss         | -0.954     |
|    explained_variance   | 0.97559774 |
|    learning_rate        | 0.0003     |
|    loss                 | 0.0969     |
|    n_updates            | 9680       |
|    policy_gradient_loss | -0.045     |
|    std                  | 0.273      |
|    value_loss           | 0.887      |
----------------------------------------
----------------------------------------
| rollout/                |            |
|    ep_len_mean          | 448        |
|    ep_rew_mean          | 118        |
| time/                   |            |
|    fps                  | 1432       |
|    iterations           | 237        |
|    time_elapsed         | 338        |
|    total_timesteps      | 1986560    |
| train/                  |            |
|    approx_kl            | 0.23423502 |
|    clip_fraction        | 0.687      |
|    clip_range           | 0.2        |
|    entropy_loss         | -0.915     |
|    explained_variance   | 0.9762297  |
|    learning_rate        | 0.0003     |
|    loss                 | 0.0906     |
|    n_updates            | 9690       |
|    policy_gradient_loss | -0.0425    |
|    std                  | 0.273      |
|    value_loss           | 0.593      |
----------------------------------------
----------------------------------------
| rollout/                |            |
|    ep_len_mean          | 443        |
|    ep_rew_mean          | 117        |
| time/                   |            |
|    fps                  | 1431       |
|    iterations           | 238        |
|    time_elapsed         | 340        |
|    total_timesteps      | 1988608    |
| train/                  |            |
|    approx_kl            | 0.18096603 |
|    clip_fraction        | 0.636      |
|    clip_range           | 0.2        |
|    entropy_loss         | -0.895     |
|    explained_variance   | 0.9475958  |
|    learning_rate        | 0.0003     |
|    loss                 | 0.207      |
|    n_updates            | 9700       |
|    policy_gradient_loss | -0.0379    |
|    std                  | 0.273      |
|    value_loss           | 1.12       |
----------------------------------------
----------------------------------------
| rollout/                |            |
|    ep_len_mean          | 439        |
|    ep_rew_mean          | 116        |
| time/                   |            |
|    fps                  | 1431       |
|    iterations           | 239        |
|    time_elapsed         | 341        |
|    total_timesteps      | 1990656    |
| train/                  |            |
|    approx_kl            | 0.22932942 |
|    clip_fraction        | 0.652      |
|    clip_range           | 0.2        |
|    entropy_loss         | -0.866     |
|    explained_variance   | 0.95949936 |
|    learning_rate        | 0.0003     |
|    loss                 | 0.306      |
|    n_updates            | 9710       |
|    policy_gradient_loss | -0.0487    |
|    std                  | 0.272      |
|    value_loss           | 1.24       |
----------------------------------------
----------------------------------------
| rollout/                |            |
|    ep_len_mean          | 440        |
|    ep_rew_mean          | 117        |
| time/                   |            |
|    fps                  | 1431       |
|    iterations           | 240        |
|    time_elapsed         | 343        |
|    total_timesteps      | 1992704    |
| train/                  |            |
|    approx_kl            | 0.2712756  |
|    clip_fraction        | 0.693      |
|    clip_range           | 0.2        |
|    entropy_loss         | -0.864     |
|    explained_variance   | 0.97562844 |
|    learning_rate        | 0.0003     |
|    loss                 | 0.0271     |
|    n_updates            | 9720       |
|    policy_gradient_loss | -0.0343    |
|    std                  | 0.272      |
|    value_loss           | 1.01       |
----------------------------------------
----------------------------------------
| rollout/                |            |
|    ep_len_mean          | 445        |
|    ep_rew_mean          | 118        |
| time/                   |            |
|    fps                  | 1431       |
|    iterations           | 241        |
|    time_elapsed         | 344        |
|    total_timesteps      | 1994752    |
| train/                  |            |
|    approx_kl            | 0.25473058 |
|    clip_fraction        | 0.681      |
|    clip_range           | 0.2        |
|    entropy_loss         | -0.874     |
|    explained_variance   | 0.9708293  |
|    learning_rate        | 0.0003     |
|    loss                 | 0.159      |
|    n_updates            | 9730       |
|    policy_gradient_loss | -0.0448    |
|    std                  | 0.272      |
|    value_loss           | 0.749      |
----------------------------------------
----------------------------------------
| rollout/                |            |
|    ep_len_mean          | 434        |
|    ep_rew_mean          | 115        |
| time/                   |            |
|    fps                  | 1431       |
|    iterations           | 242        |
|    time_elapsed         | 346        |
|    total_timesteps      | 1996800    |
| train/                  |            |
|    approx_kl            | 0.20465584 |
|    clip_fraction        | 0.648      |
|    clip_range           | 0.2        |
|    entropy_loss         | -0.857     |
|    explained_variance   | 0.9387941  |
|    learning_rate        | 0.0003     |
|    loss                 | 0.0699     |
|    n_updates            | 9740       |
|    policy_gradient_loss | -0.0386    |
|    std                  | 0.272      |
|    value_loss           | 1.41       |
----------------------------------------
----------------------------------------
| rollout/                |            |
|    ep_len_mean          | 435        |
|    ep_rew_mean          | 115        |
| time/                   |            |
|    fps                  | 1430       |
|    iterations           | 243        |
|    time_elapsed         | 347        |
|    total_timesteps      | 1998848    |
| train/                  |            |
|    approx_kl            | 0.20345703 |
|    clip_fraction        | 0.649      |
|    clip_range           | 0.2        |
|    entropy_loss         | -0.854     |
|    explained_variance   | 0.96250325 |
|    learning_rate        | 0.0003     |
|    loss                 | 0.0905     |
|    n_updates            | 9750       |
|    policy_gradient_loss | -0.0351    |
|    std                  | 0.272      |
|    value_loss           | 1.38       |
----------------------------------------
----------------------------------------
| rollout/                |            |
|    ep_len_mean          | 428        |
|    ep_rew_mean          | 113        |
| time/                   |            |
|    fps                  | 1430       |
|    iterations           | 244        |
|    time_elapsed         | 349        |
|    total_timesteps      | 2000896    |
| train/                  |            |
|    approx_kl            | 0.18336494 |
|    clip_fraction        | 0.637      |
|    clip_range           | 0.2        |
|    entropy_loss         | -0.866     |
|    explained_variance   | 0.95266765 |
|    learning_rate        | 0.0003     |
|    loss                 | 0.224      |
|    n_updates            | 9760       |
|    policy_gradient_loss | -0.0474    |
|    std                  | 0.272      |
|    value_loss           | 1.65       |
----------------------------------------
----------------------------------------
| rollout/                |            |
|    ep_len_mean          | 426        |
|    ep_rew_mean          | 113        |
| time/                   |            |
|    fps                  | 1430       |
|    iterations           | 245        |
|    time_elapsed         | 350        |
|    total_timesteps      | 2002944    |
| train/                  |            |
|    approx_kl            | 0.19864026 |
|    clip_fraction        | 0.646      |
|    clip_range           | 0.2        |
|    entropy_loss         | -0.834     |
|    explained_variance   | 0.96174926 |
|    learning_rate        | 0.0003     |
|    loss                 | 0.154      |
|    n_updates            | 9770       |
|    policy_gradient_loss | -0.0476    |
|    std                  | 0.271      |
|    value_loss           | 1.24       |
----------------------------------------
----------------------------------------
| rollout/                |            |
|    ep_len_mean          | 419        |
|    ep_rew_mean          | 111        |
| time/                   |            |
|    fps                  | 1429       |
|    iterations           | 246        |
|    time_elapsed         | 352        |
|    total_timesteps      | 2004992    |
| train/                  |            |
|    approx_kl            | 0.25436077 |
|    clip_fraction        | 0.677      |
|    clip_range           | 0.2        |
|    entropy_loss         | -0.829     |
|    explained_variance   | 0.9754917  |
|    learning_rate        | 0.0003     |
|    loss                 | 0.0983     |
|    n_updates            | 9780       |
|    policy_gradient_loss | -0.0374    |
|    std                  | 0.271      |
|    value_loss           | 0.887      |
----------------------------------------
----------------------------------------
| rollout/                |            |
|    ep_len_mean          | 415        |
|    ep_rew_mean          | 110        |
| time/                   |            |
|    fps                  | 1429       |
|    iterations           | 247        |
|    time_elapsed         | 353        |
|    total_timesteps      | 2007040    |
| train/                  |            |
|    approx_kl            | 0.26609328 |
|    clip_fraction        | 0.691      |
|    clip_range           | 0.2        |
|    entropy_loss         | -0.81      |
|    explained_variance   | 0.9596194  |
|    learning_rate        | 0.0003     |
|    loss                 | 0.137      |
|    n_updates            | 9790       |
|    policy_gradient_loss | -0.0427    |
|    std                  | 0.271      |
|    value_loss           | 1.16       |
----------------------------------------
---------------------------------------
| rollout/                |           |
|    ep_len_mean          | 420       |
|    ep_rew_mean          | 111       |
| time/                   |           |
|    fps                  | 1429      |
|    iterations           | 248       |
|    time_elapsed         | 355       |
|    total_timesteps      | 2009088   |
| train/                  |           |
|    approx_kl            | 0.2138904 |
|    clip_fraction        | 0.649     |
|    clip_range           | 0.2       |
|    entropy_loss         | -0.795    |
|    explained_variance   | 0.9702549 |
|    learning_rate        | 0.0003    |
|    loss                 | 0.265     |
|    n_updates            | 9800      |
|    policy_gradient_loss | -0.0426   |
|    std                  | 0.271     |
|    value_loss           | 1.23      |
---------------------------------------
----------------------------------------
| rollout/                |            |
|    ep_len_mean          | 418        |
|    ep_rew_mean          | 109        |
| time/                   |            |
|    fps                  | 1429       |
|    iterations           | 249        |
|    time_elapsed         | 356        |
|    total_timesteps      | 2011136    |
| train/                  |            |
|    approx_kl            | 0.23545405 |
|    clip_fraction        | 0.672      |
|    clip_range           | 0.2        |
|    entropy_loss         | -0.787     |
|    explained_variance   | 0.9673271  |
|    learning_rate        | 0.0003     |
|    loss                 | 0.072      |
|    n_updates            | 9810       |
|    policy_gradient_loss | -0.0415    |
|    std                  | 0.271      |
|    value_loss           | 0.92       |
----------------------------------------
----------------------------------------
| rollout/                |            |
|    ep_len_mean          | 426        |
|    ep_rew_mean          | 111        |
| time/                   |            |
|    fps                  | 1428       |
|    iterations           | 250        |
|    time_elapsed         | 358        |
|    total_timesteps      | 2013184    |
| train/                  |            |
|    approx_kl            | 0.21054013 |
|    clip_fraction        | 0.663      |
|    clip_range           | 0.2        |
|    entropy_loss         | -0.759     |
|    explained_variance   | 0.945142   |
|    learning_rate        | 0.0003     |
|    loss                 | 0.293      |
|    n_updates            | 9820       |
|    policy_gradient_loss | -0.0453    |
|    std                  | 0.27       |
|    value_loss           | 2          |
----------------------------------------
----------------------------------------
| rollout/                |            |
|    ep_len_mean          | 419        |
|    ep_rew_mean          | 109        |
| time/                   |            |
|    fps                  | 1428       |
|    iterations           | 251        |
|    time_elapsed         | 359        |
|    total_timesteps      | 2015232    |
| train/                  |            |
|    approx_kl            | 0.28018486 |
|    clip_fraction        | 0.714      |
|    clip_range           | 0.2        |
|    entropy_loss         | -0.739     |
|    explained_variance   | 0.97366095 |
|    learning_rate        | 0.0003     |
|    loss                 | 0.0755     |
|    n_updates            | 9830       |
|    policy_gradient_loss | -0.0337    |
|    std                  | 0.27       |
|    value_loss           | 0.786      |
----------------------------------------
---------------------------------------
| rollout/                |           |
|    ep_len_mean          | 414       |
|    ep_rew_mean          | 108       |
| time/                   |           |
|    fps                  | 1428      |
|    iterations           | 252       |
|    time_elapsed         | 361       |
|    total_timesteps      | 2017280   |
| train/                  |           |
|    approx_kl            | 0.259598  |
|    clip_fraction        | 0.69      |
|    clip_range           | 0.2       |
|    entropy_loss         | -0.723    |
|    explained_variance   | 0.9768484 |
|    learning_rate        | 0.0003    |
|    loss                 | 0.0302    |
|    n_updates            | 9840      |
|    policy_gradient_loss | -0.0474   |
|    std                  | 0.27      |
|    value_loss           | 0.616     |
---------------------------------------
----------------------------------------
| rollout/                |            |
|    ep_len_mean          | 416        |
|    ep_rew_mean          | 109        |
| time/                   |            |
|    fps                  | 1428       |
|    iterations           | 253        |
|    time_elapsed         | 362        |
|    total_timesteps      | 2019328    |
| train/                  |            |
|    approx_kl            | 0.19788831 |
|    clip_fraction        | 0.643      |
|    clip_range           | 0.2        |
|    entropy_loss         | -0.695     |
|    explained_variance   | 0.97054666 |
|    learning_rate        | 0.0003     |
|    loss                 | 0.118      |
|    n_updates            | 9850       |
|    policy_gradient_loss | -0.0415    |
|    std                  | 0.269      |
|    value_loss           | 0.882      |
----------------------------------------
----------------------------------------
| rollout/                |            |
|    ep_len_mean          | 413        |
|    ep_rew_mean          | 107        |
| time/                   |            |
|    fps                  | 1428       |
|    iterations           | 254        |
|    time_elapsed         | 364        |
|    total_timesteps      | 2021376    |
| train/                  |            |
|    approx_kl            | 0.26560768 |
|    clip_fraction        | 0.69       |
|    clip_range           | 0.2        |
|    entropy_loss         | -0.683     |
|    explained_variance   | 0.9830612  |
|    learning_rate        | 0.0003     |
|    loss                 | 0.0755     |
|    n_updates            | 9860       |
|    policy_gradient_loss | -0.0473    |
|    std                  | 0.269      |
|    value_loss           | 0.561      |
----------------------------------------
----------------------------------------
| rollout/                |            |
|    ep_len_mean          | 411        |
|    ep_rew_mean          | 107        |
| time/                   |            |
|    fps                  | 1427       |
|    iterations           | 255        |
|    time_elapsed         | 365        |
|    total_timesteps      | 2023424    |
| train/                  |            |
|    approx_kl            | 0.25309223 |
|    clip_fraction        | 0.673      |
|    clip_range           | 0.2        |
|    entropy_loss         | -0.658     |
|    explained_variance   | 0.9785807  |
|    learning_rate        | 0.0003     |
|    loss                 | 0.101      |
|    n_updates            | 9870       |
|    policy_gradient_loss | -0.0386    |
|    std                  | 0.268      |
|    value_loss           | 0.684      |
----------------------------------------
----------------------------------------
| rollout/                |            |
|    ep_len_mean          | 407        |
|    ep_rew_mean          | 106        |
| time/                   |            |
|    fps                  | 1427       |
|    iterations           | 256        |
|    time_elapsed         | 367        |
|    total_timesteps      | 2025472    |
| train/                  |            |
|    approx_kl            | 0.26765275 |
|    clip_fraction        | 0.683      |
|    clip_range           | 0.2        |
|    entropy_loss         | -0.651     |
|    explained_variance   | 0.9845961  |
|    learning_rate        | 0.0003     |
|    loss                 | 0.0947     |
|    n_updates            | 9880       |
|    policy_gradient_loss | -0.0443    |
|    std                  | 0.268      |
|    value_loss           | 0.556      |
----------------------------------------
----------------------------------------
| rollout/                |            |
|    ep_len_mean          | 402        |
|    ep_rew_mean          | 105        |
| time/                   |            |
|    fps                  | 1427       |
|    iterations           | 257        |
|    time_elapsed         | 368        |
|    total_timesteps      | 2027520    |
| train/                  |            |
|    approx_kl            | 0.21440527 |
|    clip_fraction        | 0.678      |
|    clip_range           | 0.2        |
|    entropy_loss         | -0.661     |
|    explained_variance   | 0.98253083 |
|    learning_rate        | 0.0003     |
|    loss                 | 0.137      |
|    n_updates            | 9890       |
|    policy_gradient_loss | -0.0398    |
|    std                  | 0.269      |
|    value_loss           | 0.731      |
----------------------------------------
----------------------------------------
| rollout/                |            |
|    ep_len_mean          | 405        |
|    ep_rew_mean          | 106        |
| time/                   |            |
|    fps                  | 1427       |
|    iterations           | 258        |
|    time_elapsed         | 370        |
|    total_timesteps      | 2029568    |
| train/                  |            |
|    approx_kl            | 0.21495278 |
|    clip_fraction        | 0.665      |
|    clip_range           | 0.2        |
|    entropy_loss         | -0.667     |
|    explained_variance   | 0.98960274 |
|    learning_rate        | 0.0003     |
|    loss                 | -0.0214    |
|    n_updates            | 9900       |
|    policy_gradient_loss | -0.0396    |
|    std                  | 0.269      |
|    value_loss           | 0.523      |
----------------------------------------
----------------------------------------
| rollout/                |            |
|    ep_len_mean          | 409        |
|    ep_rew_mean          | 107        |
| time/                   |            |
|    fps                  | 1427       |
|    iterations           | 259        |
|    time_elapsed         | 371        |
|    total_timesteps      | 2031616    |
| train/                  |            |
|    approx_kl            | 0.26318973 |
|    clip_fraction        | 0.676      |
|    clip_range           | 0.2        |
|    entropy_loss         | -0.657     |
|    explained_variance   | 0.9707747  |
|    learning_rate        | 0.0003     |
|    loss                 | 0.0794     |
|    n_updates            | 9910       |
|    policy_gradient_loss | -0.0456    |
|    std                  | 0.268      |
|    value_loss           | 0.909      |
----------------------------------------
----------------------------------------
| rollout/                |            |
|    ep_len_mean          | 411        |
|    ep_rew_mean          | 107        |
| time/                   |            |
|    fps                  | 1426       |
|    iterations           | 260        |
|    time_elapsed         | 373        |
|    total_timesteps      | 2033664    |
| train/                  |            |
|    approx_kl            | 0.19626056 |
|    clip_fraction        | 0.66       |
|    clip_range           | 0.2        |
|    entropy_loss         | -0.631     |
|    explained_variance   | 0.9640885  |
|    learning_rate        | 0.0003     |
|    loss                 | 0.371      |
|    n_updates            | 9920       |
|    policy_gradient_loss | -0.0412    |
|    std                  | 0.269      |
|    value_loss           | 1.49       |
----------------------------------------
----------------------------------------
| rollout/                |            |
|    ep_len_mean          | 409        |
|    ep_rew_mean          | 106        |
| time/                   |            |
|    fps                  | 1426       |
|    iterations           | 261        |
|    time_elapsed         | 374        |
|    total_timesteps      | 2035712    |
| train/                  |            |
|    approx_kl            | 0.22212854 |
|    clip_fraction        | 0.679      |
|    clip_range           | 0.2        |
|    entropy_loss         | -0.618     |
|    explained_variance   | 0.9838899  |
|    learning_rate        | 0.0003     |
|    loss                 | 0.0732     |
|    n_updates            | 9930       |
|    policy_gradient_loss | -0.0468    |
|    std                  | 0.268      |
|    value_loss           | 0.589      |
----------------------------------------
----------------------------------------
| rollout/                |            |
|    ep_len_mean          | 418        |
|    ep_rew_mean          | 108        |
| time/                   |            |
|    fps                  | 1426       |
|    iterations           | 262        |
|    time_elapsed         | 376        |
|    total_timesteps      | 2037760    |
| train/                  |            |
|    approx_kl            | 0.20200512 |
|    clip_fraction        | 0.66       |
|    clip_range           | 0.2        |
|    entropy_loss         | -0.626     |
|    explained_variance   | 0.9759056  |
|    learning_rate        | 0.0003     |
|    loss                 | 0.222      |
|    n_updates            | 9940       |
|    policy_gradient_loss | -0.0456    |
|    std                  | 0.268      |
|    value_loss           | 0.861      |
----------------------------------------
----------------------------------------
| rollout/                |            |
|    ep_len_mean          | 418        |
|    ep_rew_mean          | 108        |
| time/                   |            |
|    fps                  | 1426       |
|    iterations           | 263        |
|    time_elapsed         | 377        |
|    total_timesteps      | 2039808    |
| train/                  |            |
|    approx_kl            | 0.22888651 |
|    clip_fraction        | 0.66       |
|    clip_range           | 0.2        |
|    entropy_loss         | -0.6       |
|    explained_variance   | 0.9377342  |
|    learning_rate        | 0.0003     |
|    loss                 | 0.0689     |
|    n_updates            | 9950       |
|    policy_gradient_loss | -0.0419    |
|    std                  | 0.268      |
|    value_loss           | 0.999      |
----------------------------------------
----------------------------------------
| rollout/                |            |
|    ep_len_mean          | 416        |
|    ep_rew_mean          | 108        |
| time/                   |            |
|    fps                  | 1425       |
|    iterations           | 264        |
|    time_elapsed         | 379        |
|    total_timesteps      | 2041856    |
| train/                  |            |
|    approx_kl            | 0.22952431 |
|    clip_fraction        | 0.661      |
|    clip_range           | 0.2        |
|    entropy_loss         | -0.612     |
|    explained_variance   | 0.96725655 |
|    learning_rate        | 0.0003     |
|    loss                 | 0.216      |
|    n_updates            | 9960       |
|    policy_gradient_loss | -0.042     |
|    std                  | 0.268      |
|    value_loss           | 0.92       |
----------------------------------------
----------------------------------------
| rollout/                |            |
|    ep_len_mean          | 419        |
|    ep_rew_mean          | 109        |
| time/                   |            |
|    fps                  | 1425       |
|    iterations           | 265        |
|    time_elapsed         | 380        |
|    total_timesteps      | 2043904    |
| train/                  |            |
|    approx_kl            | 0.20962709 |
|    clip_fraction        | 0.672      |
|    clip_range           | 0.2        |
|    entropy_loss         | -0.601     |
|    explained_variance   | 0.98158    |
|    learning_rate        | 0.0003     |
|    loss                 | 0.246      |
|    n_updates            | 9970       |
|    policy_gradient_loss | -0.0459    |
|    std                  | 0.268      |
|    value_loss           | 0.805      |
----------------------------------------
----------------------------------------
| rollout/                |            |
|    ep_len_mean          | 415        |
|    ep_rew_mean          | 107        |
| time/                   |            |
|    fps                  | 1425       |
|    iterations           | 266        |
|    time_elapsed         | 382        |
|    total_timesteps      | 2045952    |
| train/                  |            |
|    approx_kl            | 0.2537438  |
|    clip_fraction        | 0.685      |
|    clip_range           | 0.2        |
|    entropy_loss         | -0.574     |
|    explained_variance   | 0.96024644 |
|    learning_rate        | 0.0003     |
|    loss                 | 0.0456     |
|    n_updates            | 9980       |
|    policy_gradient_loss | -0.0419    |
|    std                  | 0.267      |
|    value_loss           | 0.912      |
----------------------------------------
----------------------------------------
| rollout/                |            |
|    ep_len_mean          | 417        |
|    ep_rew_mean          | 107        |
| time/                   |            |
|    fps                  | 1425       |
|    iterations           | 267        |
|    time_elapsed         | 383        |
|    total_timesteps      | 2048000    |
| train/                  |            |
|    approx_kl            | 0.19652584 |
|    clip_fraction        | 0.635      |
|    clip_range           | 0.2        |
|    entropy_loss         | -0.562     |
|    explained_variance   | 0.95700324 |
|    learning_rate        | 0.0003     |
|    loss                 | 0.144      |
|    n_updates            | 9990       |
|    policy_gradient_loss | -0.0453    |
|    std                  | 0.266      |
|    value_loss           | 1.2        |
----------------------------------------
----------------------------------------
| rollout/                |            |
|    ep_len_mean          | 422        |
|    ep_rew_mean          | 109        |
| time/                   |            |
|    fps                  | 1424       |
|    iterations           | 268        |
|    time_elapsed         | 385        |
|    total_timesteps      | 2050048    |
| train/                  |            |
|    approx_kl            | 0.24575779 |
|    clip_fraction        | 0.665      |
|    clip_range           | 0.2        |
|    entropy_loss         | -0.501     |
|    explained_variance   | 0.9775755  |
|    learning_rate        | 0.0003     |
|    loss                 | 0.108      |
|    n_updates            | 10000      |
|    policy_gradient_loss | -0.0325    |
|    std                  | 0.266      |
|    value_loss           | 0.822      |
----------------------------------------
----------------------------------------
| rollout/                |            |
|    ep_len_mean          | 426        |
|    ep_rew_mean          | 110        |
| time/                   |            |
|    fps                  | 1424       |
|    iterations           | 269        |
|    time_elapsed         | 386        |
|    total_timesteps      | 2052096    |
| train/                  |            |
|    approx_kl            | 0.28141293 |
|    clip_fraction        | 0.692      |
|    clip_range           | 0.2        |
|    entropy_loss         | -0.451     |
|    explained_variance   | 0.9443034  |
|    learning_rate        | 0.0003     |
|    loss                 | 0.142      |
|    n_updates            | 10010      |
|    policy_gradient_loss | -0.0436    |
|    std                  | 0.265      |
|    value_loss           | 0.997      |
----------------------------------------
----------------------------------------
| rollout/                |            |
|    ep_len_mean          | 422        |
|    ep_rew_mean          | 109        |
| time/                   |            |
|    fps                  | 1424       |
|    iterations           | 270        |
|    time_elapsed         | 388        |
|    total_timesteps      | 2054144    |
| train/                  |            |
|    approx_kl            | 0.19193892 |
|    clip_fraction        | 0.643      |
|    clip_range           | 0.2        |
|    entropy_loss         | -0.418     |
|    explained_variance   | 0.95404065 |
|    learning_rate        | 0.0003     |
|    loss                 | 0.0922     |
|    n_updates            | 10020      |
|    policy_gradient_loss | -0.0367    |
|    std                  | 0.264      |
|    value_loss           | 1.17       |
----------------------------------------
----------------------------------------
| rollout/                |            |
|    ep_len_mean          | 421        |
|    ep_rew_mean          | 109        |
| time/                   |            |
|    fps                  | 1424       |
|    iterations           | 271        |
|    time_elapsed         | 389        |
|    total_timesteps      | 2056192    |
| train/                  |            |
|    approx_kl            | 0.28236628 |
|    clip_fraction        | 0.709      |
|    clip_range           | 0.2        |
|    entropy_loss         | -0.412     |
|    explained_variance   | 0.96652144 |
|    learning_rate        | 0.0003     |
|    loss                 | 0.234      |
|    n_updates            | 10030      |
|    policy_gradient_loss | -0.0431    |
|    std                  | 0.265      |
|    value_loss           | 0.861      |
----------------------------------------
---------------------------------------
| rollout/                |           |
|    ep_len_mean          | 424       |
|    ep_rew_mean          | 109       |
| time/                   |           |
|    fps                  | 1424      |
|    iterations           | 272       |
|    time_elapsed         | 391       |
|    total_timesteps      | 2058240   |
| train/                  |           |
|    approx_kl            | 0.3026795 |
|    clip_fraction        | 0.698     |
|    clip_range           | 0.2       |
|    entropy_loss         | -0.403    |
|    explained_variance   | 0.9672567 |
|    learning_rate        | 0.0003    |
|    loss                 | 0.201     |
|    n_updates            | 10040     |
|    policy_gradient_loss | -0.0428   |
|    std                  | 0.265     |
|    value_loss           | 0.739     |
---------------------------------------
----------------------------------------
| rollout/                |            |
|    ep_len_mean          | 416        |
|    ep_rew_mean          | 107        |
| time/                   |            |
|    fps                  | 1424       |
|    iterations           | 273        |
|    time_elapsed         | 392        |
|    total_timesteps      | 2060288    |
| train/                  |            |
|    approx_kl            | 0.20966297 |
|    clip_fraction        | 0.686      |
|    clip_range           | 0.2        |
|    entropy_loss         | -0.394     |
|    explained_variance   | 0.97271585 |
|    learning_rate        | 0.0003     |
|    loss                 | 0.261      |
|    n_updates            | 10050      |
|    policy_gradient_loss | -0.0364    |
|    std                  | 0.264      |
|    value_loss           | 1.07       |
----------------------------------------
----------------------------------------
| rollout/                |            |
|    ep_len_mean          | 410        |
|    ep_rew_mean          | 105        |
| time/                   |            |
|    fps                  | 1424       |
|    iterations           | 274        |
|    time_elapsed         | 394        |
|    total_timesteps      | 2062336    |
| train/                  |            |
|    approx_kl            | 0.25278887 |
|    clip_fraction        | 0.656      |
|    clip_range           | 0.2        |
|    entropy_loss         | -0.367     |
|    explained_variance   | 0.9761191  |
|    learning_rate        | 0.0003     |
|    loss                 | 0.0547     |
|    n_updates            | 10060      |
|    policy_gradient_loss | -0.0407    |
|    std                  | 0.264      |
|    value_loss           | 0.87       |
----------------------------------------
----------------------------------------
| rollout/                |            |
|    ep_len_mean          | 403        |
|    ep_rew_mean          | 103        |
| time/                   |            |
|    fps                  | 1424       |
|    iterations           | 275        |
|    time_elapsed         | 395        |
|    total_timesteps      | 2064384    |
| train/                  |            |
|    approx_kl            | 0.22785628 |
|    clip_fraction        | 0.674      |
|    clip_range           | 0.2        |
|    entropy_loss         | -0.386     |
|    explained_variance   | 0.98373854 |
|    learning_rate        | 0.0003     |
|    loss                 | 0.109      |
|    n_updates            | 10070      |
|    policy_gradient_loss | -0.0442    |
|    std                  | 0.265      |
|    value_loss           | 0.698      |
----------------------------------------
----------------------------------------
| rollout/                |            |
|    ep_len_mean          | 405        |
|    ep_rew_mean          | 103        |
| time/                   |            |
|    fps                  | 1424       |
|    iterations           | 276        |
|    time_elapsed         | 396        |
|    total_timesteps      | 2066432    |
| train/                  |            |
|    approx_kl            | 0.25709116 |
|    clip_fraction        | 0.68       |
|    clip_range           | 0.2        |
|    entropy_loss         | -0.394     |
|    explained_variance   | 0.9851331  |
|    learning_rate        | 0.0003     |
|    loss                 | 0.0087     |
|    n_updates            | 10080      |
|    policy_gradient_loss | -0.0393    |
|    std                  | 0.264      |
|    value_loss           | 0.637      |
----------------------------------------
----------------------------------------
| rollout/                |            |
|    ep_len_mean          | 411        |
|    ep_rew_mean          | 104        |
| time/                   |            |
|    fps                  | 1423       |
|    iterations           | 277        |
|    time_elapsed         | 398        |
|    total_timesteps      | 2068480    |
| train/                  |            |
|    approx_kl            | 0.2686155  |
|    clip_fraction        | 0.695      |
|    clip_range           | 0.2        |
|    entropy_loss         | -0.402     |
|    explained_variance   | 0.97928506 |
|    learning_rate        | 0.0003     |
|    loss                 | 0.051      |
|    n_updates            | 10090      |
|    policy_gradient_loss | -0.0465    |
|    std                  | 0.265      |
|    value_loss           | 0.526      |
----------------------------------------
----------------------------------------
| rollout/                |            |
|    ep_len_mean          | 410        |
|    ep_rew_mean          | 103        |
| time/                   |            |
|    fps                  | 1423       |
|    iterations           | 278        |
|    time_elapsed         | 399        |
|    total_timesteps      | 2070528    |
| train/                  |            |
|    approx_kl            | 0.31830972 |
|    clip_fraction        | 0.703      |
|    clip_range           | 0.2        |
|    entropy_loss         | -0.418     |
|    explained_variance   | 0.98300564 |
|    learning_rate        | 0.0003     |
|    loss                 | 0.0936     |
|    n_updates            | 10100      |
|    policy_gradient_loss | -0.0447    |
|    std                  | 0.265      |
|    value_loss           | 0.618      |
----------------------------------------
----------------------------------------
| rollout/                |            |
|    ep_len_mean          | 412        |
|    ep_rew_mean          | 104        |
| time/                   |            |
|    fps                  | 1423       |
|    iterations           | 279        |
|    time_elapsed         | 401        |
|    total_timesteps      | 2072576    |
| train/                  |            |
|    approx_kl            | 0.20915666 |
|    clip_fraction        | 0.656      |
|    clip_range           | 0.2        |
|    entropy_loss         | -0.376     |
|    explained_variance   | 0.956649   |
|    learning_rate        | 0.0003     |
|    loss                 | 0.144      |
|    n_updates            | 10110      |
|    policy_gradient_loss | -0.041     |
|    std                  | 0.264      |
|    value_loss           | 1.11       |
----------------------------------------
----------------------------------------
| rollout/                |            |
|    ep_len_mean          | 411        |
|    ep_rew_mean          | 104        |
| time/                   |            |
|    fps                  | 1423       |
|    iterations           | 280        |
|    time_elapsed         | 402        |
|    total_timesteps      | 2074624    |
| train/                  |            |
|    approx_kl            | 0.28915995 |
|    clip_fraction        | 0.703      |
|    clip_range           | 0.2        |
|    entropy_loss         | -0.351     |
|    explained_variance   | 0.9761991  |
|    learning_rate        | 0.0003     |
|    loss                 | 0.0374     |
|    n_updates            | 10120      |
|    policy_gradient_loss | -0.0477    |
|    std                  | 0.264      |
|    value_loss           | 0.623      |
----------------------------------------
----------------------------------------
| rollout/                |            |
|    ep_len_mean          | 413        |
|    ep_rew_mean          | 104        |
| time/                   |            |
|    fps                  | 1422       |
|    iterations           | 281        |
|    time_elapsed         | 404        |
|    total_timesteps      | 2076672    |
| train/                  |            |
|    approx_kl            | 0.23098144 |
|    clip_fraction        | 0.672      |
|    clip_range           | 0.2        |
|    entropy_loss         | -0.311     |
|    explained_variance   | 0.975449   |
|    learning_rate        | 0.0003     |
|    loss                 | 0.175      |
|    n_updates            | 10130      |
|    policy_gradient_loss | -0.0459    |
|    std                  | 0.263      |
|    value_loss           | 0.883      |
----------------------------------------
----------------------------------------
| rollout/                |            |
|    ep_len_mean          | 411        |
|    ep_rew_mean          | 104        |
| time/                   |            |
|    fps                  | 1422       |
|    iterations           | 282        |
|    time_elapsed         | 405        |
|    total_timesteps      | 2078720    |
| train/                  |            |
|    approx_kl            | 0.26213318 |
|    clip_fraction        | 0.68       |
|    clip_range           | 0.2        |
|    entropy_loss         | -0.236     |
|    explained_variance   | 0.95749104 |
|    learning_rate        | 0.0003     |
|    loss                 | 0.101      |
|    n_updates            | 10140      |
|    policy_gradient_loss | -0.0396    |
|    std                  | 0.261      |
|    value_loss           | 0.902      |
----------------------------------------
----------------------------------------
| rollout/                |            |
|    ep_len_mean          | 413        |
|    ep_rew_mean          | 105        |
| time/                   |            |
|    fps                  | 1422       |
|    iterations           | 283        |
|    time_elapsed         | 407        |
|    total_timesteps      | 2080768    |
| train/                  |            |
|    approx_kl            | 0.22621799 |
|    clip_fraction        | 0.66       |
|    clip_range           | 0.2        |
|    entropy_loss         | -0.179     |
|    explained_variance   | 0.97990364 |
|    learning_rate        | 0.0003     |
|    loss                 | 0.284      |
|    n_updates            | 10150      |
|    policy_gradient_loss | -0.0437    |
|    std                  | 0.261      |
|    value_loss           | 0.846      |
----------------------------------------
----------------------------------------
| rollout/                |            |
|    ep_len_mean          | 413        |
|    ep_rew_mean          | 105        |
| time/                   |            |
|    fps                  | 1422       |
|    iterations           | 284        |
|    time_elapsed         | 408        |
|    total_timesteps      | 2082816    |
| train/                  |            |
|    approx_kl            | 0.28764346 |
|    clip_fraction        | 0.697      |
|    clip_range           | 0.2        |
|    entropy_loss         | -0.145     |
|    explained_variance   | 0.96779156 |
|    learning_rate        | 0.0003     |
|    loss                 | 0.192      |
|    n_updates            | 10160      |
|    policy_gradient_loss | -0.0422    |
|    std                  | 0.261      |
|    value_loss           | 0.935      |
----------------------------------------
----------------------------------------
| rollout/                |            |
|    ep_len_mean          | 412        |
|    ep_rew_mean          | 104        |
| time/                   |            |
|    fps                  | 1419       |
|    iterations           | 285        |
|    time_elapsed         | 411        |
|    total_timesteps      | 2084864    |
| train/                  |            |
|    approx_kl            | 0.24508749 |
|    clip_fraction        | 0.664      |
|    clip_range           | 0.2        |
|    entropy_loss         | -0.17      |
|    explained_variance   | 0.9581985  |
|    learning_rate        | 0.0003     |
|    loss                 | 0.11       |
|    n_updates            | 10170      |
|    policy_gradient_loss | -0.0422    |
|    std                  | 0.261      |
|    value_loss           | 1.06       |
----------------------------------------
----------------------------------------
| rollout/                |            |
|    ep_len_mean          | 419        |
|    ep_rew_mean          | 106        |
| time/                   |            |
|    fps                  | 1417       |
|    iterations           | 286        |
|    time_elapsed         | 413        |
|    total_timesteps      | 2086912    |
| train/                  |            |
|    approx_kl            | 0.23508772 |
|    clip_fraction        | 0.672      |
|    clip_range           | 0.2        |
|    entropy_loss         | -0.188     |
|    explained_variance   | 0.97058165 |
|    learning_rate        | 0.0003     |
|    loss                 | 0.0951     |
|    n_updates            | 10180      |
|    policy_gradient_loss | -0.0419    |
|    std                  | 0.262      |
|    value_loss           | 0.919      |
----------------------------------------
----------------------------------------
| rollout/                |            |
|    ep_len_mean          | 417        |
|    ep_rew_mean          | 105        |
| time/                   |            |
|    fps                  | 1412       |
|    iterations           | 287        |
|    time_elapsed         | 416        |
|    total_timesteps      | 2088960    |
| train/                  |            |
|    approx_kl            | 0.26895568 |
|    clip_fraction        | 0.691      |
|    clip_range           | 0.2        |
|    entropy_loss         | -0.226     |
|    explained_variance   | 0.970169   |
|    learning_rate        | 0.0003     |
|    loss                 | 0.203      |
|    n_updates            | 10190      |
|    policy_gradient_loss | -0.0389    |
|    std                  | 0.262      |
|    value_loss           | 1.01       |
----------------------------------------
----------------------------------------
| rollout/                |            |
|    ep_len_mean          | 416        |
|    ep_rew_mean          | 105        |
| time/                   |            |
|    fps                  | 1408       |
|    iterations           | 288        |
|    time_elapsed         | 418        |
|    total_timesteps      | 2091008    |
| train/                  |            |
|    approx_kl            | 0.19893011 |
|    clip_fraction        | 0.653      |
|    clip_range           | 0.2        |
|    entropy_loss         | -0.227     |
|    explained_variance   | 0.9793435  |
|    learning_rate        | 0.0003     |
|    loss                 | 0.0913     |
|    n_updates            | 10200      |
|    policy_gradient_loss | -0.0429    |
|    std                  | 0.262      |
|    value_loss           | 0.692      |
----------------------------------------
----------------------------------------
| rollout/                |            |
|    ep_len_mean          | 415        |
|    ep_rew_mean          | 105        |
| time/                   |            |
|    fps                  | 1405       |
|    iterations           | 289        |
|    time_elapsed         | 421        |
|    total_timesteps      | 2093056    |
| train/                  |            |
|    approx_kl            | 0.33336213 |
|    clip_fraction        | 0.701      |
|    clip_range           | 0.2        |
|    entropy_loss         | -0.199     |
|    explained_variance   | 0.9461917  |
|    learning_rate        | 0.0003     |
|    loss                 | 0.19       |
|    n_updates            | 10210      |
|    policy_gradient_loss | -0.0387    |
|    std                  | 0.262      |
|    value_loss           | 1.11       |
----------------------------------------
----------------------------------------
| rollout/                |            |
|    ep_len_mean          | 415        |
|    ep_rew_mean          | 105        |
| time/                   |            |
|    fps                  | 1402       |
|    iterations           | 290        |
|    time_elapsed         | 423        |
|    total_timesteps      | 2095104    |
| train/                  |            |
|    approx_kl            | 0.27538478 |
|    clip_fraction        | 0.691      |
|    clip_range           | 0.2        |
|    entropy_loss         | -0.227     |
|    explained_variance   | 0.9748268  |
|    learning_rate        | 0.0003     |
|    loss                 | -0.00734   |
|    n_updates            | 10220      |
|    policy_gradient_loss | -0.044     |
|    std                  | 0.262      |
|    value_loss           | 0.668      |
----------------------------------------
----------------------------------------
| rollout/                |            |
|    ep_len_mean          | 420        |
|    ep_rew_mean          | 106        |
| time/                   |            |
|    fps                  | 1399       |
|    iterations           | 291        |
|    time_elapsed         | 425        |
|    total_timesteps      | 2097152    |
| train/                  |            |
|    approx_kl            | 0.19935933 |
|    clip_fraction        | 0.657      |
|    clip_range           | 0.2        |
|    entropy_loss         | -0.235     |
|    explained_variance   | 0.9549843  |
|    learning_rate        | 0.0003     |
|    loss                 | 0.248      |
|    n_updates            | 10230      |
|    policy_gradient_loss | -0.0427    |
|    std                  | 0.262      |
|    value_loss           | 1.19       |
----------------------------------------
----------------------------------------
| rollout/                |            |
|    ep_len_mean          | 415        |
|    ep_rew_mean          | 105        |
| time/                   |            |
|    fps                  | 1396       |
|    iterations           | 292        |
|    time_elapsed         | 428        |
|    total_timesteps      | 2099200    |
| train/                  |            |
|    approx_kl            | 0.20324977 |
|    clip_fraction        | 0.672      |
|    clip_range           | 0.2        |
|    entropy_loss         | -0.195     |
|    explained_variance   | 0.9029593  |
|    learning_rate        | 0.0003     |
|    loss                 | 0.576      |
|    n_updates            | 10240      |
|    policy_gradient_loss | -0.0376    |
|    std                  | 0.261      |
|    value_loss           | 1.96       |
----------------------------------------
----------------------------------------
| rollout/                |            |
|    ep_len_mean          | 414        |
|    ep_rew_mean          | 105        |
| time/                   |            |
|    fps                  | 1393       |
|    iterations           | 293        |
|    time_elapsed         | 430        |
|    total_timesteps      | 2101248    |
| train/                  |            |
|    approx_kl            | 0.22683    |
|    clip_fraction        | 0.668      |
|    clip_range           | 0.2        |
|    entropy_loss         | -0.149     |
|    explained_variance   | 0.96213144 |
|    learning_rate        | 0.0003     |
|    loss                 | 0.961      |
|    n_updates            | 10250      |
|    policy_gradient_loss | -0.0432    |
|    std                  | 0.26       |
|    value_loss           | 1.58       |
----------------------------------------
----------------------------------------
| rollout/                |            |
|    ep_len_mean          | 418        |
|    ep_rew_mean          | 105        |
| time/                   |            |
|    fps                  | 1390       |
|    iterations           | 294        |
|    time_elapsed         | 433        |
|    total_timesteps      | 2103296    |
| train/                  |            |
|    approx_kl            | 0.27821547 |
|    clip_fraction        | 0.68       |
|    clip_range           | 0.2        |
|    entropy_loss         | -0.151     |
|    explained_variance   | 0.9767277  |
|    learning_rate        | 0.0003     |
|    loss                 | 0.15       |
|    n_updates            | 10260      |
|    policy_gradient_loss | -0.0422    |
|    std                  | 0.261      |
|    value_loss           | 0.745      |
----------------------------------------
---------------------------------------
| rollout/                |           |
|    ep_len_mean          | 426       |
|    ep_rew_mean          | 107       |
| time/                   |           |
|    fps                  | 1387      |
|    iterations           | 295       |
|    time_elapsed         | 435       |
|    total_timesteps      | 2105344   |
| train/                  |           |
|    approx_kl            | 0.2122907 |
|    clip_fraction        | 0.641     |
|    clip_range           | 0.2       |
|    entropy_loss         | -0.141    |
|    explained_variance   | 0.9522294 |
|    learning_rate        | 0.0003    |
|    loss                 | 0.0656    |
|    n_updates            | 10270     |
|    policy_gradient_loss | -0.0407   |
|    std                  | 0.26      |
|    value_loss           | 1.54      |
---------------------------------------
----------------------------------------
| rollout/                |            |
|    ep_len_mean          | 436        |
|    ep_rew_mean          | 109        |
| time/                   |            |
|    fps                  | 1383       |
|    iterations           | 296        |
|    time_elapsed         | 438        |
|    total_timesteps      | 2107392    |
| train/                  |            |
|    approx_kl            | 0.2779218  |
|    clip_fraction        | 0.702      |
|    clip_range           | 0.2        |
|    entropy_loss         | -0.111     |
|    explained_variance   | 0.95849645 |
|    learning_rate        | 0.0003     |
|    loss                 | 0.151      |
|    n_updates            | 10280      |
|    policy_gradient_loss | -0.0488    |
|    std                  | 0.26       |
|    value_loss           | 1.11       |
----------------------------------------
----------------------------------------
| rollout/                |            |
|    ep_len_mean          | 435        |
|    ep_rew_mean          | 109        |
| time/                   |            |
|    fps                  | 1380       |
|    iterations           | 297        |
|    time_elapsed         | 440        |
|    total_timesteps      | 2109440    |
| train/                  |            |
|    approx_kl            | 0.27824605 |
|    clip_fraction        | 0.682      |
|    clip_range           | 0.2        |
|    entropy_loss         | -0.107     |
|    explained_variance   | 0.96781015 |
|    learning_rate        | 0.0003     |
|    loss                 | 0.0348     |
|    n_updates            | 10290      |
|    policy_gradient_loss | -0.0425    |
|    std                  | 0.259      |
|    value_loss           | 0.884      |
----------------------------------------
---------------------------------------
| rollout/                |           |
|    ep_len_mean          | 437       |
|    ep_rew_mean          | 109       |
| time/                   |           |
|    fps                  | 1377      |
|    iterations           | 298       |
|    time_elapsed         | 442       |
|    total_timesteps      | 2111488   |
| train/                  |           |
|    approx_kl            | 0.2547796 |
|    clip_fraction        | 0.687     |
|    clip_range           | 0.2       |
|    entropy_loss         | -0.0954   |
|    explained_variance   | 0.955677  |
|    learning_rate        | 0.0003    |
|    loss                 | 0.192     |
|    n_updates            | 10300     |
|    policy_gradient_loss | -0.0439   |
|    std                  | 0.26      |
|    value_loss           | 0.995     |
---------------------------------------
----------------------------------------
| rollout/                |            |
|    ep_len_mean          | 438        |
|    ep_rew_mean          | 109        |
| time/                   |            |
|    fps                  | 1368       |
|    iterations           | 299        |
|    time_elapsed         | 447        |
|    total_timesteps      | 2113536    |
| train/                  |            |
|    approx_kl            | 0.23104393 |
|    clip_fraction        | 0.67       |
|    clip_range           | 0.2        |
|    entropy_loss         | -0.0777    |
|    explained_variance   | 0.9565549  |
|    learning_rate        | 0.0003     |
|    loss                 | 0.198      |
|    n_updates            | 10310      |
|    policy_gradient_loss | -0.0408    |
|    std                  | 0.259      |
|    value_loss           | 1.32       |
----------------------------------------
----------------------------------------
| rollout/                |            |
|    ep_len_mean          | 447        |
|    ep_rew_mean          | 111        |
| time/                   |            |
|    fps                  | 1363       |
|    iterations           | 300        |
|    time_elapsed         | 450        |
|    total_timesteps      | 2115584    |
| train/                  |            |
|    approx_kl            | 0.27796936 |
|    clip_fraction        | 0.716      |
|    clip_range           | 0.2        |
|    entropy_loss         | -0.0881    |
|    explained_variance   | 0.9558488  |
|    learning_rate        | 0.0003     |
|    loss                 | 0.251      |
|    n_updates            | 10320      |
|    policy_gradient_loss | -0.0295    |
|    std                  | 0.26       |
|    value_loss           | 0.923      |
----------------------------------------
----------------------------------------
| rollout/                |            |
|    ep_len_mean          | 460        |
|    ep_rew_mean          | 113        |
| time/                   |            |
|    fps                  | 1353       |
|    iterations           | 301        |
|    time_elapsed         | 455        |
|    total_timesteps      | 2117632    |
| train/                  |            |
|    approx_kl            | 0.22702688 |
|    clip_fraction        | 0.68       |
|    clip_range           | 0.2        |
|    entropy_loss         | -0.0887    |
|    explained_variance   | 0.9527029  |
|    learning_rate        | 0.0003     |
|    loss                 | 0.256      |
|    n_updates            | 10330      |
|    policy_gradient_loss | -0.0508    |
|    std                  | 0.259      |
|    value_loss           | 1.35       |
----------------------------------------
----------------------------------------
| rollout/                |            |
|    ep_len_mean          | 462        |
|    ep_rew_mean          | 113        |
| time/                   |            |
|    fps                  | 1343       |
|    iterations           | 302        |
|    time_elapsed         | 460        |
|    total_timesteps      | 2119680    |
| train/                  |            |
|    approx_kl            | 0.26324475 |
|    clip_fraction        | 0.687      |
|    clip_range           | 0.2        |
|    entropy_loss         | -0.047     |
|    explained_variance   | 0.93921715 |
|    learning_rate        | 0.0003     |
|    loss                 | 0.169      |
|    n_updates            | 10340      |
|    policy_gradient_loss | -0.0393    |
|    std                  | 0.258      |
|    value_loss           | 0.967      |
----------------------------------------
----------------------------------------
| rollout/                |            |
|    ep_len_mean          | 461        |
|    ep_rew_mean          | 113        |
| time/                   |            |
|    fps                  | 1338       |
|    iterations           | 303        |
|    time_elapsed         | 463        |
|    total_timesteps      | 2121728    |
| train/                  |            |
|    approx_kl            | 0.24516144 |
|    clip_fraction        | 0.692      |
|    clip_range           | 0.2        |
|    entropy_loss         | -0.0294    |
|    explained_variance   | 0.9680759  |
|    learning_rate        | 0.0003     |
|    loss                 | 0.136      |
|    n_updates            | 10350      |
|    policy_gradient_loss | -0.0405    |
|    std                  | 0.259      |
|    value_loss           | 1.07       |
----------------------------------------
----------------------------------------
| rollout/                |            |
|    ep_len_mean          | 461        |
|    ep_rew_mean          | 113        |
| time/                   |            |
|    fps                  | 1334       |
|    iterations           | 304        |
|    time_elapsed         | 466        |
|    total_timesteps      | 2123776    |
| train/                  |            |
|    approx_kl            | 0.26792198 |
|    clip_fraction        | 0.676      |
|    clip_range           | 0.2        |
|    entropy_loss         | -0.0488    |
|    explained_variance   | 0.9474527  |
|    learning_rate        | 0.0003     |
|    loss                 | 0.126      |
|    n_updates            | 10360      |
|    policy_gradient_loss | -0.0435    |
|    std                  | 0.259      |
|    value_loss           | 1.26       |
----------------------------------------
----------------------------------------
| rollout/                |            |
|    ep_len_mean          | 458        |
|    ep_rew_mean          | 112        |
| time/                   |            |
|    fps                  | 1331       |
|    iterations           | 305        |
|    time_elapsed         | 469        |
|    total_timesteps      | 2125824    |
| train/                  |            |
|    approx_kl            | 0.23913565 |
|    clip_fraction        | 0.691      |
|    clip_range           | 0.2        |
|    entropy_loss         | -0.0279    |
|    explained_variance   | 0.95867413 |
|    learning_rate        | 0.0003     |
|    loss                 | 0.353      |
|    n_updates            | 10370      |
|    policy_gradient_loss | -0.0378    |
|    std                  | 0.258      |
|    value_loss           | 1.07       |
----------------------------------------
----------------------------------------
| rollout/                |            |
|    ep_len_mean          | 452        |
|    ep_rew_mean          | 110        |
| time/                   |            |
|    fps                  | 1324       |
|    iterations           | 306        |
|    time_elapsed         | 473        |
|    total_timesteps      | 2127872    |
| train/                  |            |
|    approx_kl            | 0.2085684  |
|    clip_fraction        | 0.637      |
|    clip_range           | 0.2        |
|    entropy_loss         | 0.00305    |
|    explained_variance   | 0.95631313 |
|    learning_rate        | 0.0003     |
|    loss                 | 0.211      |
|    n_updates            | 10380      |
|    policy_gradient_loss | -0.0444    |
|    std                  | 0.258      |
|    value_loss           | 0.981      |
----------------------------------------
----------------------------------------
| rollout/                |            |
|    ep_len_mean          | 449        |
|    ep_rew_mean          | 109        |
| time/                   |            |
|    fps                  | 1316       |
|    iterations           | 307        |
|    time_elapsed         | 477        |
|    total_timesteps      | 2129920    |
| train/                  |            |
|    approx_kl            | 0.23711368 |
|    clip_fraction        | 0.678      |
|    clip_range           | 0.2        |
|    entropy_loss         | 0.0397     |
|    explained_variance   | 0.97278154 |
|    learning_rate        | 0.0003     |
|    loss                 | 0.117      |
|    n_updates            | 10390      |
|    policy_gradient_loss | -0.0365    |
|    std                  | 0.257      |
|    value_loss           | 0.739      |
----------------------------------------
----------------------------------------
| rollout/                |            |
|    ep_len_mean          | 456        |
|    ep_rew_mean          | 110        |
| time/                   |            |
|    fps                  | 1311       |
|    iterations           | 308        |
|    time_elapsed         | 481        |
|    total_timesteps      | 2131968    |
| train/                  |            |
|    approx_kl            | 0.21167418 |
|    clip_fraction        | 0.673      |
|    clip_range           | 0.2        |
|    entropy_loss         | 0.0724     |
|    explained_variance   | 0.97274226 |
|    learning_rate        | 0.0003     |
|    loss                 | 0.109      |
|    n_updates            | 10400      |
|    policy_gradient_loss | -0.0353    |
|    std                  | 0.256      |
|    value_loss           | 0.684      |
----------------------------------------
----------------------------------------
| rollout/                |            |
|    ep_len_mean          | 459        |
|    ep_rew_mean          | 112        |
| time/                   |            |
|    fps                  | 1306       |
|    iterations           | 309        |
|    time_elapsed         | 484        |
|    total_timesteps      | 2134016    |
| train/                  |            |
|    approx_kl            | 0.28548828 |
|    clip_fraction        | 0.729      |
|    clip_range           | 0.2        |
|    entropy_loss         | 0.0713     |
|    explained_variance   | 0.97250295 |
|    learning_rate        | 0.0003     |
|    loss                 | 0.113      |
|    n_updates            | 10410      |
|    policy_gradient_loss | -0.0325    |
|    std                  | 0.257      |
|    value_loss           | 0.708      |
----------------------------------------
----------------------------------------
| rollout/                |            |
|    ep_len_mean          | 453        |
|    ep_rew_mean          | 110        |
| time/                   |            |
|    fps                  | 1301       |
|    iterations           | 310        |
|    time_elapsed         | 487        |
|    total_timesteps      | 2136064    |
| train/                  |            |
|    approx_kl            | 0.2738272  |
|    clip_fraction        | 0.704      |
|    clip_range           | 0.2        |
|    entropy_loss         | 0.0596     |
|    explained_variance   | 0.97763634 |
|    learning_rate        | 0.0003     |
|    loss                 | 0.0728     |
|    n_updates            | 10420      |
|    policy_gradient_loss | -0.0404    |
|    std                  | 0.257      |
|    value_loss           | 0.641      |
----------------------------------------
----------------------------------------
| rollout/                |            |
|    ep_len_mean          | 458        |
|    ep_rew_mean          | 111        |
| time/                   |            |
|    fps                  | 1298       |
|    iterations           | 311        |
|    time_elapsed         | 490        |
|    total_timesteps      | 2138112    |
| train/                  |            |
|    approx_kl            | 0.26751858 |
|    clip_fraction        | 0.695      |
|    clip_range           | 0.2        |
|    entropy_loss         | 0.0584     |
|    explained_variance   | 0.98922175 |
|    learning_rate        | 0.0003     |
|    loss                 | 0.12       |
|    n_updates            | 10430      |
|    policy_gradient_loss | -0.04      |
|    std                  | 0.257      |
|    value_loss           | 0.5        |
----------------------------------------
----------------------------------------
| rollout/                |            |
|    ep_len_mean          | 459        |
|    ep_rew_mean          | 112        |
| time/                   |            |
|    fps                  | 1295       |
|    iterations           | 312        |
|    time_elapsed         | 493        |
|    total_timesteps      | 2140160    |
| train/                  |            |
|    approx_kl            | 0.25313118 |
|    clip_fraction        | 0.71       |
|    clip_range           | 0.2        |
|    entropy_loss         | 0.0744     |
|    explained_variance   | 0.9641558  |
|    learning_rate        | 0.0003     |
|    loss                 | 0.174      |
|    n_updates            | 10440      |
|    policy_gradient_loss | -0.0407    |
|    std                  | 0.257      |
|    value_loss           | 0.909      |
----------------------------------------
----------------------------------------
| rollout/                |            |
|    ep_len_mean          | 460        |
|    ep_rew_mean          | 112        |
| time/                   |            |
|    fps                  | 1294       |
|    iterations           | 313        |
|    time_elapsed         | 495        |
|    total_timesteps      | 2142208    |
| train/                  |            |
|    approx_kl            | 0.26194865 |
|    clip_fraction        | 0.699      |
|    clip_range           | 0.2        |
|    entropy_loss         | 0.106      |
|    explained_variance   | 0.97405326 |
|    learning_rate        | 0.0003     |
|    loss                 | 0.211      |
|    n_updates            | 10450      |
|    policy_gradient_loss | -0.0366    |
|    std                  | 0.256      |
|    value_loss           | 0.764      |
----------------------------------------
----------------------------------------
| rollout/                |            |
|    ep_len_mean          | 464        |
|    ep_rew_mean          | 111        |
| time/                   |            |
|    fps                  | 1294       |
|    iterations           | 314        |
|    time_elapsed         | 496        |
|    total_timesteps      | 2144256    |
| train/                  |            |
|    approx_kl            | 0.20995055 |
|    clip_fraction        | 0.652      |
|    clip_range           | 0.2        |
|    entropy_loss         | 0.146      |
|    explained_variance   | 0.962089   |
|    learning_rate        | 0.0003     |
|    loss                 | 0.209      |
|    n_updates            | 10460      |
|    policy_gradient_loss | -0.0432    |
|    std                  | 0.255      |
|    value_loss           | 0.943      |
----------------------------------------
----------------------------------------
| rollout/                |            |
|    ep_len_mean          | 465        |
|    ep_rew_mean          | 112        |
| time/                   |            |
|    fps                  | 1293       |
|    iterations           | 315        |
|    time_elapsed         | 498        |
|    total_timesteps      | 2146304    |
| train/                  |            |
|    approx_kl            | 0.24385509 |
|    clip_fraction        | 0.675      |
|    clip_range           | 0.2        |
|    entropy_loss         | 0.182      |
|    explained_variance   | 0.94903517 |
|    learning_rate        | 0.0003     |
|    loss                 | 0.168      |
|    n_updates            | 10470      |
|    policy_gradient_loss | -0.0436    |
|    std                  | 0.255      |
|    value_loss           | 1.09       |
----------------------------------------
----------------------------------------
| rollout/                |            |
|    ep_len_mean          | 474        |
|    ep_rew_mean          | 114        |
| time/                   |            |
|    fps                  | 1293       |
|    iterations           | 316        |
|    time_elapsed         | 500        |
|    total_timesteps      | 2148352    |
| train/                  |            |
|    approx_kl            | 0.21283099 |
|    clip_fraction        | 0.685      |
|    clip_range           | 0.2        |
|    entropy_loss         | 0.196      |
|    explained_variance   | 0.9766637  |
|    learning_rate        | 0.0003     |
|    loss                 | 0.137      |
|    n_updates            | 10480      |
|    policy_gradient_loss | -0.0396    |
|    std                  | 0.255      |
|    value_loss           | 0.687      |
----------------------------------------
----------------------------------------
| rollout/                |            |
|    ep_len_mean          | 483        |
|    ep_rew_mean          | 115        |
| time/                   |            |
|    fps                  | 1292       |
|    iterations           | 317        |
|    time_elapsed         | 502        |
|    total_timesteps      | 2150400    |
| train/                  |            |
|    approx_kl            | 0.21119118 |
|    clip_fraction        | 0.667      |
|    clip_range           | 0.2        |
|    entropy_loss         | 0.205      |
|    explained_variance   | 0.9514156  |
|    learning_rate        | 0.0003     |
|    loss                 | 0.0755     |
|    n_updates            | 10490      |
|    policy_gradient_loss | -0.0378    |
|    std                  | 0.254      |
|    value_loss           | 1.2        |
----------------------------------------
----------------------------------------
| rollout/                |            |
|    ep_len_mean          | 484        |
|    ep_rew_mean          | 116        |
| time/                   |            |
|    fps                  | 1291       |
|    iterations           | 318        |
|    time_elapsed         | 504        |
|    total_timesteps      | 2152448    |
| train/                  |            |
|    approx_kl            | 0.22652394 |
|    clip_fraction        | 0.677      |
|    clip_range           | 0.2        |
|    entropy_loss         | 0.241      |
|    explained_variance   | 0.96350676 |
|    learning_rate        | 0.0003     |
|    loss                 | 0.109      |
|    n_updates            | 10500      |
|    policy_gradient_loss | -0.0421    |
|    std                  | 0.254      |
|    value_loss           | 1.09       |
----------------------------------------
----------------------------------------
| rollout/                |            |
|    ep_len_mean          | 489        |
|    ep_rew_mean          | 117        |
| time/                   |            |
|    fps                  | 1291       |
|    iterations           | 319        |
|    time_elapsed         | 505        |
|    total_timesteps      | 2154496    |
| train/                  |            |
|    approx_kl            | 0.26887625 |
|    clip_fraction        | 0.708      |
|    clip_range           | 0.2        |
|    entropy_loss         | 0.238      |
|    explained_variance   | 0.96417266 |
|    learning_rate        | 0.0003     |
|    loss                 | 0.0818     |
|    n_updates            | 10510      |
|    policy_gradient_loss | -0.042     |
|    std                  | 0.254      |
|    value_loss           | 0.759      |
----------------------------------------
----------------------------------------
| rollout/                |            |
|    ep_len_mean          | 486        |
|    ep_rew_mean          | 116        |
| time/                   |            |
|    fps                  | 1290       |
|    iterations           | 320        |
|    time_elapsed         | 507        |
|    total_timesteps      | 2156544    |
| train/                  |            |
|    approx_kl            | 0.28581572 |
|    clip_fraction        | 0.682      |
|    clip_range           | 0.2        |
|    entropy_loss         | 0.223      |
|    explained_variance   | 0.96564955 |
|    learning_rate        | 0.0003     |
|    loss                 | 0.126      |
|    n_updates            | 10520      |
|    policy_gradient_loss | -0.0438    |
|    std                  | 0.254      |
|    value_loss           | 0.671      |
----------------------------------------
----------------------------------------
| rollout/                |            |
|    ep_len_mean          | 486        |
|    ep_rew_mean          | 116        |
| time/                   |            |
|    fps                  | 1290       |
|    iterations           | 321        |
|    time_elapsed         | 509        |
|    total_timesteps      | 2158592    |
| train/                  |            |
|    approx_kl            | 0.32758546 |
|    clip_fraction        | 0.698      |
|    clip_range           | 0.2        |
|    entropy_loss         | 0.223      |
|    explained_variance   | 0.9771218  |
|    learning_rate        | 0.0003     |
|    loss                 | 0.0486     |
|    n_updates            | 10530      |
|    policy_gradient_loss | -0.0449    |
|    std                  | 0.254      |
|    value_loss           | 0.705      |
----------------------------------------
----------------------------------------
| rollout/                |            |
|    ep_len_mean          | 485        |
|    ep_rew_mean          | 116        |
| time/                   |            |
|    fps                  | 1290       |
|    iterations           | 322        |
|    time_elapsed         | 510        |
|    total_timesteps      | 2160640    |
| train/                  |            |
|    approx_kl            | 0.2289614  |
|    clip_fraction        | 0.675      |
|    clip_range           | 0.2        |
|    entropy_loss         | 0.234      |
|    explained_variance   | 0.95979637 |
|    learning_rate        | 0.0003     |
|    loss                 | 0.222      |
|    n_updates            | 10540      |
|    policy_gradient_loss | -0.0416    |
|    std                  | 0.254      |
|    value_loss           | 1.35       |
----------------------------------------
----------------------------------------
| rollout/                |            |
|    ep_len_mean          | 476        |
|    ep_rew_mean          | 114        |
| time/                   |            |
|    fps                  | 1290       |
|    iterations           | 323        |
|    time_elapsed         | 512        |
|    total_timesteps      | 2162688    |
| train/                  |            |
|    approx_kl            | 0.29727274 |
|    clip_fraction        | 0.708      |
|    clip_range           | 0.2        |
|    entropy_loss         | 0.245      |
|    explained_variance   | 0.9489883  |
|    learning_rate        | 0.0003     |
|    loss                 | 0.199      |
|    n_updates            | 10550      |
|    policy_gradient_loss | -0.0451    |
|    std                  | 0.254      |
|    value_loss           | 1.03       |
----------------------------------------
----------------------------------------
| rollout/                |            |
|    ep_len_mean          | 461        |
|    ep_rew_mean          | 111        |
| time/                   |            |
|    fps                  | 1290       |
|    iterations           | 324        |
|    time_elapsed         | 514        |
|    total_timesteps      | 2164736    |
| train/                  |            |
|    approx_kl            | 0.27150464 |
|    clip_fraction        | 0.691      |
|    clip_range           | 0.2        |
|    entropy_loss         | 0.259      |
|    explained_variance   | 0.9785105  |
|    learning_rate        | 0.0003     |
|    loss                 | 0.118      |
|    n_updates            | 10560      |
|    policy_gradient_loss | -0.0383    |
|    std                  | 0.253      |
|    value_loss           | 0.692      |
----------------------------------------
---------------------------------------
| rollout/                |           |
|    ep_len_mean          | 458       |
|    ep_rew_mean          | 109       |
| time/                   |           |
|    fps                  | 1289      |
|    iterations           | 325       |
|    time_elapsed         | 516       |
|    total_timesteps      | 2166784   |
| train/                  |           |
|    approx_kl            | 0.2635039 |
|    clip_fraction        | 0.695     |
|    clip_range           | 0.2       |
|    entropy_loss         | 0.263     |
|    explained_variance   | 0.9667622 |
|    learning_rate        | 0.0003    |
|    loss                 | 0.158     |
|    n_updates            | 10570     |
|    policy_gradient_loss | -0.0408   |
|    std                  | 0.253     |
|    value_loss           | 0.938     |
---------------------------------------
----------------------------------------
| rollout/                |            |
|    ep_len_mean          | 456        |
|    ep_rew_mean          | 109        |
| time/                   |            |
|    fps                  | 1289       |
|    iterations           | 326        |
|    time_elapsed         | 517        |
|    total_timesteps      | 2168832    |
| train/                  |            |
|    approx_kl            | 0.28073367 |
|    clip_fraction        | 0.665      |
|    clip_range           | 0.2        |
|    entropy_loss         | 0.283      |
|    explained_variance   | 0.9414531  |
|    learning_rate        | 0.0003     |
|    loss                 | 0.137      |
|    n_updates            | 10580      |
|    policy_gradient_loss | -0.0445    |
|    std                  | 0.253      |
|    value_loss           | 1.29       |
----------------------------------------
---------------------------------------
| rollout/                |           |
|    ep_len_mean          | 457       |
|    ep_rew_mean          | 110       |
| time/                   |           |
|    fps                  | 1289      |
|    iterations           | 327       |
|    time_elapsed         | 519       |
|    total_timesteps      | 2170880   |
| train/                  |           |
|    approx_kl            | 0.2687487 |
|    clip_fraction        | 0.715     |
|    clip_range           | 0.2       |
|    entropy_loss         | 0.3       |
|    explained_variance   | 0.9662483 |
|    learning_rate        | 0.0003    |
|    loss                 | 0.0629    |
|    n_updates            | 10590     |
|    policy_gradient_loss | -0.0381   |
|    std                  | 0.253     |
|    value_loss           | 0.816     |
---------------------------------------
----------------------------------------
| rollout/                |            |
|    ep_len_mean          | 460        |
|    ep_rew_mean          | 111        |
| time/                   |            |
|    fps                  | 1289       |
|    iterations           | 328        |
|    time_elapsed         | 520        |
|    total_timesteps      | 2172928    |
| train/                  |            |
|    approx_kl            | 0.31070852 |
|    clip_fraction        | 0.714      |
|    clip_range           | 0.2        |
|    entropy_loss         | 0.243      |
|    explained_variance   | 0.97731525 |
|    learning_rate        | 0.0003     |
|    loss                 | 0.085      |
|    n_updates            | 10600      |
|    policy_gradient_loss | -0.0367    |
|    std                  | 0.254      |
|    value_loss           | 0.633      |
----------------------------------------
----------------------------------------
| rollout/                |            |
|    ep_len_mean          | 461        |
|    ep_rew_mean          | 111        |
| time/                   |            |
|    fps                  | 1289       |
|    iterations           | 329        |
|    time_elapsed         | 522        |
|    total_timesteps      | 2174976    |
| train/                  |            |
|    approx_kl            | 0.25846174 |
|    clip_fraction        | 0.68       |
|    clip_range           | 0.2        |
|    entropy_loss         | 0.227      |
|    explained_variance   | 0.96881914 |
|    learning_rate        | 0.0003     |
|    loss                 | 0.162      |
|    n_updates            | 10610      |
|    policy_gradient_loss | -0.0501    |
|    std                  | 0.254      |
|    value_loss           | 0.951      |
----------------------------------------
----------------------------------------
| rollout/                |            |
|    ep_len_mean          | 459        |
|    ep_rew_mean          | 112        |
| time/                   |            |
|    fps                  | 1288       |
|    iterations           | 330        |
|    time_elapsed         | 524        |
|    total_timesteps      | 2177024    |
| train/                  |            |
|    approx_kl            | 0.29622298 |
|    clip_fraction        | 0.69       |
|    clip_range           | 0.2        |
|    entropy_loss         | 0.24       |
|    explained_variance   | 0.9715439  |
|    learning_rate        | 0.0003     |
|    loss                 | 0.0783     |
|    n_updates            | 10620      |
|    policy_gradient_loss | -0.0468    |
|    std                  | 0.254      |
|    value_loss           | 0.81       |
----------------------------------------
---------------------------------------
| rollout/                |           |
|    ep_len_mean          | 456       |
|    ep_rew_mean          | 111       |
| time/                   |           |
|    fps                  | 1289      |
|    iterations           | 331       |
|    time_elapsed         | 525       |
|    total_timesteps      | 2179072   |
| train/                  |           |
|    approx_kl            | 0.2791892 |
|    clip_fraction        | 0.706     |
|    clip_range           | 0.2       |
|    entropy_loss         | 0.281     |
|    explained_variance   | 0.9703129 |
|    learning_rate        | 0.0003    |
|    loss                 | 0.0522    |
|    n_updates            | 10630     |
|    policy_gradient_loss | -0.0479   |
|    std                  | 0.252     |
|    value_loss           | 0.548     |
---------------------------------------
---------------------------------------
| rollout/                |           |
|    ep_len_mean          | 458       |
|    ep_rew_mean          | 112       |
| time/                   |           |
|    fps                  | 1289      |
|    iterations           | 332       |
|    time_elapsed         | 527       |
|    total_timesteps      | 2181120   |
| train/                  |           |
|    approx_kl            | 0.2705471 |
|    clip_fraction        | 0.704     |
|    clip_range           | 0.2       |
|    entropy_loss         | 0.319     |
|    explained_variance   | 0.9633687 |
|    learning_rate        | 0.0003    |
|    loss                 | 0.0382    |
|    n_updates            | 10640     |
|    policy_gradient_loss | -0.043    |
|    std                  | 0.252     |
|    value_loss           | 0.86      |
---------------------------------------
----------------------------------------
| rollout/                |            |
|    ep_len_mean          | 448        |
|    ep_rew_mean          | 109        |
| time/                   |            |
|    fps                  | 1289       |
|    iterations           | 333        |
|    time_elapsed         | 528        |
|    total_timesteps      | 2183168    |
| train/                  |            |
|    approx_kl            | 0.25251764 |
|    clip_fraction        | 0.684      |
|    clip_range           | 0.2        |
|    entropy_loss         | 0.318      |
|    explained_variance   | 0.97835344 |
|    learning_rate        | 0.0003     |
|    loss                 | 0.0139     |
|    n_updates            | 10650      |
|    policy_gradient_loss | -0.0431    |
|    std                  | 0.252      |
|    value_loss           | 0.631      |
----------------------------------------
----------------------------------------
| rollout/                |            |
|    ep_len_mean          | 447        |
|    ep_rew_mean          | 108        |
| time/                   |            |
|    fps                  | 1289       |
|    iterations           | 334        |
|    time_elapsed         | 530        |
|    total_timesteps      | 2185216    |
| train/                  |            |
|    approx_kl            | 0.23820335 |
|    clip_fraction        | 0.675      |
|    clip_range           | 0.2        |
|    entropy_loss         | 0.349      |
|    explained_variance   | 0.9788278  |
|    learning_rate        | 0.0003     |
|    loss                 | 0.109      |
|    n_updates            | 10660      |
|    policy_gradient_loss | -0.0406    |
|    std                  | 0.251      |
|    value_loss           | 0.732      |
----------------------------------------
----------------------------------------
| rollout/                |            |
|    ep_len_mean          | 446        |
|    ep_rew_mean          | 108        |
| time/                   |            |
|    fps                  | 1290       |
|    iterations           | 335        |
|    time_elapsed         | 531        |
|    total_timesteps      | 2187264    |
| train/                  |            |
|    approx_kl            | 0.24577585 |
|    clip_fraction        | 0.692      |
|    clip_range           | 0.2        |
|    entropy_loss         | 0.395      |
|    explained_variance   | 0.9467904  |
|    learning_rate        | 0.0003     |
|    loss                 | 0.00261    |
|    n_updates            | 10670      |
|    policy_gradient_loss | -0.0374    |
|    std                  | 0.25       |
|    value_loss           | 0.796      |
----------------------------------------
----------------------------------------
| rollout/                |            |
|    ep_len_mean          | 435        |
|    ep_rew_mean          | 105        |
| time/                   |            |
|    fps                  | 1290       |
|    iterations           | 336        |
|    time_elapsed         | 533        |
|    total_timesteps      | 2189312    |
| train/                  |            |
|    approx_kl            | 0.28319943 |
|    clip_fraction        | 0.674      |
|    clip_range           | 0.2        |
|    entropy_loss         | 0.435      |
|    explained_variance   | 0.9709558  |
|    learning_rate        | 0.0003     |
|    loss                 | 0.0153     |
|    n_updates            | 10680      |
|    policy_gradient_loss | -0.0364    |
|    std                  | 0.25       |
|    value_loss           | 0.562      |
----------------------------------------
----------------------------------------
| rollout/                |            |
|    ep_len_mean          | 421        |
|    ep_rew_mean          | 102        |
| time/                   |            |
|    fps                  | 1290       |
|    iterations           | 337        |
|    time_elapsed         | 534        |
|    total_timesteps      | 2191360    |
| train/                  |            |
|    approx_kl            | 0.22357702 |
|    clip_fraction        | 0.647      |
|    clip_range           | 0.2        |
|    entropy_loss         | 0.471      |
|    explained_variance   | 0.95448613 |
|    learning_rate        | 0.0003     |
|    loss                 | 0.165      |
|    n_updates            | 10690      |
|    policy_gradient_loss | -0.046     |
|    std                  | 0.249      |
|    value_loss           | 1.39       |
----------------------------------------
----------------------------------------
| rollout/                |            |
|    ep_len_mean          | 417        |
|    ep_rew_mean          | 103        |
| time/                   |            |
|    fps                  | 1291       |
|    iterations           | 338        |
|    time_elapsed         | 536        |
|    total_timesteps      | 2193408    |
| train/                  |            |
|    approx_kl            | 0.26161283 |
|    clip_fraction        | 0.665      |
|    clip_range           | 0.2        |
|    entropy_loss         | 0.489      |
|    explained_variance   | 0.96278083 |
|    learning_rate        | 0.0003     |
|    loss                 | 0.118      |
|    n_updates            | 10700      |
|    policy_gradient_loss | -0.039     |
|    std                  | 0.249      |
|    value_loss           | 0.995      |
----------------------------------------
----------------------------------------
| rollout/                |            |
|    ep_len_mean          | 400        |
|    ep_rew_mean          | 99.1       |
| time/                   |            |
|    fps                  | 1291       |
|    iterations           | 339        |
|    time_elapsed         | 537        |
|    total_timesteps      | 2195456    |
| train/                  |            |
|    approx_kl            | 0.32213944 |
|    clip_fraction        | 0.702      |
|    clip_range           | 0.2        |
|    entropy_loss         | 0.529      |
|    explained_variance   | 0.93166876 |
|    learning_rate        | 0.0003     |
|    loss                 | 0.165      |
|    n_updates            | 10710      |
|    policy_gradient_loss | -0.045     |
|    std                  | 0.248      |
|    value_loss           | 1.39       |
----------------------------------------
----------------------------------------
| rollout/                |            |
|    ep_len_mean          | 405        |
|    ep_rew_mean          | 100        |
| time/                   |            |
|    fps                  | 1291       |
|    iterations           | 340        |
|    time_elapsed         | 539        |
|    total_timesteps      | 2197504    |
| train/                  |            |
|    approx_kl            | 0.22660041 |
|    clip_fraction        | 0.64       |
|    clip_range           | 0.2        |
|    entropy_loss         | 0.553      |
|    explained_variance   | 0.9579892  |
|    learning_rate        | 0.0003     |
|    loss                 | 0.135      |
|    n_updates            | 10720      |
|    policy_gradient_loss | -0.0493    |
|    std                  | 0.248      |
|    value_loss           | 1.51       |
----------------------------------------
----------------------------------------
| rollout/                |            |
|    ep_len_mean          | 408        |
|    ep_rew_mean          | 102        |
| time/                   |            |
|    fps                  | 1291       |
|    iterations           | 341        |
|    time_elapsed         | 540        |
|    total_timesteps      | 2199552    |
| train/                  |            |
|    approx_kl            | 0.33780396 |
|    clip_fraction        | 0.707      |
|    clip_range           | 0.2        |
|    entropy_loss         | 0.563      |
|    explained_variance   | 0.9541914  |
|    learning_rate        | 0.0003     |
|    loss                 | 0.258      |
|    n_updates            | 10730      |
|    policy_gradient_loss | -0.0439    |
|    std                  | 0.248      |
|    value_loss           | 1.17       |
----------------------------------------
----------------------------------------
| rollout/                |            |
|    ep_len_mean          | 399        |
|    ep_rew_mean          | 99.2       |
| time/                   |            |
|    fps                  | 1292       |
|    iterations           | 342        |
|    time_elapsed         | 541        |
|    total_timesteps      | 2201600    |
| train/                  |            |
|    approx_kl            | 0.36555743 |
|    clip_fraction        | 0.697      |
|    clip_range           | 0.2        |
|    entropy_loss         | 0.597      |
|    explained_variance   | 0.9500111  |
|    learning_rate        | 0.0003     |
|    loss                 | 0.129      |
|    n_updates            | 10740      |
|    policy_gradient_loss | -0.0501    |
|    std                  | 0.247      |
|    value_loss           | 1.28       |
----------------------------------------
----------------------------------------
| rollout/                |            |
|    ep_len_mean          | 406        |
|    ep_rew_mean          | 101        |
| time/                   |            |
|    fps                  | 1292       |
|    iterations           | 343        |
|    time_elapsed         | 543        |
|    total_timesteps      | 2203648    |
| train/                  |            |
|    approx_kl            | 0.19472809 |
|    clip_fraction        | 0.646      |
|    clip_range           | 0.2        |
|    entropy_loss         | 0.655      |
|    explained_variance   | 0.94450045 |
|    learning_rate        | 0.0003     |
|    loss                 | 0.475      |
|    n_updates            | 10750      |
|    policy_gradient_loss | -0.0434    |
|    std                  | 0.246      |
|    value_loss           | 2.26       |
----------------------------------------
---------------------------------------
| rollout/                |           |
|    ep_len_mean          | 412       |
|    ep_rew_mean          | 102       |
| time/                   |           |
|    fps                  | 1292      |
|    iterations           | 344       |
|    time_elapsed         | 544       |
|    total_timesteps      | 2205696   |
| train/                  |           |
|    approx_kl            | 0.3216986 |
|    clip_fraction        | 0.73      |
|    clip_range           | 0.2       |
|    entropy_loss         | 0.694     |
|    explained_variance   | 0.9571233 |
|    learning_rate        | 0.0003    |
|    loss                 | 0.286     |
|    n_updates            | 10760     |
|    policy_gradient_loss | -0.0367   |
|    std                  | 0.245     |
|    value_loss           | 0.995     |
---------------------------------------
----------------------------------------
| rollout/                |            |
|    ep_len_mean          | 416        |
|    ep_rew_mean          | 103        |
| time/                   |            |
|    fps                  | 1292       |
|    iterations           | 345        |
|    time_elapsed         | 546        |
|    total_timesteps      | 2207744    |
| train/                  |            |
|    approx_kl            | 0.3264048  |
|    clip_fraction        | 0.72       |
|    clip_range           | 0.2        |
|    entropy_loss         | 0.728      |
|    explained_variance   | 0.96026456 |
|    learning_rate        | 0.0003     |
|    loss                 | 0.0914     |
|    n_updates            | 10770      |
|    policy_gradient_loss | -0.0354    |
|    std                  | 0.245      |
|    value_loss           | 0.977      |
----------------------------------------
---------------------------------------
| rollout/                |           |
|    ep_len_mean          | 418       |
|    ep_rew_mean          | 104       |
| time/                   |           |
|    fps                  | 1293      |
|    iterations           | 346       |
|    time_elapsed         | 548       |
|    total_timesteps      | 2209792   |
| train/                  |           |
|    approx_kl            | 0.2987357 |
|    clip_fraction        | 0.71      |
|    clip_range           | 0.2       |
|    entropy_loss         | 0.73      |
|    explained_variance   | 0.964327  |
|    learning_rate        | 0.0003    |
|    loss                 | 0.125     |
|    n_updates            | 10780     |
|    policy_gradient_loss | -0.0418   |
|    std                  | 0.245     |
|    value_loss           | 1.01      |
---------------------------------------
----------------------------------------
| rollout/                |            |
|    ep_len_mean          | 417        |
|    ep_rew_mean          | 104        |
| time/                   |            |
|    fps                  | 1293       |
|    iterations           | 347        |
|    time_elapsed         | 549        |
|    total_timesteps      | 2211840    |
| train/                  |            |
|    approx_kl            | 0.3133188  |
|    clip_fraction        | 0.702      |
|    clip_range           | 0.2        |
|    entropy_loss         | 0.716      |
|    explained_variance   | 0.97122353 |
|    learning_rate        | 0.0003     |
|    loss                 | 0.0364     |
|    n_updates            | 10790      |
|    policy_gradient_loss | -0.0406    |
|    std                  | 0.245      |
|    value_loss           | 0.818      |
----------------------------------------
----------------------------------------
| rollout/                |            |
|    ep_len_mean          | 416        |
|    ep_rew_mean          | 103        |
| time/                   |            |
|    fps                  | 1293       |
|    iterations           | 348        |
|    time_elapsed         | 550        |
|    total_timesteps      | 2213888    |
| train/                  |            |
|    approx_kl            | 0.26180887 |
|    clip_fraction        | 0.675      |
|    clip_range           | 0.2        |
|    entropy_loss         | 0.697      |
|    explained_variance   | 0.9639943  |
|    learning_rate        | 0.0003     |
|    loss                 | 0.131      |
|    n_updates            | 10800      |
|    policy_gradient_loss | -0.0451    |
|    std                  | 0.246      |
|    value_loss           | 1.42       |
----------------------------------------
----------------------------------------
| rollout/                |            |
|    ep_len_mean          | 425        |
|    ep_rew_mean          | 105        |
| time/                   |            |
|    fps                  | 1293       |
|    iterations           | 349        |
|    time_elapsed         | 552        |
|    total_timesteps      | 2215936    |
| train/                  |            |
|    approx_kl            | 0.32082233 |
|    clip_fraction        | 0.714      |
|    clip_range           | 0.2        |
|    entropy_loss         | 0.707      |
|    explained_variance   | 0.98005503 |
|    learning_rate        | 0.0003     |
|    loss                 | 0.189      |
|    n_updates            | 10810      |
|    policy_gradient_loss | -0.0448    |
|    std                  | 0.245      |
|    value_loss           | 0.794      |
----------------------------------------
----------------------------------------
| rollout/                |            |
|    ep_len_mean          | 418        |
|    ep_rew_mean          | 104        |
| time/                   |            |
|    fps                  | 1294       |
|    iterations           | 350        |
|    time_elapsed         | 553        |
|    total_timesteps      | 2217984    |
| train/                  |            |
|    approx_kl            | 0.30036533 |
|    clip_fraction        | 0.705      |
|    clip_range           | 0.2        |
|    entropy_loss         | 0.717      |
|    explained_variance   | 0.9530811  |
|    learning_rate        | 0.0003     |
|    loss                 | 0.09       |
|    n_updates            | 10820      |
|    policy_gradient_loss | -0.0376    |
|    std                  | 0.245      |
|    value_loss           | 0.826      |
----------------------------------------
----------------------------------------
| rollout/                |            |
|    ep_len_mean          | 410        |
|    ep_rew_mean          | 100        |
| time/                   |            |
|    fps                  | 1294       |
|    iterations           | 351        |
|    time_elapsed         | 555        |
|    total_timesteps      | 2220032    |
| train/                  |            |
|    approx_kl            | 0.26533216 |
|    clip_fraction        | 0.682      |
|    clip_range           | 0.2        |
|    entropy_loss         | 0.736      |
|    explained_variance   | 0.9649037  |
|    learning_rate        | 0.0003     |
|    loss                 | 0.11       |
|    n_updates            | 10830      |
|    policy_gradient_loss | -0.0378    |
|    std                  | 0.245      |
|    value_loss           | 1.11       |
----------------------------------------
----------------------------------------
| rollout/                |            |
|    ep_len_mean          | 417        |
|    ep_rew_mean          | 102        |
| time/                   |            |
|    fps                  | 1294       |
|    iterations           | 352        |
|    time_elapsed         | 556        |
|    total_timesteps      | 2222080    |
| train/                  |            |
|    approx_kl            | 0.23157111 |
|    clip_fraction        | 0.664      |
|    clip_range           | 0.2        |
|    entropy_loss         | 0.726      |
|    explained_variance   | 0.9641579  |
|    learning_rate        | 0.0003     |
|    loss                 | 0.343      |
|    n_updates            | 10840      |
|    policy_gradient_loss | -0.0431    |
|    std                  | 0.244      |
|    value_loss           | 1.17       |
----------------------------------------
----------------------------------------
| rollout/                |            |
|    ep_len_mean          | 421        |
|    ep_rew_mean          | 104        |
| time/                   |            |
|    fps                  | 1294       |
|    iterations           | 353        |
|    time_elapsed         | 558        |
|    total_timesteps      | 2224128    |
| train/                  |            |
|    approx_kl            | 0.27042162 |
|    clip_fraction        | 0.699      |
|    clip_range           | 0.2        |
|    entropy_loss         | 0.757      |
|    explained_variance   | 0.97654027 |
|    learning_rate        | 0.0003     |
|    loss                 | 0.152      |
|    n_updates            | 10850      |
|    policy_gradient_loss | -0.0395    |
|    std                  | 0.244      |
|    value_loss           | 0.736      |
----------------------------------------
----------------------------------------
| rollout/                |            |
|    ep_len_mean          | 418        |
|    ep_rew_mean          | 103        |
| time/                   |            |
|    fps                  | 1295       |
|    iterations           | 354        |
|    time_elapsed         | 559        |
|    total_timesteps      | 2226176    |
| train/                  |            |
|    approx_kl            | 0.25501636 |
|    clip_fraction        | 0.712      |
|    clip_range           | 0.2        |
|    entropy_loss         | 0.802      |
|    explained_variance   | 0.9675501  |
|    learning_rate        | 0.0003     |
|    loss                 | 0.122      |
|    n_updates            | 10860      |
|    policy_gradient_loss | -0.0305    |
|    std                  | 0.244      |
|    value_loss           | 0.966      |
----------------------------------------
----------------------------------------
| rollout/                |            |
|    ep_len_mean          | 419        |
|    ep_rew_mean          | 103        |
| time/                   |            |
|    fps                  | 1295       |
|    iterations           | 355        |
|    time_elapsed         | 561        |
|    total_timesteps      | 2228224    |
| train/                  |            |
|    approx_kl            | 0.32147753 |
|    clip_fraction        | 0.683      |
|    clip_range           | 0.2        |
|    entropy_loss         | 0.832      |
|    explained_variance   | 0.9698227  |
|    learning_rate        | 0.0003     |
|    loss                 | 0.107      |
|    n_updates            | 10870      |
|    policy_gradient_loss | -0.0476    |
|    std                  | 0.243      |
|    value_loss           | 0.904      |
----------------------------------------
----------------------------------------
| rollout/                |            |
|    ep_len_mean          | 418        |
|    ep_rew_mean          | 104        |
| time/                   |            |
|    fps                  | 1295       |
|    iterations           | 356        |
|    time_elapsed         | 562        |
|    total_timesteps      | 2230272    |
| train/                  |            |
|    approx_kl            | 0.23523383 |
|    clip_fraction        | 0.674      |
|    clip_range           | 0.2        |
|    entropy_loss         | 0.878      |
|    explained_variance   | 0.9603253  |
|    learning_rate        | 0.0003     |
|    loss                 | 0.246      |
|    n_updates            | 10880      |
|    policy_gradient_loss | -0.0419    |
|    std                  | 0.242      |
|    value_loss           | 1.24       |
----------------------------------------
----------------------------------------
| rollout/                |            |
|    ep_len_mean          | 420        |
|    ep_rew_mean          | 105        |
| time/                   |            |
|    fps                  | 1295       |
|    iterations           | 357        |
|    time_elapsed         | 564        |
|    total_timesteps      | 2232320    |
| train/                  |            |
|    approx_kl            | 0.31583768 |
|    clip_fraction        | 0.722      |
|    clip_range           | 0.2        |
|    entropy_loss         | 0.9        |
|    explained_variance   | 0.9796145  |
|    learning_rate        | 0.0003     |
|    loss                 | 0.102      |
|    n_updates            | 10890      |
|    policy_gradient_loss | -0.0374    |
|    std                  | 0.242      |
|    value_loss           | 0.703      |
----------------------------------------
----------------------------------------
| rollout/                |            |
|    ep_len_mean          | 421        |
|    ep_rew_mean          | 105        |
| time/                   |            |
|    fps                  | 1296       |
|    iterations           | 358        |
|    time_elapsed         | 565        |
|    total_timesteps      | 2234368    |
| train/                  |            |
|    approx_kl            | 0.4013603  |
|    clip_fraction        | 0.714      |
|    clip_range           | 0.2        |
|    entropy_loss         | 0.907      |
|    explained_variance   | 0.97908247 |
|    learning_rate        | 0.0003     |
|    loss                 | 0.0777     |
|    n_updates            | 10900      |
|    policy_gradient_loss | -0.037     |
|    std                  | 0.242      |
|    value_loss           | 0.682      |
----------------------------------------
----------------------------------------
| rollout/                |            |
|    ep_len_mean          | 422        |
|    ep_rew_mean          | 105        |
| time/                   |            |
|    fps                  | 1296       |
|    iterations           | 359        |
|    time_elapsed         | 567        |
|    total_timesteps      | 2236416    |
| train/                  |            |
|    approx_kl            | 0.29940823 |
|    clip_fraction        | 0.702      |
|    clip_range           | 0.2        |
|    entropy_loss         | 0.911      |
|    explained_variance   | 0.9795854  |
|    learning_rate        | 0.0003     |
|    loss                 | 0.12       |
|    n_updates            | 10910      |
|    policy_gradient_loss | -0.0435    |
|    std                  | 0.242      |
|    value_loss           | 0.79       |
----------------------------------------
---------------------------------------
| rollout/                |           |
|    ep_len_mean          | 427       |
|    ep_rew_mean          | 106       |
| time/                   |           |
|    fps                  | 1296      |
|    iterations           | 360       |
|    time_elapsed         | 568       |
|    total_timesteps      | 2238464   |
| train/                  |           |
|    approx_kl            | 0.3031013 |
|    clip_fraction        | 0.696     |
|    clip_range           | 0.2       |
|    entropy_loss         | 0.878     |
|    explained_variance   | 0.9573436 |
|    learning_rate        | 0.0003    |
|    loss                 | 0.123     |
|    n_updates            | 10920     |
|    policy_gradient_loss | -0.0396   |
|    std                  | 0.243     |
|    value_loss           | 0.987     |
---------------------------------------
----------------------------------------
| rollout/                |            |
|    ep_len_mean          | 428        |
|    ep_rew_mean          | 106        |
| time/                   |            |
|    fps                  | 1296       |
|    iterations           | 361        |
|    time_elapsed         | 570        |
|    total_timesteps      | 2240512    |
| train/                  |            |
|    approx_kl            | 0.30230728 |
|    clip_fraction        | 0.682      |
|    clip_range           | 0.2        |
|    entropy_loss         | 0.863      |
|    explained_variance   | 0.94520193 |
|    learning_rate        | 0.0003     |
|    loss                 | 0.216      |
|    n_updates            | 10930      |
|    policy_gradient_loss | -0.0486    |
|    std                  | 0.242      |
|    value_loss           | 1.45       |
----------------------------------------
---------------------------------------
| rollout/                |           |
|    ep_len_mean          | 424       |
|    ep_rew_mean          | 105       |
| time/                   |           |
|    fps                  | 1297      |
|    iterations           | 362       |
|    time_elapsed         | 571       |
|    total_timesteps      | 2242560   |
| train/                  |           |
|    approx_kl            | 0.3562556 |
|    clip_fraction        | 0.72      |
|    clip_range           | 0.2       |
|    entropy_loss         | 0.884     |
|    explained_variance   | 0.9755076 |
|    learning_rate        | 0.0003    |
|    loss                 | 0.0179    |
|    n_updates            | 10940     |
|    policy_gradient_loss | -0.0387   |
|    std                  | 0.242     |
|    value_loss           | 0.663     |
---------------------------------------
----------------------------------------
| rollout/                |            |
|    ep_len_mean          | 429        |
|    ep_rew_mean          | 107        |
| time/                   |            |
|    fps                  | 1297       |
|    iterations           | 363        |
|    time_elapsed         | 573        |
|    total_timesteps      | 2244608    |
| train/                  |            |
|    approx_kl            | 0.2559732  |
|    clip_fraction        | 0.687      |
|    clip_range           | 0.2        |
|    entropy_loss         | 0.91       |
|    explained_variance   | 0.97698605 |
|    learning_rate        | 0.0003     |
|    loss                 | 0.147      |
|    n_updates            | 10950      |
|    policy_gradient_loss | -0.0421    |
|    std                  | 0.242      |
|    value_loss           | 0.957      |
----------------------------------------
----------------------------------------
| rollout/                |            |
|    ep_len_mean          | 425        |
|    ep_rew_mean          | 106        |
| time/                   |            |
|    fps                  | 1297       |
|    iterations           | 364        |
|    time_elapsed         | 574        |
|    total_timesteps      | 2246656    |
| train/                  |            |
|    approx_kl            | 0.34071508 |
|    clip_fraction        | 0.725      |
|    clip_range           | 0.2        |
|    entropy_loss         | 0.91       |
|    explained_variance   | 0.9706565  |
|    learning_rate        | 0.0003     |
|    loss                 | 0.146      |
|    n_updates            | 10960      |
|    policy_gradient_loss | -0.0442    |
|    std                  | 0.242      |
|    value_loss           | 0.85       |
----------------------------------------
----------------------------------------
| rollout/                |            |
|    ep_len_mean          | 424        |
|    ep_rew_mean          | 106        |
| time/                   |            |
|    fps                  | 1297       |
|    iterations           | 365        |
|    time_elapsed         | 576        |
|    total_timesteps      | 2248704    |
| train/                  |            |
|    approx_kl            | 0.34227663 |
|    clip_fraction        | 0.722      |
|    clip_range           | 0.2        |
|    entropy_loss         | 0.922      |
|    explained_variance   | 0.97776073 |
|    learning_rate        | 0.0003     |
|    loss                 | 0.138      |
|    n_updates            | 10970      |
|    policy_gradient_loss | -0.0442    |
|    std                  | 0.241      |
|    value_loss           | 0.779      |
----------------------------------------
----------------------------------------
| rollout/                |            |
|    ep_len_mean          | 413        |
|    ep_rew_mean          | 104        |
| time/                   |            |
|    fps                  | 1298       |
|    iterations           | 366        |
|    time_elapsed         | 577        |
|    total_timesteps      | 2250752    |
| train/                  |            |
|    approx_kl            | 0.23972034 |
|    clip_fraction        | 0.694      |
|    clip_range           | 0.2        |
|    entropy_loss         | 0.911      |
|    explained_variance   | 0.9704146  |
|    learning_rate        | 0.0003     |
|    loss                 | 0.124      |
|    n_updates            | 10980      |
|    policy_gradient_loss | -0.0368    |
|    std                  | 0.242      |
|    value_loss           | 1.17       |
----------------------------------------
----------------------------------------
| rollout/                |            |
|    ep_len_mean          | 407        |
|    ep_rew_mean          | 102        |
| time/                   |            |
|    fps                  | 1298       |
|    iterations           | 367        |
|    time_elapsed         | 578        |
|    total_timesteps      | 2252800    |
| train/                  |            |
|    approx_kl            | 0.23519546 |
|    clip_fraction        | 0.681      |
|    clip_range           | 0.2        |
|    entropy_loss         | 0.884      |
|    explained_variance   | 0.9769144  |
|    learning_rate        | 0.0003     |
|    loss                 | 0.343      |
|    n_updates            | 10990      |
|    policy_gradient_loss | -0.0396    |
|    std                  | 0.242      |
|    value_loss           | 1.16       |
----------------------------------------
----------------------------------------
| rollout/                |            |
|    ep_len_mean          | 408        |
|    ep_rew_mean          | 102        |
| time/                   |            |
|    fps                  | 1298       |
|    iterations           | 368        |
|    time_elapsed         | 580        |
|    total_timesteps      | 2254848    |
| train/                  |            |
|    approx_kl            | 0.20106447 |
|    clip_fraction        | 0.64       |
|    clip_range           | 0.2        |
|    entropy_loss         | 0.888      |
|    explained_variance   | 0.95646375 |
|    learning_rate        | 0.0003     |
|    loss                 | 0.371      |
|    n_updates            | 11000      |
|    policy_gradient_loss | -0.0452    |
|    std                  | 0.242      |
|    value_loss           | 1.59       |
----------------------------------------
----------------------------------------
| rollout/                |            |
|    ep_len_mean          | 407        |
|    ep_rew_mean          | 102        |
| time/                   |            |
|    fps                  | 1298       |
|    iterations           | 369        |
|    time_elapsed         | 581        |
|    total_timesteps      | 2256896    |
| train/                  |            |
|    approx_kl            | 0.2788291  |
|    clip_fraction        | 0.686      |
|    clip_range           | 0.2        |
|    entropy_loss         | 0.91       |
|    explained_variance   | 0.95315677 |
|    learning_rate        | 0.0003     |
|    loss                 | 0.0999     |
|    n_updates            | 11010      |
|    policy_gradient_loss | -0.0367    |
|    std                  | 0.242      |
|    value_loss           | 1.14       |
----------------------------------------
---------------------------------------
| rollout/                |           |
|    ep_len_mean          | 412       |
|    ep_rew_mean          | 102       |
| time/                   |           |
|    fps                  | 1299      |
|    iterations           | 370       |
|    time_elapsed         | 583       |
|    total_timesteps      | 2258944   |
| train/                  |           |
|    approx_kl            | 0.321009  |
|    clip_fraction        | 0.711     |
|    clip_range           | 0.2       |
|    entropy_loss         | 0.924     |
|    explained_variance   | 0.9556211 |
|    learning_rate        | 0.0003    |
|    loss                 | 0.0799    |
|    n_updates            | 11020     |
|    policy_gradient_loss | -0.0372   |
|    std                  | 0.242     |
|    value_loss           | 1.36      |
---------------------------------------
---------------------------------------
| rollout/                |           |
|    ep_len_mean          | 412       |
|    ep_rew_mean          | 103       |
| time/                   |           |
|    fps                  | 1299      |
|    iterations           | 371       |
|    time_elapsed         | 584       |
|    total_timesteps      | 2260992   |
| train/                  |           |
|    approx_kl            | 0.2515929 |
|    clip_fraction        | 0.691     |
|    clip_range           | 0.2       |
|    entropy_loss         | 0.924     |
|    explained_variance   | 0.9654405 |
|    learning_rate        | 0.0003    |
|    loss                 | 0.404     |
|    n_updates            | 11030     |
|    policy_gradient_loss | -0.0445   |
|    std                  | 0.241     |
|    value_loss           | 1.31      |
---------------------------------------
----------------------------------------
| rollout/                |            |
|    ep_len_mean          | 405        |
|    ep_rew_mean          | 101        |
| time/                   |            |
|    fps                  | 1299       |
|    iterations           | 372        |
|    time_elapsed         | 586        |
|    total_timesteps      | 2263040    |
| train/                  |            |
|    approx_kl            | 0.3209577  |
|    clip_fraction        | 0.716      |
|    clip_range           | 0.2        |
|    entropy_loss         | 0.954      |
|    explained_variance   | 0.98209506 |
|    learning_rate        | 0.0003     |
|    loss                 | 0.153      |
|    n_updates            | 11040      |
|    policy_gradient_loss | -0.0373    |
|    std                  | 0.241      |
|    value_loss           | 0.795      |
----------------------------------------
----------------------------------------
| rollout/                |            |
|    ep_len_mean          | 398        |
|    ep_rew_mean          | 99.9       |
| time/                   |            |
|    fps                  | 1299       |
|    iterations           | 373        |
|    time_elapsed         | 587        |
|    total_timesteps      | 2265088    |
| train/                  |            |
|    approx_kl            | 0.30025747 |
|    clip_fraction        | 0.697      |
|    clip_range           | 0.2        |
|    entropy_loss         | 0.964      |
|    explained_variance   | 0.9742451  |
|    learning_rate        | 0.0003     |
|    loss                 | 0.132      |
|    n_updates            | 11050      |
|    policy_gradient_loss | -0.0369    |
|    std                  | 0.24       |
|    value_loss           | 1.07       |
----------------------------------------
---------------------------------------
| rollout/                |           |
|    ep_len_mean          | 403       |
|    ep_rew_mean          | 102       |
| time/                   |           |
|    fps                  | 1300      |
|    iterations           | 374       |
|    time_elapsed         | 589       |
|    total_timesteps      | 2267136   |
| train/                  |           |
|    approx_kl            | 0.31667   |
|    clip_fraction        | 0.719     |
|    clip_range           | 0.2       |
|    entropy_loss         | 1.01      |
|    explained_variance   | 0.9751334 |
|    learning_rate        | 0.0003    |
|    loss                 | 0.217     |
|    n_updates            | 11060     |
|    policy_gradient_loss | -0.0346   |
|    std                  | 0.24      |
|    value_loss           | 0.869     |
---------------------------------------
---------------------------------------
| rollout/                |           |
|    ep_len_mean          | 402       |
|    ep_rew_mean          | 100       |
| time/                   |           |
|    fps                  | 1300      |
|    iterations           | 375       |
|    time_elapsed         | 590       |
|    total_timesteps      | 2269184   |
| train/                  |           |
|    approx_kl            | 0.3891445 |
|    clip_fraction        | 0.729     |
|    clip_range           | 0.2       |
|    entropy_loss         | 1.02      |
|    explained_variance   | 0.9680448 |
|    learning_rate        | 0.0003    |
|    loss                 | 0.132     |
|    n_updates            | 11070     |
|    policy_gradient_loss | -0.0408   |
|    std                  | 0.24      |
|    value_loss           | 0.951     |
---------------------------------------
----------------------------------------
| rollout/                |            |
|    ep_len_mean          | 400        |
|    ep_rew_mean          | 99.8       |
| time/                   |            |
|    fps                  | 1300       |
|    iterations           | 376        |
|    time_elapsed         | 592        |
|    total_timesteps      | 2271232    |
| train/                  |            |
|    approx_kl            | 0.24626358 |
|    clip_fraction        | 0.674      |
|    clip_range           | 0.2        |
|    entropy_loss         | 1.03       |
|    explained_variance   | 0.9620516  |
|    learning_rate        | 0.0003     |
|    loss                 | 0.148      |
|    n_updates            | 11080      |
|    policy_gradient_loss | -0.0407    |
|    std                  | 0.239      |
|    value_loss           | 1.43       |
----------------------------------------
----------------------------------------
| rollout/                |            |
|    ep_len_mean          | 397        |
|    ep_rew_mean          | 98.8       |
| time/                   |            |
|    fps                  | 1300       |
|    iterations           | 377        |
|    time_elapsed         | 593        |
|    total_timesteps      | 2273280    |
| train/                  |            |
|    approx_kl            | 0.29778916 |
|    clip_fraction        | 0.719      |
|    clip_range           | 0.2        |
|    entropy_loss         | 1.06       |
|    explained_variance   | 0.9802696  |
|    learning_rate        | 0.0003     |
|    loss                 | 0.207      |
|    n_updates            | 11090      |
|    policy_gradient_loss | -0.0353    |
|    std                  | 0.239      |
|    value_loss           | 0.714      |
----------------------------------------
----------------------------------------
| rollout/                |            |
|    ep_len_mean          | 397        |
|    ep_rew_mean          | 98.9       |
| time/                   |            |
|    fps                  | 1300       |
|    iterations           | 378        |
|    time_elapsed         | 595        |
|    total_timesteps      | 2275328    |
| train/                  |            |
|    approx_kl            | 0.34088552 |
|    clip_fraction        | 0.727      |
|    clip_range           | 0.2        |
|    entropy_loss         | 1.09       |
|    explained_variance   | 0.9819175  |
|    learning_rate        | 0.0003     |
|    loss                 | 0.113      |
|    n_updates            | 11100      |
|    policy_gradient_loss | -0.0372    |
|    std                  | 0.238      |
|    value_loss           | 0.562      |
----------------------------------------
---------------------------------------
| rollout/                |           |
|    ep_len_mean          | 400       |
|    ep_rew_mean          | 99.5      |
| time/                   |           |
|    fps                  | 1300      |
|    iterations           | 379       |
|    time_elapsed         | 596       |
|    total_timesteps      | 2277376   |
| train/                  |           |
|    approx_kl            | 0.3289181 |
|    clip_fraction        | 0.711     |
|    clip_range           | 0.2       |
|    entropy_loss         | 1.14      |
|    explained_variance   | 0.971482  |
|    learning_rate        | 0.0003    |
|    loss                 | 0.12      |
|    n_updates            | 11110     |
|    policy_gradient_loss | -0.0377   |
|    std                  | 0.238     |
|    value_loss           | 0.878     |
---------------------------------------
----------------------------------------
| rollout/                |            |
|    ep_len_mean          | 394        |
|    ep_rew_mean          | 97.7       |
| time/                   |            |
|    fps                  | 1301       |
|    iterations           | 380        |
|    time_elapsed         | 598        |
|    total_timesteps      | 2279424    |
| train/                  |            |
|    approx_kl            | 0.26399106 |
|    clip_fraction        | 0.714      |
|    clip_range           | 0.2        |
|    entropy_loss         | 1.13       |
|    explained_variance   | 0.9462236  |
|    learning_rate        | 0.0003     |
|    loss                 | 0.251      |
|    n_updates            | 11120      |
|    policy_gradient_loss | -0.0473    |
|    std                  | 0.238      |
|    value_loss           | 1.24       |
----------------------------------------
----------------------------------------
| rollout/                |            |
|    ep_len_mean          | 388        |
|    ep_rew_mean          | 95.1       |
| time/                   |            |
|    fps                  | 1301       |
|    iterations           | 381        |
|    time_elapsed         | 599        |
|    total_timesteps      | 2281472    |
| train/                  |            |
|    approx_kl            | 0.25012553 |
|    clip_fraction        | 0.67       |
|    clip_range           | 0.2        |
|    entropy_loss         | 1.12       |
|    explained_variance   | 0.96369904 |
|    learning_rate        | 0.0003     |
|    loss                 | 0.176      |
|    n_updates            | 11130      |
|    policy_gradient_loss | -0.0462    |
|    std                  | 0.238      |
|    value_loss           | 1.21       |
----------------------------------------
----------------------------------------
| rollout/                |            |
|    ep_len_mean          | 379        |
|    ep_rew_mean          | 93.2       |
| time/                   |            |
|    fps                  | 1301       |
|    iterations           | 382        |
|    time_elapsed         | 601        |
|    total_timesteps      | 2283520    |
| train/                  |            |
|    approx_kl            | 0.27634412 |
|    clip_fraction        | 0.653      |
|    clip_range           | 0.2        |
|    entropy_loss         | 1.14       |
|    explained_variance   | 0.9532858  |
|    learning_rate        | 0.0003     |
|    loss                 | 0.361      |
|    n_updates            | 11140      |
|    policy_gradient_loss | -0.045     |
|    std                  | 0.237      |
|    value_loss           | 1.38       |
----------------------------------------
----------------------------------------
| rollout/                |            |
|    ep_len_mean          | 379        |
|    ep_rew_mean          | 92.4       |
| time/                   |            |
|    fps                  | 1301       |
|    iterations           | 383        |
|    time_elapsed         | 602        |
|    total_timesteps      | 2285568    |
| train/                  |            |
|    approx_kl            | 0.29181075 |
|    clip_fraction        | 0.694      |
|    clip_range           | 0.2        |
|    entropy_loss         | 1.14       |
|    explained_variance   | 0.9789428  |
|    learning_rate        | 0.0003     |
|    loss                 | 0.206      |
|    n_updates            | 11150      |
|    policy_gradient_loss | -0.0451    |
|    std                  | 0.238      |
|    value_loss           | 0.957      |
----------------------------------------
----------------------------------------
| rollout/                |            |
|    ep_len_mean          | 379        |
|    ep_rew_mean          | 92.3       |
| time/                   |            |
|    fps                  | 1302       |
|    iterations           | 384        |
|    time_elapsed         | 603        |
|    total_timesteps      | 2287616    |
| train/                  |            |
|    approx_kl            | 0.29639876 |
|    clip_fraction        | 0.699      |
|    clip_range           | 0.2        |
|    entropy_loss         | 1.14       |
|    explained_variance   | 0.96396774 |
|    learning_rate        | 0.0003     |
|    loss                 | 0.106      |
|    n_updates            | 11160      |
|    policy_gradient_loss | -0.0354    |
|    std                  | 0.237      |
|    value_loss           | 1.17       |
----------------------------------------
----------------------------------------
| rollout/                |            |
|    ep_len_mean          | 380        |
|    ep_rew_mean          | 92         |
| time/                   |            |
|    fps                  | 1302       |
|    iterations           | 385        |
|    time_elapsed         | 605        |
|    total_timesteps      | 2289664    |
| train/                  |            |
|    approx_kl            | 0.28463745 |
|    clip_fraction        | 0.704      |
|    clip_range           | 0.2        |
|    entropy_loss         | 1.15       |
|    explained_variance   | 0.9760735  |
|    learning_rate        | 0.0003     |
|    loss                 | 0.0542     |
|    n_updates            | 11170      |
|    policy_gradient_loss | -0.0422    |
|    std                  | 0.237      |
|    value_loss           | 0.783      |
----------------------------------------
----------------------------------------
| rollout/                |            |
|    ep_len_mean          | 387        |
|    ep_rew_mean          | 94.3       |
| time/                   |            |
|    fps                  | 1302       |
|    iterations           | 386        |
|    time_elapsed         | 606        |
|    total_timesteps      | 2291712    |
| train/                  |            |
|    approx_kl            | 0.33063588 |
|    clip_fraction        | 0.718      |
|    clip_range           | 0.2        |
|    entropy_loss         | 1.14       |
|    explained_variance   | 0.9775921  |
|    learning_rate        | 0.0003     |
|    loss                 | 0.14       |
|    n_updates            | 11180      |
|    policy_gradient_loss | -0.0425    |
|    std                  | 0.238      |
|    value_loss           | 0.831      |
----------------------------------------
----------------------------------------
| rollout/                |            |
|    ep_len_mean          | 382        |
|    ep_rew_mean          | 93.2       |
| time/                   |            |
|    fps                  | 1302       |
|    iterations           | 387        |
|    time_elapsed         | 608        |
|    total_timesteps      | 2293760    |
| train/                  |            |
|    approx_kl            | 0.27815703 |
|    clip_fraction        | 0.694      |
|    clip_range           | 0.2        |
|    entropy_loss         | 1.12       |
|    explained_variance   | 0.9679529  |
|    learning_rate        | 0.0003     |
|    loss                 | 0.433      |
|    n_updates            | 11190      |
|    policy_gradient_loss | -0.0389    |
|    std                  | 0.238      |
|    value_loss           | 1.15       |
----------------------------------------
---------------------------------------
| rollout/                |           |
|    ep_len_mean          | 379       |
|    ep_rew_mean          | 93.3      |
| time/                   |           |
|    fps                  | 1303      |
|    iterations           | 388       |
|    time_elapsed         | 609       |
|    total_timesteps      | 2295808   |
| train/                  |           |
|    approx_kl            | 0.3394158 |
|    clip_fraction        | 0.714     |
|    clip_range           | 0.2       |
|    entropy_loss         | 1.14      |
|    explained_variance   | 0.9790539 |
|    learning_rate        | 0.0003    |
|    loss                 | 0.112     |
|    n_updates            | 11200     |
|    policy_gradient_loss | -0.0386   |
|    std                  | 0.237     |
|    value_loss           | 0.633     |
---------------------------------------
----------------------------------------
| rollout/                |            |
|    ep_len_mean          | 378        |
|    ep_rew_mean          | 92.7       |
| time/                   |            |
|    fps                  | 1303       |
|    iterations           | 389        |
|    time_elapsed         | 611        |
|    total_timesteps      | 2297856    |
| train/                  |            |
|    approx_kl            | 0.35074398 |
|    clip_fraction        | 0.725      |
|    clip_range           | 0.2        |
|    entropy_loss         | 1.15       |
|    explained_variance   | 0.971169   |
|    learning_rate        | 0.0003     |
|    loss                 | 0.18       |
|    n_updates            | 11210      |
|    policy_gradient_loss | -0.0398    |
|    std                  | 0.237      |
|    value_loss           | 0.902      |
----------------------------------------
---------------------------------------
| rollout/                |           |
|    ep_len_mean          | 380       |
|    ep_rew_mean          | 93.1      |
| time/                   |           |
|    fps                  | 1303      |
|    iterations           | 390       |
|    time_elapsed         | 612       |
|    total_timesteps      | 2299904   |
| train/                  |           |
|    approx_kl            | 0.2826725 |
|    clip_fraction        | 0.702     |
|    clip_range           | 0.2       |
|    entropy_loss         | 1.16      |
|    explained_variance   | 0.9858511 |
|    learning_rate        | 0.0003    |
|    loss                 | 0.0344    |
|    n_updates            | 11220     |
|    policy_gradient_loss | -0.0459   |
|    std                  | 0.237     |
|    value_loss           | 0.604     |
---------------------------------------
----------------------------------------
| rollout/                |            |
|    ep_len_mean          | 387        |
|    ep_rew_mean          | 93.6       |
| time/                   |            |
|    fps                  | 1303       |
|    iterations           | 391        |
|    time_elapsed         | 614        |
|    total_timesteps      | 2301952    |
| train/                  |            |
|    approx_kl            | 0.26566428 |
|    clip_fraction        | 0.666      |
|    clip_range           | 0.2        |
|    entropy_loss         | 1.19       |
|    explained_variance   | 0.9636268  |
|    learning_rate        | 0.0003     |
|    loss                 | 0.0856     |
|    n_updates            | 11230      |
|    policy_gradient_loss | -0.0423    |
|    std                  | 0.236      |
|    value_loss           | 0.885      |
----------------------------------------
----------------------------------------
| rollout/                |            |
|    ep_len_mean          | 388        |
|    ep_rew_mean          | 93.7       |
| time/                   |            |
|    fps                  | 1303       |
|    iterations           | 392        |
|    time_elapsed         | 615        |
|    total_timesteps      | 2304000    |
| train/                  |            |
|    approx_kl            | 0.3291163  |
|    clip_fraction        | 0.718      |
|    clip_range           | 0.2        |
|    entropy_loss         | 1.22       |
|    explained_variance   | 0.96765417 |
|    learning_rate        | 0.0003     |
|    loss                 | 0.121      |
|    n_updates            | 11240      |
|    policy_gradient_loss | -0.0333    |
|    std                  | 0.236      |
|    value_loss           | 0.881      |
----------------------------------------
----------------------------------------
| rollout/                |            |
|    ep_len_mean          | 389        |
|    ep_rew_mean          | 94         |
| time/                   |            |
|    fps                  | 1304       |
|    iterations           | 393        |
|    time_elapsed         | 617        |
|    total_timesteps      | 2306048    |
| train/                  |            |
|    approx_kl            | 0.40820387 |
|    clip_fraction        | 0.743      |
|    clip_range           | 0.2        |
|    entropy_loss         | 1.22       |
|    explained_variance   | 0.9842411  |
|    learning_rate        | 0.0003     |
|    loss                 | 0.00277    |
|    n_updates            | 11250      |
|    policy_gradient_loss | -0.0333    |
|    std                  | 0.236      |
|    value_loss           | 0.416      |
----------------------------------------
---------------------------------------
| rollout/                |           |
|    ep_len_mean          | 393       |
|    ep_rew_mean          | 96.2      |
| time/                   |           |
|    fps                  | 1304      |
|    iterations           | 394       |
|    time_elapsed         | 618       |
|    total_timesteps      | 2308096   |
| train/                  |           |
|    approx_kl            | 0.3135841 |
|    clip_fraction        | 0.725     |
|    clip_range           | 0.2       |
|    entropy_loss         | 1.22      |
|    explained_variance   | 0.9814987 |
|    learning_rate        | 0.0003    |
|    loss                 | 0.0615    |
|    n_updates            | 11260     |
|    policy_gradient_loss | -0.0399   |
|    std                  | 0.236     |
|    value_loss           | 0.513     |
---------------------------------------
----------------------------------------
| rollout/                |            |
|    ep_len_mean          | 396        |
|    ep_rew_mean          | 96.6       |
| time/                   |            |
|    fps                  | 1304       |
|    iterations           | 395        |
|    time_elapsed         | 620        |
|    total_timesteps      | 2310144    |
| train/                  |            |
|    approx_kl            | 0.33256108 |
|    clip_fraction        | 0.722      |
|    clip_range           | 0.2        |
|    entropy_loss         | 1.24       |
|    explained_variance   | 0.9545787  |
|    learning_rate        | 0.0003     |
|    loss                 | 0.0842     |
|    n_updates            | 11270      |
|    policy_gradient_loss | -0.0483    |
|    std                  | 0.236      |
|    value_loss           | 0.87       |
----------------------------------------
----------------------------------------
| rollout/                |            |
|    ep_len_mean          | 396        |
|    ep_rew_mean          | 96.7       |
| time/                   |            |
|    fps                  | 1304       |
|    iterations           | 396        |
|    time_elapsed         | 621        |
|    total_timesteps      | 2312192    |
| train/                  |            |
|    approx_kl            | 0.36437595 |
|    clip_fraction        | 0.703      |
|    clip_range           | 0.2        |
|    entropy_loss         | 1.24       |
|    explained_variance   | 0.92838556 |
|    learning_rate        | 0.0003     |
|    loss                 | 0.139      |
|    n_updates            | 11280      |
|    policy_gradient_loss | -0.0467    |
|    std                  | 0.235      |
|    value_loss           | 1.26       |
----------------------------------------
----------------------------------------
| rollout/                |            |
|    ep_len_mean          | 395        |
|    ep_rew_mean          | 96.4       |
| time/                   |            |
|    fps                  | 1305       |
|    iterations           | 397        |
|    time_elapsed         | 623        |
|    total_timesteps      | 2314240    |
| train/                  |            |
|    approx_kl            | 0.2720642  |
|    clip_fraction        | 0.688      |
|    clip_range           | 0.2        |
|    entropy_loss         | 1.24       |
|    explained_variance   | 0.97244585 |
|    learning_rate        | 0.0003     |
|    loss                 | 0.0341     |
|    n_updates            | 11290      |
|    policy_gradient_loss | -0.0274    |
|    std                  | 0.235      |
|    value_loss           | 0.659      |
----------------------------------------
----------------------------------------
| rollout/                |            |
|    ep_len_mean          | 386        |
|    ep_rew_mean          | 94.6       |
| time/                   |            |
|    fps                  | 1305       |
|    iterations           | 398        |
|    time_elapsed         | 624        |
|    total_timesteps      | 2316288    |
| train/                  |            |
|    approx_kl            | 0.31482887 |
|    clip_fraction        | 0.705      |
|    clip_range           | 0.2        |
|    entropy_loss         | 1.26       |
|    explained_variance   | 0.97668976 |
|    learning_rate        | 0.0003     |
|    loss                 | 0.096      |
|    n_updates            | 11300      |
|    policy_gradient_loss | -0.0441    |
|    std                  | 0.235      |
|    value_loss           | 0.735      |
----------------------------------------
----------------------------------------
| rollout/                |            |
|    ep_len_mean          | 395        |
|    ep_rew_mean          | 96.5       |
| time/                   |            |
|    fps                  | 1305       |
|    iterations           | 399        |
|    time_elapsed         | 625        |
|    total_timesteps      | 2318336    |
| train/                  |            |
|    approx_kl            | 0.29288715 |
|    clip_fraction        | 0.695      |
|    clip_range           | 0.2        |
|    entropy_loss         | 1.29       |
|    explained_variance   | 0.96868426 |
|    learning_rate        | 0.0003     |
|    loss                 | 0.0637     |
|    n_updates            | 11310      |
|    policy_gradient_loss | -0.0431    |
|    std                  | 0.235      |
|    value_loss           | 0.971      |
----------------------------------------
---------------------------------------
| rollout/                |           |
|    ep_len_mean          | 398       |
|    ep_rew_mean          | 97.9      |
| time/                   |           |
|    fps                  | 1305      |
|    iterations           | 400       |
|    time_elapsed         | 627       |
|    total_timesteps      | 2320384   |
| train/                  |           |
|    approx_kl            | 0.301122  |
|    clip_fraction        | 0.718     |
|    clip_range           | 0.2       |
|    entropy_loss         | 1.31      |
|    explained_variance   | 0.9703943 |
|    learning_rate        | 0.0003    |
|    loss                 | 0.184     |
|    n_updates            | 11320     |
|    policy_gradient_loss | -0.043    |
|    std                  | 0.234     |
|    value_loss           | 0.911     |
---------------------------------------
---------------------------------------
| rollout/                |           |
|    ep_len_mean          | 396       |
|    ep_rew_mean          | 97.6      |
| time/                   |           |
|    fps                  | 1305      |
|    iterations           | 401       |
|    time_elapsed         | 628       |
|    total_timesteps      | 2322432   |
| train/                  |           |
|    approx_kl            | 0.3234377 |
|    clip_fraction        | 0.689     |
|    clip_range           | 0.2       |
|    entropy_loss         | 1.31      |
|    explained_variance   | 0.965266  |
|    learning_rate        | 0.0003    |
|    loss                 | 0.0994    |
|    n_updates            | 11330     |
|    policy_gradient_loss | -0.0402   |
|    std                  | 0.234     |
|    value_loss           | 0.792     |
---------------------------------------
----------------------------------------
| rollout/                |            |
|    ep_len_mean          | 396        |
|    ep_rew_mean          | 97.8       |
| time/                   |            |
|    fps                  | 1306       |
|    iterations           | 402        |
|    time_elapsed         | 630        |
|    total_timesteps      | 2324480    |
| train/                  |            |
|    approx_kl            | 0.35438535 |
|    clip_fraction        | 0.718      |
|    clip_range           | 0.2        |
|    entropy_loss         | 1.31       |
|    explained_variance   | 0.9863229  |
|    learning_rate        | 0.0003     |
|    loss                 | 0.0265     |
|    n_updates            | 11340      |
|    policy_gradient_loss | -0.0397    |
|    std                  | 0.234      |
|    value_loss           | 0.478      |
----------------------------------------
----------------------------------------
| rollout/                |            |
|    ep_len_mean          | 403        |
|    ep_rew_mean          | 99.4       |
| time/                   |            |
|    fps                  | 1306       |
|    iterations           | 403        |
|    time_elapsed         | 631        |
|    total_timesteps      | 2326528    |
| train/                  |            |
|    approx_kl            | 0.24880932 |
|    clip_fraction        | 0.637      |
|    clip_range           | 0.2        |
|    entropy_loss         | 1.29       |
|    explained_variance   | 0.91200125 |
|    learning_rate        | 0.0003     |
|    loss                 | 0.0823     |
|    n_updates            | 11350      |
|    policy_gradient_loss | -0.0351    |
|    std                  | 0.234      |
|    value_loss           | 1.33       |
----------------------------------------
----------------------------------------
| rollout/                |            |
|    ep_len_mean          | 406        |
|    ep_rew_mean          | 100        |
| time/                   |            |
|    fps                  | 1306       |
|    iterations           | 404        |
|    time_elapsed         | 633        |
|    total_timesteps      | 2328576    |
| train/                  |            |
|    approx_kl            | 0.31562537 |
|    clip_fraction        | 0.705      |
|    clip_range           | 0.2        |
|    entropy_loss         | 1.3        |
|    explained_variance   | 0.9810582  |
|    learning_rate        | 0.0003     |
|    loss                 | 0.0601     |
|    n_updates            | 11360      |
|    policy_gradient_loss | -0.0402    |
|    std                  | 0.234      |
|    value_loss           | 0.596      |
----------------------------------------
----------------------------------------
| rollout/                |            |
|    ep_len_mean          | 406        |
|    ep_rew_mean          | 101        |
| time/                   |            |
|    fps                  | 1306       |
|    iterations           | 405        |
|    time_elapsed         | 634        |
|    total_timesteps      | 2330624    |
| train/                  |            |
|    approx_kl            | 0.30963326 |
|    clip_fraction        | 0.707      |
|    clip_range           | 0.2        |
|    entropy_loss         | 1.31       |
|    explained_variance   | 0.97658896 |
|    learning_rate        | 0.0003     |
|    loss                 | 0.0457     |
|    n_updates            | 11370      |
|    policy_gradient_loss | -0.0434    |
|    std                  | 0.234      |
|    value_loss           | 0.731      |
----------------------------------------
----------------------------------------
| rollout/                |            |
|    ep_len_mean          | 401        |
|    ep_rew_mean          | 99.7       |
| time/                   |            |
|    fps                  | 1306       |
|    iterations           | 406        |
|    time_elapsed         | 636        |
|    total_timesteps      | 2332672    |
| train/                  |            |
|    approx_kl            | 0.29731387 |
|    clip_fraction        | 0.714      |
|    clip_range           | 0.2        |
|    entropy_loss         | 1.33       |
|    explained_variance   | 0.9821025  |
|    learning_rate        | 0.0003     |
|    loss                 | 0.0484     |
|    n_updates            | 11380      |
|    policy_gradient_loss | -0.035     |
|    std                  | 0.233      |
|    value_loss           | 0.585      |
----------------------------------------
----------------------------------------
| rollout/                |            |
|    ep_len_mean          | 406        |
|    ep_rew_mean          | 100        |
| time/                   |            |
|    fps                  | 1307       |
|    iterations           | 407        |
|    time_elapsed         | 637        |
|    total_timesteps      | 2334720    |
| train/                  |            |
|    approx_kl            | 0.22151652 |
|    clip_fraction        | 0.662      |
|    clip_range           | 0.2        |
|    entropy_loss         | 1.3        |
|    explained_variance   | 0.9681776  |
|    learning_rate        | 0.0003     |
|    loss                 | 0.073      |
|    n_updates            | 11390      |
|    policy_gradient_loss | -0.0354    |
|    std                  | 0.234      |
|    value_loss           | 0.799      |
----------------------------------------
----------------------------------------
| rollout/                |            |
|    ep_len_mean          | 400        |
|    ep_rew_mean          | 98.6       |
| time/                   |            |
|    fps                  | 1307       |
|    iterations           | 408        |
|    time_elapsed         | 639        |
|    total_timesteps      | 2336768    |
| train/                  |            |
|    approx_kl            | 0.30543888 |
|    clip_fraction        | 0.71       |
|    clip_range           | 0.2        |
|    entropy_loss         | 1.32       |
|    explained_variance   | 0.9572904  |
|    learning_rate        | 0.0003     |
|    loss                 | 0.252      |
|    n_updates            | 11400      |
|    policy_gradient_loss | -0.0413    |
|    std                  | 0.233      |
|    value_loss           | 1.18       |
----------------------------------------
----------------------------------------
| rollout/                |            |
|    ep_len_mean          | 400        |
|    ep_rew_mean          | 98.5       |
| time/                   |            |
|    fps                  | 1307       |
|    iterations           | 409        |
|    time_elapsed         | 640        |
|    total_timesteps      | 2338816    |
| train/                  |            |
|    approx_kl            | 0.28972462 |
|    clip_fraction        | 0.719      |
|    clip_range           | 0.2        |
|    entropy_loss         | 1.34       |
|    explained_variance   | 0.9769259  |
|    learning_rate        | 0.0003     |
|    loss                 | 0.0542     |
|    n_updates            | 11410      |
|    policy_gradient_loss | -0.0334    |
|    std                  | 0.233      |
|    value_loss           | 0.771      |
----------------------------------------
---------------------------------------
| rollout/                |           |
|    ep_len_mean          | 396       |
|    ep_rew_mean          | 97.7      |
| time/                   |           |
|    fps                  | 1307      |
|    iterations           | 410       |
|    time_elapsed         | 642       |
|    total_timesteps      | 2340864   |
| train/                  |           |
|    approx_kl            | 0.3271836 |
|    clip_fraction        | 0.707     |
|    clip_range           | 0.2       |
|    entropy_loss         | 1.36      |
|    explained_variance   | 0.983544  |
|    learning_rate        | 0.0003    |
|    loss                 | 0.0302    |
|    n_updates            | 11420     |
|    policy_gradient_loss | -0.037    |
|    std                  | 0.233     |
|    value_loss           | 0.512     |
---------------------------------------
----------------------------------------
| rollout/                |            |
|    ep_len_mean          | 398        |
|    ep_rew_mean          | 98.1       |
| time/                   |            |
|    fps                  | 1307       |
|    iterations           | 411        |
|    time_elapsed         | 643        |
|    total_timesteps      | 2342912    |
| train/                  |            |
|    approx_kl            | 0.23156261 |
|    clip_fraction        | 0.671      |
|    clip_range           | 0.2        |
|    entropy_loss         | 1.38       |
|    explained_variance   | 0.95506257 |
|    learning_rate        | 0.0003     |
|    loss                 | 0.154      |
|    n_updates            | 11430      |
|    policy_gradient_loss | -0.0432    |
|    std                  | 0.232      |
|    value_loss           | 1.07       |
----------------------------------------
---------------------------------------
| rollout/                |           |
|    ep_len_mean          | 397       |
|    ep_rew_mean          | 98.1      |
| time/                   |           |
|    fps                  | 1308      |
|    iterations           | 412       |
|    time_elapsed         | 645       |
|    total_timesteps      | 2344960   |
| train/                  |           |
|    approx_kl            | 0.25899   |
|    clip_fraction        | 0.682     |
|    clip_range           | 0.2       |
|    entropy_loss         | 1.41      |
|    explained_variance   | 0.9645599 |
|    learning_rate        | 0.0003    |
|    loss                 | 0.0645    |
|    n_updates            | 11440     |
|    policy_gradient_loss | -0.0318   |
|    std                  | 0.232     |
|    value_loss           | 0.768     |
---------------------------------------
---------------------------------------
| rollout/                |           |
|    ep_len_mean          | 399       |
|    ep_rew_mean          | 97.7      |
| time/                   |           |
|    fps                  | 1308      |
|    iterations           | 413       |
|    time_elapsed         | 646       |
|    total_timesteps      | 2347008   |
| train/                  |           |
|    approx_kl            | 0.3403021 |
|    clip_fraction        | 0.741     |
|    clip_range           | 0.2       |
|    entropy_loss         | 1.38      |
|    explained_variance   | 0.9859815 |
|    learning_rate        | 0.0003    |
|    loss                 | 0.09      |
|    n_updates            | 11450     |
|    policy_gradient_loss | -0.0344   |
|    std                  | 0.232     |
|    value_loss           | 0.486     |
---------------------------------------
----------------------------------------
| rollout/                |            |
|    ep_len_mean          | 393        |
|    ep_rew_mean          | 95.7       |
| time/                   |            |
|    fps                  | 1308       |
|    iterations           | 414        |
|    time_elapsed         | 647        |
|    total_timesteps      | 2349056    |
| train/                  |            |
|    approx_kl            | 0.27749148 |
|    clip_fraction        | 0.708      |
|    clip_range           | 0.2        |
|    entropy_loss         | 1.35       |
|    explained_variance   | 0.97412586 |
|    learning_rate        | 0.0003     |
|    loss                 | 0.0389     |
|    n_updates            | 11460      |
|    policy_gradient_loss | -0.0504    |
|    std                  | 0.233      |
|    value_loss           | 0.691      |
----------------------------------------
----------------------------------------
| rollout/                |            |
|    ep_len_mean          | 395        |
|    ep_rew_mean          | 96         |
| time/                   |            |
|    fps                  | 1308       |
|    iterations           | 415        |
|    time_elapsed         | 649        |
|    total_timesteps      | 2351104    |
| train/                  |            |
|    approx_kl            | 0.31463683 |
|    clip_fraction        | 0.696      |
|    clip_range           | 0.2        |
|    entropy_loss         | 1.35       |
|    explained_variance   | 0.9801488  |
|    learning_rate        | 0.0003     |
|    loss                 | 0.0813     |
|    n_updates            | 11470      |
|    policy_gradient_loss | -0.0432    |
|    std                  | 0.233      |
|    value_loss           | 0.573      |
----------------------------------------
----------------------------------------
| rollout/                |            |
|    ep_len_mean          | 395        |
|    ep_rew_mean          | 95.5       |
| time/                   |            |
|    fps                  | 1308       |
|    iterations           | 416        |
|    time_elapsed         | 650        |
|    total_timesteps      | 2353152    |
| train/                  |            |
|    approx_kl            | 0.2774944  |
|    clip_fraction        | 0.715      |
|    clip_range           | 0.2        |
|    entropy_loss         | 1.33       |
|    explained_variance   | 0.97212833 |
|    learning_rate        | 0.0003     |
|    loss                 | 0.0771     |
|    n_updates            | 11480      |
|    policy_gradient_loss | -0.0402    |
|    std                  | 0.233      |
|    value_loss           | 0.774      |
----------------------------------------
----------------------------------------
| rollout/                |            |
|    ep_len_mean          | 391        |
|    ep_rew_mean          | 95         |
| time/                   |            |
|    fps                  | 1309       |
|    iterations           | 417        |
|    time_elapsed         | 652        |
|    total_timesteps      | 2355200    |
| train/                  |            |
|    approx_kl            | 0.26764745 |
|    clip_fraction        | 0.704      |
|    clip_range           | 0.2        |
|    entropy_loss         | 1.33       |
|    explained_variance   | 0.98043644 |
|    learning_rate        | 0.0003     |
|    loss                 | 0.101      |
|    n_updates            | 11490      |
|    policy_gradient_loss | -0.0393    |
|    std                  | 0.233      |
|    value_loss           | 0.622      |
----------------------------------------
---------------------------------------
| rollout/                |           |
|    ep_len_mean          | 385       |
|    ep_rew_mean          | 93.7      |
| time/                   |           |
|    fps                  | 1309      |
|    iterations           | 418       |
|    time_elapsed         | 653       |
|    total_timesteps      | 2357248   |
| train/                  |           |
|    approx_kl            | 0.3025385 |
|    clip_fraction        | 0.72      |
|    clip_range           | 0.2       |
|    entropy_loss         | 1.35      |
|    explained_variance   | 0.9835206 |
|    learning_rate        | 0.0003    |
|    loss                 | 0.0156    |
|    n_updates            | 11500     |
|    policy_gradient_loss | -0.0367   |
|    std                  | 0.233     |
|    value_loss           | 0.48      |
---------------------------------------
----------------------------------------
| rollout/                |            |
|    ep_len_mean          | 387        |
|    ep_rew_mean          | 93.8       |
| time/                   |            |
|    fps                  | 1309       |
|    iterations           | 419        |
|    time_elapsed         | 655        |
|    total_timesteps      | 2359296    |
| train/                  |            |
|    approx_kl            | 0.31576732 |
|    clip_fraction        | 0.688      |
|    clip_range           | 0.2        |
|    entropy_loss         | 1.39       |
|    explained_variance   | 0.9684384  |
|    learning_rate        | 0.0003     |
|    loss                 | 0.0137     |
|    n_updates            | 11510      |
|    policy_gradient_loss | -0.0426    |
|    std                  | 0.232      |
|    value_loss           | 0.667      |
----------------------------------------
----------------------------------------
| rollout/                |            |
|    ep_len_mean          | 392        |
|    ep_rew_mean          | 94.1       |
| time/                   |            |
|    fps                  | 1309       |
|    iterations           | 420        |
|    time_elapsed         | 656        |
|    total_timesteps      | 2361344    |
| train/                  |            |
|    approx_kl            | 0.29532045 |
|    clip_fraction        | 0.692      |
|    clip_range           | 0.2        |
|    entropy_loss         | 1.43       |
|    explained_variance   | 0.9450254  |
|    learning_rate        | 0.0003     |
|    loss                 | 0.0843     |
|    n_updates            | 11520      |
|    policy_gradient_loss | -0.0441    |
|    std                  | 0.231      |
|    value_loss           | 1.19       |
----------------------------------------
----------------------------------------
| rollout/                |            |
|    ep_len_mean          | 387        |
|    ep_rew_mean          | 93         |
| time/                   |            |
|    fps                  | 1310       |
|    iterations           | 421        |
|    time_elapsed         | 658        |
|    total_timesteps      | 2363392    |
| train/                  |            |
|    approx_kl            | 0.31693807 |
|    clip_fraction        | 0.688      |
|    clip_range           | 0.2        |
|    entropy_loss         | 1.47       |
|    explained_variance   | 0.95051664 |
|    learning_rate        | 0.0003     |
|    loss                 | 0.0988     |
|    n_updates            | 11530      |
|    policy_gradient_loss | -0.0375    |
|    std                  | 0.231      |
|    value_loss           | 1.13       |
----------------------------------------
----------------------------------------
| rollout/                |            |
|    ep_len_mean          | 382        |
|    ep_rew_mean          | 91.6       |
| time/                   |            |
|    fps                  | 1310       |
|    iterations           | 422        |
|    time_elapsed         | 659        |
|    total_timesteps      | 2365440    |
| train/                  |            |
|    approx_kl            | 0.38710034 |
|    clip_fraction        | 0.737      |
|    clip_range           | 0.2        |
|    entropy_loss         | 1.51       |
|    explained_variance   | 0.99171585 |
|    learning_rate        | 0.0003     |
|    loss                 | 0.0196     |
|    n_updates            | 11540      |
|    policy_gradient_loss | -0.0328    |
|    std                  | 0.231      |
|    value_loss           | 0.338      |
----------------------------------------
----------------------------------------
| rollout/                |            |
|    ep_len_mean          | 382        |
|    ep_rew_mean          | 91.6       |
| time/                   |            |
|    fps                  | 1310       |
|    iterations           | 423        |
|    time_elapsed         | 661        |
|    total_timesteps      | 2367488    |
| train/                  |            |
|    approx_kl            | 0.2715037  |
|    clip_fraction        | 0.704      |
|    clip_range           | 0.2        |
|    entropy_loss         | 1.53       |
|    explained_variance   | 0.97576773 |
|    learning_rate        | 0.0003     |
|    loss                 | 0.0753     |
|    n_updates            | 11550      |
|    policy_gradient_loss | -0.0358    |
|    std                  | 0.231      |
|    value_loss           | 0.571      |
----------------------------------------
---------------------------------------
| rollout/                |           |
|    ep_len_mean          | 386       |
|    ep_rew_mean          | 92        |
| time/                   |           |
|    fps                  | 1310      |
|    iterations           | 424       |
|    time_elapsed         | 662       |
|    total_timesteps      | 2369536   |
| train/                  |           |
|    approx_kl            | 0.3174855 |
|    clip_fraction        | 0.719     |
|    clip_range           | 0.2       |
|    entropy_loss         | 1.55      |
|    explained_variance   | 0.9864008 |
|    learning_rate        | 0.0003    |
|    loss                 | 0.00752   |
|    n_updates            | 11560     |
|    policy_gradient_loss | -0.0388   |
|    std                  | 0.23      |
|    value_loss           | 0.434     |
---------------------------------------
----------------------------------------
| rollout/                |            |
|    ep_len_mean          | 394        |
|    ep_rew_mean          | 93.2       |
| time/                   |            |
|    fps                  | 1310       |
|    iterations           | 425        |
|    time_elapsed         | 664        |
|    total_timesteps      | 2371584    |
| train/                  |            |
|    approx_kl            | 0.30724427 |
|    clip_fraction        | 0.711      |
|    clip_range           | 0.2        |
|    entropy_loss         | 1.55       |
|    explained_variance   | 0.973744   |
|    learning_rate        | 0.0003     |
|    loss                 | 0.0295     |
|    n_updates            | 11570      |
|    policy_gradient_loss | -0.0435    |
|    std                  | 0.23       |
|    value_loss           | 0.62       |
----------------------------------------
---------------------------------------
| rollout/                |           |
|    ep_len_mean          | 390       |
|    ep_rew_mean          | 93.1      |
| time/                   |           |
|    fps                  | 1310      |
|    iterations           | 426       |
|    time_elapsed         | 665       |
|    total_timesteps      | 2373632   |
| train/                  |           |
|    approx_kl            | 0.2866372 |
|    clip_fraction        | 0.703     |
|    clip_range           | 0.2       |
|    entropy_loss         | 1.54      |
|    explained_variance   | 0.9782482 |
|    learning_rate        | 0.0003    |
|    loss                 | 0.0404    |
|    n_updates            | 11580     |
|    policy_gradient_loss | -0.0438   |
|    std                  | 0.23      |
|    value_loss           | 0.595     |
---------------------------------------
---------------------------------------
| rollout/                |           |
|    ep_len_mean          | 394       |
|    ep_rew_mean          | 94.6      |
| time/                   |           |
|    fps                  | 1310      |
|    iterations           | 427       |
|    time_elapsed         | 667       |
|    total_timesteps      | 2375680   |
| train/                  |           |
|    approx_kl            | 0.3772105 |
|    clip_fraction        | 0.72      |
|    clip_range           | 0.2       |
|    entropy_loss         | 1.52      |
|    explained_variance   | 0.9764236 |
|    learning_rate        | 0.0003    |
|    loss                 | 0.0274    |
|    n_updates            | 11590     |
|    policy_gradient_loss | -0.0362   |
|    std                  | 0.231     |
|    value_loss           | 0.556     |
---------------------------------------
----------------------------------------
| rollout/                |            |
|    ep_len_mean          | 400        |
|    ep_rew_mean          | 95.9       |
| time/                   |            |
|    fps                  | 1311       |
|    iterations           | 428        |
|    time_elapsed         | 668        |
|    total_timesteps      | 2377728    |
| train/                  |            |
|    approx_kl            | 0.34986755 |
|    clip_fraction        | 0.728      |
|    clip_range           | 0.2        |
|    entropy_loss         | 1.5        |
|    explained_variance   | 0.98290664 |
|    learning_rate        | 0.0003     |
|    loss                 | 0.0237     |
|    n_updates            | 11600      |
|    policy_gradient_loss | -0.0383    |
|    std                  | 0.231      |
|    value_loss           | 0.451      |
----------------------------------------
----------------------------------------
| rollout/                |            |
|    ep_len_mean          | 403        |
|    ep_rew_mean          | 96.8       |
| time/                   |            |
|    fps                  | 1311       |
|    iterations           | 429        |
|    time_elapsed         | 670        |
|    total_timesteps      | 2379776    |
| train/                  |            |
|    approx_kl            | 0.2633854  |
|    clip_fraction        | 0.698      |
|    clip_range           | 0.2        |
|    entropy_loss         | 1.51       |
|    explained_variance   | 0.95821667 |
|    learning_rate        | 0.0003     |
|    loss                 | 0.171      |
|    n_updates            | 11610      |
|    policy_gradient_loss | -0.041     |
|    std                  | 0.231      |
|    value_loss           | 1.04       |
----------------------------------------
----------------------------------------
| rollout/                |            |
|    ep_len_mean          | 409        |
|    ep_rew_mean          | 98.2       |
| time/                   |            |
|    fps                  | 1311       |
|    iterations           | 430        |
|    time_elapsed         | 671        |
|    total_timesteps      | 2381824    |
| train/                  |            |
|    approx_kl            | 0.30886367 |
|    clip_fraction        | 0.687      |
|    clip_range           | 0.2        |
|    entropy_loss         | 1.54       |
|    explained_variance   | 0.9360857  |
|    learning_rate        | 0.0003     |
|    loss                 | 0.0878     |
|    n_updates            | 11620      |
|    policy_gradient_loss | -0.0403    |
|    std                  | 0.23       |
|    value_loss           | 1.18       |
----------------------------------------
----------------------------------------
| rollout/                |            |
|    ep_len_mean          | 409        |
|    ep_rew_mean          | 98.5       |
| time/                   |            |
|    fps                  | 1311       |
|    iterations           | 431        |
|    time_elapsed         | 672        |
|    total_timesteps      | 2383872    |
| train/                  |            |
|    approx_kl            | 0.30718634 |
|    clip_fraction        | 0.713      |
|    clip_range           | 0.2        |
|    entropy_loss         | 1.55       |
|    explained_variance   | 0.970867   |
|    learning_rate        | 0.0003     |
|    loss                 | 0.0916     |
|    n_updates            | 11630      |
|    policy_gradient_loss | -0.0407    |
|    std                  | 0.231      |
|    value_loss           | 0.691      |
----------------------------------------
----------------------------------------
| rollout/                |            |
|    ep_len_mean          | 409        |
|    ep_rew_mean          | 98.4       |
| time/                   |            |
|    fps                  | 1311       |
|    iterations           | 432        |
|    time_elapsed         | 674        |
|    total_timesteps      | 2385920    |
| train/                  |            |
|    approx_kl            | 0.27608833 |
|    clip_fraction        | 0.69       |
|    clip_range           | 0.2        |
|    entropy_loss         | 1.54       |
|    explained_variance   | 0.96678966 |
|    learning_rate        | 0.0003     |
|    loss                 | 0.0917     |
|    n_updates            | 11640      |
|    policy_gradient_loss | -0.0419    |
|    std                  | 0.231      |
|    value_loss           | 0.833      |
----------------------------------------
----------------------------------------
| rollout/                |            |
|    ep_len_mean          | 416        |
|    ep_rew_mean          | 99.8       |
| time/                   |            |
|    fps                  | 1311       |
|    iterations           | 433        |
|    time_elapsed         | 675        |
|    total_timesteps      | 2387968    |
| train/                  |            |
|    approx_kl            | 0.3196419  |
|    clip_fraction        | 0.694      |
|    clip_range           | 0.2        |
|    entropy_loss         | 1.55       |
|    explained_variance   | 0.92750883 |
|    learning_rate        | 0.0003     |
|    loss                 | 0.17       |
|    n_updates            | 11650      |
|    policy_gradient_loss | -0.0456    |
|    std                  | 0.23       |
|    value_loss           | 1.66       |
----------------------------------------
----------------------------------------
| rollout/                |            |
|    ep_len_mean          | 419        |
|    ep_rew_mean          | 100        |
| time/                   |            |
|    fps                  | 1312       |
|    iterations           | 434        |
|    time_elapsed         | 677        |
|    total_timesteps      | 2390016    |
| train/                  |            |
|    approx_kl            | 0.33102378 |
|    clip_fraction        | 0.685      |
|    clip_range           | 0.2        |
|    entropy_loss         | 1.59       |
|    explained_variance   | 0.9536672  |
|    learning_rate        | 0.0003     |
|    loss                 | 0.264      |
|    n_updates            | 11660      |
|    policy_gradient_loss | -0.0424    |
|    std                  | 0.229      |
|    value_loss           | 1.28       |
----------------------------------------
----------------------------------------
| rollout/                |            |
|    ep_len_mean          | 420        |
|    ep_rew_mean          | 101        |
| time/                   |            |
|    fps                  | 1312       |
|    iterations           | 435        |
|    time_elapsed         | 678        |
|    total_timesteps      | 2392064    |
| train/                  |            |
|    approx_kl            | 0.40600434 |
|    clip_fraction        | 0.734      |
|    clip_range           | 0.2        |
|    entropy_loss         | 1.63       |
|    explained_variance   | 0.9733928  |
|    learning_rate        | 0.0003     |
|    loss                 | 0.124      |
|    n_updates            | 11670      |
|    policy_gradient_loss | -0.0387    |
|    std                  | 0.229      |
|    value_loss           | 0.688      |
----------------------------------------
----------------------------------------
| rollout/                |            |
|    ep_len_mean          | 417        |
|    ep_rew_mean          | 101        |
| time/                   |            |
|    fps                  | 1312       |
|    iterations           | 436        |
|    time_elapsed         | 680        |
|    total_timesteps      | 2394112    |
| train/                  |            |
|    approx_kl            | 0.33041635 |
|    clip_fraction        | 0.718      |
|    clip_range           | 0.2        |
|    entropy_loss         | 1.64       |
|    explained_variance   | 0.96577305 |
|    learning_rate        | 0.0003     |
|    loss                 | 0.201      |
|    n_updates            | 11680      |
|    policy_gradient_loss | -0.0365    |
|    std                  | 0.229      |
|    value_loss           | 0.985      |
----------------------------------------
---------------------------------------
| rollout/                |           |
|    ep_len_mean          | 419       |
|    ep_rew_mean          | 101       |
| time/                   |           |
|    fps                  | 1312      |
|    iterations           | 437       |
|    time_elapsed         | 681       |
|    total_timesteps      | 2396160   |
| train/                  |           |
|    approx_kl            | 0.3144173 |
|    clip_fraction        | 0.721     |
|    clip_range           | 0.2       |
|    entropy_loss         | 1.64      |
|    explained_variance   | 0.9834054 |
|    learning_rate        | 0.0003    |
|    loss                 | 0.0468    |
|    n_updates            | 11690     |
|    policy_gradient_loss | -0.0364   |
|    std                  | 0.229     |
|    value_loss           | 0.718     |
---------------------------------------
----------------------------------------
| rollout/                |            |
|    ep_len_mean          | 422        |
|    ep_rew_mean          | 102        |
| time/                   |            |
|    fps                  | 1312       |
|    iterations           | 438        |
|    time_elapsed         | 683        |
|    total_timesteps      | 2398208    |
| train/                  |            |
|    approx_kl            | 0.29184955 |
|    clip_fraction        | 0.689      |
|    clip_range           | 0.2        |
|    entropy_loss         | 1.67       |
|    explained_variance   | 0.96065515 |
|    learning_rate        | 0.0003     |
|    loss                 | 0.0706     |
|    n_updates            | 11700      |
|    policy_gradient_loss | -0.042     |
|    std                  | 0.228      |
|    value_loss           | 1.12       |
----------------------------------------
----------------------------------------
| rollout/                |            |
|    ep_len_mean          | 421        |
|    ep_rew_mean          | 101        |
| time/                   |            |
|    fps                  | 1313       |
|    iterations           | 439        |
|    time_elapsed         | 684        |
|    total_timesteps      | 2400256    |
| train/                  |            |
|    approx_kl            | 0.28121668 |
|    clip_fraction        | 0.68       |
|    clip_range           | 0.2        |
|    entropy_loss         | 1.69       |
|    explained_variance   | 0.96485233 |
|    learning_rate        | 0.0003     |
|    loss                 | 0.0582     |
|    n_updates            | 11710      |
|    policy_gradient_loss | -0.0398    |
|    std                  | 0.228      |
|    value_loss           | 0.65       |
----------------------------------------
---------------------------------------
| rollout/                |           |
|    ep_len_mean          | 419       |
|    ep_rew_mean          | 102       |
| time/                   |           |
|    fps                  | 1313      |
|    iterations           | 440       |
|    time_elapsed         | 686       |
|    total_timesteps      | 2402304   |
| train/                  |           |
|    approx_kl            | 0.2922817 |
|    clip_fraction        | 0.706     |
|    clip_range           | 0.2       |
|    entropy_loss         | 1.72      |
|    explained_variance   | 0.9750445 |
|    learning_rate        | 0.0003    |
|    loss                 | 0.0506    |
|    n_updates            | 11720     |
|    policy_gradient_loss | -0.0362   |
|    std                  | 0.227     |
|    value_loss           | 0.777     |
---------------------------------------
----------------------------------------
| rollout/                |            |
|    ep_len_mean          | 422        |
|    ep_rew_mean          | 103        |
| time/                   |            |
|    fps                  | 1313       |
|    iterations           | 441        |
|    time_elapsed         | 687        |
|    total_timesteps      | 2404352    |
| train/                  |            |
|    approx_kl            | 0.35635772 |
|    clip_fraction        | 0.708      |
|    clip_range           | 0.2        |
|    entropy_loss         | 1.75       |
|    explained_variance   | 0.9339649  |
|    learning_rate        | 0.0003     |
|    loss                 | 0.26       |
|    n_updates            | 11730      |
|    policy_gradient_loss | -0.0408    |
|    std                  | 0.227      |
|    value_loss           | 1.69       |
----------------------------------------
----------------------------------------
| rollout/                |            |
|    ep_len_mean          | 421        |
|    ep_rew_mean          | 103        |
| time/                   |            |
|    fps                  | 1313       |
|    iterations           | 442        |
|    time_elapsed         | 689        |
|    total_timesteps      | 2406400    |
| train/                  |            |
|    approx_kl            | 0.39768684 |
|    clip_fraction        | 0.732      |
|    clip_range           | 0.2        |
|    entropy_loss         | 1.76       |
|    explained_variance   | 0.9641147  |
|    learning_rate        | 0.0003     |
|    loss                 | 0.237      |
|    n_updates            | 11740      |
|    policy_gradient_loss | -0.0322    |
|    std                  | 0.227      |
|    value_loss           | 0.989      |
----------------------------------------
----------------------------------------
| rollout/                |            |
|    ep_len_mean          | 421        |
|    ep_rew_mean          | 103        |
| time/                   |            |
|    fps                  | 1313       |
|    iterations           | 443        |
|    time_elapsed         | 690        |
|    total_timesteps      | 2408448    |
| train/                  |            |
|    approx_kl            | 0.38405174 |
|    clip_fraction        | 0.732      |
|    clip_range           | 0.2        |
|    entropy_loss         | 1.78       |
|    explained_variance   | 0.9830887  |
|    learning_rate        | 0.0003     |
|    loss                 | 0.00381    |
|    n_updates            | 11750      |
|    policy_gradient_loss | -0.0377    |
|    std                  | 0.226      |
|    value_loss           | 0.499      |
----------------------------------------
----------------------------------------
| rollout/                |            |
|    ep_len_mean          | 418        |
|    ep_rew_mean          | 103        |
| time/                   |            |
|    fps                  | 1314       |
|    iterations           | 444        |
|    time_elapsed         | 691        |
|    total_timesteps      | 2410496    |
| train/                  |            |
|    approx_kl            | 0.31144556 |
|    clip_fraction        | 0.719      |
|    clip_range           | 0.2        |
|    entropy_loss         | 1.79       |
|    explained_variance   | 0.92963016 |
|    learning_rate        | 0.0003     |
|    loss                 | 0.324      |
|    n_updates            | 11760      |
|    policy_gradient_loss | -0.0333    |
|    std                  | 0.226      |
|    value_loss           | 1.66       |
----------------------------------------
----------------------------------------
| rollout/                |            |
|    ep_len_mean          | 410        |
|    ep_rew_mean          | 102        |
| time/                   |            |
|    fps                  | 1314       |
|    iterations           | 445        |
|    time_elapsed         | 693        |
|    total_timesteps      | 2412544    |
| train/                  |            |
|    approx_kl            | 0.3695047  |
|    clip_fraction        | 0.717      |
|    clip_range           | 0.2        |
|    entropy_loss         | 1.78       |
|    explained_variance   | 0.96607155 |
|    learning_rate        | 0.0003     |
|    loss                 | 0.103      |
|    n_updates            | 11770      |
|    policy_gradient_loss | -0.0365    |
|    std                  | 0.226      |
|    value_loss           | 0.78       |
----------------------------------------
----------------------------------------
| rollout/                |            |
|    ep_len_mean          | 413        |
|    ep_rew_mean          | 102        |
| time/                   |            |
|    fps                  | 1314       |
|    iterations           | 446        |
|    time_elapsed         | 694        |
|    total_timesteps      | 2414592    |
| train/                  |            |
|    approx_kl            | 0.29446304 |
|    clip_fraction        | 0.72       |
|    clip_range           | 0.2        |
|    entropy_loss         | 1.76       |
|    explained_variance   | 0.9814896  |
|    learning_rate        | 0.0003     |
|    loss                 | 0.0545     |
|    n_updates            | 11780      |
|    policy_gradient_loss | -0.0276    |
|    std                  | 0.226      |
|    value_loss           | 0.564      |
----------------------------------------
----------------------------------------
| rollout/                |            |
|    ep_len_mean          | 410        |
|    ep_rew_mean          | 100        |
| time/                   |            |
|    fps                  | 1314       |
|    iterations           | 447        |
|    time_elapsed         | 696        |
|    total_timesteps      | 2416640    |
| train/                  |            |
|    approx_kl            | 0.24658185 |
|    clip_fraction        | 0.687      |
|    clip_range           | 0.2        |
|    entropy_loss         | 1.81       |
|    explained_variance   | 0.956541   |
|    learning_rate        | 0.0003     |
|    loss                 | 0.161      |
|    n_updates            | 11790      |
|    policy_gradient_loss | -0.0354    |
|    std                  | 0.225      |
|    value_loss           | 1.17       |
----------------------------------------
----------------------------------------
| rollout/                |            |
|    ep_len_mean          | 409        |
|    ep_rew_mean          | 99.5       |
| time/                   |            |
|    fps                  | 1314       |
|    iterations           | 448        |
|    time_elapsed         | 697        |
|    total_timesteps      | 2418688    |
| train/                  |            |
|    approx_kl            | 0.33095074 |
|    clip_fraction        | 0.733      |
|    clip_range           | 0.2        |
|    entropy_loss         | 1.84       |
|    explained_variance   | 0.961888   |
|    learning_rate        | 0.0003     |
|    loss                 | 0.112      |
|    n_updates            | 11800      |
|    policy_gradient_loss | -0.0471    |
|    std                  | 0.225      |
|    value_loss           | 1.02       |
----------------------------------------
----------------------------------------
| rollout/                |            |
|    ep_len_mean          | 416        |
|    ep_rew_mean          | 100        |
| time/                   |            |
|    fps                  | 1314       |
|    iterations           | 449        |
|    time_elapsed         | 699        |
|    total_timesteps      | 2420736    |
| train/                  |            |
|    approx_kl            | 0.3182672  |
|    clip_fraction        | 0.713      |
|    clip_range           | 0.2        |
|    entropy_loss         | 1.88       |
|    explained_variance   | 0.96132004 |
|    learning_rate        | 0.0003     |
|    loss                 | 0.237      |
|    n_updates            | 11810      |
|    policy_gradient_loss | -0.0418    |
|    std                  | 0.224      |
|    value_loss           | 1.21       |
----------------------------------------
---------------------------------------
| rollout/                |           |
|    ep_len_mean          | 420       |
|    ep_rew_mean          | 101       |
| time/                   |           |
|    fps                  | 1315      |
|    iterations           | 450       |
|    time_elapsed         | 700       |
|    total_timesteps      | 2422784   |
| train/                  |           |
|    approx_kl            | 0.336925  |
|    clip_fraction        | 0.722     |
|    clip_range           | 0.2       |
|    entropy_loss         | 1.91      |
|    explained_variance   | 0.9414904 |
|    learning_rate        | 0.0003    |
|    loss                 | 0.147     |
|    n_updates            | 11820     |
|    policy_gradient_loss | -0.0416   |
|    std                  | 0.224     |
|    value_loss           | 1.27      |
---------------------------------------
----------------------------------------
| rollout/                |            |
|    ep_len_mean          | 415        |
|    ep_rew_mean          | 99.6       |
| time/                   |            |
|    fps                  | 1315       |
|    iterations           | 451        |
|    time_elapsed         | 702        |
|    total_timesteps      | 2424832    |
| train/                  |            |
|    approx_kl            | 0.28736237 |
|    clip_fraction        | 0.717      |
|    clip_range           | 0.2        |
|    entropy_loss         | 1.95       |
|    explained_variance   | 0.94462204 |
|    learning_rate        | 0.0003     |
|    loss                 | 0.152      |
|    n_updates            | 11830      |
|    policy_gradient_loss | -0.0261    |
|    std                  | 0.223      |
|    value_loss           | 1.3        |
----------------------------------------
----------------------------------------
| rollout/                |            |
|    ep_len_mean          | 414        |
|    ep_rew_mean          | 98.8       |
| time/                   |            |
|    fps                  | 1315       |
|    iterations           | 452        |
|    time_elapsed         | 703        |
|    total_timesteps      | 2426880    |
| train/                  |            |
|    approx_kl            | 0.27804166 |
|    clip_fraction        | 0.718      |
|    clip_range           | 0.2        |
|    entropy_loss         | 1.97       |
|    explained_variance   | 0.9685171  |
|    learning_rate        | 0.0003     |
|    loss                 | 0.16       |
|    n_updates            | 11840      |
|    policy_gradient_loss | -0.0398    |
|    std                  | 0.223      |
|    value_loss           | 0.931      |
----------------------------------------
----------------------------------------
| rollout/                |            |
|    ep_len_mean          | 406        |
|    ep_rew_mean          | 97.7       |
| time/                   |            |
|    fps                  | 1315       |
|    iterations           | 453        |
|    time_elapsed         | 705        |
|    total_timesteps      | 2428928    |
| train/                  |            |
|    approx_kl            | 0.4020847  |
|    clip_fraction        | 0.736      |
|    clip_range           | 0.2        |
|    entropy_loss         | 1.97       |
|    explained_variance   | 0.98336524 |
|    learning_rate        | 0.0003     |
|    loss                 | 0.154      |
|    n_updates            | 11850      |
|    policy_gradient_loss | -0.0375    |
|    std                  | 0.223      |
|    value_loss           | 0.649      |
----------------------------------------
---------------------------------------
| rollout/                |           |
|    ep_len_mean          | 403       |
|    ep_rew_mean          | 96.9      |
| time/                   |           |
|    fps                  | 1315      |
|    iterations           | 454       |
|    time_elapsed         | 706       |
|    total_timesteps      | 2430976   |
| train/                  |           |
|    approx_kl            | 0.3087451 |
|    clip_fraction        | 0.714     |
|    clip_range           | 0.2       |
|    entropy_loss         | 1.97      |
|    explained_variance   | 0.9605402 |
|    learning_rate        | 0.0003    |
|    loss                 | 0.0312    |
|    n_updates            | 11860     |
|    policy_gradient_loss | -0.0423   |
|    std                  | 0.223     |
|    value_loss           | 0.795     |
---------------------------------------
----------------------------------------
| rollout/                |            |
|    ep_len_mean          | 404        |
|    ep_rew_mean          | 97.2       |
| time/                   |            |
|    fps                  | 1315       |
|    iterations           | 455        |
|    time_elapsed         | 708        |
|    total_timesteps      | 2433024    |
| train/                  |            |
|    approx_kl            | 0.34830534 |
|    clip_fraction        | 0.73       |
|    clip_range           | 0.2        |
|    entropy_loss         | 2          |
|    explained_variance   | 0.97191924 |
|    learning_rate        | 0.0003     |
|    loss                 | 0.116      |
|    n_updates            | 11870      |
|    policy_gradient_loss | -0.0406    |
|    std                  | 0.222      |
|    value_loss           | 0.849      |
----------------------------------------
----------------------------------------
| rollout/                |            |
|    ep_len_mean          | 407        |
|    ep_rew_mean          | 97.5       |
| time/                   |            |
|    fps                  | 1315       |
|    iterations           | 456        |
|    time_elapsed         | 709        |
|    total_timesteps      | 2435072    |
| train/                  |            |
|    approx_kl            | 0.44605124 |
|    clip_fraction        | 0.749      |
|    clip_range           | 0.2        |
|    entropy_loss         | 2.05       |
|    explained_variance   | 0.97933185 |
|    learning_rate        | 0.0003     |
|    loss                 | 0.0783     |
|    n_updates            | 11880      |
|    policy_gradient_loss | -0.0347    |
|    std                  | 0.221      |
|    value_loss           | 0.534      |
----------------------------------------
----------------------------------------
| rollout/                |            |
|    ep_len_mean          | 412        |
|    ep_rew_mean          | 97.5       |
| time/                   |            |
|    fps                  | 1316       |
|    iterations           | 457        |
|    time_elapsed         | 711        |
|    total_timesteps      | 2437120    |
| train/                  |            |
|    approx_kl            | 0.28214163 |
|    clip_fraction        | 0.708      |
|    clip_range           | 0.2        |
|    entropy_loss         | 2.09       |
|    explained_variance   | 0.9672386  |
|    learning_rate        | 0.0003     |
|    loss                 | 0.0186     |
|    n_updates            | 11890      |
|    policy_gradient_loss | -0.0368    |
|    std                  | 0.221      |
|    value_loss           | 0.756      |
----------------------------------------
---------------------------------------
| rollout/                |           |
|    ep_len_mean          | 412       |
|    ep_rew_mean          | 97.7      |
| time/                   |           |
|    fps                  | 1316      |
|    iterations           | 458       |
|    time_elapsed         | 712       |
|    total_timesteps      | 2439168   |
| train/                  |           |
|    approx_kl            | 0.2615993 |
|    clip_fraction        | 0.677     |
|    clip_range           | 0.2       |
|    entropy_loss         | 2.09      |
|    explained_variance   | 0.957431  |
|    learning_rate        | 0.0003    |
|    loss                 | 0.167     |
|    n_updates            | 11900     |
|    policy_gradient_loss | -0.0444   |
|    std                  | 0.221     |
|    value_loss           | 1.17      |
---------------------------------------
----------------------------------------
| rollout/                |            |
|    ep_len_mean          | 416        |
|    ep_rew_mean          | 98.9       |
| time/                   |            |
|    fps                  | 1316       |
|    iterations           | 459        |
|    time_elapsed         | 714        |
|    total_timesteps      | 2441216    |
| train/                  |            |
|    approx_kl            | 0.27445877 |
|    clip_fraction        | 0.715      |
|    clip_range           | 0.2        |
|    entropy_loss         | 2.13       |
|    explained_variance   | 0.980343   |
|    learning_rate        | 0.0003     |
|    loss                 | 0.106      |
|    n_updates            | 11910      |
|    policy_gradient_loss | -0.0384    |
|    std                  | 0.22       |
|    value_loss           | 0.584      |
----------------------------------------
----------------------------------------
| rollout/                |            |
|    ep_len_mean          | 419        |
|    ep_rew_mean          | 98.8       |
| time/                   |            |
|    fps                  | 1316       |
|    iterations           | 460        |
|    time_elapsed         | 715        |
|    total_timesteps      | 2443264    |
| train/                  |            |
|    approx_kl            | 0.38846725 |
|    clip_fraction        | 0.726      |
|    clip_range           | 0.2        |
|    entropy_loss         | 2.14       |
|    explained_variance   | 0.9820155  |
|    learning_rate        | 0.0003     |
|    loss                 | 0.116      |
|    n_updates            | 11920      |
|    policy_gradient_loss | -0.0327    |
|    std                  | 0.221      |
|    value_loss           | 0.434      |
----------------------------------------
----------------------------------------
| rollout/                |            |
|    ep_len_mean          | 421        |
|    ep_rew_mean          | 98.7       |
| time/                   |            |
|    fps                  | 1316       |
|    iterations           | 461        |
|    time_elapsed         | 717        |
|    total_timesteps      | 2445312    |
| train/                  |            |
|    approx_kl            | 0.31790876 |
|    clip_fraction        | 0.716      |
|    clip_range           | 0.2        |
|    entropy_loss         | 2.14       |
|    explained_variance   | 0.95763004 |
|    learning_rate        | 0.0003     |
|    loss                 | 0.137      |
|    n_updates            | 11930      |
|    policy_gradient_loss | -0.0318    |
|    std                  | 0.221      |
|    value_loss           | 0.97       |
----------------------------------------
----------------------------------------
| rollout/                |            |
|    ep_len_mean          | 425        |
|    ep_rew_mean          | 99.5       |
| time/                   |            |
|    fps                  | 1316       |
|    iterations           | 462        |
|    time_elapsed         | 718        |
|    total_timesteps      | 2447360    |
| train/                  |            |
|    approx_kl            | 0.32729068 |
|    clip_fraction        | 0.732      |
|    clip_range           | 0.2        |
|    entropy_loss         | 2.14       |
|    explained_variance   | 0.96438515 |
|    learning_rate        | 0.0003     |
|    loss                 | 0.106      |
|    n_updates            | 11940      |
|    policy_gradient_loss | -0.0344    |
|    std                  | 0.221      |
|    value_loss           | 0.741      |
----------------------------------------
----------------------------------------
| rollout/                |            |
|    ep_len_mean          | 432        |
|    ep_rew_mean          | 101        |
| time/                   |            |
|    fps                  | 1316       |
|    iterations           | 463        |
|    time_elapsed         | 720        |
|    total_timesteps      | 2449408    |
| train/                  |            |
|    approx_kl            | 0.32687035 |
|    clip_fraction        | 0.741      |
|    clip_range           | 0.2        |
|    entropy_loss         | 2.06       |
|    explained_variance   | 0.9668758  |
|    learning_rate        | 0.0003     |
|    loss                 | 0.116      |
|    n_updates            | 11950      |
|    policy_gradient_loss | -0.0414    |
|    std                  | 0.222      |
|    value_loss           | 0.767      |
----------------------------------------
----------------------------------------
| rollout/                |            |
|    ep_len_mean          | 431        |
|    ep_rew_mean          | 100        |
| time/                   |            |
|    fps                  | 1316       |
|    iterations           | 464        |
|    time_elapsed         | 721        |
|    total_timesteps      | 2451456    |
| train/                  |            |
|    approx_kl            | 0.33351177 |
|    clip_fraction        | 0.728      |
|    clip_range           | 0.2        |
|    entropy_loss         | 2.01       |
|    explained_variance   | 0.9641429  |
|    learning_rate        | 0.0003     |
|    loss                 | 0.162      |
|    n_updates            | 11960      |
|    policy_gradient_loss | -0.04      |
|    std                  | 0.222      |
|    value_loss           | 0.853      |
----------------------------------------
----------------------------------------
| rollout/                |            |
|    ep_len_mean          | 433        |
|    ep_rew_mean          | 100        |
| time/                   |            |
|    fps                  | 1316       |
|    iterations           | 465        |
|    time_elapsed         | 723        |
|    total_timesteps      | 2453504    |
| train/                  |            |
|    approx_kl            | 0.33588073 |
|    clip_fraction        | 0.706      |
|    clip_range           | 0.2        |
|    entropy_loss         | 2.02       |
|    explained_variance   | 0.96835375 |
|    learning_rate        | 0.0003     |
|    loss                 | 0.0572     |
|    n_updates            | 11970      |
|    policy_gradient_loss | -0.0467    |
|    std                  | 0.222      |
|    value_loss           | 0.844      |
----------------------------------------
---------------------------------------
| rollout/                |           |
|    ep_len_mean          | 433       |
|    ep_rew_mean          | 101       |
| time/                   |           |
|    fps                  | 1317      |
|    iterations           | 466       |
|    time_elapsed         | 724       |
|    total_timesteps      | 2455552   |
| train/                  |           |
|    approx_kl            | 0.2702816 |
|    clip_fraction        | 0.692     |
|    clip_range           | 0.2       |
|    entropy_loss         | 2.07      |
|    explained_variance   | 0.96206   |
|    learning_rate        | 0.0003    |
|    loss                 | 0.045     |
|    n_updates            | 11980     |
|    policy_gradient_loss | -0.0362   |
|    std                  | 0.221     |
|    value_loss           | 0.719     |
---------------------------------------
----------------------------------------
| rollout/                |            |
|    ep_len_mean          | 429        |
|    ep_rew_mean          | 100        |
| time/                   |            |
|    fps                  | 1317       |
|    iterations           | 467        |
|    time_elapsed         | 726        |
|    total_timesteps      | 2457600    |
| train/                  |            |
|    approx_kl            | 0.27600032 |
|    clip_fraction        | 0.714      |
|    clip_range           | 0.2        |
|    entropy_loss         | 2.11       |
|    explained_variance   | 0.97694445 |
|    learning_rate        | 0.0003     |
|    loss                 | 0.216      |
|    n_updates            | 11990      |
|    policy_gradient_loss | -0.0314    |
|    std                  | 0.221      |
|    value_loss           | 0.704      |
----------------------------------------
----------------------------------------
| rollout/                |            |
|    ep_len_mean          | 433        |
|    ep_rew_mean          | 101        |
| time/                   |            |
|    fps                  | 1317       |
|    iterations           | 468        |
|    time_elapsed         | 727        |
|    total_timesteps      | 2459648    |
| train/                  |            |
|    approx_kl            | 0.28214493 |
|    clip_fraction        | 0.691      |
|    clip_range           | 0.2        |
|    entropy_loss         | 2.1        |
|    explained_variance   | 0.9733586  |
|    learning_rate        | 0.0003     |
|    loss                 | 0.0781     |
|    n_updates            | 12000      |
|    policy_gradient_loss | -0.0379    |
|    std                  | 0.221      |
|    value_loss           | 0.708      |
----------------------------------------
----------------------------------------
| rollout/                |            |
|    ep_len_mean          | 432        |
|    ep_rew_mean          | 101        |
| time/                   |            |
|    fps                  | 1317       |
|    iterations           | 469        |
|    time_elapsed         | 729        |
|    total_timesteps      | 2461696    |
| train/                  |            |
|    approx_kl            | 0.34979552 |
|    clip_fraction        | 0.75       |
|    clip_range           | 0.2        |
|    entropy_loss         | 2.1        |
|    explained_variance   | 0.9732157  |
|    learning_rate        | 0.0003     |
|    loss                 | 0.127      |
|    n_updates            | 12010      |
|    policy_gradient_loss | -0.0346    |
|    std                  | 0.221      |
|    value_loss           | 0.583      |
----------------------------------------
----------------------------------------
| rollout/                |            |
|    ep_len_mean          | 418        |
|    ep_rew_mean          | 97.6       |
| time/                   |            |
|    fps                  | 1317       |
|    iterations           | 470        |
|    time_elapsed         | 730        |
|    total_timesteps      | 2463744    |
| train/                  |            |
|    approx_kl            | 0.31103092 |
|    clip_fraction        | 0.711      |
|    clip_range           | 0.2        |
|    entropy_loss         | 2.1        |
|    explained_variance   | 0.9724761  |
|    learning_rate        | 0.0003     |
|    loss                 | 0.0361     |
|    n_updates            | 12020      |
|    policy_gradient_loss | -0.032     |
|    std                  | 0.221      |
|    value_loss           | 0.625      |
----------------------------------------
----------------------------------------
| rollout/                |            |
|    ep_len_mean          | 422        |
|    ep_rew_mean          | 98.6       |
| time/                   |            |
|    fps                  | 1317       |
|    iterations           | 471        |
|    time_elapsed         | 732        |
|    total_timesteps      | 2465792    |
| train/                  |            |
|    approx_kl            | 0.28665859 |
|    clip_fraction        | 0.697      |
|    clip_range           | 0.2        |
|    entropy_loss         | 2.12       |
|    explained_variance   | 0.9608193  |
|    learning_rate        | 0.0003     |
|    loss                 | 0.0692     |
|    n_updates            | 12030      |
|    policy_gradient_loss | -0.0358    |
|    std                  | 0.22       |
|    value_loss           | 0.983      |
----------------------------------------
----------------------------------------
| rollout/                |            |
|    ep_len_mean          | 423        |
|    ep_rew_mean          | 98.2       |
| time/                   |            |
|    fps                  | 1317       |
|    iterations           | 472        |
|    time_elapsed         | 733        |
|    total_timesteps      | 2467840    |
| train/                  |            |
|    approx_kl            | 0.28109646 |
|    clip_fraction        | 0.691      |
|    clip_range           | 0.2        |
|    entropy_loss         | 2.14       |
|    explained_variance   | 0.968319   |
|    learning_rate        | 0.0003     |
|    loss                 | 0.105      |
|    n_updates            | 12040      |
|    policy_gradient_loss | -0.0372    |
|    std                  | 0.22       |
|    value_loss           | 0.87       |
----------------------------------------
----------------------------------------
| rollout/                |            |
|    ep_len_mean          | 427        |
|    ep_rew_mean          | 99.1       |
| time/                   |            |
|    fps                  | 1318       |
|    iterations           | 473        |
|    time_elapsed         | 734        |
|    total_timesteps      | 2469888    |
| train/                  |            |
|    approx_kl            | 0.21812637 |
|    clip_fraction        | 0.672      |
|    clip_range           | 0.2        |
|    entropy_loss         | 2.19       |
|    explained_variance   | 0.9603511  |
|    learning_rate        | 0.0003     |
|    loss                 | 0.0809     |
|    n_updates            | 12050      |
|    policy_gradient_loss | -0.0434    |
|    std                  | 0.219      |
|    value_loss           | 1.23       |
----------------------------------------
---------------------------------------
| rollout/                |           |
|    ep_len_mean          | 427       |
|    ep_rew_mean          | 99.1      |
| time/                   |           |
|    fps                  | 1318      |
|    iterations           | 474       |
|    time_elapsed         | 736       |
|    total_timesteps      | 2471936   |
| train/                  |           |
|    approx_kl            | 0.3793205 |
|    clip_fraction        | 0.739     |
|    clip_range           | 0.2       |
|    entropy_loss         | 2.24      |
|    explained_variance   | 0.9629538 |
|    learning_rate        | 0.0003    |
|    loss                 | 0.206     |
|    n_updates            | 12060     |
|    policy_gradient_loss | -0.0378   |
|    std                  | 0.219     |
|    value_loss           | 0.995     |
---------------------------------------
----------------------------------------
| rollout/                |            |
|    ep_len_mean          | 430        |
|    ep_rew_mean          | 99.4       |
| time/                   |            |
|    fps                  | 1318       |
|    iterations           | 475        |
|    time_elapsed         | 738        |
|    total_timesteps      | 2473984    |
| train/                  |            |
|    approx_kl            | 0.37233847 |
|    clip_fraction        | 0.716      |
|    clip_range           | 0.2        |
|    entropy_loss         | 2.22       |
|    explained_variance   | 0.97531563 |
|    learning_rate        | 0.0003     |
|    loss                 | 0.0596     |
|    n_updates            | 12070      |
|    policy_gradient_loss | -0.0318    |
|    std                  | 0.219      |
|    value_loss           | 0.657      |
----------------------------------------
----------------------------------------
| rollout/                |            |
|    ep_len_mean          | 431        |
|    ep_rew_mean          | 99.3       |
| time/                   |            |
|    fps                  | 1318       |
|    iterations           | 476        |
|    time_elapsed         | 739        |
|    total_timesteps      | 2476032    |
| train/                  |            |
|    approx_kl            | 0.36552098 |
|    clip_fraction        | 0.744      |
|    clip_range           | 0.2        |
|    entropy_loss         | 2.21       |
|    explained_variance   | 0.94741875 |
|    learning_rate        | 0.0003     |
|    loss                 | 0.184      |
|    n_updates            | 12080      |
|    policy_gradient_loss | -0.0327    |
|    std                  | 0.219      |
|    value_loss           | 1.18       |
----------------------------------------
----------------------------------------
| rollout/                |            |
|    ep_len_mean          | 435        |
|    ep_rew_mean          | 99.8       |
| time/                   |            |
|    fps                  | 1318       |
|    iterations           | 477        |
|    time_elapsed         | 741        |
|    total_timesteps      | 2478080    |
| train/                  |            |
|    approx_kl            | 0.36060974 |
|    clip_fraction        | 0.736      |
|    clip_range           | 0.2        |
|    entropy_loss         | 2.21       |
|    explained_variance   | 0.9830349  |
|    learning_rate        | 0.0003     |
|    loss                 | 0.0939     |
|    n_updates            | 12090      |
|    policy_gradient_loss | -0.0307    |
|    std                  | 0.219      |
|    value_loss           | 0.54       |
----------------------------------------
----------------------------------------
| rollout/                |            |
|    ep_len_mean          | 438        |
|    ep_rew_mean          | 101        |
| time/                   |            |
|    fps                  | 1318       |
|    iterations           | 478        |
|    time_elapsed         | 742        |
|    total_timesteps      | 2480128    |
| train/                  |            |
|    approx_kl            | 0.35044324 |
|    clip_fraction        | 0.738      |
|    clip_range           | 0.2        |
|    entropy_loss         | 2.23       |
|    explained_variance   | 0.9741147  |
|    learning_rate        | 0.0003     |
|    loss                 | 0.0635     |
|    n_updates            | 12100      |
|    policy_gradient_loss | -0.0274    |
|    std                  | 0.219      |
|    value_loss           | 0.543      |
----------------------------------------
----------------------------------------
| rollout/                |            |
|    ep_len_mean          | 439        |
|    ep_rew_mean          | 102        |
| time/                   |            |
|    fps                  | 1318       |
|    iterations           | 479        |
|    time_elapsed         | 744        |
|    total_timesteps      | 2482176    |
| train/                  |            |
|    approx_kl            | 0.39172035 |
|    clip_fraction        | 0.745      |
|    clip_range           | 0.2        |
|    entropy_loss         | 2.23       |
|    explained_variance   | 0.937736   |
|    learning_rate        | 0.0003     |
|    loss                 | 0.0742     |
|    n_updates            | 12110      |
|    policy_gradient_loss | -0.0303    |
|    std                  | 0.218      |
|    value_loss           | 0.799      |
----------------------------------------
----------------------------------------
| rollout/                |            |
|    ep_len_mean          | 437        |
|    ep_rew_mean          | 101        |
| time/                   |            |
|    fps                  | 1318       |
|    iterations           | 480        |
|    time_elapsed         | 745        |
|    total_timesteps      | 2484224    |
| train/                  |            |
|    approx_kl            | 0.3724571  |
|    clip_fraction        | 0.728      |
|    clip_range           | 0.2        |
|    entropy_loss         | 2.26       |
|    explained_variance   | 0.97831917 |
|    learning_rate        | 0.0003     |
|    loss                 | 0.0774     |
|    n_updates            | 12120      |
|    policy_gradient_loss | -0.0353    |
|    std                  | 0.218      |
|    value_loss           | 0.528      |
----------------------------------------
----------------------------------------
| rollout/                |            |
|    ep_len_mean          | 440        |
|    ep_rew_mean          | 102        |
| time/                   |            |
|    fps                  | 1318       |
|    iterations           | 481        |
|    time_elapsed         | 747        |
|    total_timesteps      | 2486272    |
| train/                  |            |
|    approx_kl            | 0.26394358 |
|    clip_fraction        | 0.68       |
|    clip_range           | 0.2        |
|    entropy_loss         | 2.28       |
|    explained_variance   | 0.96265334 |
|    learning_rate        | 0.0003     |
|    loss                 | 0.201      |
|    n_updates            | 12130      |
|    policy_gradient_loss | -0.0362    |
|    std                  | 0.218      |
|    value_loss           | 1.12       |
----------------------------------------
---------------------------------------
| rollout/                |           |
|    ep_len_mean          | 439       |
|    ep_rew_mean          | 102       |
| time/                   |           |
|    fps                  | 1318      |
|    iterations           | 482       |
|    time_elapsed         | 748       |
|    total_timesteps      | 2488320   |
| train/                  |           |
|    approx_kl            | 0.3276326 |
|    clip_fraction        | 0.718     |
|    clip_range           | 0.2       |
|    entropy_loss         | 2.26      |
|    explained_variance   | 0.9573831 |
|    learning_rate        | 0.0003    |
|    loss                 | 0.141     |
|    n_updates            | 12140     |
|    policy_gradient_loss | -0.0443   |
|    std                  | 0.218     |
|    value_loss           | 0.899     |
---------------------------------------
----------------------------------------
| rollout/                |            |
|    ep_len_mean          | 438        |
|    ep_rew_mean          | 102        |
| time/                   |            |
|    fps                  | 1318       |
|    iterations           | 483        |
|    time_elapsed         | 750        |
|    total_timesteps      | 2490368    |
| train/                  |            |
|    approx_kl            | 0.32587296 |
|    clip_fraction        | 0.729      |
|    clip_range           | 0.2        |
|    entropy_loss         | 2.24       |
|    explained_variance   | 0.98041517 |
|    learning_rate        | 0.0003     |
|    loss                 | 0.127      |
|    n_updates            | 12150      |
|    policy_gradient_loss | -0.0429    |
|    std                  | 0.219      |
|    value_loss           | 0.546      |
----------------------------------------
----------------------------------------
| rollout/                |            |
|    ep_len_mean          | 433        |
|    ep_rew_mean          | 101        |
| time/                   |            |
|    fps                  | 1318       |
|    iterations           | 484        |
|    time_elapsed         | 751        |
|    total_timesteps      | 2492416    |
| train/                  |            |
|    approx_kl            | 0.33689007 |
|    clip_fraction        | 0.735      |
|    clip_range           | 0.2        |
|    entropy_loss         | 2.19       |
|    explained_variance   | 0.9712373  |
|    learning_rate        | 0.0003     |
|    loss                 | 0.126      |
|    n_updates            | 12160      |
|    policy_gradient_loss | -0.0364    |
|    std                  | 0.219      |
|    value_loss           | 0.654      |
----------------------------------------
---------------------------------------
| rollout/                |           |
|    ep_len_mean          | 436       |
|    ep_rew_mean          | 102       |
| time/                   |           |
|    fps                  | 1318      |
|    iterations           | 485       |
|    time_elapsed         | 753       |
|    total_timesteps      | 2494464   |
| train/                  |           |
|    approx_kl            | 0.3331849 |
|    clip_fraction        | 0.715     |
|    clip_range           | 0.2       |
|    entropy_loss         | 2.16      |
|    explained_variance   | 0.9671513 |
|    learning_rate        | 0.0003    |
|    loss                 | 0.193     |
|    n_updates            | 12170     |
|    policy_gradient_loss | -0.0389   |
|    std                  | 0.219     |
|    value_loss           | 0.926     |
---------------------------------------
----------------------------------------
| rollout/                |            |
|    ep_len_mean          | 435        |
|    ep_rew_mean          | 101        |
| time/                   |            |
|    fps                  | 1318       |
|    iterations           | 486        |
|    time_elapsed         | 754        |
|    total_timesteps      | 2496512    |
| train/                  |            |
|    approx_kl            | 0.3046774  |
|    clip_fraction        | 0.703      |
|    clip_range           | 0.2        |
|    entropy_loss         | 2.17       |
|    explained_variance   | 0.98216313 |
|    learning_rate        | 0.0003     |
|    loss                 | 0.154      |
|    n_updates            | 12180      |
|    policy_gradient_loss | -0.0339    |
|    std                  | 0.219      |
|    value_loss           | 0.579      |
----------------------------------------
----------------------------------------
| rollout/                |            |
|    ep_len_mean          | 441        |
|    ep_rew_mean          | 103        |
| time/                   |            |
|    fps                  | 1318       |
|    iterations           | 487        |
|    time_elapsed         | 756        |
|    total_timesteps      | 2498560    |
| train/                  |            |
|    approx_kl            | 0.29494423 |
|    clip_fraction        | 0.725      |
|    clip_range           | 0.2        |
|    entropy_loss         | 2.18       |
|    explained_variance   | 0.9809308  |
|    learning_rate        | 0.0003     |
|    loss                 | 0.0632     |
|    n_updates            | 12190      |
|    policy_gradient_loss | -0.0354    |
|    std                  | 0.219      |
|    value_loss           | 0.513      |
----------------------------------------
----------------------------------------
| rollout/                |            |
|    ep_len_mean          | 443        |
|    ep_rew_mean          | 103        |
| time/                   |            |
|    fps                  | 1319       |
|    iterations           | 488        |
|    time_elapsed         | 757        |
|    total_timesteps      | 2500608    |
| train/                  |            |
|    approx_kl            | 0.39216536 |
|    clip_fraction        | 0.739      |
|    clip_range           | 0.2        |
|    entropy_loss         | 2.21       |
|    explained_variance   | 0.9524881  |
|    learning_rate        | 0.0003     |
|    loss                 | 0.177      |
|    n_updates            | 12200      |
|    policy_gradient_loss | -0.0288    |
|    std                  | 0.218      |
|    value_loss           | 0.863      |
----------------------------------------
---------------------------------------
| rollout/                |           |
|    ep_len_mean          | 447       |
|    ep_rew_mean          | 104       |
| time/                   |           |
|    fps                  | 1319      |
|    iterations           | 489       |
|    time_elapsed         | 759       |
|    total_timesteps      | 2502656   |
| train/                  |           |
|    approx_kl            | 0.2813573 |
|    clip_fraction        | 0.695     |
|    clip_range           | 0.2       |
|    entropy_loss         | 2.24      |
|    explained_variance   | 0.9676951 |
|    learning_rate        | 0.0003    |
|    loss                 | 0.0964    |
|    n_updates            | 12210     |
|    policy_gradient_loss | -0.0427   |
|    std                  | 0.217     |
|    value_loss           | 0.842     |
---------------------------------------
----------------------------------------
| rollout/                |            |
|    ep_len_mean          | 446        |
|    ep_rew_mean          | 104        |
| time/                   |            |
|    fps                  | 1319       |
|    iterations           | 490        |
|    time_elapsed         | 760        |
|    total_timesteps      | 2504704    |
| train/                  |            |
|    approx_kl            | 0.27474862 |
|    clip_fraction        | 0.672      |
|    clip_range           | 0.2        |
|    entropy_loss         | 2.28       |
|    explained_variance   | 0.95299345 |
|    learning_rate        | 0.0003     |
|    loss                 | 0.183      |
|    n_updates            | 12220      |
|    policy_gradient_loss | -0.0444    |
|    std                  | 0.217      |
|    value_loss           | 1.12       |
----------------------------------------
----------------------------------------
| rollout/                |            |
|    ep_len_mean          | 444        |
|    ep_rew_mean          | 104        |
| time/                   |            |
|    fps                  | 1319       |
|    iterations           | 491        |
|    time_elapsed         | 762        |
|    total_timesteps      | 2506752    |
| train/                  |            |
|    approx_kl            | 0.31741023 |
|    clip_fraction        | 0.735      |
|    clip_range           | 0.2        |
|    entropy_loss         | 2.28       |
|    explained_variance   | 0.97269315 |
|    learning_rate        | 0.0003     |
|    loss                 | 0.21       |
|    n_updates            | 12230      |
|    policy_gradient_loss | -0.041     |
|    std                  | 0.217      |
|    value_loss           | 0.773      |
----------------------------------------
---------------------------------------
| rollout/                |           |
|    ep_len_mean          | 450       |
|    ep_rew_mean          | 105       |
| time/                   |           |
|    fps                  | 1319      |
|    iterations           | 492       |
|    time_elapsed         | 763       |
|    total_timesteps      | 2508800   |
| train/                  |           |
|    approx_kl            | 0.270402  |
|    clip_fraction        | 0.72      |
|    clip_range           | 0.2       |
|    entropy_loss         | 2.28      |
|    explained_variance   | 0.9814473 |
|    learning_rate        | 0.0003    |
|    loss                 | 0.136     |
|    n_updates            | 12240     |
|    policy_gradient_loss | -0.0294   |
|    std                  | 0.217     |
|    value_loss           | 0.583     |
---------------------------------------
----------------------------------------
| rollout/                |            |
|    ep_len_mean          | 440        |
|    ep_rew_mean          | 104        |
| time/                   |            |
|    fps                  | 1319       |
|    iterations           | 493        |
|    time_elapsed         | 765        |
|    total_timesteps      | 2510848    |
| train/                  |            |
|    approx_kl            | 0.32418072 |
|    clip_fraction        | 0.727      |
|    clip_range           | 0.2        |
|    entropy_loss         | 2.28       |
|    explained_variance   | 0.97520405 |
|    learning_rate        | 0.0003     |
|    loss                 | 0.0375     |
|    n_updates            | 12250      |
|    policy_gradient_loss | -0.0268    |
|    std                  | 0.217      |
|    value_loss           | 0.623      |
----------------------------------------
----------------------------------------
| rollout/                |            |
|    ep_len_mean          | 446        |
|    ep_rew_mean          | 106        |
| time/                   |            |
|    fps                  | 1319       |
|    iterations           | 494        |
|    time_elapsed         | 766        |
|    total_timesteps      | 2512896    |
| train/                  |            |
|    approx_kl            | 0.38599524 |
|    clip_fraction        | 0.715      |
|    clip_range           | 0.2        |
|    entropy_loss         | 2.31       |
|    explained_variance   | 0.97380096 |
|    learning_rate        | 0.0003     |
|    loss                 | 0.0701     |
|    n_updates            | 12260      |
|    policy_gradient_loss | -0.0396    |
|    std                  | 0.216      |
|    value_loss           | 0.806      |
----------------------------------------
---------------------------------------
| rollout/                |           |
|    ep_len_mean          | 449       |
|    ep_rew_mean          | 108       |
| time/                   |           |
|    fps                  | 1319      |
|    iterations           | 495       |
|    time_elapsed         | 768       |
|    total_timesteps      | 2514944   |
| train/                  |           |
|    approx_kl            | 0.3414132 |
|    clip_fraction        | 0.724     |
|    clip_range           | 0.2       |
|    entropy_loss         | 2.32      |
|    explained_variance   | 0.9655946 |
|    learning_rate        | 0.0003    |
|    loss                 | 0.0692    |
|    n_updates            | 12270     |
|    policy_gradient_loss | -0.0373   |
|    std                  | 0.216     |
|    value_loss           | 0.832     |
---------------------------------------
----------------------------------------
| rollout/                |            |
|    ep_len_mean          | 446        |
|    ep_rew_mean          | 107        |
| time/                   |            |
|    fps                  | 1319       |
|    iterations           | 496        |
|    time_elapsed         | 769        |
|    total_timesteps      | 2516992    |
| train/                  |            |
|    approx_kl            | 0.38493562 |
|    clip_fraction        | 0.747      |
|    clip_range           | 0.2        |
|    entropy_loss         | 2.33       |
|    explained_variance   | 0.97644764 |
|    learning_rate        | 0.0003     |
|    loss                 | 0.0459     |
|    n_updates            | 12280      |
|    policy_gradient_loss | -0.0415    |
|    std                  | 0.216      |
|    value_loss           | 0.494      |
----------------------------------------
---------------------------------------
| rollout/                |           |
|    ep_len_mean          | 438       |
|    ep_rew_mean          | 105       |
| time/                   |           |
|    fps                  | 1319      |
|    iterations           | 497       |
|    time_elapsed         | 771       |
|    total_timesteps      | 2519040   |
| train/                  |           |
|    approx_kl            | 0.341884  |
|    clip_fraction        | 0.723     |
|    clip_range           | 0.2       |
|    entropy_loss         | 2.32      |
|    explained_variance   | 0.9865783 |
|    learning_rate        | 0.0003    |
|    loss                 | 0.0297    |
|    n_updates            | 12290     |
|    policy_gradient_loss | -0.0313   |
|    std                  | 0.216     |
|    value_loss           | 0.468     |
---------------------------------------
----------------------------------------
| rollout/                |            |
|    ep_len_mean          | 440        |
|    ep_rew_mean          | 105        |
| time/                   |            |
|    fps                  | 1319       |
|    iterations           | 498        |
|    time_elapsed         | 772        |
|    total_timesteps      | 2521088    |
| train/                  |            |
|    approx_kl            | 0.26440638 |
|    clip_fraction        | 0.677      |
|    clip_range           | 0.2        |
|    entropy_loss         | 2.34       |
|    explained_variance   | 0.9393726  |
|    learning_rate        | 0.0003     |
|    loss                 | 0.122      |
|    n_updates            | 12300      |
|    policy_gradient_loss | -0.0382    |
|    std                  | 0.216      |
|    value_loss           | 0.973      |
----------------------------------------
----------------------------------------
| rollout/                |            |
|    ep_len_mean          | 428        |
|    ep_rew_mean          | 103        |
| time/                   |            |
|    fps                  | 1320       |
|    iterations           | 499        |
|    time_elapsed         | 774        |
|    total_timesteps      | 2523136    |
| train/                  |            |
|    approx_kl            | 0.33864766 |
|    clip_fraction        | 0.724      |
|    clip_range           | 0.2        |
|    entropy_loss         | 2.4        |
|    explained_variance   | 0.96366537 |
|    learning_rate        | 0.0003     |
|    loss                 | 0.0686     |
|    n_updates            | 12310      |
|    policy_gradient_loss | -0.0388    |
|    std                  | 0.215      |
|    value_loss           | 0.823      |
----------------------------------------
----------------------------------------
| rollout/                |            |
|    ep_len_mean          | 422        |
|    ep_rew_mean          | 101        |
| time/                   |            |
|    fps                  | 1320       |
|    iterations           | 500        |
|    time_elapsed         | 775        |
|    total_timesteps      | 2525184    |
| train/                  |            |
|    approx_kl            | 0.32585496 |
|    clip_fraction        | 0.702      |
|    clip_range           | 0.2        |
|    entropy_loss         | 2.42       |
|    explained_variance   | 0.9569862  |
|    learning_rate        | 0.0003     |
|    loss                 | 0.178      |
|    n_updates            | 12320      |
|    policy_gradient_loss | -0.0357    |
|    std                  | 0.215      |
|    value_loss           | 0.979      |
----------------------------------------
----------------------------------------
| rollout/                |            |
|    ep_len_mean          | 423        |
|    ep_rew_mean          | 102        |
| time/                   |            |
|    fps                  | 1320       |
|    iterations           | 501        |
|    time_elapsed         | 777        |
|    total_timesteps      | 2527232    |
| train/                  |            |
|    approx_kl            | 0.29371524 |
|    clip_fraction        | 0.719      |
|    clip_range           | 0.2        |
|    entropy_loss         | 2.44       |
|    explained_variance   | 0.9804979  |
|    learning_rate        | 0.0003     |
|    loss                 | 0.101      |
|    n_updates            | 12330      |
|    policy_gradient_loss | -0.0329    |
|    std                  | 0.214      |
|    value_loss           | 0.697      |
----------------------------------------
----------------------------------------
| rollout/                |            |
|    ep_len_mean          | 420        |
|    ep_rew_mean          | 101        |
| time/                   |            |
|    fps                  | 1320       |
|    iterations           | 502        |
|    time_elapsed         | 778        |
|    total_timesteps      | 2529280    |
| train/                  |            |
|    approx_kl            | 0.33155924 |
|    clip_fraction        | 0.731      |
|    clip_range           | 0.2        |
|    entropy_loss         | 2.46       |
|    explained_variance   | 0.98061    |
|    learning_rate        | 0.0003     |
|    loss                 | 0.0268     |
|    n_updates            | 12340      |
|    policy_gradient_loss | -0.0348    |
|    std                  | 0.215      |
|    value_loss           | 0.671      |
----------------------------------------
----------------------------------------
| rollout/                |            |
|    ep_len_mean          | 423        |
|    ep_rew_mean          | 102        |
| time/                   |            |
|    fps                  | 1320       |
|    iterations           | 503        |
|    time_elapsed         | 780        |
|    total_timesteps      | 2531328    |
| train/                  |            |
|    approx_kl            | 0.2833721  |
|    clip_fraction        | 0.723      |
|    clip_range           | 0.2        |
|    entropy_loss         | 2.45       |
|    explained_variance   | 0.95460856 |
|    learning_rate        | 0.0003     |
|    loss                 | 0.123      |
|    n_updates            | 12350      |
|    policy_gradient_loss | -0.0351    |
|    std                  | 0.215      |
|    value_loss           | 0.936      |
----------------------------------------
----------------------------------------
| rollout/                |            |
|    ep_len_mean          | 420        |
|    ep_rew_mean          | 102        |
| time/                   |            |
|    fps                  | 1320       |
|    iterations           | 504        |
|    time_elapsed         | 781        |
|    total_timesteps      | 2533376    |
| train/                  |            |
|    approx_kl            | 0.48068014 |
|    clip_fraction        | 0.766      |
|    clip_range           | 0.2        |
|    entropy_loss         | 2.42       |
|    explained_variance   | 0.98233324 |
|    learning_rate        | 0.0003     |
|    loss                 | 0.0636     |
|    n_updates            | 12360      |
|    policy_gradient_loss | -0.0251    |
|    std                  | 0.216      |
|    value_loss           | 0.499      |
----------------------------------------
----------------------------------------
| rollout/                |            |
|    ep_len_mean          | 411        |
|    ep_rew_mean          | 99.4       |
| time/                   |            |
|    fps                  | 1320       |
|    iterations           | 505        |
|    time_elapsed         | 783        |
|    total_timesteps      | 2535424    |
| train/                  |            |
|    approx_kl            | 0.35166436 |
|    clip_fraction        | 0.743      |
|    clip_range           | 0.2        |
|    entropy_loss         | 2.42       |
|    explained_variance   | 0.98386264 |
|    learning_rate        | 0.0003     |
|    loss                 | 0.0752     |
|    n_updates            | 12370      |
|    policy_gradient_loss | -0.0273    |
|    std                  | 0.215      |
|    value_loss           | 0.529      |
----------------------------------------
----------------------------------------
| rollout/                |            |
|    ep_len_mean          | 416        |
|    ep_rew_mean          | 101        |
| time/                   |            |
|    fps                  | 1320       |
|    iterations           | 506        |
|    time_elapsed         | 784        |
|    total_timesteps      | 2537472    |
| train/                  |            |
|    approx_kl            | 0.3096734  |
|    clip_fraction        | 0.718      |
|    clip_range           | 0.2        |
|    entropy_loss         | 2.46       |
|    explained_variance   | 0.98451746 |
|    learning_rate        | 0.0003     |
|    loss                 | 0.0718     |
|    n_updates            | 12380      |
|    policy_gradient_loss | -0.0337    |
|    std                  | 0.214      |
|    value_loss           | 0.451      |
----------------------------------------
----------------------------------------
| rollout/                |            |
|    ep_len_mean          | 420        |
|    ep_rew_mean          | 102        |
| time/                   |            |
|    fps                  | 1320       |
|    iterations           | 507        |
|    time_elapsed         | 786        |
|    total_timesteps      | 2539520    |
| train/                  |            |
|    approx_kl            | 0.38602743 |
|    clip_fraction        | 0.751      |
|    clip_range           | 0.2        |
|    entropy_loss         | 2.5        |
|    explained_variance   | 0.97163963 |
|    learning_rate        | 0.0003     |
|    loss                 | 0.011      |
|    n_updates            | 12390      |
|    policy_gradient_loss | -0.0405    |
|    std                  | 0.214      |
|    value_loss           | 0.517      |
----------------------------------------
----------------------------------------
| rollout/                |            |
|    ep_len_mean          | 419        |
|    ep_rew_mean          | 101        |
| time/                   |            |
|    fps                  | 1320       |
|    iterations           | 508        |
|    time_elapsed         | 787        |
|    total_timesteps      | 2541568    |
| train/                  |            |
|    approx_kl            | 0.44496697 |
|    clip_fraction        | 0.729      |
|    clip_range           | 0.2        |
|    entropy_loss         | 2.48       |
|    explained_variance   | 0.96501625 |
|    learning_rate        | 0.0003     |
|    loss                 | 0.127      |
|    n_updates            | 12400      |
|    policy_gradient_loss | -0.0369    |
|    std                  | 0.214      |
|    value_loss           | 0.731      |
----------------------------------------
----------------------------------------
| rollout/                |            |
|    ep_len_mean          | 419        |
|    ep_rew_mean          | 101        |
| time/                   |            |
|    fps                  | 1320       |
|    iterations           | 509        |
|    time_elapsed         | 789        |
|    total_timesteps      | 2543616    |
| train/                  |            |
|    approx_kl            | 0.30795386 |
|    clip_fraction        | 0.721      |
|    clip_range           | 0.2        |
|    entropy_loss         | 2.47       |
|    explained_variance   | 0.962488   |
|    learning_rate        | 0.0003     |
|    loss                 | 0.048      |
|    n_updates            | 12410      |
|    policy_gradient_loss | -0.0373    |
|    std                  | 0.214      |
|    value_loss           | 0.982      |
----------------------------------------
----------------------------------------
| rollout/                |            |
|    ep_len_mean          | 421        |
|    ep_rew_mean          | 101        |
| time/                   |            |
|    fps                  | 1320       |
|    iterations           | 510        |
|    time_elapsed         | 790        |
|    total_timesteps      | 2545664    |
| train/                  |            |
|    approx_kl            | 0.29335862 |
|    clip_fraction        | 0.7        |
|    clip_range           | 0.2        |
|    entropy_loss         | 2.5        |
|    explained_variance   | 0.9510182  |
|    learning_rate        | 0.0003     |
|    loss                 | 0.235      |
|    n_updates            | 12420      |
|    policy_gradient_loss | -0.0419    |
|    std                  | 0.213      |
|    value_loss           | 1.09       |
----------------------------------------
----------------------------------------
| rollout/                |            |
|    ep_len_mean          | 422        |
|    ep_rew_mean          | 102        |
| time/                   |            |
|    fps                  | 1320       |
|    iterations           | 511        |
|    time_elapsed         | 792        |
|    total_timesteps      | 2547712    |
| train/                  |            |
|    approx_kl            | 0.31751382 |
|    clip_fraction        | 0.72       |
|    clip_range           | 0.2        |
|    entropy_loss         | 2.52       |
|    explained_variance   | 0.9673376  |
|    learning_rate        | 0.0003     |
|    loss                 | 0.207      |
|    n_updates            | 12430      |
|    policy_gradient_loss | -0.0366    |
|    std                  | 0.213      |
|    value_loss           | 0.996      |
----------------------------------------
----------------------------------------
| rollout/                |            |
|    ep_len_mean          | 420        |
|    ep_rew_mean          | 102        |
| time/                   |            |
|    fps                  | 1320       |
|    iterations           | 512        |
|    time_elapsed         | 793        |
|    total_timesteps      | 2549760    |
| train/                  |            |
|    approx_kl            | 0.31211883 |
|    clip_fraction        | 0.725      |
|    clip_range           | 0.2        |
|    entropy_loss         | 2.55       |
|    explained_variance   | 0.96655285 |
|    learning_rate        | 0.0003     |
|    loss                 | 0.101      |
|    n_updates            | 12440      |
|    policy_gradient_loss | -0.034     |
|    std                  | 0.212      |
|    value_loss           | 1.05       |
----------------------------------------
----------------------------------------
| rollout/                |            |
|    ep_len_mean          | 422        |
|    ep_rew_mean          | 102        |
| time/                   |            |
|    fps                  | 1320       |
|    iterations           | 513        |
|    time_elapsed         | 795        |
|    total_timesteps      | 2551808    |
| train/                  |            |
|    approx_kl            | 0.31787425 |
|    clip_fraction        | 0.71       |
|    clip_range           | 0.2        |
|    entropy_loss         | 2.56       |
|    explained_variance   | 0.94234496 |
|    learning_rate        | 0.0003     |
|    loss                 | 0.125      |
|    n_updates            | 12450      |
|    policy_gradient_loss | -0.0329    |
|    std                  | 0.213      |
|    value_loss           | 1.19       |
----------------------------------------
----------------------------------------
| rollout/                |            |
|    ep_len_mean          | 431        |
|    ep_rew_mean          | 104        |
| time/                   |            |
|    fps                  | 1320       |
|    iterations           | 514        |
|    time_elapsed         | 796        |
|    total_timesteps      | 2553856    |
| train/                  |            |
|    approx_kl            | 0.39483276 |
|    clip_fraction        | 0.752      |
|    clip_range           | 0.2        |
|    entropy_loss         | 2.56       |
|    explained_variance   | 0.95704347 |
|    learning_rate        | 0.0003     |
|    loss                 | 0.181      |
|    n_updates            | 12460      |
|    policy_gradient_loss | -0.0342    |
|    std                  | 0.212      |
|    value_loss           | 1.03       |
----------------------------------------
---------------------------------------
| rollout/                |           |
|    ep_len_mean          | 429       |
|    ep_rew_mean          | 104       |
| time/                   |           |
|    fps                  | 1321      |
|    iterations           | 515       |
|    time_elapsed         | 798       |
|    total_timesteps      | 2555904   |
| train/                  |           |
|    approx_kl            | 0.3952576 |
|    clip_fraction        | 0.76      |
|    clip_range           | 0.2       |
|    entropy_loss         | 2.57      |
|    explained_variance   | 0.9564705 |
|    learning_rate        | 0.0003    |
|    loss                 | 0.146     |
|    n_updates            | 12470     |
|    policy_gradient_loss | -0.0369   |
|    std                  | 0.212     |
|    value_loss           | 0.846     |
---------------------------------------
----------------------------------------
| rollout/                |            |
|    ep_len_mean          | 427        |
|    ep_rew_mean          | 103        |
| time/                   |            |
|    fps                  | 1321       |
|    iterations           | 516        |
|    time_elapsed         | 799        |
|    total_timesteps      | 2557952    |
| train/                  |            |
|    approx_kl            | 0.31342357 |
|    clip_fraction        | 0.728      |
|    clip_range           | 0.2        |
|    entropy_loss         | 2.58       |
|    explained_variance   | 0.9713987  |
|    learning_rate        | 0.0003     |
|    loss                 | 0.163      |
|    n_updates            | 12480      |
|    policy_gradient_loss | -0.0238    |
|    std                  | 0.212      |
|    value_loss           | 0.724      |
----------------------------------------
----------------------------------------
| rollout/                |            |
|    ep_len_mean          | 430        |
|    ep_rew_mean          | 104        |
| time/                   |            |
|    fps                  | 1321       |
|    iterations           | 517        |
|    time_elapsed         | 801        |
|    total_timesteps      | 2560000    |
| train/                  |            |
|    approx_kl            | 0.31321073 |
|    clip_fraction        | 0.719      |
|    clip_range           | 0.2        |
|    entropy_loss         | 2.57       |
|    explained_variance   | 0.9603073  |
|    learning_rate        | 0.0003     |
|    loss                 | 0.107      |
|    n_updates            | 12490      |
|    policy_gradient_loss | -0.0304    |
|    std                  | 0.212      |
|    value_loss           | 0.659      |
----------------------------------------
----------------------------------------
| rollout/                |            |
|    ep_len_mean          | 429        |
|    ep_rew_mean          | 104        |
| time/                   |            |
|    fps                  | 1321       |
|    iterations           | 518        |
|    time_elapsed         | 802        |
|    total_timesteps      | 2562048    |
| train/                  |            |
|    approx_kl            | 0.44905335 |
|    clip_fraction        | 0.745      |
|    clip_range           | 0.2        |
|    entropy_loss         | 2.53       |
|    explained_variance   | 0.97982776 |
|    learning_rate        | 0.0003     |
|    loss                 | 0.119      |
|    n_updates            | 12500      |
|    policy_gradient_loss | -0.0369    |
|    std                  | 0.213      |
|    value_loss           | 0.625      |
----------------------------------------
---------------------------------------
| rollout/                |           |
|    ep_len_mean          | 429       |
|    ep_rew_mean          | 104       |
| time/                   |           |
|    fps                  | 1321      |
|    iterations           | 519       |
|    time_elapsed         | 804       |
|    total_timesteps      | 2564096   |
| train/                  |           |
|    approx_kl            | 0.3583805 |
|    clip_fraction        | 0.703     |
|    clip_range           | 0.2       |
|    entropy_loss         | 2.51      |
|    explained_variance   | 0.9798641 |
|    learning_rate        | 0.0003    |
|    loss                 | 0.0648    |
|    n_updates            | 12510     |
|    policy_gradient_loss | -0.0352   |
|    std                  | 0.213     |
|    value_loss           | 0.638     |
---------------------------------------
----------------------------------------
| rollout/                |            |
|    ep_len_mean          | 426        |
|    ep_rew_mean          | 104        |
| time/                   |            |
|    fps                  | 1321       |
|    iterations           | 520        |
|    time_elapsed         | 805        |
|    total_timesteps      | 2566144    |
| train/                  |            |
|    approx_kl            | 0.33679557 |
|    clip_fraction        | 0.724      |
|    clip_range           | 0.2        |
|    entropy_loss         | 2.53       |
|    explained_variance   | 0.958633   |
|    learning_rate        | 0.0003     |
|    loss                 | 0.0499     |
|    n_updates            | 12520      |
|    policy_gradient_loss | -0.0306    |
|    std                  | 0.213      |
|    value_loss           | 0.906      |
----------------------------------------
----------------------------------------
| rollout/                |            |
|    ep_len_mean          | 428        |
|    ep_rew_mean          | 104        |
| time/                   |            |
|    fps                  | 1321       |
|    iterations           | 521        |
|    time_elapsed         | 807        |
|    total_timesteps      | 2568192    |
| train/                  |            |
|    approx_kl            | 0.32773077 |
|    clip_fraction        | 0.723      |
|    clip_range           | 0.2        |
|    entropy_loss         | 2.53       |
|    explained_variance   | 0.985082   |
|    learning_rate        | 0.0003     |
|    loss                 | 0.162      |
|    n_updates            | 12530      |
|    policy_gradient_loss | -0.0303    |
|    std                  | 0.213      |
|    value_loss           | 0.671      |
----------------------------------------
--------------------------------------
| rollout/                |          |
|    ep_len_mean          | 430      |
|    ep_rew_mean          | 105      |
| time/                   |          |
|    fps                  | 1321     |
|    iterations           | 522      |
|    time_elapsed         | 808      |
|    total_timesteps      | 2570240  |
| train/                  |          |
|    approx_kl            | 0.369267 |
|    clip_fraction        | 0.748    |
|    clip_range           | 0.2      |
|    entropy_loss         | 2.51     |
|    explained_variance   | 0.989801 |
|    learning_rate        | 0.0003   |
|    loss                 | 0.00394  |
|    n_updates            | 12540    |
|    policy_gradient_loss | -0.0365  |
|    std                  | 0.214    |
|    value_loss           | 0.46     |
--------------------------------------
----------------------------------------
| rollout/                |            |
|    ep_len_mean          | 428        |
|    ep_rew_mean          | 104        |
| time/                   |            |
|    fps                  | 1321       |
|    iterations           | 523        |
|    time_elapsed         | 810        |
|    total_timesteps      | 2572288    |
| train/                  |            |
|    approx_kl            | 0.32011378 |
|    clip_fraction        | 0.704      |
|    clip_range           | 0.2        |
|    entropy_loss         | 2.5        |
|    explained_variance   | 0.9681026  |
|    learning_rate        | 0.0003     |
|    loss                 | 0.113      |
|    n_updates            | 12550      |
|    policy_gradient_loss | -0.0359    |
|    std                  | 0.213      |
|    value_loss           | 0.845      |
----------------------------------------
----------------------------------------
| rollout/                |            |
|    ep_len_mean          | 426        |
|    ep_rew_mean          | 104        |
| time/                   |            |
|    fps                  | 1321       |
|    iterations           | 524        |
|    time_elapsed         | 811        |
|    total_timesteps      | 2574336    |
| train/                  |            |
|    approx_kl            | 0.3288902  |
|    clip_fraction        | 0.71       |
|    clip_range           | 0.2        |
|    entropy_loss         | 2.5        |
|    explained_variance   | 0.97765106 |
|    learning_rate        | 0.0003     |
|    loss                 | 0.0075     |
|    n_updates            | 12560      |
|    policy_gradient_loss | -0.0325    |
|    std                  | 0.213      |
|    value_loss           | 0.503      |
----------------------------------------
---------------------------------------
| rollout/                |           |
|    ep_len_mean          | 434       |
|    ep_rew_mean          | 106       |
| time/                   |           |
|    fps                  | 1321      |
|    iterations           | 525       |
|    time_elapsed         | 813       |
|    total_timesteps      | 2576384   |
| train/                  |           |
|    approx_kl            | 0.4196101 |
|    clip_fraction        | 0.749     |
|    clip_range           | 0.2       |
|    entropy_loss         | 2.5       |
|    explained_variance   | 0.9815268 |
|    learning_rate        | 0.0003    |
|    loss                 | 0.0516    |
|    n_updates            | 12570     |
|    policy_gradient_loss | -0.038    |
|    std                  | 0.213     |
|    value_loss           | 0.52      |
---------------------------------------
----------------------------------------
| rollout/                |            |
|    ep_len_mean          | 437        |
|    ep_rew_mean          | 106        |
| time/                   |            |
|    fps                  | 1321       |
|    iterations           | 526        |
|    time_elapsed         | 814        |
|    total_timesteps      | 2578432    |
| train/                  |            |
|    approx_kl            | 0.31202543 |
|    clip_fraction        | 0.716      |
|    clip_range           | 0.2        |
|    entropy_loss         | 2.51       |
|    explained_variance   | 0.9516385  |
|    learning_rate        | 0.0003     |
|    loss                 | 0.036      |
|    n_updates            | 12580      |
|    policy_gradient_loss | -0.0307    |
|    std                  | 0.213      |
|    value_loss           | 0.523      |
----------------------------------------
----------------------------------------
| rollout/                |            |
|    ep_len_mean          | 436        |
|    ep_rew_mean          | 106        |
| time/                   |            |
|    fps                  | 1321       |
|    iterations           | 527        |
|    time_elapsed         | 816        |
|    total_timesteps      | 2580480    |
| train/                  |            |
|    approx_kl            | 0.36364797 |
|    clip_fraction        | 0.718      |
|    clip_range           | 0.2        |
|    entropy_loss         | 2.53       |
|    explained_variance   | 0.96584463 |
|    learning_rate        | 0.0003     |
|    loss                 | 0.0539     |
|    n_updates            | 12590      |
|    policy_gradient_loss | -0.0341    |
|    std                  | 0.212      |
|    value_loss           | 0.611      |
----------------------------------------
---------------------------------------
| rollout/                |           |
|    ep_len_mean          | 429       |
|    ep_rew_mean          | 105       |
| time/                   |           |
|    fps                  | 1321      |
|    iterations           | 528       |
|    time_elapsed         | 817       |
|    total_timesteps      | 2582528   |
| train/                  |           |
|    approx_kl            | 0.2957611 |
|    clip_fraction        | 0.713     |
|    clip_range           | 0.2       |
|    entropy_loss         | 2.54      |
|    explained_variance   | 0.9711556 |
|    learning_rate        | 0.0003    |
|    loss                 | 0.0698    |
|    n_updates            | 12600     |
|    policy_gradient_loss | -0.0337   |
|    std                  | 0.212     |
|    value_loss           | 0.787     |
---------------------------------------
----------------------------------------
| rollout/                |            |
|    ep_len_mean          | 423        |
|    ep_rew_mean          | 103        |
| time/                   |            |
|    fps                  | 1322       |
|    iterations           | 529        |
|    time_elapsed         | 819        |
|    total_timesteps      | 2584576    |
| train/                  |            |
|    approx_kl            | 0.30380458 |
|    clip_fraction        | 0.717      |
|    clip_range           | 0.2        |
|    entropy_loss         | 2.56       |
|    explained_variance   | 0.96782076 |
|    learning_rate        | 0.0003     |
|    loss                 | 0.0756     |
|    n_updates            | 12610      |
|    policy_gradient_loss | -0.0374    |
|    std                  | 0.212      |
|    value_loss           | 0.753      |
----------------------------------------
----------------------------------------
| rollout/                |            |
|    ep_len_mean          | 423        |
|    ep_rew_mean          | 103        |
| time/                   |            |
|    fps                  | 1322       |
|    iterations           | 530        |
|    time_elapsed         | 821        |
|    total_timesteps      | 2586624    |
| train/                  |            |
|    approx_kl            | 0.31733721 |
|    clip_fraction        | 0.687      |
|    clip_range           | 0.2        |
|    entropy_loss         | 2.54       |
|    explained_variance   | 0.95659274 |
|    learning_rate        | 0.0003     |
|    loss                 | 0.0762     |
|    n_updates            | 12620      |
|    policy_gradient_loss | -0.0437    |
|    std                  | 0.212      |
|    value_loss           | 0.98       |
----------------------------------------
----------------------------------------
| rollout/                |            |
|    ep_len_mean          | 429        |
|    ep_rew_mean          | 105        |
| time/                   |            |
|    fps                  | 1322       |
|    iterations           | 531        |
|    time_elapsed         | 822        |
|    total_timesteps      | 2588672    |
| train/                  |            |
|    approx_kl            | 0.39001453 |
|    clip_fraction        | 0.74       |
|    clip_range           | 0.2        |
|    entropy_loss         | 2.55       |
|    explained_variance   | 0.970634   |
|    learning_rate        | 0.0003     |
|    loss                 | 0.0842     |
|    n_updates            | 12630      |
|    policy_gradient_loss | -0.0249    |
|    std                  | 0.212      |
|    value_loss           | 0.604      |
----------------------------------------
---------------------------------------
| rollout/                |           |
|    ep_len_mean          | 424       |
|    ep_rew_mean          | 104       |
| time/                   |           |
|    fps                  | 1322      |
|    iterations           | 532       |
|    time_elapsed         | 824       |
|    total_timesteps      | 2590720   |
| train/                  |           |
|    approx_kl            | 0.2622483 |
|    clip_fraction        | 0.699     |
|    clip_range           | 0.2       |
|    entropy_loss         | 2.56      |
|    explained_variance   | 0.9435978 |
|    learning_rate        | 0.0003    |
|    loss                 | 0.309     |
|    n_updates            | 12640     |
|    policy_gradient_loss | -0.0347   |
|    std                  | 0.211     |
|    value_loss           | 1.67      |
---------------------------------------
----------------------------------------
| rollout/                |            |
|    ep_len_mean          | 428        |
|    ep_rew_mean          | 105        |
| time/                   |            |
|    fps                  | 1322       |
|    iterations           | 533        |
|    time_elapsed         | 825        |
|    total_timesteps      | 2592768    |
| train/                  |            |
|    approx_kl            | 0.35844886 |
|    clip_fraction        | 0.736      |
|    clip_range           | 0.2        |
|    entropy_loss         | 2.56       |
|    explained_variance   | 0.9794515  |
|    learning_rate        | 0.0003     |
|    loss                 | 0.134      |
|    n_updates            | 12650      |
|    policy_gradient_loss | -0.0369    |
|    std                  | 0.212      |
|    value_loss           | 0.695      |
----------------------------------------
----------------------------------------
| rollout/                |            |
|    ep_len_mean          | 424        |
|    ep_rew_mean          | 104        |
| time/                   |            |
|    fps                  | 1322       |
|    iterations           | 534        |
|    time_elapsed         | 827        |
|    total_timesteps      | 2594816    |
| train/                  |            |
|    approx_kl            | 0.31016326 |
|    clip_fraction        | 0.701      |
|    clip_range           | 0.2        |
|    entropy_loss         | 2.53       |
|    explained_variance   | 0.95985323 |
|    learning_rate        | 0.0003     |
|    loss                 | 0.126      |
|    n_updates            | 12660      |
|    policy_gradient_loss | -0.0329    |
|    std                  | 0.212      |
|    value_loss           | 0.931      |
----------------------------------------
----------------------------------------
| rollout/                |            |
|    ep_len_mean          | 428        |
|    ep_rew_mean          | 105        |
| time/                   |            |
|    fps                  | 1322       |
|    iterations           | 535        |
|    time_elapsed         | 828        |
|    total_timesteps      | 2596864    |
| train/                  |            |
|    approx_kl            | 0.36777186 |
|    clip_fraction        | 0.728      |
|    clip_range           | 0.2        |
|    entropy_loss         | 2.54       |
|    explained_variance   | 0.9665472  |
|    learning_rate        | 0.0003     |
|    loss                 | 0.0375     |
|    n_updates            | 12670      |
|    policy_gradient_loss | -0.0397    |
|    std                  | 0.212      |
|    value_loss           | 1.02       |
----------------------------------------
----------------------------------------
| rollout/                |            |
|    ep_len_mean          | 426        |
|    ep_rew_mean          | 105        |
| time/                   |            |
|    fps                  | 1322       |
|    iterations           | 536        |
|    time_elapsed         | 830        |
|    total_timesteps      | 2598912    |
| train/                  |            |
|    approx_kl            | 0.69766486 |
|    clip_fraction        | 0.77       |
|    clip_range           | 0.2        |
|    entropy_loss         | 2.56       |
|    explained_variance   | 0.976871   |
|    learning_rate        | 0.0003     |
|    loss                 | 0.0433     |
|    n_updates            | 12680      |
|    policy_gradient_loss | -0.0355    |
|    std                  | 0.211      |
|    value_loss           | 0.432      |
----------------------------------------
----------------------------------------
| rollout/                |            |
|    ep_len_mean          | 428        |
|    ep_rew_mean          | 106        |
| time/                   |            |
|    fps                  | 1321       |
|    iterations           | 537        |
|    time_elapsed         | 831        |
|    total_timesteps      | 2600960    |
| train/                  |            |
|    approx_kl            | 0.32926908 |
|    clip_fraction        | 0.708      |
|    clip_range           | 0.2        |
|    entropy_loss         | 2.59       |
|    explained_variance   | 0.979925   |
|    learning_rate        | 0.0003     |
|    loss                 | 0.018      |
|    n_updates            | 12690      |
|    policy_gradient_loss | -0.0323    |
|    std                  | 0.211      |
|    value_loss           | 0.478      |
----------------------------------------
----------------------------------------
| rollout/                |            |
|    ep_len_mean          | 431        |
|    ep_rew_mean          | 107        |
| time/                   |            |
|    fps                  | 1322       |
|    iterations           | 538        |
|    time_elapsed         | 833        |
|    total_timesteps      | 2603008    |
| train/                  |            |
|    approx_kl            | 0.34477264 |
|    clip_fraction        | 0.719      |
|    clip_range           | 0.2        |
|    entropy_loss         | 2.63       |
|    explained_variance   | 0.963914   |
|    learning_rate        | 0.0003     |
|    loss                 | 0.141      |
|    n_updates            | 12700      |
|    policy_gradient_loss | -0.0297    |
|    std                  | 0.21       |
|    value_loss           | 0.699      |
----------------------------------------
----------------------------------------
| rollout/                |            |
|    ep_len_mean          | 436        |
|    ep_rew_mean          | 108        |
| time/                   |            |
|    fps                  | 1322       |
|    iterations           | 539        |
|    time_elapsed         | 834        |
|    total_timesteps      | 2605056    |
| train/                  |            |
|    approx_kl            | 0.33129796 |
|    clip_fraction        | 0.731      |
|    clip_range           | 0.2        |
|    entropy_loss         | 2.65       |
|    explained_variance   | 0.9724869  |
|    learning_rate        | 0.0003     |
|    loss                 | 0.313      |
|    n_updates            | 12710      |
|    policy_gradient_loss | -0.0362    |
|    std                  | 0.21       |
|    value_loss           | 1.06       |
----------------------------------------
----------------------------------------
| rollout/                |            |
|    ep_len_mean          | 436        |
|    ep_rew_mean          | 108        |
| time/                   |            |
|    fps                  | 1322       |
|    iterations           | 540        |
|    time_elapsed         | 836        |
|    total_timesteps      | 2607104    |
| train/                  |            |
|    approx_kl            | 0.33248734 |
|    clip_fraction        | 0.736      |
|    clip_range           | 0.2        |
|    entropy_loss         | 2.63       |
|    explained_variance   | 0.97758776 |
|    learning_rate        | 0.0003     |
|    loss                 | 0.103      |
|    n_updates            | 12720      |
|    policy_gradient_loss | -0.0327    |
|    std                  | 0.21       |
|    value_loss           | 0.583      |
----------------------------------------
----------------------------------------
| rollout/                |            |
|    ep_len_mean          | 438        |
|    ep_rew_mean          | 109        |
| time/                   |            |
|    fps                  | 1322       |
|    iterations           | 541        |
|    time_elapsed         | 837        |
|    total_timesteps      | 2609152    |
| train/                  |            |
|    approx_kl            | 0.31307718 |
|    clip_fraction        | 0.72       |
|    clip_range           | 0.2        |
|    entropy_loss         | 2.63       |
|    explained_variance   | 0.96547645 |
|    learning_rate        | 0.0003     |
|    loss                 | 0.114      |
|    n_updates            | 12730      |
|    policy_gradient_loss | -0.0326    |
|    std                  | 0.21       |
|    value_loss           | 1          |
----------------------------------------
---------------------------------------
| rollout/                |           |
|    ep_len_mean          | 438       |
|    ep_rew_mean          | 108       |
| time/                   |           |
|    fps                  | 1322      |
|    iterations           | 542       |
|    time_elapsed         | 839       |
|    total_timesteps      | 2611200   |
| train/                  |           |
|    approx_kl            | 0.3298659 |
|    clip_fraction        | 0.711     |
|    clip_range           | 0.2       |
|    entropy_loss         | 2.66      |
|    explained_variance   | 0.9645425 |
|    learning_rate        | 0.0003    |
|    loss                 | 0.343     |
|    n_updates            | 12740     |
|    policy_gradient_loss | -0.0361   |
|    std                  | 0.21      |
|    value_loss           | 1.02      |
---------------------------------------
----------------------------------------
| rollout/                |            |
|    ep_len_mean          | 437        |
|    ep_rew_mean          | 107        |
| time/                   |            |
|    fps                  | 1322       |
|    iterations           | 543        |
|    time_elapsed         | 840        |
|    total_timesteps      | 2613248    |
| train/                  |            |
|    approx_kl            | 0.30104285 |
|    clip_fraction        | 0.69       |
|    clip_range           | 0.2        |
|    entropy_loss         | 2.65       |
|    explained_variance   | 0.9409622  |
|    learning_rate        | 0.0003     |
|    loss                 | 0.165      |
|    n_updates            | 12750      |
|    policy_gradient_loss | -0.0372    |
|    std                  | 0.21       |
|    value_loss           | 1.26       |
----------------------------------------
----------------------------------------
| rollout/                |            |
|    ep_len_mean          | 430        |
|    ep_rew_mean          | 105        |
| time/                   |            |
|    fps                  | 1322       |
|    iterations           | 544        |
|    time_elapsed         | 842        |
|    total_timesteps      | 2615296    |
| train/                  |            |
|    approx_kl            | 0.34198162 |
|    clip_fraction        | 0.722      |
|    clip_range           | 0.2        |
|    entropy_loss         | 2.66       |
|    explained_variance   | 0.956373   |
|    learning_rate        | 0.0003     |
|    loss                 | 0.0759     |
|    n_updates            | 12760      |
|    policy_gradient_loss | -0.0378    |
|    std                  | 0.21       |
|    value_loss           | 1.05       |
----------------------------------------
----------------------------------------
| rollout/                |            |
|    ep_len_mean          | 432        |
|    ep_rew_mean          | 106        |
| time/                   |            |
|    fps                  | 1322       |
|    iterations           | 545        |
|    time_elapsed         | 843        |
|    total_timesteps      | 2617344    |
| train/                  |            |
|    approx_kl            | 0.48051822 |
|    clip_fraction        | 0.745      |
|    clip_range           | 0.2        |
|    entropy_loss         | 2.68       |
|    explained_variance   | 0.987111   |
|    learning_rate        | 0.0003     |
|    loss                 | 0.22       |
|    n_updates            | 12770      |
|    policy_gradient_loss | -0.0274    |
|    std                  | 0.209      |
|    value_loss           | 0.514      |
----------------------------------------
---------------------------------------
| rollout/                |           |
|    ep_len_mean          | 421       |
|    ep_rew_mean          | 104       |
| time/                   |           |
|    fps                  | 1322      |
|    iterations           | 546       |
|    time_elapsed         | 845       |
|    total_timesteps      | 2619392   |
| train/                  |           |
|    approx_kl            | 0.6083987 |
|    clip_fraction        | 0.762     |
|    clip_range           | 0.2       |
|    entropy_loss         | 2.7       |
|    explained_variance   | 0.9711449 |
|    learning_rate        | 0.0003    |
|    loss                 | 0.0345    |
|    n_updates            | 12780     |
|    policy_gradient_loss | -0.0286   |
|    std                  | 0.21      |
|    value_loss           | 0.502     |
---------------------------------------
----------------------------------------
| rollout/                |            |
|    ep_len_mean          | 425        |
|    ep_rew_mean          | 105        |
| time/                   |            |
|    fps                  | 1322       |
|    iterations           | 547        |
|    time_elapsed         | 846        |
|    total_timesteps      | 2621440    |
| train/                  |            |
|    approx_kl            | 0.34047294 |
|    clip_fraction        | 0.734      |
|    clip_range           | 0.2        |
|    entropy_loss         | 2.68       |
|    explained_variance   | 0.9882603  |
|    learning_rate        | 0.0003     |
|    loss                 | 0.0628     |
|    n_updates            | 12790      |
|    policy_gradient_loss | -0.0348    |
|    std                  | 0.21       |
|    value_loss           | 0.546      |
----------------------------------------
----------------------------------------
| rollout/                |            |
|    ep_len_mean          | 430        |
|    ep_rew_mean          | 106        |
| time/                   |            |
|    fps                  | 1322       |
|    iterations           | 548        |
|    time_elapsed         | 848        |
|    total_timesteps      | 2623488    |
| train/                  |            |
|    approx_kl            | 0.31689948 |
|    clip_fraction        | 0.716      |
|    clip_range           | 0.2        |
|    entropy_loss         | 2.68       |
|    explained_variance   | 0.9529173  |
|    learning_rate        | 0.0003     |
|    loss                 | 0.0996     |
|    n_updates            | 12800      |
|    policy_gradient_loss | -0.0425    |
|    std                  | 0.21       |
|    value_loss           | 0.777      |
----------------------------------------
----------------------------------------
| rollout/                |            |
|    ep_len_mean          | 429        |
|    ep_rew_mean          | 105        |
| time/                   |            |
|    fps                  | 1322       |
|    iterations           | 549        |
|    time_elapsed         | 849        |
|    total_timesteps      | 2625536    |
| train/                  |            |
|    approx_kl            | 0.32860315 |
|    clip_fraction        | 0.714      |
|    clip_range           | 0.2        |
|    entropy_loss         | 2.67       |
|    explained_variance   | 0.96611744 |
|    learning_rate        | 0.0003     |
|    loss                 | 0.257      |
|    n_updates            | 12810      |
|    policy_gradient_loss | -0.0306    |
|    std                  | 0.21       |
|    value_loss           | 0.996      |
----------------------------------------
----------------------------------------
| rollout/                |            |
|    ep_len_mean          | 424        |
|    ep_rew_mean          | 104        |
| time/                   |            |
|    fps                  | 1322       |
|    iterations           | 550        |
|    time_elapsed         | 851        |
|    total_timesteps      | 2627584    |
| train/                  |            |
|    approx_kl            | 0.26181224 |
|    clip_fraction        | 0.688      |
|    clip_range           | 0.2        |
|    entropy_loss         | 2.69       |
|    explained_variance   | 0.9476549  |
|    learning_rate        | 0.0003     |
|    loss                 | -0.0156    |
|    n_updates            | 12820      |
|    policy_gradient_loss | -0.0348    |
|    std                  | 0.21       |
|    value_loss           | 0.835      |
----------------------------------------
---------------------------------------
| rollout/                |           |
|    ep_len_mean          | 419       |
|    ep_rew_mean          | 102       |
| time/                   |           |
|    fps                  | 1323      |
|    iterations           | 551       |
|    time_elapsed         | 852       |
|    total_timesteps      | 2629632   |
| train/                  |           |
|    approx_kl            | 0.3273336 |
|    clip_fraction        | 0.7       |
|    clip_range           | 0.2       |
|    entropy_loss         | 2.72      |
|    explained_variance   | 0.972114  |
|    learning_rate        | 0.0003    |
|    loss                 | 0.114     |
|    n_updates            | 12830     |
|    policy_gradient_loss | -0.0319   |
|    std                  | 0.21      |
|    value_loss           | 0.946     |
---------------------------------------
----------------------------------------
| rollout/                |            |
|    ep_len_mean          | 415        |
|    ep_rew_mean          | 101        |
| time/                   |            |
|    fps                  | 1323       |
|    iterations           | 552        |
|    time_elapsed         | 854        |
|    total_timesteps      | 2631680    |
| train/                  |            |
|    approx_kl            | 0.31828132 |
|    clip_fraction        | 0.706      |
|    clip_range           | 0.2        |
|    entropy_loss         | 2.73       |
|    explained_variance   | 0.9756904  |
|    learning_rate        | 0.0003     |
|    loss                 | 0.135      |
|    n_updates            | 12840      |
|    policy_gradient_loss | -0.0394    |
|    std                  | 0.209      |
|    value_loss           | 0.735      |
----------------------------------------
----------------------------------------
| rollout/                |            |
|    ep_len_mean          | 406        |
|    ep_rew_mean          | 99.1       |
| time/                   |            |
|    fps                  | 1323       |
|    iterations           | 553        |
|    time_elapsed         | 855        |
|    total_timesteps      | 2633728    |
| train/                  |            |
|    approx_kl            | 0.43574467 |
|    clip_fraction        | 0.749      |
|    clip_range           | 0.2        |
|    entropy_loss         | 2.76       |
|    explained_variance   | 0.95077544 |
|    learning_rate        | 0.0003     |
|    loss                 | 0.174      |
|    n_updates            | 12850      |
|    policy_gradient_loss | -0.0416    |
|    std                  | 0.209      |
|    value_loss           | 1.19       |
----------------------------------------
----------------------------------------
| rollout/                |            |
|    ep_len_mean          | 407        |
|    ep_rew_mean          | 98.8       |
| time/                   |            |
|    fps                  | 1323       |
|    iterations           | 554        |
|    time_elapsed         | 857        |
|    total_timesteps      | 2635776    |
| train/                  |            |
|    approx_kl            | 0.4406019  |
|    clip_fraction        | 0.773      |
|    clip_range           | 0.2        |
|    entropy_loss         | 2.79       |
|    explained_variance   | 0.98341596 |
|    learning_rate        | 0.0003     |
|    loss                 | 0.0666     |
|    n_updates            | 12860      |
|    policy_gradient_loss | -0.0334    |
|    std                  | 0.209      |
|    value_loss           | 0.425      |
----------------------------------------
----------------------------------------
| rollout/                |            |
|    ep_len_mean          | 402        |
|    ep_rew_mean          | 96.5       |
| time/                   |            |
|    fps                  | 1323       |
|    iterations           | 555        |
|    time_elapsed         | 858        |
|    total_timesteps      | 2637824    |
| train/                  |            |
|    approx_kl            | 0.33772114 |
|    clip_fraction        | 0.732      |
|    clip_range           | 0.2        |
|    entropy_loss         | 2.77       |
|    explained_variance   | 0.9751679  |
|    learning_rate        | 0.0003     |
|    loss                 | 0.084      |
|    n_updates            | 12870      |
|    policy_gradient_loss | -0.0319    |
|    std                  | 0.209      |
|    value_loss           | 0.694      |
----------------------------------------
----------------------------------------
| rollout/                |            |
|    ep_len_mean          | 403        |
|    ep_rew_mean          | 96.5       |
| time/                   |            |
|    fps                  | 1323       |
|    iterations           | 556        |
|    time_elapsed         | 860        |
|    total_timesteps      | 2639872    |
| train/                  |            |
|    approx_kl            | 0.33308208 |
|    clip_fraction        | 0.709      |
|    clip_range           | 0.2        |
|    entropy_loss         | 2.76       |
|    explained_variance   | 0.96690774 |
|    learning_rate        | 0.0003     |
|    loss                 | 0.219      |
|    n_updates            | 12880      |
|    policy_gradient_loss | -0.0383    |
|    std                  | 0.209      |
|    value_loss           | 0.777      |
----------------------------------------
----------------------------------------
| rollout/                |            |
|    ep_len_mean          | 391        |
|    ep_rew_mean          | 92.4       |
| time/                   |            |
|    fps                  | 1323       |
|    iterations           | 557        |
|    time_elapsed         | 861        |
|    total_timesteps      | 2641920    |
| train/                  |            |
|    approx_kl            | 0.41544726 |
|    clip_fraction        | 0.737      |
|    clip_range           | 0.2        |
|    entropy_loss         | 2.75       |
|    explained_variance   | 0.9699044  |
|    learning_rate        | 0.0003     |
|    loss                 | 0.162      |
|    n_updates            | 12890      |
|    policy_gradient_loss | -0.0433    |
|    std                  | 0.209      |
|    value_loss           | 1.05       |
----------------------------------------
----------------------------------------
| rollout/                |            |
|    ep_len_mean          | 390        |
|    ep_rew_mean          | 92.3       |
| time/                   |            |
|    fps                  | 1323       |
|    iterations           | 558        |
|    time_elapsed         | 863        |
|    total_timesteps      | 2643968    |
| train/                  |            |
|    approx_kl            | 0.30374628 |
|    clip_fraction        | 0.711      |
|    clip_range           | 0.2        |
|    entropy_loss         | 2.76       |
|    explained_variance   | 0.9798744  |
|    learning_rate        | 0.0003     |
|    loss                 | 0.182      |
|    n_updates            | 12900      |
|    policy_gradient_loss | -0.0342    |
|    std                  | 0.209      |
|    value_loss           | 0.769      |
----------------------------------------
---------------------------------------
| rollout/                |           |
|    ep_len_mean          | 388       |
|    ep_rew_mean          | 91.4      |
| time/                   |           |
|    fps                  | 1323      |
|    iterations           | 559       |
|    time_elapsed         | 864       |
|    total_timesteps      | 2646016   |
| train/                  |           |
|    approx_kl            | 0.3794398 |
|    clip_fraction        | 0.726     |
|    clip_range           | 0.2       |
|    entropy_loss         | 2.81      |
|    explained_variance   | 0.959549  |
|    learning_rate        | 0.0003    |
|    loss                 | 0.21      |
|    n_updates            | 12910     |
|    policy_gradient_loss | -0.0415   |
|    std                  | 0.208     |
|    value_loss           | 1.08      |
---------------------------------------
----------------------------------------
| rollout/                |            |
|    ep_len_mean          | 394        |
|    ep_rew_mean          | 93.6       |
| time/                   |            |
|    fps                  | 1323       |
|    iterations           | 560        |
|    time_elapsed         | 866        |
|    total_timesteps      | 2648064    |
| train/                  |            |
|    approx_kl            | 0.35189173 |
|    clip_fraction        | 0.732      |
|    clip_range           | 0.2        |
|    entropy_loss         | 2.84       |
|    explained_variance   | 0.9573018  |
|    learning_rate        | 0.0003     |
|    loss                 | 0.132      |
|    n_updates            | 12920      |
|    policy_gradient_loss | -0.0408    |
|    std                  | 0.208      |
|    value_loss           | 1.02       |
----------------------------------------
----------------------------------------
| rollout/                |            |
|    ep_len_mean          | 394        |
|    ep_rew_mean          | 93.8       |
| time/                   |            |
|    fps                  | 1323       |
|    iterations           | 561        |
|    time_elapsed         | 867        |
|    total_timesteps      | 2650112    |
| train/                  |            |
|    approx_kl            | 0.43698093 |
|    clip_fraction        | 0.742      |
|    clip_range           | 0.2        |
|    entropy_loss         | 2.86       |
|    explained_variance   | 0.97361845 |
|    learning_rate        | 0.0003     |
|    loss                 | 0.0684     |
|    n_updates            | 12930      |
|    policy_gradient_loss | -0.0294    |
|    std                  | 0.208      |
|    value_loss           | 0.696      |
----------------------------------------
---------------------------------------
| rollout/                |           |
|    ep_len_mean          | 394       |
|    ep_rew_mean          | 94        |
| time/                   |           |
|    fps                  | 1323      |
|    iterations           | 562       |
|    time_elapsed         | 869       |
|    total_timesteps      | 2652160   |
| train/                  |           |
|    approx_kl            | 0.2868293 |
|    clip_fraction        | 0.703     |
|    clip_range           | 0.2       |
|    entropy_loss         | 2.9       |
|    explained_variance   | 0.9723769 |
|    learning_rate        | 0.0003    |
|    loss                 | 0.132     |
|    n_updates            | 12940     |
|    policy_gradient_loss | -0.0411   |
|    std                  | 0.207     |
|    value_loss           | 0.676     |
---------------------------------------
----------------------------------------
| rollout/                |            |
|    ep_len_mean          | 395        |
|    ep_rew_mean          | 93.8       |
| time/                   |            |
|    fps                  | 1324       |
|    iterations           | 563        |
|    time_elapsed         | 870        |
|    total_timesteps      | 2654208    |
| train/                  |            |
|    approx_kl            | 0.34019262 |
|    clip_fraction        | 0.723      |
|    clip_range           | 0.2        |
|    entropy_loss         | 2.92       |
|    explained_variance   | 0.9684308  |
|    learning_rate        | 0.0003     |
|    loss                 | 0.0313     |
|    n_updates            | 12950      |
|    policy_gradient_loss | -0.0322    |
|    std                  | 0.207      |
|    value_loss           | 0.872      |
----------------------------------------
----------------------------------------
| rollout/                |            |
|    ep_len_mean          | 390        |
|    ep_rew_mean          | 92.1       |
| time/                   |            |
|    fps                  | 1324       |
|    iterations           | 564        |
|    time_elapsed         | 872        |
|    total_timesteps      | 2656256    |
| train/                  |            |
|    approx_kl            | 0.40159386 |
|    clip_fraction        | 0.714      |
|    clip_range           | 0.2        |
|    entropy_loss         | 2.89       |
|    explained_variance   | 0.97444665 |
|    learning_rate        | 0.0003     |
|    loss                 | 0.119      |
|    n_updates            | 12960      |
|    policy_gradient_loss | -0.041     |
|    std                  | 0.207      |
|    value_loss           | 0.742      |
----------------------------------------
----------------------------------------
| rollout/                |            |
|    ep_len_mean          | 391        |
|    ep_rew_mean          | 92.3       |
| time/                   |            |
|    fps                  | 1324       |
|    iterations           | 565        |
|    time_elapsed         | 873        |
|    total_timesteps      | 2658304    |
| train/                  |            |
|    approx_kl            | 0.35667047 |
|    clip_fraction        | 0.741      |
|    clip_range           | 0.2        |
|    entropy_loss         | 2.89       |
|    explained_variance   | 0.98028314 |
|    learning_rate        | 0.0003     |
|    loss                 | 0.112      |
|    n_updates            | 12970      |
|    policy_gradient_loss | -0.0316    |
|    std                  | 0.207      |
|    value_loss           | 0.673      |
----------------------------------------
----------------------------------------
| rollout/                |            |
|    ep_len_mean          | 383        |
|    ep_rew_mean          | 90.7       |
| time/                   |            |
|    fps                  | 1324       |
|    iterations           | 566        |
|    time_elapsed         | 875        |
|    total_timesteps      | 2660352    |
| train/                  |            |
|    approx_kl            | 0.3502448  |
|    clip_fraction        | 0.722      |
|    clip_range           | 0.2        |
|    entropy_loss         | 2.91       |
|    explained_variance   | 0.97833794 |
|    learning_rate        | 0.0003     |
|    loss                 | 0.0364     |
|    n_updates            | 12980      |
|    policy_gradient_loss | -0.0359    |
|    std                  | 0.207      |
|    value_loss           | 0.697      |
----------------------------------------
----------------------------------------
| rollout/                |            |
|    ep_len_mean          | 378        |
|    ep_rew_mean          | 88.7       |
| time/                   |            |
|    fps                  | 1324       |
|    iterations           | 567        |
|    time_elapsed         | 876        |
|    total_timesteps      | 2662400    |
| train/                  |            |
|    approx_kl            | 0.4741783  |
|    clip_fraction        | 0.745      |
|    clip_range           | 0.2        |
|    entropy_loss         | 2.94       |
|    explained_variance   | 0.98429954 |
|    learning_rate        | 0.0003     |
|    loss                 | 0.0562     |
|    n_updates            | 12990      |
|    policy_gradient_loss | -0.0357    |
|    std                  | 0.206      |
|    value_loss           | 0.607      |
----------------------------------------
----------------------------------------
| rollout/                |            |
|    ep_len_mean          | 379        |
|    ep_rew_mean          | 90.1       |
| time/                   |            |
|    fps                  | 1324       |
|    iterations           | 568        |
|    time_elapsed         | 878        |
|    total_timesteps      | 2664448    |
| train/                  |            |
|    approx_kl            | 0.33199447 |
|    clip_fraction        | 0.725      |
|    clip_range           | 0.2        |
|    entropy_loss         | 2.97       |
|    explained_variance   | 0.97299975 |
|    learning_rate        | 0.0003     |
|    loss                 | 0.106      |
|    n_updates            | 13000      |
|    policy_gradient_loss | -0.0373    |
|    std                  | 0.206      |
|    value_loss           | 0.74       |
----------------------------------------
----------------------------------------
| rollout/                |            |
|    ep_len_mean          | 386        |
|    ep_rew_mean          | 91.6       |
| time/                   |            |
|    fps                  | 1324       |
|    iterations           | 569        |
|    time_elapsed         | 879        |
|    total_timesteps      | 2666496    |
| train/                  |            |
|    approx_kl            | 0.47879574 |
|    clip_fraction        | 0.757      |
|    clip_range           | 0.2        |
|    entropy_loss         | 2.94       |
|    explained_variance   | 0.97888255 |
|    learning_rate        | 0.0003     |
|    loss                 | 0.207      |
|    n_updates            | 13010      |
|    policy_gradient_loss | -0.0293    |
|    std                  | 0.207      |
|    value_loss           | 0.719      |
----------------------------------------
----------------------------------------
| rollout/                |            |
|    ep_len_mean          | 382        |
|    ep_rew_mean          | 91.2       |
| time/                   |            |
|    fps                  | 1324       |
|    iterations           | 570        |
|    time_elapsed         | 881        |
|    total_timesteps      | 2668544    |
| train/                  |            |
|    approx_kl            | 0.37554136 |
|    clip_fraction        | 0.739      |
|    clip_range           | 0.2        |
|    entropy_loss         | 2.94       |
|    explained_variance   | 0.96360767 |
|    learning_rate        | 0.0003     |
|    loss                 | 0.114      |
|    n_updates            | 13020      |
|    policy_gradient_loss | -0.0404    |
|    std                  | 0.206      |
|    value_loss           | 0.773      |
----------------------------------------
----------------------------------------
| rollout/                |            |
|    ep_len_mean          | 385        |
|    ep_rew_mean          | 91.3       |
| time/                   |            |
|    fps                  | 1324       |
|    iterations           | 571        |
|    time_elapsed         | 882        |
|    total_timesteps      | 2670592    |
| train/                  |            |
|    approx_kl            | 0.35250783 |
|    clip_fraction        | 0.722      |
|    clip_range           | 0.2        |
|    entropy_loss         | 2.96       |
|    explained_variance   | 0.98096323 |
|    learning_rate        | 0.0003     |
|    loss                 | 0.125      |
|    n_updates            | 13030      |
|    policy_gradient_loss | -0.0304    |
|    std                  | 0.206      |
|    value_loss           | 0.542      |
----------------------------------------
----------------------------------------
| rollout/                |            |
|    ep_len_mean          | 387        |
|    ep_rew_mean          | 91.7       |
| time/                   |            |
|    fps                  | 1325       |
|    iterations           | 572        |
|    time_elapsed         | 884        |
|    total_timesteps      | 2672640    |
| train/                  |            |
|    approx_kl            | 0.33302367 |
|    clip_fraction        | 0.728      |
|    clip_range           | 0.2        |
|    entropy_loss         | 2.98       |
|    explained_variance   | 0.97423315 |
|    learning_rate        | 0.0003     |
|    loss                 | 0.191      |
|    n_updates            | 13040      |
|    policy_gradient_loss | -0.0307    |
|    std                  | 0.206      |
|    value_loss           | 0.644      |
----------------------------------------
----------------------------------------
| rollout/                |            |
|    ep_len_mean          | 381        |
|    ep_rew_mean          | 91         |
| time/                   |            |
|    fps                  | 1325       |
|    iterations           | 573        |
|    time_elapsed         | 885        |
|    total_timesteps      | 2674688    |
| train/                  |            |
|    approx_kl            | 0.34896934 |
|    clip_fraction        | 0.712      |
|    clip_range           | 0.2        |
|    entropy_loss         | 3          |
|    explained_variance   | 0.96678406 |
|    learning_rate        | 0.0003     |
|    loss                 | 0.13       |
|    n_updates            | 13050      |
|    policy_gradient_loss | -0.0366    |
|    std                  | 0.206      |
|    value_loss           | 0.94       |
----------------------------------------
---------------------------------------
| rollout/                |           |
|    ep_len_mean          | 377       |
|    ep_rew_mean          | 90.5      |
| time/                   |           |
|    fps                  | 1325      |
|    iterations           | 574       |
|    time_elapsed         | 887       |
|    total_timesteps      | 2676736   |
| train/                  |           |
|    approx_kl            | 0.3569349 |
|    clip_fraction        | 0.722     |
|    clip_range           | 0.2       |
|    entropy_loss         | 3.02      |
|    explained_variance   | 0.975398  |
|    learning_rate        | 0.0003    |
|    loss                 | 0.0289    |
|    n_updates            | 13060     |
|    policy_gradient_loss | -0.0347   |
|    std                  | 0.205     |
|    value_loss           | 0.833     |
---------------------------------------
----------------------------------------
| rollout/                |            |
|    ep_len_mean          | 382        |
|    ep_rew_mean          | 92         |
| time/                   |            |
|    fps                  | 1325       |
|    iterations           | 575        |
|    time_elapsed         | 888        |
|    total_timesteps      | 2678784    |
| train/                  |            |
|    approx_kl            | 0.31309777 |
|    clip_fraction        | 0.718      |
|    clip_range           | 0.2        |
|    entropy_loss         | 3          |
|    explained_variance   | 0.9687901  |
|    learning_rate        | 0.0003     |
|    loss                 | 0.204      |
|    n_updates            | 13070      |
|    policy_gradient_loss | -0.039     |
|    std                  | 0.206      |
|    value_loss           | 1.08       |
----------------------------------------
---------------------------------------
| rollout/                |           |
|    ep_len_mean          | 382       |
|    ep_rew_mean          | 92.1      |
| time/                   |           |
|    fps                  | 1325      |
|    iterations           | 576       |
|    time_elapsed         | 890       |
|    total_timesteps      | 2680832   |
| train/                  |           |
|    approx_kl            | 0.3847847 |
|    clip_fraction        | 0.75      |
|    clip_range           | 0.2       |
|    entropy_loss         | 3         |
|    explained_variance   | 0.9717853 |
|    learning_rate        | 0.0003    |
|    loss                 | 0.0899    |
|    n_updates            | 13080     |
|    policy_gradient_loss | -0.0363   |
|    std                  | 0.206     |
|    value_loss           | 0.81      |
---------------------------------------
----------------------------------------
| rollout/                |            |
|    ep_len_mean          | 379        |
|    ep_rew_mean          | 91.9       |
| time/                   |            |
|    fps                  | 1325       |
|    iterations           | 577        |
|    time_elapsed         | 891        |
|    total_timesteps      | 2682880    |
| train/                  |            |
|    approx_kl            | 0.26775777 |
|    clip_fraction        | 0.685      |
|    clip_range           | 0.2        |
|    entropy_loss         | 3.01       |
|    explained_variance   | 0.95793635 |
|    learning_rate        | 0.0003     |
|    loss                 | 0.496      |
|    n_updates            | 13090      |
|    policy_gradient_loss | -0.0383    |
|    std                  | 0.206      |
|    value_loss           | 1.41       |
----------------------------------------
----------------------------------------
| rollout/                |            |
|    ep_len_mean          | 366        |
|    ep_rew_mean          | 87.8       |
| time/                   |            |
|    fps                  | 1325       |
|    iterations           | 578        |
|    time_elapsed         | 892        |
|    total_timesteps      | 2684928    |
| train/                  |            |
|    approx_kl            | 0.44401717 |
|    clip_fraction        | 0.717      |
|    clip_range           | 0.2        |
|    entropy_loss         | 3.01       |
|    explained_variance   | 0.9817232  |
|    learning_rate        | 0.0003     |
|    loss                 | 0.259      |
|    n_updates            | 13100      |
|    policy_gradient_loss | -0.0358    |
|    std                  | 0.206      |
|    value_loss           | 0.72       |
----------------------------------------
----------------------------------------
| rollout/                |            |
|    ep_len_mean          | 366        |
|    ep_rew_mean          | 88.1       |
| time/                   |            |
|    fps                  | 1325       |
|    iterations           | 579        |
|    time_elapsed         | 894        |
|    total_timesteps      | 2686976    |
| train/                  |            |
|    approx_kl            | 0.31072682 |
|    clip_fraction        | 0.709      |
|    clip_range           | 0.2        |
|    entropy_loss         | 3.02       |
|    explained_variance   | 0.96792614 |
|    learning_rate        | 0.0003     |
|    loss                 | 0.0781     |
|    n_updates            | 13110      |
|    policy_gradient_loss | -0.0335    |
|    std                  | 0.205      |
|    value_loss           | 0.821      |
----------------------------------------
---------------------------------------
| rollout/                |           |
|    ep_len_mean          | 366       |
|    ep_rew_mean          | 88.1      |
| time/                   |           |
|    fps                  | 1325      |
|    iterations           | 580       |
|    time_elapsed         | 896       |
|    total_timesteps      | 2689024   |
| train/                  |           |
|    approx_kl            | 0.4810591 |
|    clip_fraction        | 0.769     |
|    clip_range           | 0.2       |
|    entropy_loss         | 3.03      |
|    explained_variance   | 0.9738415 |
|    learning_rate        | 0.0003    |
|    loss                 | 0.0753    |
|    n_updates            | 13120     |
|    policy_gradient_loss | -0.032    |
|    std                  | 0.205     |
|    value_loss           | 0.763     |
---------------------------------------
----------------------------------------
| rollout/                |            |
|    ep_len_mean          | 366        |
|    ep_rew_mean          | 88.8       |
| time/                   |            |
|    fps                  | 1325       |
|    iterations           | 581        |
|    time_elapsed         | 897        |
|    total_timesteps      | 2691072    |
| train/                  |            |
|    approx_kl            | 0.35234827 |
|    clip_fraction        | 0.733      |
|    clip_range           | 0.2        |
|    entropy_loss         | 3.02       |
|    explained_variance   | 0.9509174  |
|    learning_rate        | 0.0003     |
|    loss                 | 0.189      |
|    n_updates            | 13130      |
|    policy_gradient_loss | -0.037     |
|    std                  | 0.205      |
|    value_loss           | 1.3        |
----------------------------------------
----------------------------------------
| rollout/                |            |
|    ep_len_mean          | 374        |
|    ep_rew_mean          | 90.7       |
| time/                   |            |
|    fps                  | 1325       |
|    iterations           | 582        |
|    time_elapsed         | 899        |
|    total_timesteps      | 2693120    |
| train/                  |            |
|    approx_kl            | 0.37036157 |
|    clip_fraction        | 0.743      |
|    clip_range           | 0.2        |
|    entropy_loss         | 3          |
|    explained_variance   | 0.97967714 |
|    learning_rate        | 0.0003     |
|    loss                 | 0.146      |
|    n_updates            | 13140      |
|    policy_gradient_loss | -0.0317    |
|    std                  | 0.206      |
|    value_loss           | 0.77       |
----------------------------------------
----------------------------------------
| rollout/                |            |
|    ep_len_mean          | 376        |
|    ep_rew_mean          | 91.1       |
| time/                   |            |
|    fps                  | 1325       |
|    iterations           | 583        |
|    time_elapsed         | 900        |
|    total_timesteps      | 2695168    |
| train/                  |            |
|    approx_kl            | 0.371305   |
|    clip_fraction        | 0.749      |
|    clip_range           | 0.2        |
|    entropy_loss         | 2.98       |
|    explained_variance   | 0.95207477 |
|    learning_rate        | 0.0003     |
|    loss                 | 0.359      |
|    n_updates            | 13150      |
|    policy_gradient_loss | -0.0297    |
|    std                  | 0.206      |
|    value_loss           | 1.28       |
----------------------------------------
----------------------------------------
| rollout/                |            |
|    ep_len_mean          | 375        |
|    ep_rew_mean          | 90.8       |
| time/                   |            |
|    fps                  | 1325       |
|    iterations           | 584        |
|    time_elapsed         | 902        |
|    total_timesteps      | 2697216    |
| train/                  |            |
|    approx_kl            | 0.37111688 |
|    clip_fraction        | 0.728      |
|    clip_range           | 0.2        |
|    entropy_loss         | 2.97       |
|    explained_variance   | 0.9659556  |
|    learning_rate        | 0.0003     |
|    loss                 | 0.0733     |
|    n_updates            | 13160      |
|    policy_gradient_loss | -0.0424    |
|    std                  | 0.206      |
|    value_loss           | 1.01       |
----------------------------------------
----------------------------------------
| rollout/                |            |
|    ep_len_mean          | 382        |
|    ep_rew_mean          | 92.6       |
| time/                   |            |
|    fps                  | 1326       |
|    iterations           | 585        |
|    time_elapsed         | 903        |
|    total_timesteps      | 2699264    |
| train/                  |            |
|    approx_kl            | 0.36955258 |
|    clip_fraction        | 0.722      |
|    clip_range           | 0.2        |
|    entropy_loss         | 2.93       |
|    explained_variance   | 0.96537197 |
|    learning_rate        | 0.0003     |
|    loss                 | 0.0997     |
|    n_updates            | 13170      |
|    policy_gradient_loss | -0.0345    |
|    std                  | 0.207      |
|    value_loss           | 0.901      |
----------------------------------------
----------------------------------------
| rollout/                |            |
|    ep_len_mean          | 379        |
|    ep_rew_mean          | 92.1       |
| time/                   |            |
|    fps                  | 1326       |
|    iterations           | 586        |
|    time_elapsed         | 904        |
|    total_timesteps      | 2701312    |
| train/                  |            |
|    approx_kl            | 0.4542055  |
|    clip_fraction        | 0.756      |
|    clip_range           | 0.2        |
|    entropy_loss         | 2.94       |
|    explained_variance   | 0.94817346 |
|    learning_rate        | 0.0003     |
|    loss                 | 0.0652     |
|    n_updates            | 13180      |
|    policy_gradient_loss | -0.0342    |
|    std                  | 0.206      |
|    value_loss           | 0.887      |
----------------------------------------
---------------------------------------
| rollout/                |           |
|    ep_len_mean          | 381       |
|    ep_rew_mean          | 92.5      |
| time/                   |           |
|    fps                  | 1326      |
|    iterations           | 587       |
|    time_elapsed         | 906       |
|    total_timesteps      | 2703360   |
| train/                  |           |
|    approx_kl            | 0.4382434 |
|    clip_fraction        | 0.76      |
|    clip_range           | 0.2       |
|    entropy_loss         | 2.98      |
|    explained_variance   | 0.984212  |
|    learning_rate        | 0.0003    |
|    loss                 | 0.0782    |
|    n_updates            | 13190     |
|    policy_gradient_loss | -0.0261   |
|    std                  | 0.205     |
|    value_loss           | 0.463     |
---------------------------------------
----------------------------------------
| rollout/                |            |
|    ep_len_mean          | 376        |
|    ep_rew_mean          | 91.6       |
| time/                   |            |
|    fps                  | 1326       |
|    iterations           | 588        |
|    time_elapsed         | 907        |
|    total_timesteps      | 2705408    |
| train/                  |            |
|    approx_kl            | 0.32125768 |
|    clip_fraction        | 0.722      |
|    clip_range           | 0.2        |
|    entropy_loss         | 3.01       |
|    explained_variance   | 0.93092364 |
|    learning_rate        | 0.0003     |
|    loss                 | 0.121      |
|    n_updates            | 13200      |
|    policy_gradient_loss | -0.0343    |
|    std                  | 0.205      |
|    value_loss           | 1.1        |
----------------------------------------
----------------------------------------
| rollout/                |            |
|    ep_len_mean          | 381        |
|    ep_rew_mean          | 93         |
| time/                   |            |
|    fps                  | 1326       |
|    iterations           | 589        |
|    time_elapsed         | 909        |
|    total_timesteps      | 2707456    |
| train/                  |            |
|    approx_kl            | 0.34413198 |
|    clip_fraction        | 0.72       |
|    clip_range           | 0.2        |
|    entropy_loss         | 3.02       |
|    explained_variance   | 0.97259676 |
|    learning_rate        | 0.0003     |
|    loss                 | 0.022      |
|    n_updates            | 13210      |
|    policy_gradient_loss | -0.0339    |
|    std                  | 0.205      |
|    value_loss           | 0.72       |
----------------------------------------
----------------------------------------
| rollout/                |            |
|    ep_len_mean          | 378        |
|    ep_rew_mean          | 92.7       |
| time/                   |            |
|    fps                  | 1326       |
|    iterations           | 590        |
|    time_elapsed         | 910        |
|    total_timesteps      | 2709504    |
| train/                  |            |
|    approx_kl            | 0.38671345 |
|    clip_fraction        | 0.723      |
|    clip_range           | 0.2        |
|    entropy_loss         | 3.06       |
|    explained_variance   | 0.95171255 |
|    learning_rate        | 0.0003     |
|    loss                 | 0.226      |
|    n_updates            | 13220      |
|    policy_gradient_loss | -0.0425    |
|    std                  | 0.204      |
|    value_loss           | 1.11       |
----------------------------------------
----------------------------------------
| rollout/                |            |
|    ep_len_mean          | 381        |
|    ep_rew_mean          | 94         |
| time/                   |            |
|    fps                  | 1326       |
|    iterations           | 591        |
|    time_elapsed         | 912        |
|    total_timesteps      | 2711552    |
| train/                  |            |
|    approx_kl            | 0.35664767 |
|    clip_fraction        | 0.735      |
|    clip_range           | 0.2        |
|    entropy_loss         | 3.08       |
|    explained_variance   | 0.9754466  |
|    learning_rate        | 0.0003     |
|    loss                 | 0.0886     |
|    n_updates            | 13230      |
|    policy_gradient_loss | -0.0226    |
|    std                  | 0.204      |
|    value_loss           | 0.894      |
----------------------------------------
---------------------------------------
| rollout/                |           |
|    ep_len_mean          | 383       |
|    ep_rew_mean          | 94.4      |
| time/                   |           |
|    fps                  | 1326      |
|    iterations           | 592       |
|    time_elapsed         | 913       |
|    total_timesteps      | 2713600   |
| train/                  |           |
|    approx_kl            | 0.4356197 |
|    clip_fraction        | 0.764     |
|    clip_range           | 0.2       |
|    entropy_loss         | 3.07      |
|    explained_variance   | 0.9862388 |
|    learning_rate        | 0.0003    |
|    loss                 | 0.107     |
|    n_updates            | 13240     |
|    policy_gradient_loss | -0.0306   |
|    std                  | 0.204     |
|    value_loss           | 0.476     |
---------------------------------------
----------------------------------------
| rollout/                |            |
|    ep_len_mean          | 377        |
|    ep_rew_mean          | 93.3       |
| time/                   |            |
|    fps                  | 1326       |
|    iterations           | 593        |
|    time_elapsed         | 915        |
|    total_timesteps      | 2715648    |
| train/                  |            |
|    approx_kl            | 0.36289388 |
|    clip_fraction        | 0.735      |
|    clip_range           | 0.2        |
|    entropy_loss         | 3.05       |
|    explained_variance   | 0.97539496 |
|    learning_rate        | 0.0003     |
|    loss                 | 0.0477     |
|    n_updates            | 13250      |
|    policy_gradient_loss | -0.0334    |
|    std                  | 0.204      |
|    value_loss           | 0.643      |
----------------------------------------
---------------------------------------
| rollout/                |           |
|    ep_len_mean          | 373       |
|    ep_rew_mean          | 92.8      |
| time/                   |           |
|    fps                  | 1327      |
|    iterations           | 594       |
|    time_elapsed         | 916       |
|    total_timesteps      | 2717696   |
| train/                  |           |
|    approx_kl            | 0.3652544 |
|    clip_fraction        | 0.731     |
|    clip_range           | 0.2       |
|    entropy_loss         | 3.06      |
|    explained_variance   | 0.964172  |
|    learning_rate        | 0.0003    |
|    loss                 | 0.183     |
|    n_updates            | 13260     |
|    policy_gradient_loss | -0.0348   |
|    std                  | 0.204     |
|    value_loss           | 1.13      |
---------------------------------------
----------------------------------------
| rollout/                |            |
|    ep_len_mean          | 378        |
|    ep_rew_mean          | 94.1       |
| time/                   |            |
|    fps                  | 1326       |
|    iterations           | 595        |
|    time_elapsed         | 918        |
|    total_timesteps      | 2719744    |
| train/                  |            |
|    approx_kl            | 0.35167694 |
|    clip_fraction        | 0.708      |
|    clip_range           | 0.2        |
|    entropy_loss         | 3.12       |
|    explained_variance   | 0.9749814  |
|    learning_rate        | 0.0003     |
|    loss                 | 0.0752     |
|    n_updates            | 13270      |
|    policy_gradient_loss | -0.0423    |
|    std                  | 0.203      |
|    value_loss           | 0.651      |
----------------------------------------
----------------------------------------
| rollout/                |            |
|    ep_len_mean          | 384        |
|    ep_rew_mean          | 95.7       |
| time/                   |            |
|    fps                  | 1327       |
|    iterations           | 596        |
|    time_elapsed         | 919        |
|    total_timesteps      | 2721792    |
| train/                  |            |
|    approx_kl            | 0.3171028  |
|    clip_fraction        | 0.731      |
|    clip_range           | 0.2        |
|    entropy_loss         | 3.15       |
|    explained_variance   | 0.96587116 |
|    learning_rate        | 0.0003     |
|    loss                 | 0.0862     |
|    n_updates            | 13280      |
|    policy_gradient_loss | -0.0322    |
|    std                  | 0.203      |
|    value_loss           | 0.782      |
----------------------------------------
----------------------------------------
| rollout/                |            |
|    ep_len_mean          | 388        |
|    ep_rew_mean          | 97.6       |
| time/                   |            |
|    fps                  | 1327       |
|    iterations           | 597        |
|    time_elapsed         | 921        |
|    total_timesteps      | 2723840    |
| train/                  |            |
|    approx_kl            | 0.3284334  |
|    clip_fraction        | 0.719      |
|    clip_range           | 0.2        |
|    entropy_loss         | 3.18       |
|    explained_variance   | 0.92749995 |
|    learning_rate        | 0.0003     |
|    loss                 | 0.474      |
|    n_updates            | 13290      |
|    policy_gradient_loss | -0.0328    |
|    std                  | 0.202      |
|    value_loss           | 2.12       |
----------------------------------------
----------------------------------------
| rollout/                |            |
|    ep_len_mean          | 388        |
|    ep_rew_mean          | 98.3       |
| time/                   |            |
|    fps                  | 1327       |
|    iterations           | 598        |
|    time_elapsed         | 922        |
|    total_timesteps      | 2725888    |
| train/                  |            |
|    approx_kl            | 0.49460232 |
|    clip_fraction        | 0.743      |
|    clip_range           | 0.2        |
|    entropy_loss         | 3.25       |
|    explained_variance   | 0.95382655 |
|    learning_rate        | 0.0003     |
|    loss                 | 0.184      |
|    n_updates            | 13300      |
|    policy_gradient_loss | -0.0335    |
|    std                  | 0.202      |
|    value_loss           | 1.19       |
----------------------------------------
----------------------------------------
| rollout/                |            |
|    ep_len_mean          | 389        |
|    ep_rew_mean          | 98.7       |
| time/                   |            |
|    fps                  | 1327       |
|    iterations           | 599        |
|    time_elapsed         | 924        |
|    total_timesteps      | 2727936    |
| train/                  |            |
|    approx_kl            | 0.46285158 |
|    clip_fraction        | 0.744      |
|    clip_range           | 0.2        |
|    entropy_loss         | 3.26       |
|    explained_variance   | 0.960427   |
|    learning_rate        | 0.0003     |
|    loss                 | 0.108      |
|    n_updates            | 13310      |
|    policy_gradient_loss | -0.0348    |
|    std                  | 0.202      |
|    value_loss           | 1.01       |
----------------------------------------
----------------------------------------
| rollout/                |            |
|    ep_len_mean          | 393        |
|    ep_rew_mean          | 99.7       |
| time/                   |            |
|    fps                  | 1327       |
|    iterations           | 600        |
|    time_elapsed         | 925        |
|    total_timesteps      | 2729984    |
| train/                  |            |
|    approx_kl            | 0.32136542 |
|    clip_fraction        | 0.705      |
|    clip_range           | 0.2        |
|    entropy_loss         | 3.28       |
|    explained_variance   | 0.9437849  |
|    learning_rate        | 0.0003     |
|    loss                 | 0.349      |
|    n_updates            | 13320      |
|    policy_gradient_loss | -0.0385    |
|    std                  | 0.201      |
|    value_loss           | 1.95       |
----------------------------------------
----------------------------------------
| rollout/                |            |
|    ep_len_mean          | 389        |
|    ep_rew_mean          | 98.6       |
| time/                   |            |
|    fps                  | 1327       |
|    iterations           | 601        |
|    time_elapsed         | 927        |
|    total_timesteps      | 2732032    |
| train/                  |            |
|    approx_kl            | 0.35159814 |
|    clip_fraction        | 0.704      |
|    clip_range           | 0.2        |
|    entropy_loss         | 3.31       |
|    explained_variance   | 0.94302094 |
|    learning_rate        | 0.0003     |
|    loss                 | 0.353      |
|    n_updates            | 13330      |
|    policy_gradient_loss | -0.0441    |
|    std                  | 0.201      |
|    value_loss           | 1.82       |
----------------------------------------
----------------------------------------
| rollout/                |            |
|    ep_len_mean          | 386        |
|    ep_rew_mean          | 97.6       |
| time/                   |            |
|    fps                  | 1327       |
|    iterations           | 602        |
|    time_elapsed         | 928        |
|    total_timesteps      | 2734080    |
| train/                  |            |
|    approx_kl            | 0.40701658 |
|    clip_fraction        | 0.718      |
|    clip_range           | 0.2        |
|    entropy_loss         | 3.36       |
|    explained_variance   | 0.965141   |
|    learning_rate        | 0.0003     |
|    loss                 | 0.202      |
|    n_updates            | 13340      |
|    policy_gradient_loss | -0.0391    |
|    std                  | 0.2        |
|    value_loss           | 1.22       |
----------------------------------------
----------------------------------------
| rollout/                |            |
|    ep_len_mean          | 388        |
|    ep_rew_mean          | 98.4       |
| time/                   |            |
|    fps                  | 1327       |
|    iterations           | 603        |
|    time_elapsed         | 930        |
|    total_timesteps      | 2736128    |
| train/                  |            |
|    approx_kl            | 0.35519832 |
|    clip_fraction        | 0.718      |
|    clip_range           | 0.2        |
|    entropy_loss         | 3.34       |
|    explained_variance   | 0.968637   |
|    learning_rate        | 0.0003     |
|    loss                 | 0.208      |
|    n_updates            | 13350      |
|    policy_gradient_loss | -0.0326    |
|    std                  | 0.201      |
|    value_loss           | 1.15       |
----------------------------------------
----------------------------------------
| rollout/                |            |
|    ep_len_mean          | 384        |
|    ep_rew_mean          | 96.9       |
| time/                   |            |
|    fps                  | 1328       |
|    iterations           | 604        |
|    time_elapsed         | 931        |
|    total_timesteps      | 2738176    |
| train/                  |            |
|    approx_kl            | 0.4393633  |
|    clip_fraction        | 0.759      |
|    clip_range           | 0.2        |
|    entropy_loss         | 3.35       |
|    explained_variance   | 0.98103535 |
|    learning_rate        | 0.0003     |
|    loss                 | 0.0322     |
|    n_updates            | 13360      |
|    policy_gradient_loss | -0.0288    |
|    std                  | 0.201      |
|    value_loss           | 0.636      |
----------------------------------------
----------------------------------------
| rollout/                |            |
|    ep_len_mean          | 383        |
|    ep_rew_mean          | 96.1       |
| time/                   |            |
|    fps                  | 1328       |
|    iterations           | 605        |
|    time_elapsed         | 932        |
|    total_timesteps      | 2740224    |
| train/                  |            |
|    approx_kl            | 0.38415316 |
|    clip_fraction        | 0.73       |
|    clip_range           | 0.2        |
|    entropy_loss         | 3.38       |
|    explained_variance   | 0.97258633 |
|    learning_rate        | 0.0003     |
|    loss                 | 0.0163     |
|    n_updates            | 13370      |
|    policy_gradient_loss | -0.0334    |
|    std                  | 0.2        |
|    value_loss           | 0.732      |
----------------------------------------
----------------------------------------
| rollout/                |            |
|    ep_len_mean          | 384        |
|    ep_rew_mean          | 96.2       |
| time/                   |            |
|    fps                  | 1328       |
|    iterations           | 606        |
|    time_elapsed         | 934        |
|    total_timesteps      | 2742272    |
| train/                  |            |
|    approx_kl            | 0.28312385 |
|    clip_fraction        | 0.697      |
|    clip_range           | 0.2        |
|    entropy_loss         | 3.37       |
|    explained_variance   | 0.957584   |
|    learning_rate        | 0.0003     |
|    loss                 | 0.293      |
|    n_updates            | 13380      |
|    policy_gradient_loss | -0.0395    |
|    std                  | 0.201      |
|    value_loss           | 1.4        |
----------------------------------------
----------------------------------------
| rollout/                |            |
|    ep_len_mean          | 389        |
|    ep_rew_mean          | 97.5       |
| time/                   |            |
|    fps                  | 1328       |
|    iterations           | 607        |
|    time_elapsed         | 935        |
|    total_timesteps      | 2744320    |
| train/                  |            |
|    approx_kl            | 0.60604715 |
|    clip_fraction        | 0.731      |
|    clip_range           | 0.2        |
|    entropy_loss         | 3.39       |
|    explained_variance   | 0.95687443 |
|    learning_rate        | 0.0003     |
|    loss                 | 0.496      |
|    n_updates            | 13390      |
|    policy_gradient_loss | -0.0362    |
|    std                  | 0.2        |
|    value_loss           | 1.31       |
----------------------------------------
----------------------------------------
| rollout/                |            |
|    ep_len_mean          | 385        |
|    ep_rew_mean          | 96.5       |
| time/                   |            |
|    fps                  | 1328       |
|    iterations           | 608        |
|    time_elapsed         | 937        |
|    total_timesteps      | 2746368    |
| train/                  |            |
|    approx_kl            | 0.41479224 |
|    clip_fraction        | 0.751      |
|    clip_range           | 0.2        |
|    entropy_loss         | 3.4        |
|    explained_variance   | 0.9445258  |
|    learning_rate        | 0.0003     |
|    loss                 | 0.15       |
|    n_updates            | 13400      |
|    policy_gradient_loss | -0.0339    |
|    std                  | 0.2        |
|    value_loss           | 1.67       |
----------------------------------------
----------------------------------------
| rollout/                |            |
|    ep_len_mean          | 386        |
|    ep_rew_mean          | 96.4       |
| time/                   |            |
|    fps                  | 1328       |
|    iterations           | 609        |
|    time_elapsed         | 938        |
|    total_timesteps      | 2748416    |
| train/                  |            |
|    approx_kl            | 0.42858577 |
|    clip_fraction        | 0.754      |
|    clip_range           | 0.2        |
|    entropy_loss         | 3.42       |
|    explained_variance   | 0.967513   |
|    learning_rate        | 0.0003     |
|    loss                 | 0.0884     |
|    n_updates            | 13410      |
|    policy_gradient_loss | -0.0323    |
|    std                  | 0.199      |
|    value_loss           | 0.899      |
----------------------------------------
---------------------------------------
| rollout/                |           |
|    ep_len_mean          | 385       |
|    ep_rew_mean          | 95.7      |
| time/                   |           |
|    fps                  | 1328      |
|    iterations           | 610       |
|    time_elapsed         | 940       |
|    total_timesteps      | 2750464   |
| train/                  |           |
|    approx_kl            | 0.4036682 |
|    clip_fraction        | 0.725     |
|    clip_range           | 0.2       |
|    entropy_loss         | 3.44      |
|    explained_variance   | 0.9787651 |
|    learning_rate        | 0.0003    |
|    loss                 | 0.159     |
|    n_updates            | 13420     |
|    policy_gradient_loss | -0.0358   |
|    std                  | 0.199     |
|    value_loss           | 0.78      |
---------------------------------------
----------------------------------------
| rollout/                |            |
|    ep_len_mean          | 385        |
|    ep_rew_mean          | 94.8       |
| time/                   |            |
|    fps                  | 1328       |
|    iterations           | 611        |
|    time_elapsed         | 941        |
|    total_timesteps      | 2752512    |
| train/                  |            |
|    approx_kl            | 0.33530235 |
|    clip_fraction        | 0.718      |
|    clip_range           | 0.2        |
|    entropy_loss         | 3.43       |
|    explained_variance   | 0.9583083  |
|    learning_rate        | 0.0003     |
|    loss                 | 0.169      |
|    n_updates            | 13430      |
|    policy_gradient_loss | -0.0263    |
|    std                  | 0.2        |
|    value_loss           | 1.33       |
----------------------------------------
---------------------------------------
| rollout/                |           |
|    ep_len_mean          | 384       |
|    ep_rew_mean          | 94.2      |
| time/                   |           |
|    fps                  | 1328      |
|    iterations           | 612       |
|    time_elapsed         | 943       |
|    total_timesteps      | 2754560   |
| train/                  |           |
|    approx_kl            | 0.3618619 |
|    clip_fraction        | 0.709     |
|    clip_range           | 0.2       |
|    entropy_loss         | 3.44      |
|    explained_variance   | 0.962002  |
|    learning_rate        | 0.0003    |
|    loss                 | 0.0893    |
|    n_updates            | 13440     |
|    policy_gradient_loss | -0.0335   |
|    std                  | 0.199     |
|    value_loss           | 1.18      |
---------------------------------------
----------------------------------------
| rollout/                |            |
|    ep_len_mean          | 388        |
|    ep_rew_mean          | 95.1       |
| time/                   |            |
|    fps                  | 1328       |
|    iterations           | 613        |
|    time_elapsed         | 944        |
|    total_timesteps      | 2756608    |
| train/                  |            |
|    approx_kl            | 0.39601797 |
|    clip_fraction        | 0.749      |
|    clip_range           | 0.2        |
|    entropy_loss         | 3.45       |
|    explained_variance   | 0.95268214 |
|    learning_rate        | 0.0003     |
|    loss                 | 0.262      |
|    n_updates            | 13450      |
|    policy_gradient_loss | -0.0312    |
|    std                  | 0.199      |
|    value_loss           | 1.19       |
----------------------------------------
---------------------------------------
| rollout/                |           |
|    ep_len_mean          | 386       |
|    ep_rew_mean          | 95        |
| time/                   |           |
|    fps                  | 1329      |
|    iterations           | 614       |
|    time_elapsed         | 946       |
|    total_timesteps      | 2758656   |
| train/                  |           |
|    approx_kl            | 0.3593576 |
|    clip_fraction        | 0.715     |
|    clip_range           | 0.2       |
|    entropy_loss         | 3.45      |
|    explained_variance   | 0.9656718 |
|    learning_rate        | 0.0003    |
|    loss                 | 0.236     |
|    n_updates            | 13460     |
|    policy_gradient_loss | -0.0342   |
|    std                  | 0.199     |
|    value_loss           | 1.27      |
---------------------------------------
----------------------------------------
| rollout/                |            |
|    ep_len_mean          | 384        |
|    ep_rew_mean          | 93.8       |
| time/                   |            |
|    fps                  | 1329       |
|    iterations           | 615        |
|    time_elapsed         | 947        |
|    total_timesteps      | 2760704    |
| train/                  |            |
|    approx_kl            | 0.40262312 |
|    clip_fraction        | 0.759      |
|    clip_range           | 0.2        |
|    entropy_loss         | 3.45       |
|    explained_variance   | 0.97979075 |
|    learning_rate        | 0.0003     |
|    loss                 | 0.0768     |
|    n_updates            | 13470      |
|    policy_gradient_loss | -0.0327    |
|    std                  | 0.199      |
|    value_loss           | 0.793      |
----------------------------------------
----------------------------------------
| rollout/                |            |
|    ep_len_mean          | 383        |
|    ep_rew_mean          | 93.1       |
| time/                   |            |
|    fps                  | 1329       |
|    iterations           | 616        |
|    time_elapsed         | 949        |
|    total_timesteps      | 2762752    |
| train/                  |            |
|    approx_kl            | 0.41108888 |
|    clip_fraction        | 0.741      |
|    clip_range           | 0.2        |
|    entropy_loss         | 3.45       |
|    explained_variance   | 0.9707352  |
|    learning_rate        | 0.0003     |
|    loss                 | 0.239      |
|    n_updates            | 13480      |
|    policy_gradient_loss | -0.0322    |
|    std                  | 0.199      |
|    value_loss           | 0.909      |
----------------------------------------
----------------------------------------
| rollout/                |            |
|    ep_len_mean          | 379        |
|    ep_rew_mean          | 92.7       |
| time/                   |            |
|    fps                  | 1329       |
|    iterations           | 617        |
|    time_elapsed         | 950        |
|    total_timesteps      | 2764800    |
| train/                  |            |
|    approx_kl            | 0.39035016 |
|    clip_fraction        | 0.707      |
|    clip_range           | 0.2        |
|    entropy_loss         | 3.44       |
|    explained_variance   | 0.94105977 |
|    learning_rate        | 0.0003     |
|    loss                 | 0.617      |
|    n_updates            | 13490      |
|    policy_gradient_loss | -0.0377    |
|    std                  | 0.199      |
|    value_loss           | 1.83       |
----------------------------------------
----------------------------------------
| rollout/                |            |
|    ep_len_mean          | 373        |
|    ep_rew_mean          | 90.6       |
| time/                   |            |
|    fps                  | 1329       |
|    iterations           | 618        |
|    time_elapsed         | 951        |
|    total_timesteps      | 2766848    |
| train/                  |            |
|    approx_kl            | 0.5051168  |
|    clip_fraction        | 0.744      |
|    clip_range           | 0.2        |
|    entropy_loss         | 3.45       |
|    explained_variance   | 0.96515274 |
|    learning_rate        | 0.0003     |
|    loss                 | 0.23       |
|    n_updates            | 13500      |
|    policy_gradient_loss | -0.0331    |
|    std                  | 0.198      |
|    value_loss           | 1.18       |
----------------------------------------
----------------------------------------
| rollout/                |            |
|    ep_len_mean          | 371        |
|    ep_rew_mean          | 90.2       |
| time/                   |            |
|    fps                  | 1329       |
|    iterations           | 619        |
|    time_elapsed         | 953        |
|    total_timesteps      | 2768896    |
| train/                  |            |
|    approx_kl            | 0.35389018 |
|    clip_fraction        | 0.707      |
|    clip_range           | 0.2        |
|    entropy_loss         | 3.49       |
|    explained_variance   | 0.96595496 |
|    learning_rate        | 0.0003     |
|    loss                 | 0.194      |
|    n_updates            | 13510      |
|    policy_gradient_loss | -0.0365    |
|    std                  | 0.198      |
|    value_loss           | 1.11       |
----------------------------------------
----------------------------------------
| rollout/                |            |
|    ep_len_mean          | 370        |
|    ep_rew_mean          | 89.9       |
| time/                   |            |
|    fps                  | 1329       |
|    iterations           | 620        |
|    time_elapsed         | 954        |
|    total_timesteps      | 2770944    |
| train/                  |            |
|    approx_kl            | 0.50853634 |
|    clip_fraction        | 0.757      |
|    clip_range           | 0.2        |
|    entropy_loss         | 3.49       |
|    explained_variance   | 0.98209816 |
|    learning_rate        | 0.0003     |
|    loss                 | 0.124      |
|    n_updates            | 13520      |
|    policy_gradient_loss | -0.0266    |
|    std                  | 0.198      |
|    value_loss           | 0.635      |
----------------------------------------
----------------------------------------
| rollout/                |            |
|    ep_len_mean          | 366        |
|    ep_rew_mean          | 89.1       |
| time/                   |            |
|    fps                  | 1329       |
|    iterations           | 621        |
|    time_elapsed         | 956        |
|    total_timesteps      | 2772992    |
| train/                  |            |
|    approx_kl            | 0.34132892 |
|    clip_fraction        | 0.704      |
|    clip_range           | 0.2        |
|    entropy_loss         | 3.49       |
|    explained_variance   | 0.9674297  |
|    learning_rate        | 0.0003     |
|    loss                 | 0.0812     |
|    n_updates            | 13530      |
|    policy_gradient_loss | -0.0375    |
|    std                  | 0.198      |
|    value_loss           | 1.04       |
----------------------------------------
----------------------------------------
| rollout/                |            |
|    ep_len_mean          | 367        |
|    ep_rew_mean          | 89.6       |
| time/                   |            |
|    fps                  | 1330       |
|    iterations           | 622        |
|    time_elapsed         | 957        |
|    total_timesteps      | 2775040    |
| train/                  |            |
|    approx_kl            | 0.37392965 |
|    clip_fraction        | 0.726      |
|    clip_range           | 0.2        |
|    entropy_loss         | 3.51       |
|    explained_variance   | 0.98240894 |
|    learning_rate        | 0.0003     |
|    loss                 | 0.123      |
|    n_updates            | 13540      |
|    policy_gradient_loss | -0.0323    |
|    std                  | 0.198      |
|    value_loss           | 0.614      |
----------------------------------------
----------------------------------------
| rollout/                |            |
|    ep_len_mean          | 366        |
|    ep_rew_mean          | 89.8       |
| time/                   |            |
|    fps                  | 1330       |
|    iterations           | 623        |
|    time_elapsed         | 959        |
|    total_timesteps      | 2777088    |
| train/                  |            |
|    approx_kl            | 0.45173702 |
|    clip_fraction        | 0.754      |
|    clip_range           | 0.2        |
|    entropy_loss         | 3.55       |
|    explained_variance   | 0.9704956  |
|    learning_rate        | 0.0003     |
|    loss                 | 0.139      |
|    n_updates            | 13550      |
|    policy_gradient_loss | -0.0248    |
|    std                  | 0.196      |
|    value_loss           | 0.819      |
----------------------------------------
----------------------------------------
| rollout/                |            |
|    ep_len_mean          | 362        |
|    ep_rew_mean          | 88.8       |
| time/                   |            |
|    fps                  | 1330       |
|    iterations           | 624        |
|    time_elapsed         | 960        |
|    total_timesteps      | 2779136    |
| train/                  |            |
|    approx_kl            | 0.46100944 |
|    clip_fraction        | 0.764      |
|    clip_range           | 0.2        |
|    entropy_loss         | 3.59       |
|    explained_variance   | 0.98085994 |
|    learning_rate        | 0.0003     |
|    loss                 | 0.155      |
|    n_updates            | 13560      |
|    policy_gradient_loss | -0.0303    |
|    std                  | 0.197      |
|    value_loss           | 0.75       |
----------------------------------------
----------------------------------------
| rollout/                |            |
|    ep_len_mean          | 355        |
|    ep_rew_mean          | 86.7       |
| time/                   |            |
|    fps                  | 1330       |
|    iterations           | 625        |
|    time_elapsed         | 962        |
|    total_timesteps      | 2781184    |
| train/                  |            |
|    approx_kl            | 0.47553495 |
|    clip_fraction        | 0.762      |
|    clip_range           | 0.2        |
|    entropy_loss         | 3.57       |
|    explained_variance   | 0.96937    |
|    learning_rate        | 0.0003     |
|    loss                 | 0.0473     |
|    n_updates            | 13570      |
|    policy_gradient_loss | -0.0265    |
|    std                  | 0.197      |
|    value_loss           | 0.632      |
----------------------------------------
----------------------------------------
| rollout/                |            |
|    ep_len_mean          | 356        |
|    ep_rew_mean          | 86.9       |
| time/                   |            |
|    fps                  | 1330       |
|    iterations           | 626        |
|    time_elapsed         | 963        |
|    total_timesteps      | 2783232    |
| train/                  |            |
|    approx_kl            | 0.32985574 |
|    clip_fraction        | 0.712      |
|    clip_range           | 0.2        |
|    entropy_loss         | 3.55       |
|    explained_variance   | 0.9525456  |
|    learning_rate        | 0.0003     |
|    loss                 | 0.315      |
|    n_updates            | 13580      |
|    policy_gradient_loss | -0.0362    |
|    std                  | 0.197      |
|    value_loss           | 1.03       |
----------------------------------------
----------------------------------------
| rollout/                |            |
|    ep_len_mean          | 355        |
|    ep_rew_mean          | 87         |
| time/                   |            |
|    fps                  | 1330       |
|    iterations           | 627        |
|    time_elapsed         | 964        |
|    total_timesteps      | 2785280    |
| train/                  |            |
|    approx_kl            | 0.41453224 |
|    clip_fraction        | 0.742      |
|    clip_range           | 0.2        |
|    entropy_loss         | 3.54       |
|    explained_variance   | 0.9807628  |
|    learning_rate        | 0.0003     |
|    loss                 | 0.186      |
|    n_updates            | 13590      |
|    policy_gradient_loss | -0.0292    |
|    std                  | 0.197      |
|    value_loss           | 0.857      |
----------------------------------------
---------------------------------------
| rollout/                |           |
|    ep_len_mean          | 350       |
|    ep_rew_mean          | 85.6      |
| time/                   |           |
|    fps                  | 1330      |
|    iterations           | 628       |
|    time_elapsed         | 966       |
|    total_timesteps      | 2787328   |
| train/                  |           |
|    approx_kl            | 0.3792831 |
|    clip_fraction        | 0.751     |
|    clip_range           | 0.2       |
|    entropy_loss         | 3.56      |
|    explained_variance   | 0.9766397 |
|    learning_rate        | 0.0003    |
|    loss                 | 0.13      |
|    n_updates            | 13600     |
|    policy_gradient_loss | -0.0361   |
|    std                  | 0.197     |
|    value_loss           | 0.747     |
---------------------------------------
----------------------------------------
| rollout/                |            |
|    ep_len_mean          | 351        |
|    ep_rew_mean          | 85.8       |
| time/                   |            |
|    fps                  | 1331       |
|    iterations           | 629        |
|    time_elapsed         | 967        |
|    total_timesteps      | 2789376    |
| train/                  |            |
|    approx_kl            | 0.40711382 |
|    clip_fraction        | 0.714      |
|    clip_range           | 0.2        |
|    entropy_loss         | 3.57       |
|    explained_variance   | 0.974118   |
|    learning_rate        | 0.0003     |
|    loss                 | 0.12       |
|    n_updates            | 13610      |
|    policy_gradient_loss | -0.0356    |
|    std                  | 0.197      |
|    value_loss           | 0.638      |
----------------------------------------
----------------------------------------
| rollout/                |            |
|    ep_len_mean          | 349        |
|    ep_rew_mean          | 85.4       |
| time/                   |            |
|    fps                  | 1331       |
|    iterations           | 630        |
|    time_elapsed         | 969        |
|    total_timesteps      | 2791424    |
| train/                  |            |
|    approx_kl            | 0.34812614 |
|    clip_fraction        | 0.711      |
|    clip_range           | 0.2        |
|    entropy_loss         | 3.58       |
|    explained_variance   | 0.9568445  |
|    learning_rate        | 0.0003     |
|    loss                 | 0.114      |
|    n_updates            | 13620      |
|    policy_gradient_loss | -0.0319    |
|    std                  | 0.197      |
|    value_loss           | 1.08       |
----------------------------------------
----------------------------------------
| rollout/                |            |
|    ep_len_mean          | 356        |
|    ep_rew_mean          | 87         |
| time/                   |            |
|    fps                  | 1331       |
|    iterations           | 631        |
|    time_elapsed         | 970        |
|    total_timesteps      | 2793472    |
| train/                  |            |
|    approx_kl            | 0.47440648 |
|    clip_fraction        | 0.756      |
|    clip_range           | 0.2        |
|    entropy_loss         | 3.57       |
|    explained_variance   | 0.9609929  |
|    learning_rate        | 0.0003     |
|    loss                 | 0.0992     |
|    n_updates            | 13630      |
|    policy_gradient_loss | -0.0328    |
|    std                  | 0.197      |
|    value_loss           | 0.885      |
----------------------------------------
---------------------------------------
| rollout/                |           |
|    ep_len_mean          | 354       |
|    ep_rew_mean          | 86.6      |
| time/                   |           |
|    fps                  | 1331      |
|    iterations           | 632       |
|    time_elapsed         | 972       |
|    total_timesteps      | 2795520   |
| train/                  |           |
|    approx_kl            | 0.4698429 |
|    clip_fraction        | 0.768     |
|    clip_range           | 0.2       |
|    entropy_loss         | 3.53      |
|    explained_variance   | 0.976678  |
|    learning_rate        | 0.0003    |
|    loss                 | 0.148     |
|    n_updates            | 13640     |
|    policy_gradient_loss | -0.0284   |
|    std                  | 0.197     |
|    value_loss           | 0.578     |
---------------------------------------
----------------------------------------
| rollout/                |            |
|    ep_len_mean          | 352        |
|    ep_rew_mean          | 85.3       |
| time/                   |            |
|    fps                  | 1331       |
|    iterations           | 633        |
|    time_elapsed         | 973        |
|    total_timesteps      | 2797568    |
| train/                  |            |
|    approx_kl            | 0.36542153 |
|    clip_fraction        | 0.716      |
|    clip_range           | 0.2        |
|    entropy_loss         | 3.53       |
|    explained_variance   | 0.9783231  |
|    learning_rate        | 0.0003     |
|    loss                 | 0.12       |
|    n_updates            | 13650      |
|    policy_gradient_loss | -0.0422    |
|    std                  | 0.197      |
|    value_loss           | 0.725      |
----------------------------------------
----------------------------------------
| rollout/                |            |
|    ep_len_mean          | 354        |
|    ep_rew_mean          | 85.6       |
| time/                   |            |
|    fps                  | 1331       |
|    iterations           | 634        |
|    time_elapsed         | 975        |
|    total_timesteps      | 2799616    |
| train/                  |            |
|    approx_kl            | 0.28638113 |
|    clip_fraction        | 0.694      |
|    clip_range           | 0.2        |
|    entropy_loss         | 3.57       |
|    explained_variance   | 0.9597576  |
|    learning_rate        | 0.0003     |
|    loss                 | 0.219      |
|    n_updates            | 13660      |
|    policy_gradient_loss | -0.0454    |
|    std                  | 0.196      |
|    value_loss           | 1.57       |
----------------------------------------
----------------------------------------
| rollout/                |            |
|    ep_len_mean          | 355        |
|    ep_rew_mean          | 86.2       |
| time/                   |            |
|    fps                  | 1331       |
|    iterations           | 635        |
|    time_elapsed         | 976        |
|    total_timesteps      | 2801664    |
| train/                  |            |
|    approx_kl            | 0.31188095 |
|    clip_fraction        | 0.73       |
|    clip_range           | 0.2        |
|    entropy_loss         | 3.62       |
|    explained_variance   | 0.9737997  |
|    learning_rate        | 0.0003     |
|    loss                 | 0.265      |
|    n_updates            | 13670      |
|    policy_gradient_loss | -0.0309    |
|    std                  | 0.196      |
|    value_loss           | 1.13       |
----------------------------------------
---------------------------------------
| rollout/                |           |
|    ep_len_mean          | 356       |
|    ep_rew_mean          | 86.2      |
| time/                   |           |
|    fps                  | 1331      |
|    iterations           | 636       |
|    time_elapsed         | 978       |
|    total_timesteps      | 2803712   |
| train/                  |           |
|    approx_kl            | 0.4524952 |
|    clip_fraction        | 0.752     |
|    clip_range           | 0.2       |
|    entropy_loss         | 3.65      |
|    explained_variance   | 0.9745671 |
|    learning_rate        | 0.0003    |
|    loss                 | 0.0984    |
|    n_updates            | 13680     |
|    policy_gradient_loss | -0.0278   |
|    std                  | 0.196     |
|    value_loss           | 0.812     |
---------------------------------------
----------------------------------------
| rollout/                |            |
|    ep_len_mean          | 359        |
|    ep_rew_mean          | 86.8       |
| time/                   |            |
|    fps                  | 1331       |
|    iterations           | 637        |
|    time_elapsed         | 979        |
|    total_timesteps      | 2805760    |
| train/                  |            |
|    approx_kl            | 0.38825968 |
|    clip_fraction        | 0.752      |
|    clip_range           | 0.2        |
|    entropy_loss         | 3.65       |
|    explained_variance   | 0.97783864 |
|    learning_rate        | 0.0003     |
|    loss                 | 0.288      |
|    n_updates            | 13690      |
|    policy_gradient_loss | -0.0309    |
|    std                  | 0.196      |
|    value_loss           | 0.999      |
----------------------------------------
----------------------------------------
| rollout/                |            |
|    ep_len_mean          | 358        |
|    ep_rew_mean          | 86.3       |
| time/                   |            |
|    fps                  | 1331       |
|    iterations           | 638        |
|    time_elapsed         | 981        |
|    total_timesteps      | 2807808    |
| train/                  |            |
|    approx_kl            | 0.33818468 |
|    clip_fraction        | 0.718      |
|    clip_range           | 0.2        |
|    entropy_loss         | 3.64       |
|    explained_variance   | 0.955018   |
|    learning_rate        | 0.0003     |
|    loss                 | 0.255      |
|    n_updates            | 13700      |
|    policy_gradient_loss | -0.0344    |
|    std                  | 0.196      |
|    value_loss           | 1.4        |
----------------------------------------
----------------------------------------
| rollout/                |            |
|    ep_len_mean          | 361        |
|    ep_rew_mean          | 87.1       |
| time/                   |            |
|    fps                  | 1331       |
|    iterations           | 639        |
|    time_elapsed         | 982        |
|    total_timesteps      | 2809856    |
| train/                  |            |
|    approx_kl            | 0.4178868  |
|    clip_fraction        | 0.731      |
|    clip_range           | 0.2        |
|    entropy_loss         | 3.66       |
|    explained_variance   | 0.96188885 |
|    learning_rate        | 0.0003     |
|    loss                 | 0.156      |
|    n_updates            | 13710      |
|    policy_gradient_loss | -0.0319    |
|    std                  | 0.195      |
|    value_loss           | 0.933      |
----------------------------------------
----------------------------------------
| rollout/                |            |
|    ep_len_mean          | 361        |
|    ep_rew_mean          | 87.3       |
| time/                   |            |
|    fps                  | 1332       |
|    iterations           | 640        |
|    time_elapsed         | 983        |
|    total_timesteps      | 2811904    |
| train/                  |            |
|    approx_kl            | 0.5849721  |
|    clip_fraction        | 0.772      |
|    clip_range           | 0.2        |
|    entropy_loss         | 3.67       |
|    explained_variance   | 0.97401774 |
|    learning_rate        | 0.0003     |
|    loss                 | 0.151      |
|    n_updates            | 13720      |
|    policy_gradient_loss | -0.0298    |
|    std                  | 0.195      |
|    value_loss           | 0.788      |
----------------------------------------
----------------------------------------
| rollout/                |            |
|    ep_len_mean          | 362        |
|    ep_rew_mean          | 87.5       |
| time/                   |            |
|    fps                  | 1332       |
|    iterations           | 641        |
|    time_elapsed         | 985        |
|    total_timesteps      | 2813952    |
| train/                  |            |
|    approx_kl            | 0.50468177 |
|    clip_fraction        | 0.749      |
|    clip_range           | 0.2        |
|    entropy_loss         | 3.68       |
|    explained_variance   | 0.96620965 |
|    learning_rate        | 0.0003     |
|    loss                 | 0.105      |
|    n_updates            | 13730      |
|    policy_gradient_loss | -0.0279    |
|    std                  | 0.195      |
|    value_loss           | 1.05       |
----------------------------------------
----------------------------------------
| rollout/                |            |
|    ep_len_mean          | 361        |
|    ep_rew_mean          | 87.2       |
| time/                   |            |
|    fps                  | 1332       |
|    iterations           | 642        |
|    time_elapsed         | 986        |
|    total_timesteps      | 2816000    |
| train/                  |            |
|    approx_kl            | 0.46550703 |
|    clip_fraction        | 0.767      |
|    clip_range           | 0.2        |
|    entropy_loss         | 3.72       |
|    explained_variance   | 0.9735819  |
|    learning_rate        | 0.0003     |
|    loss                 | 0.216      |
|    n_updates            | 13740      |
|    policy_gradient_loss | -0.0279    |
|    std                  | 0.194      |
|    value_loss           | 0.884      |
----------------------------------------
----------------------------------------
| rollout/                |            |
|    ep_len_mean          | 368        |
|    ep_rew_mean          | 88.6       |
| time/                   |            |
|    fps                  | 1332       |
|    iterations           | 643        |
|    time_elapsed         | 988        |
|    total_timesteps      | 2818048    |
| train/                  |            |
|    approx_kl            | 0.36599177 |
|    clip_fraction        | 0.733      |
|    clip_range           | 0.2        |
|    entropy_loss         | 3.75       |
|    explained_variance   | 0.9656096  |
|    learning_rate        | 0.0003     |
|    loss                 | 0.24       |
|    n_updates            | 13750      |
|    policy_gradient_loss | -0.0369    |
|    std                  | 0.194      |
|    value_loss           | 1.23       |
----------------------------------------
----------------------------------------
| rollout/                |            |
|    ep_len_mean          | 368        |
|    ep_rew_mean          | 89.1       |
| time/                   |            |
|    fps                  | 1332       |
|    iterations           | 644        |
|    time_elapsed         | 989        |
|    total_timesteps      | 2820096    |
| train/                  |            |
|    approx_kl            | 0.4679026  |
|    clip_fraction        | 0.746      |
|    clip_range           | 0.2        |
|    entropy_loss         | 3.78       |
|    explained_variance   | 0.96102583 |
|    learning_rate        | 0.0003     |
|    loss                 | 0.0912     |
|    n_updates            | 13760      |
|    policy_gradient_loss | -0.0304    |
|    std                  | 0.194      |
|    value_loss           | 0.786      |
----------------------------------------
----------------------------------------
| rollout/                |            |
|    ep_len_mean          | 369        |
|    ep_rew_mean          | 88.4       |
| time/                   |            |
|    fps                  | 1332       |
|    iterations           | 645        |
|    time_elapsed         | 991        |
|    total_timesteps      | 2822144    |
| train/                  |            |
|    approx_kl            | 0.51931715 |
|    clip_fraction        | 0.746      |
|    clip_range           | 0.2        |
|    entropy_loss         | 3.78       |
|    explained_variance   | 0.9643123  |
|    learning_rate        | 0.0003     |
|    loss                 | 0.224      |
|    n_updates            | 13770      |
|    policy_gradient_loss | -0.0316    |
|    std                  | 0.194      |
|    value_loss           | 0.861      |
----------------------------------------
----------------------------------------
| rollout/                |            |
|    ep_len_mean          | 374        |
|    ep_rew_mean          | 90.1       |
| time/                   |            |
|    fps                  | 1332       |
|    iterations           | 646        |
|    time_elapsed         | 992        |
|    total_timesteps      | 2824192    |
| train/                  |            |
|    approx_kl            | 0.28139198 |
|    clip_fraction        | 0.695      |
|    clip_range           | 0.2        |
|    entropy_loss         | 3.81       |
|    explained_variance   | 0.9455883  |
|    learning_rate        | 0.0003     |
|    loss                 | 0.0521     |
|    n_updates            | 13780      |
|    policy_gradient_loss | -0.0307    |
|    std                  | 0.193      |
|    value_loss           | 1.05       |
----------------------------------------
----------------------------------------
| rollout/                |            |
|    ep_len_mean          | 377        |
|    ep_rew_mean          | 91.3       |
| time/                   |            |
|    fps                  | 1332       |
|    iterations           | 647        |
|    time_elapsed         | 994        |
|    total_timesteps      | 2826240    |
| train/                  |            |
|    approx_kl            | 0.41768417 |
|    clip_fraction        | 0.755      |
|    clip_range           | 0.2        |
|    entropy_loss         | 3.82       |
|    explained_variance   | 0.9779143  |
|    learning_rate        | 0.0003     |
|    loss                 | 0.0976     |
|    n_updates            | 13790      |
|    policy_gradient_loss | -0.0293    |
|    std                  | 0.194      |
|    value_loss           | 0.571      |
----------------------------------------
---------------------------------------
| rollout/                |           |
|    ep_len_mean          | 378       |
|    ep_rew_mean          | 90.9      |
| time/                   |           |
|    fps                  | 1332      |
|    iterations           | 648       |
|    time_elapsed         | 995       |
|    total_timesteps      | 2828288   |
| train/                  |           |
|    approx_kl            | 0.4439803 |
|    clip_fraction        | 0.746     |
|    clip_range           | 0.2       |
|    entropy_loss         | 3.84      |
|    explained_variance   | 0.9831789 |
|    learning_rate        | 0.0003    |
|    loss                 | 0.192     |
|    n_updates            | 13800     |
|    policy_gradient_loss | -0.0301   |
|    std                  | 0.193     |
|    value_loss           | 0.582     |
---------------------------------------
---------------------------------------
| rollout/                |           |
|    ep_len_mean          | 369       |
|    ep_rew_mean          | 88.8      |
| time/                   |           |
|    fps                  | 1332      |
|    iterations           | 649       |
|    time_elapsed         | 997       |
|    total_timesteps      | 2830336   |
| train/                  |           |
|    approx_kl            | 0.3813708 |
|    clip_fraction        | 0.719     |
|    clip_range           | 0.2       |
|    entropy_loss         | 3.88      |
|    explained_variance   | 0.9516503 |
|    learning_rate        | 0.0003    |
|    loss                 | 0.193     |
|    n_updates            | 13810     |
|    policy_gradient_loss | -0.0345   |
|    std                  | 0.192     |
|    value_loss           | 1.09      |
---------------------------------------
---------------------------------------
| rollout/                |           |
|    ep_len_mean          | 368       |
|    ep_rew_mean          | 88.9      |
| time/                   |           |
|    fps                  | 1332      |
|    iterations           | 650       |
|    time_elapsed         | 998       |
|    total_timesteps      | 2832384   |
| train/                  |           |
|    approx_kl            | 0.4630875 |
|    clip_fraction        | 0.746     |
|    clip_range           | 0.2       |
|    entropy_loss         | 3.89      |
|    explained_variance   | 0.9689807 |
|    learning_rate        | 0.0003    |
|    loss                 | 0.116     |
|    n_updates            | 13820     |
|    policy_gradient_loss | -0.0364   |
|    std                  | 0.193     |
|    value_loss           | 0.801     |
---------------------------------------
----------------------------------------
| rollout/                |            |
|    ep_len_mean          | 372        |
|    ep_rew_mean          | 90.4       |
| time/                   |            |
|    fps                  | 1332       |
|    iterations           | 651        |
|    time_elapsed         | 1000       |
|    total_timesteps      | 2834432    |
| train/                  |            |
|    approx_kl            | 0.45630434 |
|    clip_fraction        | 0.761      |
|    clip_range           | 0.2        |
|    entropy_loss         | 3.88       |
|    explained_variance   | 0.9696301  |
|    learning_rate        | 0.0003     |
|    loss                 | 0.113      |
|    n_updates            | 13830      |
|    policy_gradient_loss | -0.0411    |
|    std                  | 0.192      |
|    value_loss           | 0.926      |
----------------------------------------
---------------------------------------
| rollout/                |           |
|    ep_len_mean          | 374       |
|    ep_rew_mean          | 91.2      |
| time/                   |           |
|    fps                  | 1332      |
|    iterations           | 652       |
|    time_elapsed         | 1001      |
|    total_timesteps      | 2836480   |
| train/                  |           |
|    approx_kl            | 0.3775578 |
|    clip_fraction        | 0.735     |
|    clip_range           | 0.2       |
|    entropy_loss         | 3.87      |
|    explained_variance   | 0.9324611 |
|    learning_rate        | 0.0003    |
|    loss                 | 0.22      |
|    n_updates            | 13840     |
|    policy_gradient_loss | -0.0337   |
|    std                  | 0.193     |
|    value_loss           | 1.17      |
---------------------------------------
----------------------------------------
| rollout/                |            |
|    ep_len_mean          | 375        |
|    ep_rew_mean          | 91.4       |
| time/                   |            |
|    fps                  | 1333       |
|    iterations           | 653        |
|    time_elapsed         | 1003       |
|    total_timesteps      | 2838528    |
| train/                  |            |
|    approx_kl            | 0.43799496 |
|    clip_fraction        | 0.737      |
|    clip_range           | 0.2        |
|    entropy_loss         | 3.86       |
|    explained_variance   | 0.96246076 |
|    learning_rate        | 0.0003     |
|    loss                 | 0.186      |
|    n_updates            | 13850      |
|    policy_gradient_loss | -0.0333    |
|    std                  | 0.193      |
|    value_loss           | 1.11       |
----------------------------------------
----------------------------------------
| rollout/                |            |
|    ep_len_mean          | 373        |
|    ep_rew_mean          | 90.6       |
| time/                   |            |
|    fps                  | 1333       |
|    iterations           | 654        |
|    time_elapsed         | 1004       |
|    total_timesteps      | 2840576    |
| train/                  |            |
|    approx_kl            | 0.43811214 |
|    clip_fraction        | 0.744      |
|    clip_range           | 0.2        |
|    entropy_loss         | 3.85       |
|    explained_variance   | 0.9706304  |
|    learning_rate        | 0.0003     |
|    loss                 | 0.097      |
|    n_updates            | 13860      |
|    policy_gradient_loss | -0.0262    |
|    std                  | 0.193      |
|    value_loss           | 0.803      |
----------------------------------------
----------------------------------------
| rollout/                |            |
|    ep_len_mean          | 374        |
|    ep_rew_mean          | 91.3       |
| time/                   |            |
|    fps                  | 1333       |
|    iterations           | 655        |
|    time_elapsed         | 1006       |
|    total_timesteps      | 2842624    |
| train/                  |            |
|    approx_kl            | 0.383097   |
|    clip_fraction        | 0.727      |
|    clip_range           | 0.2        |
|    entropy_loss         | 3.84       |
|    explained_variance   | 0.96042037 |
|    learning_rate        | 0.0003     |
|    loss                 | 0.148      |
|    n_updates            | 13870      |
|    policy_gradient_loss | -0.0323    |
|    std                  | 0.193      |
|    value_loss           | 1.23       |
----------------------------------------
----------------------------------------
| rollout/                |            |
|    ep_len_mean          | 374        |
|    ep_rew_mean          | 91.7       |
| time/                   |            |
|    fps                  | 1333       |
|    iterations           | 656        |
|    time_elapsed         | 1007       |
|    total_timesteps      | 2844672    |
| train/                  |            |
|    approx_kl            | 0.49918616 |
|    clip_fraction        | 0.755      |
|    clip_range           | 0.2        |
|    entropy_loss         | 3.82       |
|    explained_variance   | 0.9747515  |
|    learning_rate        | 0.0003     |
|    loss                 | 0.317      |
|    n_updates            | 13880      |
|    policy_gradient_loss | -0.0308    |
|    std                  | 0.193      |
|    value_loss           | 0.987      |
----------------------------------------
----------------------------------------
| rollout/                |            |
|    ep_len_mean          | 374        |
|    ep_rew_mean          | 92.3       |
| time/                   |            |
|    fps                  | 1333       |
|    iterations           | 657        |
|    time_elapsed         | 1009       |
|    total_timesteps      | 2846720    |
| train/                  |            |
|    approx_kl            | 0.34674442 |
|    clip_fraction        | 0.695      |
|    clip_range           | 0.2        |
|    entropy_loss         | 3.85       |
|    explained_variance   | 0.95165753 |
|    learning_rate        | 0.0003     |
|    loss                 | 0.253      |
|    n_updates            | 13890      |
|    policy_gradient_loss | -0.0359    |
|    std                  | 0.193      |
|    value_loss           | 1.84       |
----------------------------------------
----------------------------------------
| rollout/                |            |
|    ep_len_mean          | 372        |
|    ep_rew_mean          | 90.9       |
| time/                   |            |
|    fps                  | 1333       |
|    iterations           | 658        |
|    time_elapsed         | 1010       |
|    total_timesteps      | 2848768    |
| train/                  |            |
|    approx_kl            | 0.43481204 |
|    clip_fraction        | 0.742      |
|    clip_range           | 0.2        |
|    entropy_loss         | 3.89       |
|    explained_variance   | 0.97730553 |
|    learning_rate        | 0.0003     |
|    loss                 | 0.191      |
|    n_updates            | 13900      |
|    policy_gradient_loss | -0.0297    |
|    std                  | 0.192      |
|    value_loss           | 1.01       |
----------------------------------------
----------------------------------------
| rollout/                |            |
|    ep_len_mean          | 364        |
|    ep_rew_mean          | 88.2       |
| time/                   |            |
|    fps                  | 1333       |
|    iterations           | 659        |
|    time_elapsed         | 1011       |
|    total_timesteps      | 2850816    |
| train/                  |            |
|    approx_kl            | 0.30240473 |
|    clip_fraction        | 0.683      |
|    clip_range           | 0.2        |
|    entropy_loss         | 3.94       |
|    explained_variance   | 0.952842   |
|    learning_rate        | 0.0003     |
|    loss                 | 0.208      |
|    n_updates            | 13910      |
|    policy_gradient_loss | -0.0333    |
|    std                  | 0.191      |
|    value_loss           | 1.56       |
----------------------------------------
---------------------------------------
| rollout/                |           |
|    ep_len_mean          | 367       |
|    ep_rew_mean          | 89        |
| time/                   |           |
|    fps                  | 1333      |
|    iterations           | 660       |
|    time_elapsed         | 1013      |
|    total_timesteps      | 2852864   |
| train/                  |           |
|    approx_kl            | 0.3412397 |
|    clip_fraction        | 0.682     |
|    clip_range           | 0.2       |
|    entropy_loss         | 3.99      |
|    explained_variance   | 0.9537501 |
|    learning_rate        | 0.0003    |
|    loss                 | 0.262     |
|    n_updates            | 13920     |
|    policy_gradient_loss | -0.0388   |
|    std                  | 0.191     |
|    value_loss           | 1.53      |
---------------------------------------
----------------------------------------
| rollout/                |            |
|    ep_len_mean          | 366        |
|    ep_rew_mean          | 88.7       |
| time/                   |            |
|    fps                  | 1333       |
|    iterations           | 661        |
|    time_elapsed         | 1014       |
|    total_timesteps      | 2854912    |
| train/                  |            |
|    approx_kl            | 0.428537   |
|    clip_fraction        | 0.722      |
|    clip_range           | 0.2        |
|    entropy_loss         | 3.99       |
|    explained_variance   | 0.94660604 |
|    learning_rate        | 0.0003     |
|    loss                 | 0.291      |
|    n_updates            | 13930      |
|    policy_gradient_loss | -0.0378    |
|    std                  | 0.192      |
|    value_loss           | 1.82       |
----------------------------------------
----------------------------------------
| rollout/                |            |
|    ep_len_mean          | 364        |
|    ep_rew_mean          | 87.6       |
| time/                   |            |
|    fps                  | 1333       |
|    iterations           | 662        |
|    time_elapsed         | 1016       |
|    total_timesteps      | 2856960    |
| train/                  |            |
|    approx_kl            | 0.5460117  |
|    clip_fraction        | 0.776      |
|    clip_range           | 0.2        |
|    entropy_loss         | 3.98       |
|    explained_variance   | 0.96002465 |
|    learning_rate        | 0.0003     |
|    loss                 | 0.119      |
|    n_updates            | 13940      |
|    policy_gradient_loss | -0.0205    |
|    std                  | 0.191      |
|    value_loss           | 0.808      |
----------------------------------------
----------------------------------------
| rollout/                |            |
|    ep_len_mean          | 359        |
|    ep_rew_mean          | 86.7       |
| time/                   |            |
|    fps                  | 1334       |
|    iterations           | 663        |
|    time_elapsed         | 1017       |
|    total_timesteps      | 2859008    |
| train/                  |            |
|    approx_kl            | 0.44522393 |
|    clip_fraction        | 0.738      |
|    clip_range           | 0.2        |
|    entropy_loss         | 4.01       |
|    explained_variance   | 0.9572354  |
|    learning_rate        | 0.0003     |
|    loss                 | 0.343      |
|    n_updates            | 13950      |
|    policy_gradient_loss | -0.0292    |
|    std                  | 0.191      |
|    value_loss           | 1.43       |
----------------------------------------
---------------------------------------
| rollout/                |           |
|    ep_len_mean          | 354       |
|    ep_rew_mean          | 85        |
| time/                   |           |
|    fps                  | 1334      |
|    iterations           | 664       |
|    time_elapsed         | 1019      |
|    total_timesteps      | 2861056   |
| train/                  |           |
|    approx_kl            | 0.415713  |
|    clip_fraction        | 0.736     |
|    clip_range           | 0.2       |
|    entropy_loss         | 4.01      |
|    explained_variance   | 0.9507703 |
|    learning_rate        | 0.0003    |
|    loss                 | 0.366     |
|    n_updates            | 13960     |
|    policy_gradient_loss | -0.0305   |
|    std                  | 0.191     |
|    value_loss           | 1.35      |
---------------------------------------
----------------------------------------
| rollout/                |            |
|    ep_len_mean          | 367        |
|    ep_rew_mean          | 87.8       |
| time/                   |            |
|    fps                  | 1333       |
|    iterations           | 665        |
|    time_elapsed         | 1020       |
|    total_timesteps      | 2863104    |
| train/                  |            |
|    approx_kl            | 0.40495735 |
|    clip_fraction        | 0.741      |
|    clip_range           | 0.2        |
|    entropy_loss         | 4          |
|    explained_variance   | 0.9391743  |
|    learning_rate        | 0.0003     |
|    loss                 | 0.259      |
|    n_updates            | 13970      |
|    policy_gradient_loss | -0.0421    |
|    std                  | 0.191      |
|    value_loss           | 2.18       |
----------------------------------------
----------------------------------------
| rollout/                |            |
|    ep_len_mean          | 367        |
|    ep_rew_mean          | 88.1       |
| time/                   |            |
|    fps                  | 1333       |
|    iterations           | 666        |
|    time_elapsed         | 1022       |
|    total_timesteps      | 2865152    |
| train/                  |            |
|    approx_kl            | 0.65894634 |
|    clip_fraction        | 0.744      |
|    clip_range           | 0.2        |
|    entropy_loss         | 4.02       |
|    explained_variance   | 0.9419779  |
|    learning_rate        | 0.0003     |
|    loss                 | 0.0871     |
|    n_updates            | 13980      |
|    policy_gradient_loss | -0.0324    |
|    std                  | 0.191      |
|    value_loss           | 1.44       |
----------------------------------------
----------------------------------------
| rollout/                |            |
|    ep_len_mean          | 366        |
|    ep_rew_mean          | 87.9       |
| time/                   |            |
|    fps                  | 1334       |
|    iterations           | 667        |
|    time_elapsed         | 1023       |
|    total_timesteps      | 2867200    |
| train/                  |            |
|    approx_kl            | 0.42474663 |
|    clip_fraction        | 0.757      |
|    clip_range           | 0.2        |
|    entropy_loss         | 4.05       |
|    explained_variance   | 0.91104674 |
|    learning_rate        | 0.0003     |
|    loss                 | 0.252      |
|    n_updates            | 13990      |
|    policy_gradient_loss | -0.0304    |
|    std                  | 0.19       |
|    value_loss           | 1.7        |
----------------------------------------
----------------------------------------
| rollout/                |            |
|    ep_len_mean          | 369        |
|    ep_rew_mean          | 88.7       |
| time/                   |            |
|    fps                  | 1334       |
|    iterations           | 668        |
|    time_elapsed         | 1025       |
|    total_timesteps      | 2869248    |
| train/                  |            |
|    approx_kl            | 0.44531244 |
|    clip_fraction        | 0.738      |
|    clip_range           | 0.2        |
|    entropy_loss         | 4.06       |
|    explained_variance   | 0.9539205  |
|    learning_rate        | 0.0003     |
|    loss                 | 0.236      |
|    n_updates            | 14000      |
|    policy_gradient_loss | -0.0392    |
|    std                  | 0.19       |
|    value_loss           | 1.46       |
----------------------------------------
---------------------------------------
| rollout/                |           |
|    ep_len_mean          | 365       |
|    ep_rew_mean          | 87.3      |
| time/                   |           |
|    fps                  | 1334      |
|    iterations           | 669       |
|    time_elapsed         | 1026      |
|    total_timesteps      | 2871296   |
| train/                  |           |
|    approx_kl            | 0.5705301 |
|    clip_fraction        | 0.768     |
|    clip_range           | 0.2       |
|    entropy_loss         | 4.08      |
|    explained_variance   | 0.9296775 |
|    learning_rate        | 0.0003    |
|    loss                 | 0.158     |
|    n_updates            | 14010     |
|    policy_gradient_loss | -0.0393   |
|    std                  | 0.19      |
|    value_loss           | 1.67      |
---------------------------------------
----------------------------------------
| rollout/                |            |
|    ep_len_mean          | 369        |
|    ep_rew_mean          | 87.7       |
| time/                   |            |
|    fps                  | 1334       |
|    iterations           | 670        |
|    time_elapsed         | 1028       |
|    total_timesteps      | 2873344    |
| train/                  |            |
|    approx_kl            | 0.40801585 |
|    clip_fraction        | 0.723      |
|    clip_range           | 0.2        |
|    entropy_loss         | 4.09       |
|    explained_variance   | 0.9454544  |
|    learning_rate        | 0.0003     |
|    loss                 | 0.181      |
|    n_updates            | 14020      |
|    policy_gradient_loss | -0.0393    |
|    std                  | 0.19       |
|    value_loss           | 1.57       |
----------------------------------------
----------------------------------------
| rollout/                |            |
|    ep_len_mean          | 364        |
|    ep_rew_mean          | 85.8       |
| time/                   |            |
|    fps                  | 1334       |
|    iterations           | 671        |
|    time_elapsed         | 1029       |
|    total_timesteps      | 2875392    |
| train/                  |            |
|    approx_kl            | 0.47721195 |
|    clip_fraction        | 0.759      |
|    clip_range           | 0.2        |
|    entropy_loss         | 4.09       |
|    explained_variance   | 0.9386187  |
|    learning_rate        | 0.0003     |
|    loss                 | 0.16       |
|    n_updates            | 14030      |
|    policy_gradient_loss | -0.0367    |
|    std                  | 0.19       |
|    value_loss           | 1.41       |
----------------------------------------
----------------------------------------
| rollout/                |            |
|    ep_len_mean          | 364        |
|    ep_rew_mean          | 86.3       |
| time/                   |            |
|    fps                  | 1334       |
|    iterations           | 672        |
|    time_elapsed         | 1031       |
|    total_timesteps      | 2877440    |
| train/                  |            |
|    approx_kl            | 0.33485925 |
|    clip_fraction        | 0.692      |
|    clip_range           | 0.2        |
|    entropy_loss         | 4.09       |
|    explained_variance   | 0.95681477 |
|    learning_rate        | 0.0003     |
|    loss                 | 0.152      |
|    n_updates            | 14040      |
|    policy_gradient_loss | -0.0357    |
|    std                  | 0.19       |
|    value_loss           | 1.52       |
----------------------------------------
---------------------------------------
| rollout/                |           |
|    ep_len_mean          | 363       |
|    ep_rew_mean          | 86.2      |
| time/                   |           |
|    fps                  | 1334      |
|    iterations           | 673       |
|    time_elapsed         | 1032      |
|    total_timesteps      | 2879488   |
| train/                  |           |
|    approx_kl            | 0.4387098 |
|    clip_fraction        | 0.769     |
|    clip_range           | 0.2       |
|    entropy_loss         | 4.08      |
|    explained_variance   | 0.9567531 |
|    learning_rate        | 0.0003    |
|    loss                 | 0.144     |
|    n_updates            | 14050     |
|    policy_gradient_loss | -0.0284   |
|    std                  | 0.19      |
|    value_loss           | 1.19      |
---------------------------------------
----------------------------------------
| rollout/                |            |
|    ep_len_mean          | 366        |
|    ep_rew_mean          | 87.1       |
| time/                   |            |
|    fps                  | 1334       |
|    iterations           | 674        |
|    time_elapsed         | 1034       |
|    total_timesteps      | 2881536    |
| train/                  |            |
|    approx_kl            | 0.47854593 |
|    clip_fraction        | 0.765      |
|    clip_range           | 0.2        |
|    entropy_loss         | 4.03       |
|    explained_variance   | 0.9836372  |
|    learning_rate        | 0.0003     |
|    loss                 | 0.11       |
|    n_updates            | 14060      |
|    policy_gradient_loss | -0.0277    |
|    std                  | 0.191      |
|    value_loss           | 0.68       |
----------------------------------------
---------------------------------------
| rollout/                |           |
|    ep_len_mean          | 366       |
|    ep_rew_mean          | 86.8      |
| time/                   |           |
|    fps                  | 1334      |
|    iterations           | 675       |
|    time_elapsed         | 1035      |
|    total_timesteps      | 2883584   |
| train/                  |           |
|    approx_kl            | 0.516463  |
|    clip_fraction        | 0.775     |
|    clip_range           | 0.2       |
|    entropy_loss         | 4.05      |
|    explained_variance   | 0.9701166 |
|    learning_rate        | 0.0003    |
|    loss                 | 0.127     |
|    n_updates            | 14070     |
|    policy_gradient_loss | -0.0274   |
|    std                  | 0.19      |
|    value_loss           | 0.917     |
---------------------------------------
---------------------------------------
| rollout/                |           |
|    ep_len_mean          | 366       |
|    ep_rew_mean          | 87.3      |
| time/                   |           |
|    fps                  | 1334      |
|    iterations           | 676       |
|    time_elapsed         | 1037      |
|    total_timesteps      | 2885632   |
| train/                  |           |
|    approx_kl            | 0.4535398 |
|    clip_fraction        | 0.744     |
|    clip_range           | 0.2       |
|    entropy_loss         | 4.05      |
|    explained_variance   | 0.9735556 |
|    learning_rate        | 0.0003    |
|    loss                 | 0.122     |
|    n_updates            | 14080     |
|    policy_gradient_loss | -0.0319   |
|    std                  | 0.19      |
|    value_loss           | 0.918     |
---------------------------------------
----------------------------------------
| rollout/                |            |
|    ep_len_mean          | 368        |
|    ep_rew_mean          | 88.1       |
| time/                   |            |
|    fps                  | 1334       |
|    iterations           | 677        |
|    time_elapsed         | 1038       |
|    total_timesteps      | 2887680    |
| train/                  |            |
|    approx_kl            | 0.34295085 |
|    clip_fraction        | 0.706      |
|    clip_range           | 0.2        |
|    entropy_loss         | 4.05       |
|    explained_variance   | 0.9446803  |
|    learning_rate        | 0.0003     |
|    loss                 | 0.0727     |
|    n_updates            | 14090      |
|    policy_gradient_loss | -0.0308    |
|    std                  | 0.19       |
|    value_loss           | 1.09       |
----------------------------------------
----------------------------------------
| rollout/                |            |
|    ep_len_mean          | 368        |
|    ep_rew_mean          | 88.8       |
| time/                   |            |
|    fps                  | 1335       |
|    iterations           | 678        |
|    time_elapsed         | 1040       |
|    total_timesteps      | 2889728    |
| train/                  |            |
|    approx_kl            | 0.41906807 |
|    clip_fraction        | 0.708      |
|    clip_range           | 0.2        |
|    entropy_loss         | 4.07       |
|    explained_variance   | 0.95624363 |
|    learning_rate        | 0.0003     |
|    loss                 | 0.159      |
|    n_updates            | 14100      |
|    policy_gradient_loss | -0.0379    |
|    std                  | 0.19       |
|    value_loss           | 1.17       |
----------------------------------------
----------------------------------------
| rollout/                |            |
|    ep_len_mean          | 364        |
|    ep_rew_mean          | 87.7       |
| time/                   |            |
|    fps                  | 1335       |
|    iterations           | 679        |
|    time_elapsed         | 1041       |
|    total_timesteps      | 2891776    |
| train/                  |            |
|    approx_kl            | 0.47448695 |
|    clip_fraction        | 0.762      |
|    clip_range           | 0.2        |
|    entropy_loss         | 4.08       |
|    explained_variance   | 0.9673339  |
|    learning_rate        | 0.0003     |
|    loss                 | 0.307      |
|    n_updates            | 14110      |
|    policy_gradient_loss | -0.0349    |
|    std                  | 0.191      |
|    value_loss           | 1.26       |
----------------------------------------
----------------------------------------
| rollout/                |            |
|    ep_len_mean          | 365        |
|    ep_rew_mean          | 88         |
| time/                   |            |
|    fps                  | 1335       |
|    iterations           | 680        |
|    time_elapsed         | 1043       |
|    total_timesteps      | 2893824    |
| train/                  |            |
|    approx_kl            | 0.348325   |
|    clip_fraction        | 0.713      |
|    clip_range           | 0.2        |
|    entropy_loss         | 4.07       |
|    explained_variance   | 0.94671047 |
|    learning_rate        | 0.0003     |
|    loss                 | 0.0416     |
|    n_updates            | 14120      |
|    policy_gradient_loss | -0.0359    |
|    std                  | 0.191      |
|    value_loss           | 1.76       |
----------------------------------------
----------------------------------------
| rollout/                |            |
|    ep_len_mean          | 370        |
|    ep_rew_mean          | 89.3       |
| time/                   |            |
|    fps                  | 1335       |
|    iterations           | 681        |
|    time_elapsed         | 1044       |
|    total_timesteps      | 2895872    |
| train/                  |            |
|    approx_kl            | 0.42413676 |
|    clip_fraction        | 0.744      |
|    clip_range           | 0.2        |
|    entropy_loss         | 4.07       |
|    explained_variance   | 0.9655722  |
|    learning_rate        | 0.0003     |
|    loss                 | 0.0379     |
|    n_updates            | 14130      |
|    policy_gradient_loss | -0.0316    |
|    std                  | 0.19       |
|    value_loss           | 1.01       |
----------------------------------------
----------------------------------------
| rollout/                |            |
|    ep_len_mean          | 357        |
|    ep_rew_mean          | 86.6       |
| time/                   |            |
|    fps                  | 1335       |
|    iterations           | 682        |
|    time_elapsed         | 1045       |
|    total_timesteps      | 2897920    |
| train/                  |            |
|    approx_kl            | 0.43525183 |
|    clip_fraction        | 0.742      |
|    clip_range           | 0.2        |
|    entropy_loss         | 4.06       |
|    explained_variance   | 0.9437583  |
|    learning_rate        | 0.0003     |
|    loss                 | 0.314      |
|    n_updates            | 14140      |
|    policy_gradient_loss | -0.0422    |
|    std                  | 0.191      |
|    value_loss           | 1.84       |
----------------------------------------
----------------------------------------
| rollout/                |            |
|    ep_len_mean          | 357        |
|    ep_rew_mean          | 87.4       |
| time/                   |            |
|    fps                  | 1335       |
|    iterations           | 683        |
|    time_elapsed         | 1047       |
|    total_timesteps      | 2899968    |
| train/                  |            |
|    approx_kl            | 0.39307213 |
|    clip_fraction        | 0.702      |
|    clip_range           | 0.2        |
|    entropy_loss         | 4.05       |
|    explained_variance   | 0.9418688  |
|    learning_rate        | 0.0003     |
|    loss                 | 0.492      |
|    n_updates            | 14150      |
|    policy_gradient_loss | -0.0424    |
|    std                  | 0.191      |
|    value_loss           | 1.69       |
----------------------------------------
---------------------------------------
| rollout/                |           |
|    ep_len_mean          | 357       |
|    ep_rew_mean          | 86.9      |
| time/                   |           |
|    fps                  | 1335      |
|    iterations           | 684       |
|    time_elapsed         | 1048      |
|    total_timesteps      | 2902016   |
| train/                  |           |
|    approx_kl            | 0.4513396 |
|    clip_fraction        | 0.744     |
|    clip_range           | 0.2       |
|    entropy_loss         | 4.08      |
|    explained_variance   | 0.93779   |
|    learning_rate        | 0.0003    |
|    loss                 | 0.414     |
|    n_updates            | 14160     |
|    policy_gradient_loss | -0.0422   |
|    std                  | 0.191     |
|    value_loss           | 2         |
---------------------------------------
----------------------------------------
| rollout/                |            |
|    ep_len_mean          | 352        |
|    ep_rew_mean          | 84.9       |
| time/                   |            |
|    fps                  | 1335       |
|    iterations           | 685        |
|    time_elapsed         | 1050       |
|    total_timesteps      | 2904064    |
| train/                  |            |
|    approx_kl            | 0.49275473 |
|    clip_fraction        | 0.757      |
|    clip_range           | 0.2        |
|    entropy_loss         | 4.07       |
|    explained_variance   | 0.960897   |
|    learning_rate        | 0.0003     |
|    loss                 | 0.109      |
|    n_updates            | 14170      |
|    policy_gradient_loss | -0.031     |
|    std                  | 0.191      |
|    value_loss           | 1.13       |
----------------------------------------
----------------------------------------
| rollout/                |            |
|    ep_len_mean          | 351        |
|    ep_rew_mean          | 84.6       |
| time/                   |            |
|    fps                  | 1335       |
|    iterations           | 686        |
|    time_elapsed         | 1051       |
|    total_timesteps      | 2906112    |
| train/                  |            |
|    approx_kl            | 0.49917877 |
|    clip_fraction        | 0.761      |
|    clip_range           | 0.2        |
|    entropy_loss         | 4.06       |
|    explained_variance   | 0.9633043  |
|    learning_rate        | 0.0003     |
|    loss                 | 0.219      |
|    n_updates            | 14180      |
|    policy_gradient_loss | -0.0332    |
|    std                  | 0.191      |
|    value_loss           | 0.921      |
----------------------------------------
----------------------------------------
| rollout/                |            |
|    ep_len_mean          | 344        |
|    ep_rew_mean          | 83.6       |
| time/                   |            |
|    fps                  | 1335       |
|    iterations           | 687        |
|    time_elapsed         | 1053       |
|    total_timesteps      | 2908160    |
| train/                  |            |
|    approx_kl            | 0.42726701 |
|    clip_fraction        | 0.751      |
|    clip_range           | 0.2        |
|    entropy_loss         | 4.01       |
|    explained_variance   | 0.96890295 |
|    learning_rate        | 0.0003     |
|    loss                 | 0.114      |
|    n_updates            | 14190      |
|    policy_gradient_loss | -0.0302    |
|    std                  | 0.192      |
|    value_loss           | 1.02       |
----------------------------------------
----------------------------------------
| rollout/                |            |
|    ep_len_mean          | 345        |
|    ep_rew_mean          | 83.9       |
| time/                   |            |
|    fps                  | 1336       |
|    iterations           | 688        |
|    time_elapsed         | 1054       |
|    total_timesteps      | 2910208    |
| train/                  |            |
|    approx_kl            | 0.43380374 |
|    clip_fraction        | 0.756      |
|    clip_range           | 0.2        |
|    entropy_loss         | 4.03       |
|    explained_variance   | 0.97684115 |
|    learning_rate        | 0.0003     |
|    loss                 | 0.205      |
|    n_updates            | 14200      |
|    policy_gradient_loss | -0.0181    |
|    std                  | 0.191      |
|    value_loss           | 1.01       |
----------------------------------------
----------------------------------------
| rollout/                |            |
|    ep_len_mean          | 348        |
|    ep_rew_mean          | 84.4       |
| time/                   |            |
|    fps                  | 1336       |
|    iterations           | 689        |
|    time_elapsed         | 1056       |
|    total_timesteps      | 2912256    |
| train/                  |            |
|    approx_kl            | 0.45420632 |
|    clip_fraction        | 0.731      |
|    clip_range           | 0.2        |
|    entropy_loss         | 4.04       |
|    explained_variance   | 0.9123343  |
|    learning_rate        | 0.0003     |
|    loss                 | 0.141      |
|    n_updates            | 14210      |
|    policy_gradient_loss | -0.0352    |
|    std                  | 0.191      |
|    value_loss           | 1.73       |
----------------------------------------
---------------------------------------
| rollout/                |           |
|    ep_len_mean          | 348       |
|    ep_rew_mean          | 84.2      |
| time/                   |           |
|    fps                  | 1336      |
|    iterations           | 690       |
|    time_elapsed         | 1057      |
|    total_timesteps      | 2914304   |
| train/                  |           |
|    approx_kl            | 0.5328021 |
|    clip_fraction        | 0.763     |
|    clip_range           | 0.2       |
|    entropy_loss         | 4.02      |
|    explained_variance   | 0.9491755 |
|    learning_rate        | 0.0003    |
|    loss                 | 0.191     |
|    n_updates            | 14220     |
|    policy_gradient_loss | -0.0318   |
|    std                  | 0.191     |
|    value_loss           | 1.1       |
---------------------------------------
----------------------------------------
| rollout/                |            |
|    ep_len_mean          | 344        |
|    ep_rew_mean          | 82.8       |
| time/                   |            |
|    fps                  | 1336       |
|    iterations           | 691        |
|    time_elapsed         | 1059       |
|    total_timesteps      | 2916352    |
| train/                  |            |
|    approx_kl            | 0.47223842 |
|    clip_fraction        | 0.754      |
|    clip_range           | 0.2        |
|    entropy_loss         | 4.01       |
|    explained_variance   | 0.97888505 |
|    learning_rate        | 0.0003     |
|    loss                 | 0.0617     |
|    n_updates            | 14230      |
|    policy_gradient_loss | -0.0249    |
|    std                  | 0.192      |
|    value_loss           | 0.749      |
----------------------------------------
----------------------------------------
| rollout/                |            |
|    ep_len_mean          | 343        |
|    ep_rew_mean          | 82.7       |
| time/                   |            |
|    fps                  | 1336       |
|    iterations           | 692        |
|    time_elapsed         | 1060       |
|    total_timesteps      | 2918400    |
| train/                  |            |
|    approx_kl            | 0.46133184 |
|    clip_fraction        | 0.746      |
|    clip_range           | 0.2        |
|    entropy_loss         | 4          |
|    explained_variance   | 0.965814   |
|    learning_rate        | 0.0003     |
|    loss                 | 0.2        |
|    n_updates            | 14240      |
|    policy_gradient_loss | -0.0328    |
|    std                  | 0.191      |
|    value_loss           | 1.11       |
----------------------------------------
----------------------------------------
| rollout/                |            |
|    ep_len_mean          | 342        |
|    ep_rew_mean          | 83.1       |
| time/                   |            |
|    fps                  | 1336       |
|    iterations           | 693        |
|    time_elapsed         | 1061       |
|    total_timesteps      | 2920448    |
| train/                  |            |
|    approx_kl            | 0.40750617 |
|    clip_fraction        | 0.727      |
|    clip_range           | 0.2        |
|    entropy_loss         | 4.01       |
|    explained_variance   | 0.97084296 |
|    learning_rate        | 0.0003     |
|    loss                 | 0.143      |
|    n_updates            | 14250      |
|    policy_gradient_loss | -0.0324    |
|    std                  | 0.191      |
|    value_loss           | 1.23       |
----------------------------------------
----------------------------------------
| rollout/                |            |
|    ep_len_mean          | 341        |
|    ep_rew_mean          | 82.4       |
| time/                   |            |
|    fps                  | 1336       |
|    iterations           | 694        |
|    time_elapsed         | 1063       |
|    total_timesteps      | 2922496    |
| train/                  |            |
|    approx_kl            | 0.42067105 |
|    clip_fraction        | 0.71       |
|    clip_range           | 0.2        |
|    entropy_loss         | 4          |
|    explained_variance   | 0.9830598  |
|    learning_rate        | 0.0003     |
|    loss                 | 0.282      |
|    n_updates            | 14260      |
|    policy_gradient_loss | -0.0369    |
|    std                  | 0.191      |
|    value_loss           | 0.869      |
----------------------------------------
----------------------------------------
| rollout/                |            |
|    ep_len_mean          | 339        |
|    ep_rew_mean          | 82.1       |
| time/                   |            |
|    fps                  | 1336       |
|    iterations           | 695        |
|    time_elapsed         | 1064       |
|    total_timesteps      | 2924544    |
| train/                  |            |
|    approx_kl            | 0.38704336 |
|    clip_fraction        | 0.742      |
|    clip_range           | 0.2        |
|    entropy_loss         | 4.04       |
|    explained_variance   | 0.9788709  |
|    learning_rate        | 0.0003     |
|    loss                 | 0.128      |
|    n_updates            | 14270      |
|    policy_gradient_loss | -0.0271    |
|    std                  | 0.191      |
|    value_loss           | 0.816      |
----------------------------------------
----------------------------------------
| rollout/                |            |
|    ep_len_mean          | 339        |
|    ep_rew_mean          | 82.2       |
| time/                   |            |
|    fps                  | 1336       |
|    iterations           | 696        |
|    time_elapsed         | 1066       |
|    total_timesteps      | 2926592    |
| train/                  |            |
|    approx_kl            | 0.47386014 |
|    clip_fraction        | 0.757      |
|    clip_range           | 0.2        |
|    entropy_loss         | 4.06       |
|    explained_variance   | 0.9642599  |
|    learning_rate        | 0.0003     |
|    loss                 | 0.185      |
|    n_updates            | 14280      |
|    policy_gradient_loss | -0.0291    |
|    std                  | 0.19       |
|    value_loss           | 0.937      |
----------------------------------------
----------------------------------------
| rollout/                |            |
|    ep_len_mean          | 333        |
|    ep_rew_mean          | 81.2       |
| time/                   |            |
|    fps                  | 1336       |
|    iterations           | 697        |
|    time_elapsed         | 1067       |
|    total_timesteps      | 2928640    |
| train/                  |            |
|    approx_kl            | 0.45514923 |
|    clip_fraction        | 0.761      |
|    clip_range           | 0.2        |
|    entropy_loss         | 4.08       |
|    explained_variance   | 0.9801235  |
|    learning_rate        | 0.0003     |
|    loss                 | 0.109      |
|    n_updates            | 14290      |
|    policy_gradient_loss | -0.035     |
|    std                  | 0.19       |
|    value_loss           | 0.801      |
----------------------------------------
----------------------------------------
| rollout/                |            |
|    ep_len_mean          | 338        |
|    ep_rew_mean          | 82.9       |
| time/                   |            |
|    fps                  | 1337       |
|    iterations           | 698        |
|    time_elapsed         | 1069       |
|    total_timesteps      | 2930688    |
| train/                  |            |
|    approx_kl            | 0.44945323 |
|    clip_fraction        | 0.738      |
|    clip_range           | 0.2        |
|    entropy_loss         | 4.08       |
|    explained_variance   | 0.9712132  |
|    learning_rate        | 0.0003     |
|    loss                 | 0.101      |
|    n_updates            | 14300      |
|    policy_gradient_loss | -0.0353    |
|    std                  | 0.19       |
|    value_loss           | 0.866      |
----------------------------------------
----------------------------------------
| rollout/                |            |
|    ep_len_mean          | 336        |
|    ep_rew_mean          | 82.2       |
| time/                   |            |
|    fps                  | 1337       |
|    iterations           | 699        |
|    time_elapsed         | 1070       |
|    total_timesteps      | 2932736    |
| train/                  |            |
|    approx_kl            | 0.3501497  |
|    clip_fraction        | 0.734      |
|    clip_range           | 0.2        |
|    entropy_loss         | 4.09       |
|    explained_variance   | 0.94441885 |
|    learning_rate        | 0.0003     |
|    loss                 | 0.409      |
|    n_updates            | 14310      |
|    policy_gradient_loss | -0.0342    |
|    std                  | 0.19       |
|    value_loss           | 2.11       |
----------------------------------------
---------------------------------------
| rollout/                |           |
|    ep_len_mean          | 332       |
|    ep_rew_mean          | 81.1      |
| time/                   |           |
|    fps                  | 1337      |
|    iterations           | 700       |
|    time_elapsed         | 1071      |
|    total_timesteps      | 2934784   |
| train/                  |           |
|    approx_kl            | 0.3555662 |
|    clip_fraction        | 0.74      |
|    clip_range           | 0.2       |
|    entropy_loss         | 4.07      |
|    explained_variance   | 0.9672966 |
|    learning_rate        | 0.0003    |
|    loss                 | 0.375     |
|    n_updates            | 14320     |
|    policy_gradient_loss | -0.0318   |
|    std                  | 0.19      |
|    value_loss           | 1.29      |
---------------------------------------
----------------------------------------
| rollout/                |            |
|    ep_len_mean          | 333        |
|    ep_rew_mean          | 81.5       |
| time/                   |            |
|    fps                  | 1337       |
|    iterations           | 701        |
|    time_elapsed         | 1073       |
|    total_timesteps      | 2936832    |
| train/                  |            |
|    approx_kl            | 0.37191328 |
|    clip_fraction        | 0.705      |
|    clip_range           | 0.2        |
|    entropy_loss         | 4.09       |
|    explained_variance   | 0.97453666 |
|    learning_rate        | 0.0003     |
|    loss                 | 0.0426     |
|    n_updates            | 14330      |
|    policy_gradient_loss | -0.0316    |
|    std                  | 0.19       |
|    value_loss           | 0.981      |
----------------------------------------
---------------------------------------
| rollout/                |           |
|    ep_len_mean          | 334       |
|    ep_rew_mean          | 81.1      |
| time/                   |           |
|    fps                  | 1337      |
|    iterations           | 702       |
|    time_elapsed         | 1074      |
|    total_timesteps      | 2938880   |
| train/                  |           |
|    approx_kl            | 0.6037811 |
|    clip_fraction        | 0.773     |
|    clip_range           | 0.2       |
|    entropy_loss         | 4.09      |
|    explained_variance   | 0.9652566 |
|    learning_rate        | 0.0003    |
|    loss                 | 0.298     |
|    n_updates            | 14340     |
|    policy_gradient_loss | -0.033    |
|    std                  | 0.19      |
|    value_loss           | 1.03      |
---------------------------------------
----------------------------------------
| rollout/                |            |
|    ep_len_mean          | 334        |
|    ep_rew_mean          | 81.9       |
| time/                   |            |
|    fps                  | 1337       |
|    iterations           | 703        |
|    time_elapsed         | 1076       |
|    total_timesteps      | 2940928    |
| train/                  |            |
|    approx_kl            | 0.3848806  |
|    clip_fraction        | 0.74       |
|    clip_range           | 0.2        |
|    entropy_loss         | 4.05       |
|    explained_variance   | 0.97217166 |
|    learning_rate        | 0.0003     |
|    loss                 | 0.0902     |
|    n_updates            | 14350      |
|    policy_gradient_loss | -0.0281    |
|    std                  | 0.19       |
|    value_loss           | 0.698      |
----------------------------------------
----------------------------------------
| rollout/                |            |
|    ep_len_mean          | 335        |
|    ep_rew_mean          | 81.9       |
| time/                   |            |
|    fps                  | 1337       |
|    iterations           | 704        |
|    time_elapsed         | 1077       |
|    total_timesteps      | 2942976    |
| train/                  |            |
|    approx_kl            | 0.40735978 |
|    clip_fraction        | 0.732      |
|    clip_range           | 0.2        |
|    entropy_loss         | 4.07       |
|    explained_variance   | 0.9692848  |
|    learning_rate        | 0.0003     |
|    loss                 | 0.177      |
|    n_updates            | 14360      |
|    policy_gradient_loss | -0.0356    |
|    std                  | 0.19       |
|    value_loss           | 1.21       |
----------------------------------------
----------------------------------------
| rollout/                |            |
|    ep_len_mean          | 332        |
|    ep_rew_mean          | 81.4       |
| time/                   |            |
|    fps                  | 1337       |
|    iterations           | 705        |
|    time_elapsed         | 1079       |
|    total_timesteps      | 2945024    |
| train/                  |            |
|    approx_kl            | 0.33339837 |
|    clip_fraction        | 0.709      |
|    clip_range           | 0.2        |
|    entropy_loss         | 4.1        |
|    explained_variance   | 0.962191   |
|    learning_rate        | 0.0003     |
|    loss                 | 0.101      |
|    n_updates            | 14370      |
|    policy_gradient_loss | -0.0303    |
|    std                  | 0.189      |
|    value_loss           | 1.12       |
----------------------------------------
----------------------------------------
| rollout/                |            |
|    ep_len_mean          | 330        |
|    ep_rew_mean          | 80.6       |
| time/                   |            |
|    fps                  | 1337       |
|    iterations           | 706        |
|    time_elapsed         | 1080       |
|    total_timesteps      | 2947072    |
| train/                  |            |
|    approx_kl            | 0.47142345 |
|    clip_fraction        | 0.768      |
|    clip_range           | 0.2        |
|    entropy_loss         | 4.09       |
|    explained_variance   | 0.94916683 |
|    learning_rate        | 0.0003     |
|    loss                 | 0.227      |
|    n_updates            | 14380      |
|    policy_gradient_loss | -0.0263    |
|    std                  | 0.19       |
|    value_loss           | 1.06       |
----------------------------------------
----------------------------------------
| rollout/                |            |
|    ep_len_mean          | 333        |
|    ep_rew_mean          | 81         |
| time/                   |            |
|    fps                  | 1337       |
|    iterations           | 707        |
|    time_elapsed         | 1082       |
|    total_timesteps      | 2949120    |
| train/                  |            |
|    approx_kl            | 0.41693795 |
|    clip_fraction        | 0.738      |
|    clip_range           | 0.2        |
|    entropy_loss         | 4.09       |
|    explained_variance   | 0.973967   |
|    learning_rate        | 0.0003     |
|    loss                 | 0.0778     |
|    n_updates            | 14390      |
|    policy_gradient_loss | -0.0221    |
|    std                  | 0.19       |
|    value_loss           | 0.677      |
----------------------------------------
---------------------------------------
| rollout/                |           |
|    ep_len_mean          | 331       |
|    ep_rew_mean          | 80.9      |
| time/                   |           |
|    fps                  | 1338      |
|    iterations           | 708       |
|    time_elapsed         | 1083      |
|    total_timesteps      | 2951168   |
| train/                  |           |
|    approx_kl            | 0.4170346 |
|    clip_fraction        | 0.748     |
|    clip_range           | 0.2       |
|    entropy_loss         | 4.11      |
|    explained_variance   | 0.9716865 |
|    learning_rate        | 0.0003    |
|    loss                 | 0.0951    |
|    n_updates            | 14400     |
|    policy_gradient_loss | -0.0362   |
|    std                  | 0.189     |
|    value_loss           | 0.781     |
---------------------------------------
----------------------------------------
| rollout/                |            |
|    ep_len_mean          | 331        |
|    ep_rew_mean          | 80.2       |
| time/                   |            |
|    fps                  | 1338       |
|    iterations           | 709        |
|    time_elapsed         | 1085       |
|    total_timesteps      | 2953216    |
| train/                  |            |
|    approx_kl            | 0.48324975 |
|    clip_fraction        | 0.736      |
|    clip_range           | 0.2        |
|    entropy_loss         | 4.14       |
|    explained_variance   | 0.9724917  |
|    learning_rate        | 0.0003     |
|    loss                 | 0.159      |
|    n_updates            | 14410      |
|    policy_gradient_loss | -0.0333    |
|    std                  | 0.189      |
|    value_loss           | 0.767      |
----------------------------------------
---------------------------------------
| rollout/                |           |
|    ep_len_mean          | 332       |
|    ep_rew_mean          | 80.6      |
| time/                   |           |
|    fps                  | 1338      |
|    iterations           | 710       |
|    time_elapsed         | 1086      |
|    total_timesteps      | 2955264   |
| train/                  |           |
|    approx_kl            | 0.3311536 |
|    clip_fraction        | 0.706     |
|    clip_range           | 0.2       |
|    entropy_loss         | 4.15      |
|    explained_variance   | 0.9741108 |
|    learning_rate        | 0.0003    |
|    loss                 | 0.0603    |
|    n_updates            | 14420     |
|    policy_gradient_loss | -0.0331   |
|    std                  | 0.189     |
|    value_loss           | 0.965     |
---------------------------------------
----------------------------------------
| rollout/                |            |
|    ep_len_mean          | 331        |
|    ep_rew_mean          | 80.1       |
| time/                   |            |
|    fps                  | 1338       |
|    iterations           | 711        |
|    time_elapsed         | 1087       |
|    total_timesteps      | 2957312    |
| train/                  |            |
|    approx_kl            | 0.42235887 |
|    clip_fraction        | 0.77       |
|    clip_range           | 0.2        |
|    entropy_loss         | 4.18       |
|    explained_variance   | 0.9825379  |
|    learning_rate        | 0.0003     |
|    loss                 | 0.112      |
|    n_updates            | 14430      |
|    policy_gradient_loss | -0.0232    |
|    std                  | 0.188      |
|    value_loss           | 0.642      |
----------------------------------------
----------------------------------------
| rollout/                |            |
|    ep_len_mean          | 332        |
|    ep_rew_mean          | 80.1       |
| time/                   |            |
|    fps                  | 1338       |
|    iterations           | 712        |
|    time_elapsed         | 1089       |
|    total_timesteps      | 2959360    |
| train/                  |            |
|    approx_kl            | 0.40696234 |
|    clip_fraction        | 0.741      |
|    clip_range           | 0.2        |
|    entropy_loss         | 4.2        |
|    explained_variance   | 0.9600992  |
|    learning_rate        | 0.0003     |
|    loss                 | 0.0792     |
|    n_updates            | 14440      |
|    policy_gradient_loss | -0.0274    |
|    std                  | 0.189      |
|    value_loss           | 0.919      |
----------------------------------------
----------------------------------------
| rollout/                |            |
|    ep_len_mean          | 335        |
|    ep_rew_mean          | 80.6       |
| time/                   |            |
|    fps                  | 1338       |
|    iterations           | 713        |
|    time_elapsed         | 1090       |
|    total_timesteps      | 2961408    |
| train/                  |            |
|    approx_kl            | 0.40113658 |
|    clip_fraction        | 0.738      |
|    clip_range           | 0.2        |
|    entropy_loss         | 4.17       |
|    explained_variance   | 0.968187   |
|    learning_rate        | 0.0003     |
|    loss                 | 0.136      |
|    n_updates            | 14450      |
|    policy_gradient_loss | -0.0372    |
|    std                  | 0.189      |
|    value_loss           | 0.773      |
----------------------------------------
---------------------------------------
| rollout/                |           |
|    ep_len_mean          | 335       |
|    ep_rew_mean          | 80.2      |
| time/                   |           |
|    fps                  | 1338      |
|    iterations           | 714       |
|    time_elapsed         | 1092      |
|    total_timesteps      | 2963456   |
| train/                  |           |
|    approx_kl            | 0.4068772 |
|    clip_fraction        | 0.745     |
|    clip_range           | 0.2       |
|    entropy_loss         | 4.17      |
|    explained_variance   | 0.9720091 |
|    learning_rate        | 0.0003    |
|    loss                 | 0.0554    |
|    n_updates            | 14460     |
|    policy_gradient_loss | -0.0326   |
|    std                  | 0.188     |
|    value_loss           | 1.08      |
---------------------------------------
----------------------------------------
| rollout/                |            |
|    ep_len_mean          | 335        |
|    ep_rew_mean          | 79.5       |
| time/                   |            |
|    fps                  | 1338       |
|    iterations           | 715        |
|    time_elapsed         | 1093       |
|    total_timesteps      | 2965504    |
| train/                  |            |
|    approx_kl            | 0.39429075 |
|    clip_fraction        | 0.72       |
|    clip_range           | 0.2        |
|    entropy_loss         | 4.22       |
|    explained_variance   | 0.97333026 |
|    learning_rate        | 0.0003     |
|    loss                 | 0.151      |
|    n_updates            | 14470      |
|    policy_gradient_loss | -0.03      |
|    std                  | 0.187      |
|    value_loss           | 0.94       |
----------------------------------------
---------------------------------------
| rollout/                |           |
|    ep_len_mean          | 334       |
|    ep_rew_mean          | 79.6      |
| time/                   |           |
|    fps                  | 1338      |
|    iterations           | 716       |
|    time_elapsed         | 1095      |
|    total_timesteps      | 2967552   |
| train/                  |           |
|    approx_kl            | 0.5028086 |
|    clip_fraction        | 0.769     |
|    clip_range           | 0.2       |
|    entropy_loss         | 4.24      |
|    explained_variance   | 0.9806338 |
|    learning_rate        | 0.0003    |
|    loss                 | 0.15      |
|    n_updates            | 14480     |
|    policy_gradient_loss | -0.0363   |
|    std                  | 0.188     |
|    value_loss           | 0.734     |
---------------------------------------
----------------------------------------
| rollout/                |            |
|    ep_len_mean          | 334        |
|    ep_rew_mean          | 79.3       |
| time/                   |            |
|    fps                  | 1338       |
|    iterations           | 717        |
|    time_elapsed         | 1096       |
|    total_timesteps      | 2969600    |
| train/                  |            |
|    approx_kl            | 0.43373024 |
|    clip_fraction        | 0.714      |
|    clip_range           | 0.2        |
|    entropy_loss         | 4.26       |
|    explained_variance   | 0.97239906 |
|    learning_rate        | 0.0003     |
|    loss                 | 0.148      |
|    n_updates            | 14490      |
|    policy_gradient_loss | -0.0297    |
|    std                  | 0.187      |
|    value_loss           | 0.799      |
----------------------------------------
----------------------------------------
| rollout/                |            |
|    ep_len_mean          | 334        |
|    ep_rew_mean          | 78.6       |
| time/                   |            |
|    fps                  | 1338       |
|    iterations           | 718        |
|    time_elapsed         | 1098       |
|    total_timesteps      | 2971648    |
| train/                  |            |
|    approx_kl            | 0.43617055 |
|    clip_fraction        | 0.758      |
|    clip_range           | 0.2        |
|    entropy_loss         | 4.28       |
|    explained_variance   | 0.9728616  |
|    learning_rate        | 0.0003     |
|    loss                 | 0.135      |
|    n_updates            | 14500      |
|    policy_gradient_loss | -0.0322    |
|    std                  | 0.187      |
|    value_loss           | 0.726      |
----------------------------------------
----------------------------------------
| rollout/                |            |
|    ep_len_mean          | 338        |
|    ep_rew_mean          | 80         |
| time/                   |            |
|    fps                  | 1338       |
|    iterations           | 719        |
|    time_elapsed         | 1099       |
|    total_timesteps      | 2973696    |
| train/                  |            |
|    approx_kl            | 0.35554117 |
|    clip_fraction        | 0.704      |
|    clip_range           | 0.2        |
|    entropy_loss         | 4.33       |
|    explained_variance   | 0.95362437 |
|    learning_rate        | 0.0003     |
|    loss                 | 0.364      |
|    n_updates            | 14510      |
|    policy_gradient_loss | -0.0326    |
|    std                  | 0.186      |
|    value_loss           | 1.09       |
----------------------------------------
----------------------------------------
| rollout/                |            |
|    ep_len_mean          | 337        |
|    ep_rew_mean          | 79.5       |
| time/                   |            |
|    fps                  | 1339       |
|    iterations           | 720        |
|    time_elapsed         | 1101       |
|    total_timesteps      | 2975744    |
| train/                  |            |
|    approx_kl            | 0.52776444 |
|    clip_fraction        | 0.76       |
|    clip_range           | 0.2        |
|    entropy_loss         | 4.37       |
|    explained_variance   | 0.956101   |
|    learning_rate        | 0.0003     |
|    loss                 | 0.118      |
|    n_updates            | 14520      |
|    policy_gradient_loss | -0.0303    |
|    std                  | 0.186      |
|    value_loss           | 0.942      |
----------------------------------------
----------------------------------------
| rollout/                |            |
|    ep_len_mean          | 340        |
|    ep_rew_mean          | 80.4       |
| time/                   |            |
|    fps                  | 1339       |
|    iterations           | 721        |
|    time_elapsed         | 1102       |
|    total_timesteps      | 2977792    |
| train/                  |            |
|    approx_kl            | 0.38295645 |
|    clip_fraction        | 0.731      |
|    clip_range           | 0.2        |
|    entropy_loss         | 4.36       |
|    explained_variance   | 0.9710683  |
|    learning_rate        | 0.0003     |
|    loss                 | 0.0587     |
|    n_updates            | 14530      |
|    policy_gradient_loss | -0.0274    |
|    std                  | 0.186      |
|    value_loss           | 0.829      |
----------------------------------------
----------------------------------------
| rollout/                |            |
|    ep_len_mean          | 340        |
|    ep_rew_mean          | 80.2       |
| time/                   |            |
|    fps                  | 1339       |
|    iterations           | 722        |
|    time_elapsed         | 1104       |
|    total_timesteps      | 2979840    |
| train/                  |            |
|    approx_kl            | 0.673452   |
|    clip_fraction        | 0.773      |
|    clip_range           | 0.2        |
|    entropy_loss         | 4.37       |
|    explained_variance   | 0.95804334 |
|    learning_rate        | 0.0003     |
|    loss                 | 0.404      |
|    n_updates            | 14540      |
|    policy_gradient_loss | -0.0353    |
|    std                  | 0.186      |
|    value_loss           | 1.33       |
----------------------------------------
----------------------------------------
| rollout/                |            |
|    ep_len_mean          | 338        |
|    ep_rew_mean          | 79.7       |
| time/                   |            |
|    fps                  | 1339       |
|    iterations           | 723        |
|    time_elapsed         | 1105       |
|    total_timesteps      | 2981888    |
| train/                  |            |
|    approx_kl            | 0.3763361  |
|    clip_fraction        | 0.73       |
|    clip_range           | 0.2        |
|    entropy_loss         | 4.37       |
|    explained_variance   | 0.95317024 |
|    learning_rate        | 0.0003     |
|    loss                 | 0.169      |
|    n_updates            | 14550      |
|    policy_gradient_loss | -0.0321    |
|    std                  | 0.186      |
|    value_loss           | 1.2        |
----------------------------------------
----------------------------------------
| rollout/                |            |
|    ep_len_mean          | 338        |
|    ep_rew_mean          | 79.1       |
| time/                   |            |
|    fps                  | 1339       |
|    iterations           | 724        |
|    time_elapsed         | 1107       |
|    total_timesteps      | 2983936    |
| train/                  |            |
|    approx_kl            | 0.3820598  |
|    clip_fraction        | 0.734      |
|    clip_range           | 0.2        |
|    entropy_loss         | 4.35       |
|    explained_variance   | 0.97009313 |
|    learning_rate        | 0.0003     |
|    loss                 | 0.173      |
|    n_updates            | 14560      |
|    policy_gradient_loss | -0.0316    |
|    std                  | 0.187      |
|    value_loss           | 1.17       |
----------------------------------------
----------------------------------------
| rollout/                |            |
|    ep_len_mean          | 339        |
|    ep_rew_mean          | 79.4       |
| time/                   |            |
|    fps                  | 1339       |
|    iterations           | 725        |
|    time_elapsed         | 1108       |
|    total_timesteps      | 2985984    |
| train/                  |            |
|    approx_kl            | 0.404321   |
|    clip_fraction        | 0.731      |
|    clip_range           | 0.2        |
|    entropy_loss         | 4.33       |
|    explained_variance   | 0.95866436 |
|    learning_rate        | 0.0003     |
|    loss                 | 0.229      |
|    n_updates            | 14570      |
|    policy_gradient_loss | -0.0308    |
|    std                  | 0.186      |
|    value_loss           | 1.03       |
----------------------------------------
----------------------------------------
| rollout/                |            |
|    ep_len_mean          | 339        |
|    ep_rew_mean          | 79.5       |
| time/                   |            |
|    fps                  | 1339       |
|    iterations           | 726        |
|    time_elapsed         | 1109       |
|    total_timesteps      | 2988032    |
| train/                  |            |
|    approx_kl            | 0.4662043  |
|    clip_fraction        | 0.739      |
|    clip_range           | 0.2        |
|    entropy_loss         | 4.34       |
|    explained_variance   | 0.95495635 |
|    learning_rate        | 0.0003     |
|    loss                 | 0.14       |
|    n_updates            | 14580      |
|    policy_gradient_loss | -0.0378    |
|    std                  | 0.186      |
|    value_loss           | 1.01       |
----------------------------------------
----------------------------------------
| rollout/                |            |
|    ep_len_mean          | 343        |
|    ep_rew_mean          | 81.2       |
| time/                   |            |
|    fps                  | 1339       |
|    iterations           | 727        |
|    time_elapsed         | 1111       |
|    total_timesteps      | 2990080    |
| train/                  |            |
|    approx_kl            | 0.45995075 |
|    clip_fraction        | 0.724      |
|    clip_range           | 0.2        |
|    entropy_loss         | 4.38       |
|    explained_variance   | 0.96578777 |
|    learning_rate        | 0.0003     |
|    loss                 | 0.174      |
|    n_updates            | 14590      |
|    policy_gradient_loss | -0.0312    |
|    std                  | 0.185      |
|    value_loss           | 0.942      |
----------------------------------------
---------------------------------------
| rollout/                |           |
|    ep_len_mean          | 342       |
|    ep_rew_mean          | 80.6      |
| time/                   |           |
|    fps                  | 1339      |
|    iterations           | 728       |
|    time_elapsed         | 1112      |
|    total_timesteps      | 2992128   |
| train/                  |           |
|    approx_kl            | 0.5759895 |
|    clip_fraction        | 0.776     |
|    clip_range           | 0.2       |
|    entropy_loss         | 4.43      |
|    explained_variance   | 0.9750249 |
|    learning_rate        | 0.0003    |
|    loss                 | 0.0838    |
|    n_updates            | 14600     |
|    policy_gradient_loss | -0.0276   |
|    std                  | 0.185     |
|    value_loss           | 0.724     |
---------------------------------------
----------------------------------------
| rollout/                |            |
|    ep_len_mean          | 344        |
|    ep_rew_mean          | 81.3       |
| time/                   |            |
|    fps                  | 1339       |
|    iterations           | 729        |
|    time_elapsed         | 1114       |
|    total_timesteps      | 2994176    |
| train/                  |            |
|    approx_kl            | 0.38582093 |
|    clip_fraction        | 0.742      |
|    clip_range           | 0.2        |
|    entropy_loss         | 4.43       |
|    explained_variance   | 0.94190586 |
|    learning_rate        | 0.0003     |
|    loss                 | 0.358      |
|    n_updates            | 14610      |
|    policy_gradient_loss | -0.0326    |
|    std                  | 0.185      |
|    value_loss           | 1.79       |
----------------------------------------
----------------------------------------
| rollout/                |            |
|    ep_len_mean          | 341        |
|    ep_rew_mean          | 80.7       |
| time/                   |            |
|    fps                  | 1339       |
|    iterations           | 730        |
|    time_elapsed         | 1115       |
|    total_timesteps      | 2996224    |
| train/                  |            |
|    approx_kl            | 0.4626326  |
|    clip_fraction        | 0.741      |
|    clip_range           | 0.2        |
|    entropy_loss         | 4.44       |
|    explained_variance   | 0.96052504 |
|    learning_rate        | 0.0003     |
|    loss                 | 0.172      |
|    n_updates            | 14620      |
|    policy_gradient_loss | -0.0339    |
|    std                  | 0.185      |
|    value_loss           | 1.17       |
----------------------------------------
----------------------------------------
| rollout/                |            |
|    ep_len_mean          | 343        |
|    ep_rew_mean          | 81.1       |
| time/                   |            |
|    fps                  | 1339       |
|    iterations           | 731        |
|    time_elapsed         | 1117       |
|    total_timesteps      | 2998272    |
| train/                  |            |
|    approx_kl            | 0.40766793 |
|    clip_fraction        | 0.722      |
|    clip_range           | 0.2        |
|    entropy_loss         | 4.45       |
|    explained_variance   | 0.959002   |
|    learning_rate        | 0.0003     |
|    loss                 | 0.167      |
|    n_updates            | 14630      |
|    policy_gradient_loss | -0.0387    |
|    std                  | 0.185      |
|    value_loss           | 1.28       |
----------------------------------------
----------------------------------------
| rollout/                |            |
|    ep_len_mean          | 344        |
|    ep_rew_mean          | 81.7       |
| time/                   |            |
|    fps                  | 1339       |
|    iterations           | 732        |
|    time_elapsed         | 1118       |
|    total_timesteps      | 3000320    |
| train/                  |            |
|    approx_kl            | 0.43068033 |
|    clip_fraction        | 0.738      |
|    clip_range           | 0.2        |
|    entropy_loss         | 4.46       |
|    explained_variance   | 0.9592119  |
|    learning_rate        | 0.0003     |
|    loss                 | 0.0733     |
|    n_updates            | 14640      |
|    policy_gradient_loss | -0.0291    |
|    std                  | 0.185      |
|    value_loss           | 0.827      |
----------------------------------------
---------------------------------------
| rollout/                |           |
|    ep_len_mean          | 345       |
|    ep_rew_mean          | 82.3      |
| time/                   |           |
|    fps                  | 1339      |
|    iterations           | 733       |
|    time_elapsed         | 1120      |
|    total_timesteps      | 3002368   |
| train/                  |           |
|    approx_kl            | 0.4783325 |
|    clip_fraction        | 0.774     |
|    clip_range           | 0.2       |
|    entropy_loss         | 4.47      |
|    explained_variance   | 0.9844873 |
|    learning_rate        | 0.0003    |
|    loss                 | 0.131     |
|    n_updates            | 14650     |
|    policy_gradient_loss | -0.0272   |
|    std                  | 0.185     |
|    value_loss           | 0.677     |
---------------------------------------
----------------------------------------
| rollout/                |            |
|    ep_len_mean          | 342        |
|    ep_rew_mean          | 81.2       |
| time/                   |            |
|    fps                  | 1340       |
|    iterations           | 734        |
|    time_elapsed         | 1121       |
|    total_timesteps      | 3004416    |
| train/                  |            |
|    approx_kl            | 0.39014673 |
|    clip_fraction        | 0.749      |
|    clip_range           | 0.2        |
|    entropy_loss         | 4.43       |
|    explained_variance   | 0.98259026 |
|    learning_rate        | 0.0003     |
|    loss                 | 0.0663     |
|    n_updates            | 14660      |
|    policy_gradient_loss | -0.0276    |
|    std                  | 0.185      |
|    value_loss           | 0.676      |
----------------------------------------
----------------------------------------
| rollout/                |            |
|    ep_len_mean          | 341        |
|    ep_rew_mean          | 81.3       |
| time/                   |            |
|    fps                  | 1340       |
|    iterations           | 735        |
|    time_elapsed         | 1123       |
|    total_timesteps      | 3006464    |
| train/                  |            |
|    approx_kl            | 0.42457235 |
|    clip_fraction        | 0.71       |
|    clip_range           | 0.2        |
|    entropy_loss         | 4.43       |
|    explained_variance   | 0.9777832  |
|    learning_rate        | 0.0003     |
|    loss                 | 0.075      |
|    n_updates            | 14670      |
|    policy_gradient_loss | -0.0288    |
|    std                  | 0.185      |
|    value_loss           | 0.507      |
----------------------------------------
----------------------------------------
| rollout/                |            |
|    ep_len_mean          | 338        |
|    ep_rew_mean          | 80.6       |
| time/                   |            |
|    fps                  | 1340       |
|    iterations           | 736        |
|    time_elapsed         | 1124       |
|    total_timesteps      | 3008512    |
| train/                  |            |
|    approx_kl            | 0.37245214 |
|    clip_fraction        | 0.749      |
|    clip_range           | 0.2        |
|    entropy_loss         | 4.47       |
|    explained_variance   | 0.9717982  |
|    learning_rate        | 0.0003     |
|    loss                 | 0.104      |
|    n_updates            | 14680      |
|    policy_gradient_loss | -0.0158    |
|    std                  | 0.185      |
|    value_loss           | 0.598      |
----------------------------------------
----------------------------------------
| rollout/                |            |
|    ep_len_mean          | 343        |
|    ep_rew_mean          | 81.7       |
| time/                   |            |
|    fps                  | 1340       |
|    iterations           | 737        |
|    time_elapsed         | 1126       |
|    total_timesteps      | 3010560    |
| train/                  |            |
|    approx_kl            | 0.41454452 |
|    clip_fraction        | 0.732      |
|    clip_range           | 0.2        |
|    entropy_loss         | 4.45       |
|    explained_variance   | 0.9835786  |
|    learning_rate        | 0.0003     |
|    loss                 | 0.0817     |
|    n_updates            | 14690      |
|    policy_gradient_loss | -0.0285    |
|    std                  | 0.185      |
|    value_loss           | 0.632      |
----------------------------------------
----------------------------------------
| rollout/                |            |
|    ep_len_mean          | 340        |
|    ep_rew_mean          | 81         |
| time/                   |            |
|    fps                  | 1340       |
|    iterations           | 738        |
|    time_elapsed         | 1127       |
|    total_timesteps      | 3012608    |
| train/                  |            |
|    approx_kl            | 0.46948707 |
|    clip_fraction        | 0.733      |
|    clip_range           | 0.2        |
|    entropy_loss         | 4.41       |
|    explained_variance   | 0.9362607  |
|    learning_rate        | 0.0003     |
|    loss                 | 0.145      |
|    n_updates            | 14700      |
|    policy_gradient_loss | -0.0392    |
|    std                  | 0.185      |
|    value_loss           | 1.48       |
----------------------------------------
----------------------------------------
| rollout/                |            |
|    ep_len_mean          | 341        |
|    ep_rew_mean          | 81.2       |
| time/                   |            |
|    fps                  | 1340       |
|    iterations           | 739        |
|    time_elapsed         | 1129       |
|    total_timesteps      | 3014656    |
| train/                  |            |
|    approx_kl            | 0.35598963 |
|    clip_fraction        | 0.738      |
|    clip_range           | 0.2        |
|    entropy_loss         | 4.41       |
|    explained_variance   | 0.97971517 |
|    learning_rate        | 0.0003     |
|    loss                 | 0.131      |
|    n_updates            | 14710      |
|    policy_gradient_loss | -0.0256    |
|    std                  | 0.185      |
|    value_loss           | 0.624      |
----------------------------------------
----------------------------------------
| rollout/                |            |
|    ep_len_mean          | 340        |
|    ep_rew_mean          | 80.9       |
| time/                   |            |
|    fps                  | 1340       |
|    iterations           | 740        |
|    time_elapsed         | 1130       |
|    total_timesteps      | 3016704    |
| train/                  |            |
|    approx_kl            | 0.48577303 |
|    clip_fraction        | 0.77       |
|    clip_range           | 0.2        |
|    entropy_loss         | 4.42       |
|    explained_variance   | 0.971081   |
|    learning_rate        | 0.0003     |
|    loss                 | 0.0893     |
|    n_updates            | 14720      |
|    policy_gradient_loss | -0.0206    |
|    std                  | 0.185      |
|    value_loss           | 0.731      |
----------------------------------------
----------------------------------------
| rollout/                |            |
|    ep_len_mean          | 343        |
|    ep_rew_mean          | 81.8       |
| time/                   |            |
|    fps                  | 1340       |
|    iterations           | 741        |
|    time_elapsed         | 1132       |
|    total_timesteps      | 3018752    |
| train/                  |            |
|    approx_kl            | 0.37896279 |
|    clip_fraction        | 0.725      |
|    clip_range           | 0.2        |
|    entropy_loss         | 4.44       |
|    explained_variance   | 0.9685614  |
|    learning_rate        | 0.0003     |
|    loss                 | 0.243      |
|    n_updates            | 14730      |
|    policy_gradient_loss | -0.0316    |
|    std                  | 0.185      |
|    value_loss           | 1.04       |
----------------------------------------
---------------------------------------
| rollout/                |           |
|    ep_len_mean          | 346       |
|    ep_rew_mean          | 82.2      |
| time/                   |           |
|    fps                  | 1340      |
|    iterations           | 742       |
|    time_elapsed         | 1133      |
|    total_timesteps      | 3020800   |
| train/                  |           |
|    approx_kl            | 0.4035924 |
|    clip_fraction        | 0.739     |
|    clip_range           | 0.2       |
|    entropy_loss         | 4.44      |
|    explained_variance   | 0.978142  |
|    learning_rate        | 0.0003    |
|    loss                 | 0.144     |
|    n_updates            | 14740     |
|    policy_gradient_loss | -0.034    |
|    std                  | 0.185     |
|    value_loss           | 0.731     |
---------------------------------------
----------------------------------------
| rollout/                |            |
|    ep_len_mean          | 347        |
|    ep_rew_mean          | 83         |
| time/                   |            |
|    fps                  | 1340       |
|    iterations           | 743        |
|    time_elapsed         | 1135       |
|    total_timesteps      | 3022848    |
| train/                  |            |
|    approx_kl            | 0.40026596 |
|    clip_fraction        | 0.716      |
|    clip_range           | 0.2        |
|    entropy_loss         | 4.44       |
|    explained_variance   | 0.9411123  |
|    learning_rate        | 0.0003     |
|    loss                 | 0.293      |
|    n_updates            | 14750      |
|    policy_gradient_loss | -0.0305    |
|    std                  | 0.185      |
|    value_loss           | 1.34       |
----------------------------------------
----------------------------------------
| rollout/                |            |
|    ep_len_mean          | 347        |
|    ep_rew_mean          | 82.6       |
| time/                   |            |
|    fps                  | 1340       |
|    iterations           | 744        |
|    time_elapsed         | 1136       |
|    total_timesteps      | 3024896    |
| train/                  |            |
|    approx_kl            | 0.66981804 |
|    clip_fraction        | 0.798      |
|    clip_range           | 0.2        |
|    entropy_loss         | 4.42       |
|    explained_variance   | 0.9729077  |
|    learning_rate        | 0.0003     |
|    loss                 | 0.0562     |
|    n_updates            | 14760      |
|    policy_gradient_loss | -0.028     |
|    std                  | 0.186      |
|    value_loss           | 0.554      |
----------------------------------------
----------------------------------------
| rollout/                |            |
|    ep_len_mean          | 345        |
|    ep_rew_mean          | 82.2       |
| time/                   |            |
|    fps                  | 1340       |
|    iterations           | 745        |
|    time_elapsed         | 1138       |
|    total_timesteps      | 3026944    |
| train/                  |            |
|    approx_kl            | 0.37335506 |
|    clip_fraction        | 0.755      |
|    clip_range           | 0.2        |
|    entropy_loss         | 4.41       |
|    explained_variance   | 0.9829973  |
|    learning_rate        | 0.0003     |
|    loss                 | 0.0725     |
|    n_updates            | 14770      |
|    policy_gradient_loss | -0.0287    |
|    std                  | 0.185      |
|    value_loss           | 0.604      |
----------------------------------------
---------------------------------------
| rollout/                |           |
|    ep_len_mean          | 342       |
|    ep_rew_mean          | 81.4      |
| time/                   |           |
|    fps                  | 1340      |
|    iterations           | 746       |
|    time_elapsed         | 1139      |
|    total_timesteps      | 3028992   |
| train/                  |           |
|    approx_kl            | 0.4153208 |
|    clip_fraction        | 0.738     |
|    clip_range           | 0.2       |
|    entropy_loss         | 4.42      |
|    explained_variance   | 0.9722675 |
|    learning_rate        | 0.0003    |
|    loss                 | 0.143     |
|    n_updates            | 14780     |
|    policy_gradient_loss | -0.0342   |
|    std                  | 0.185     |
|    value_loss           | 0.827     |
---------------------------------------
----------------------------------------
| rollout/                |            |
|    ep_len_mean          | 342        |
|    ep_rew_mean          | 81.7       |
| time/                   |            |
|    fps                  | 1340       |
|    iterations           | 747        |
|    time_elapsed         | 1140       |
|    total_timesteps      | 3031040    |
| train/                  |            |
|    approx_kl            | 0.4459359  |
|    clip_fraction        | 0.719      |
|    clip_range           | 0.2        |
|    entropy_loss         | 4.42       |
|    explained_variance   | 0.98257416 |
|    learning_rate        | 0.0003     |
|    loss                 | 0.0763     |
|    n_updates            | 14790      |
|    policy_gradient_loss | -0.0297    |
|    std                  | 0.185      |
|    value_loss           | 0.602      |
----------------------------------------
---------------------------------------
| rollout/                |           |
|    ep_len_mean          | 342       |
|    ep_rew_mean          | 81.6      |
| time/                   |           |
|    fps                  | 1340      |
|    iterations           | 748       |
|    time_elapsed         | 1142      |
|    total_timesteps      | 3033088   |
| train/                  |           |
|    approx_kl            | 0.3861654 |
|    clip_fraction        | 0.735     |
|    clip_range           | 0.2       |
|    entropy_loss         | 4.41      |
|    explained_variance   | 0.9662781 |
|    learning_rate        | 0.0003    |
|    loss                 | 0.076     |
|    n_updates            | 14800     |
|    policy_gradient_loss | -0.0307   |
|    std                  | 0.185     |
|    value_loss           | 0.738     |
---------------------------------------
----------------------------------------
| rollout/                |            |
|    ep_len_mean          | 341        |
|    ep_rew_mean          | 81.4       |
| time/                   |            |
|    fps                  | 1340       |
|    iterations           | 749        |
|    time_elapsed         | 1144       |
|    total_timesteps      | 3035136    |
| train/                  |            |
|    approx_kl            | 0.32415345 |
|    clip_fraction        | 0.725      |
|    clip_range           | 0.2        |
|    entropy_loss         | 4.41       |
|    explained_variance   | 0.96443784 |
|    learning_rate        | 0.0003     |
|    loss                 | 0.264      |
|    n_updates            | 14810      |
|    policy_gradient_loss | -0.0253    |
|    std                  | 0.185      |
|    value_loss           | 1.25       |
----------------------------------------
---------------------------------------
| rollout/                |           |
|    ep_len_mean          | 343       |
|    ep_rew_mean          | 82.3      |
| time/                   |           |
|    fps                  | 1340      |
|    iterations           | 750       |
|    time_elapsed         | 1145      |
|    total_timesteps      | 3037184   |
| train/                  |           |
|    approx_kl            | 0.4150322 |
|    clip_fraction        | 0.743     |
|    clip_range           | 0.2       |
|    entropy_loss         | 4.43      |
|    explained_variance   | 0.95807   |
|    learning_rate        | 0.0003    |
|    loss                 | 0.114     |
|    n_updates            | 14820     |
|    policy_gradient_loss | -0.0356   |
|    std                  | 0.185     |
|    value_loss           | 1.16      |
---------------------------------------
----------------------------------------
| rollout/                |            |
|    ep_len_mean          | 346        |
|    ep_rew_mean          | 83.6       |
| time/                   |            |
|    fps                  | 1341       |
|    iterations           | 751        |
|    time_elapsed         | 1146       |
|    total_timesteps      | 3039232    |
| train/                  |            |
|    approx_kl            | 0.48476177 |
|    clip_fraction        | 0.756      |
|    clip_range           | 0.2        |
|    entropy_loss         | 4.42       |
|    explained_variance   | 0.9789453  |
|    learning_rate        | 0.0003     |
|    loss                 | 0.182      |
|    n_updates            | 14830      |
|    policy_gradient_loss | -0.03      |
|    std                  | 0.185      |
|    value_loss           | 0.727      |
----------------------------------------
----------------------------------------
| rollout/                |            |
|    ep_len_mean          | 346        |
|    ep_rew_mean          | 83.8       |
| time/                   |            |
|    fps                  | 1341       |
|    iterations           | 752        |
|    time_elapsed         | 1148       |
|    total_timesteps      | 3041280    |
| train/                  |            |
|    approx_kl            | 0.32991666 |
|    clip_fraction        | 0.695      |
|    clip_range           | 0.2        |
|    entropy_loss         | 4.42       |
|    explained_variance   | 0.94746584 |
|    learning_rate        | 0.0003     |
|    loss                 | 0.268      |
|    n_updates            | 14840      |
|    policy_gradient_loss | -0.0369    |
|    std                  | 0.185      |
|    value_loss           | 1.66       |
----------------------------------------
---------------------------------------
| rollout/                |           |
|    ep_len_mean          | 354       |
|    ep_rew_mean          | 86.5      |
| time/                   |           |
|    fps                  | 1341      |
|    iterations           | 753       |
|    time_elapsed         | 1149      |
|    total_timesteps      | 3043328   |
| train/                  |           |
|    approx_kl            | 0.4042256 |
|    clip_fraction        | 0.737     |
|    clip_range           | 0.2       |
|    entropy_loss         | 4.44      |
|    explained_variance   | 0.9775685 |
|    learning_rate        | 0.0003    |
|    loss                 | 0.0957    |
|    n_updates            | 14850     |
|    policy_gradient_loss | -0.025    |
|    std                  | 0.185     |
|    value_loss           | 0.627     |
---------------------------------------
----------------------------------------
| rollout/                |            |
|    ep_len_mean          | 356        |
|    ep_rew_mean          | 87.3       |
| time/                   |            |
|    fps                  | 1341       |
|    iterations           | 754        |
|    time_elapsed         | 1151       |
|    total_timesteps      | 3045376    |
| train/                  |            |
|    approx_kl            | 0.7455676  |
|    clip_fraction        | 0.799      |
|    clip_range           | 0.2        |
|    entropy_loss         | 4.45       |
|    explained_variance   | 0.96630174 |
|    learning_rate        | 0.0003     |
|    loss                 | 0.046      |
|    n_updates            | 14860      |
|    policy_gradient_loss | -0.0323    |
|    std                  | 0.185      |
|    value_loss           | 0.658      |
----------------------------------------
---------------------------------------
| rollout/                |           |
|    ep_len_mean          | 351       |
|    ep_rew_mean          | 86.2      |
| time/                   |           |
|    fps                  | 1341      |
|    iterations           | 755       |
|    time_elapsed         | 1152      |
|    total_timesteps      | 3047424   |
| train/                  |           |
|    approx_kl            | 0.3923027 |
|    clip_fraction        | 0.702     |
|    clip_range           | 0.2       |
|    entropy_loss         | 4.43      |
|    explained_variance   | 0.9460556 |
|    learning_rate        | 0.0003    |
|    loss                 | 0.145     |
|    n_updates            | 14870     |
|    policy_gradient_loss | -0.0306   |
|    std                  | 0.185     |
|    value_loss           | 1.39      |
---------------------------------------
----------------------------------------
| rollout/                |            |
|    ep_len_mean          | 347        |
|    ep_rew_mean          | 85         |
| time/                   |            |
|    fps                  | 1341       |
|    iterations           | 756        |
|    time_elapsed         | 1154       |
|    total_timesteps      | 3049472    |
| train/                  |            |
|    approx_kl            | 0.46475166 |
|    clip_fraction        | 0.729      |
|    clip_range           | 0.2        |
|    entropy_loss         | 4.42       |
|    explained_variance   | 0.9692358  |
|    learning_rate        | 0.0003     |
|    loss                 | 0.152      |
|    n_updates            | 14880      |
|    policy_gradient_loss | -0.0357    |
|    std                  | 0.185      |
|    value_loss           | 0.923      |
----------------------------------------
----------------------------------------
| rollout/                |            |
|    ep_len_mean          | 348        |
|    ep_rew_mean          | 85.2       |
| time/                   |            |
|    fps                  | 1341       |
|    iterations           | 757        |
|    time_elapsed         | 1155       |
|    total_timesteps      | 3051520    |
| train/                  |            |
|    approx_kl            | 0.32939154 |
|    clip_fraction        | 0.711      |
|    clip_range           | 0.2        |
|    entropy_loss         | 4.44       |
|    explained_variance   | 0.96150845 |
|    learning_rate        | 0.0003     |
|    loss                 | 0.111      |
|    n_updates            | 14890      |
|    policy_gradient_loss | -0.0269    |
|    std                  | 0.184      |
|    value_loss           | 1.01       |
----------------------------------------
----------------------------------------
| rollout/                |            |
|    ep_len_mean          | 346        |
|    ep_rew_mean          | 84.9       |
| time/                   |            |
|    fps                  | 1341       |
|    iterations           | 758        |
|    time_elapsed         | 1157       |
|    total_timesteps      | 3053568    |
| train/                  |            |
|    approx_kl            | 0.35542417 |
|    clip_fraction        | 0.724      |
|    clip_range           | 0.2        |
|    entropy_loss         | 4.48       |
|    explained_variance   | 0.96722835 |
|    learning_rate        | 0.0003     |
|    loss                 | 0.358      |
|    n_updates            | 14900      |
|    policy_gradient_loss | -0.0298    |
|    std                  | 0.184      |
|    value_loss           | 1.03       |
----------------------------------------
---------------------------------------
| rollout/                |           |
|    ep_len_mean          | 343       |
|    ep_rew_mean          | 84.2      |
| time/                   |           |
|    fps                  | 1341      |
|    iterations           | 759       |
|    time_elapsed         | 1158      |
|    total_timesteps      | 3055616   |
| train/                  |           |
|    approx_kl            | 0.4183056 |
|    clip_fraction        | 0.724     |
|    clip_range           | 0.2       |
|    entropy_loss         | 4.5       |
|    explained_variance   | 0.965106  |
|    learning_rate        | 0.0003    |
|    loss                 | 0.322     |
|    n_updates            | 14910     |
|    policy_gradient_loss | -0.0306   |
|    std                  | 0.184     |
|    value_loss           | 1.21      |
---------------------------------------
----------------------------------------
| rollout/                |            |
|    ep_len_mean          | 341        |
|    ep_rew_mean          | 83.6       |
| time/                   |            |
|    fps                  | 1341       |
|    iterations           | 760        |
|    time_elapsed         | 1160       |
|    total_timesteps      | 3057664    |
| train/                  |            |
|    approx_kl            | 0.37791914 |
|    clip_fraction        | 0.713      |
|    clip_range           | 0.2        |
|    entropy_loss         | 4.51       |
|    explained_variance   | 0.93443155 |
|    learning_rate        | 0.0003     |
|    loss                 | 0.241      |
|    n_updates            | 14920      |
|    policy_gradient_loss | -0.0371    |
|    std                  | 0.184      |
|    value_loss           | 1.94       |
----------------------------------------
----------------------------------------
| rollout/                |            |
|    ep_len_mean          | 339        |
|    ep_rew_mean          | 83.4       |
| time/                   |            |
|    fps                  | 1341       |
|    iterations           | 761        |
|    time_elapsed         | 1161       |
|    total_timesteps      | 3059712    |
| train/                  |            |
|    approx_kl            | 0.56644225 |
|    clip_fraction        | 0.733      |
|    clip_range           | 0.2        |
|    entropy_loss         | 4.52       |
|    explained_variance   | 0.96398365 |
|    learning_rate        | 0.0003     |
|    loss                 | 0.129      |
|    n_updates            | 14930      |
|    policy_gradient_loss | -0.0317    |
|    std                  | 0.184      |
|    value_loss           | 1.12       |
----------------------------------------
----------------------------------------
| rollout/                |            |
|    ep_len_mean          | 342        |
|    ep_rew_mean          | 83.7       |
| time/                   |            |
|    fps                  | 1341       |
|    iterations           | 762        |
|    time_elapsed         | 1163       |
|    total_timesteps      | 3061760    |
| train/                  |            |
|    approx_kl            | 0.5062254  |
|    clip_fraction        | 0.756      |
|    clip_range           | 0.2        |
|    entropy_loss         | 4.52       |
|    explained_variance   | 0.97203434 |
|    learning_rate        | 0.0003     |
|    loss                 | 0.16       |
|    n_updates            | 14940      |
|    policy_gradient_loss | -0.0323    |
|    std                  | 0.183      |
|    value_loss           | 0.879      |
----------------------------------------
----------------------------------------
| rollout/                |            |
|    ep_len_mean          | 344        |
|    ep_rew_mean          | 83.8       |
| time/                   |            |
|    fps                  | 1341       |
|    iterations           | 763        |
|    time_elapsed         | 1164       |
|    total_timesteps      | 3063808    |
| train/                  |            |
|    approx_kl            | 0.45729685 |
|    clip_fraction        | 0.752      |
|    clip_range           | 0.2        |
|    entropy_loss         | 4.52       |
|    explained_variance   | 0.9517281  |
|    learning_rate        | 0.0003     |
|    loss                 | 0.175      |
|    n_updates            | 14950      |
|    policy_gradient_loss | -0.0324    |
|    std                  | 0.184      |
|    value_loss           | 1.72       |
----------------------------------------
---------------------------------------
| rollout/                |           |
|    ep_len_mean          | 349       |
|    ep_rew_mean          | 85.5      |
| time/                   |           |
|    fps                  | 1341      |
|    iterations           | 764       |
|    time_elapsed         | 1166      |
|    total_timesteps      | 3065856   |
| train/                  |           |
|    approx_kl            | 0.3685735 |
|    clip_fraction        | 0.704     |
|    clip_range           | 0.2       |
|    entropy_loss         | 4.5       |
|    explained_variance   | 0.9598484 |
|    learning_rate        | 0.0003    |
|    loss                 | 0.522     |
|    n_updates            | 14960     |
|    policy_gradient_loss | -0.0286   |
|    std                  | 0.184     |
|    value_loss           | 1.45      |
---------------------------------------
----------------------------------------
| rollout/                |            |
|    ep_len_mean          | 347        |
|    ep_rew_mean          | 84.8       |
| time/                   |            |
|    fps                  | 1341       |
|    iterations           | 765        |
|    time_elapsed         | 1167       |
|    total_timesteps      | 3067904    |
| train/                  |            |
|    approx_kl            | 0.66636634 |
|    clip_fraction        | 0.797      |
|    clip_range           | 0.2        |
|    entropy_loss         | 4.46       |
|    explained_variance   | 0.95248485 |
|    learning_rate        | 0.0003     |
|    loss                 | 0.0848     |
|    n_updates            | 14970      |
|    policy_gradient_loss | -0.0348    |
|    std                  | 0.185      |
|    value_loss           | 0.906      |
----------------------------------------
----------------------------------------
| rollout/                |            |
|    ep_len_mean          | 345        |
|    ep_rew_mean          | 83.8       |
| time/                   |            |
|    fps                  | 1341       |
|    iterations           | 766        |
|    time_elapsed         | 1169       |
|    total_timesteps      | 3069952    |
| train/                  |            |
|    approx_kl            | 0.32634306 |
|    clip_fraction        | 0.702      |
|    clip_range           | 0.2        |
|    entropy_loss         | 4.45       |
|    explained_variance   | 0.9425737  |
|    learning_rate        | 0.0003     |
|    loss                 | 0.312      |
|    n_updates            | 14980      |
|    policy_gradient_loss | -0.0322    |
|    std                  | 0.184      |
|    value_loss           | 1.55       |
----------------------------------------
----------------------------------------
| rollout/                |            |
|    ep_len_mean          | 347        |
|    ep_rew_mean          | 83.5       |
| time/                   |            |
|    fps                  | 1342       |
|    iterations           | 767        |
|    time_elapsed         | 1170       |
|    total_timesteps      | 3072000    |
| train/                  |            |
|    approx_kl            | 0.48800904 |
|    clip_fraction        | 0.746      |
|    clip_range           | 0.2        |
|    entropy_loss         | 4.45       |
|    explained_variance   | 0.9503239  |
|    learning_rate        | 0.0003     |
|    loss                 | 0.298      |
|    n_updates            | 14990      |
|    policy_gradient_loss | -0.0343    |
|    std                  | 0.185      |
|    value_loss           | 1.54       |
----------------------------------------
----------------------------------------
| rollout/                |            |
|    ep_len_mean          | 349        |
|    ep_rew_mean          | 83.8       |
| time/                   |            |
|    fps                  | 1342       |
|    iterations           | 768        |
|    time_elapsed         | 1171       |
|    total_timesteps      | 3074048    |
| train/                  |            |
|    approx_kl            | 0.41697118 |
|    clip_fraction        | 0.729      |
|    clip_range           | 0.2        |
|    entropy_loss         | 4.43       |
|    explained_variance   | 0.9362588  |
|    learning_rate        | 0.0003     |
|    loss                 | 0.134      |
|    n_updates            | 15000      |
|    policy_gradient_loss | -0.0365    |
|    std                  | 0.185      |
|    value_loss           | 1.63       |
----------------------------------------
---------------------------------------
| rollout/                |           |
|    ep_len_mean          | 351       |
|    ep_rew_mean          | 84.5      |
| time/                   |           |
|    fps                  | 1342      |
|    iterations           | 769       |
|    time_elapsed         | 1173      |
|    total_timesteps      | 3076096   |
| train/                  |           |
|    approx_kl            | 0.5190154 |
|    clip_fraction        | 0.727     |
|    clip_range           | 0.2       |
|    entropy_loss         | 4.44      |
|    explained_variance   | 0.9335501 |
|    learning_rate        | 0.0003    |
|    loss                 | 0.444     |
|    n_updates            | 15010     |
|    policy_gradient_loss | -0.0328   |
|    std                  | 0.185     |
|    value_loss           | 2.26      |
---------------------------------------
---------------------------------------
| rollout/                |           |
|    ep_len_mean          | 344       |
|    ep_rew_mean          | 82.1      |
| time/                   |           |
|    fps                  | 1342      |
|    iterations           | 770       |
|    time_elapsed         | 1174      |
|    total_timesteps      | 3078144   |
| train/                  |           |
|    approx_kl            | 0.4455073 |
|    clip_fraction        | 0.746     |
|    clip_range           | 0.2       |
|    entropy_loss         | 4.42      |
|    explained_variance   | 0.9411506 |
|    learning_rate        | 0.0003    |
|    loss                 | 0.247     |
|    n_updates            | 15020     |
|    policy_gradient_loss | -0.0317   |
|    std                  | 0.185     |
|    value_loss           | 1.46      |
---------------------------------------
----------------------------------------
| rollout/                |            |
|    ep_len_mean          | 349        |
|    ep_rew_mean          | 83.8       |
| time/                   |            |
|    fps                  | 1342       |
|    iterations           | 771        |
|    time_elapsed         | 1176       |
|    total_timesteps      | 3080192    |
| train/                  |            |
|    approx_kl            | 0.46897328 |
|    clip_fraction        | 0.745      |
|    clip_range           | 0.2        |
|    entropy_loss         | 4.42       |
|    explained_variance   | 0.9573372  |
|    learning_rate        | 0.0003     |
|    loss                 | 0.156      |
|    n_updates            | 15030      |
|    policy_gradient_loss | -0.0386    |
|    std                  | 0.185      |
|    value_loss           | 1.26       |
----------------------------------------
---------------------------------------
| rollout/                |           |
|    ep_len_mean          | 355       |
|    ep_rew_mean          | 85.3      |
| time/                   |           |
|    fps                  | 1342      |
|    iterations           | 772       |
|    time_elapsed         | 1178      |
|    total_timesteps      | 3082240   |
| train/                  |           |
|    approx_kl            | 0.6055998 |
|    clip_fraction        | 0.789     |
|    clip_range           | 0.2       |
|    entropy_loss         | 4.42      |
|    explained_variance   | 0.9343264 |
|    learning_rate        | 0.0003    |
|    loss                 | 0.547     |
|    n_updates            | 15040     |
|    policy_gradient_loss | -0.0268   |
|    std                  | 0.185     |
|    value_loss           | 1.23      |
---------------------------------------
----------------------------------------
| rollout/                |            |
|    ep_len_mean          | 354        |
|    ep_rew_mean          | 84.1       |
| time/                   |            |
|    fps                  | 1342       |
|    iterations           | 773        |
|    time_elapsed         | 1179       |
|    total_timesteps      | 3084288    |
| train/                  |            |
|    approx_kl            | 0.50649256 |
|    clip_fraction        | 0.766      |
|    clip_range           | 0.2        |
|    entropy_loss         | 4.38       |
|    explained_variance   | 0.94370687 |
|    learning_rate        | 0.0003     |
|    loss                 | 0.172      |
|    n_updates            | 15050      |
|    policy_gradient_loss | -0.0348    |
|    std                  | 0.185      |
|    value_loss           | 1.13       |
----------------------------------------
----------------------------------------
| rollout/                |            |
|    ep_len_mean          | 352        |
|    ep_rew_mean          | 83.5       |
| time/                   |            |
|    fps                  | 1342       |
|    iterations           | 774        |
|    time_elapsed         | 1180       |
|    total_timesteps      | 3086336    |
| train/                  |            |
|    approx_kl            | 0.43431538 |
|    clip_fraction        | 0.687      |
|    clip_range           | 0.2        |
|    entropy_loss         | 4.39       |
|    explained_variance   | 0.951267   |
|    learning_rate        | 0.0003     |
|    loss                 | 0.493      |
|    n_updates            | 15060      |
|    policy_gradient_loss | -0.0368    |
|    std                  | 0.185      |
|    value_loss           | 1.79       |
----------------------------------------
---------------------------------------
| rollout/                |           |
|    ep_len_mean          | 354       |
|    ep_rew_mean          | 84.2      |
| time/                   |           |
|    fps                  | 1342      |
|    iterations           | 775       |
|    time_elapsed         | 1182      |
|    total_timesteps      | 3088384   |
| train/                  |           |
|    approx_kl            | 0.3908953 |
|    clip_fraction        | 0.706     |
|    clip_range           | 0.2       |
|    entropy_loss         | 4.41      |
|    explained_variance   | 0.9562074 |
|    learning_rate        | 0.0003    |
|    loss                 | 0.219     |
|    n_updates            | 15070     |
|    policy_gradient_loss | -0.0357   |
|    std                  | 0.185     |
|    value_loss           | 1.25      |
---------------------------------------
----------------------------------------
| rollout/                |            |
|    ep_len_mean          | 354        |
|    ep_rew_mean          | 85         |
| time/                   |            |
|    fps                  | 1342       |
|    iterations           | 776        |
|    time_elapsed         | 1183       |
|    total_timesteps      | 3090432    |
| train/                  |            |
|    approx_kl            | 0.647217   |
|    clip_fraction        | 0.774      |
|    clip_range           | 0.2        |
|    entropy_loss         | 4.41       |
|    explained_variance   | 0.91316444 |
|    learning_rate        | 0.0003     |
|    loss                 | 0.0433     |
|    n_updates            | 15080      |
|    policy_gradient_loss | -0.0356    |
|    std                  | 0.185      |
|    value_loss           | 1.14       |
----------------------------------------
----------------------------------------
| rollout/                |            |
|    ep_len_mean          | 353        |
|    ep_rew_mean          | 84.5       |
| time/                   |            |
|    fps                  | 1342       |
|    iterations           | 777        |
|    time_elapsed         | 1185       |
|    total_timesteps      | 3092480    |
| train/                  |            |
|    approx_kl            | 0.4584291  |
|    clip_fraction        | 0.736      |
|    clip_range           | 0.2        |
|    entropy_loss         | 4.42       |
|    explained_variance   | 0.95098513 |
|    learning_rate        | 0.0003     |
|    loss                 | 0.141      |
|    n_updates            | 15090      |
|    policy_gradient_loss | -0.0374    |
|    std                  | 0.185      |
|    value_loss           | 1.77       |
----------------------------------------
----------------------------------------
| rollout/                |            |
|    ep_len_mean          | 354        |
|    ep_rew_mean          | 84.4       |
| time/                   |            |
|    fps                  | 1342       |
|    iterations           | 778        |
|    time_elapsed         | 1186       |
|    total_timesteps      | 3094528    |
| train/                  |            |
|    approx_kl            | 0.46622062 |
|    clip_fraction        | 0.744      |
|    clip_range           | 0.2        |
|    entropy_loss         | 4.43       |
|    explained_variance   | 0.9411596  |
|    learning_rate        | 0.0003     |
|    loss                 | 0.0959     |
|    n_updates            | 15100      |
|    policy_gradient_loss | -0.0394    |
|    std                  | 0.185      |
|    value_loss           | 1.73       |
----------------------------------------
----------------------------------------
| rollout/                |            |
|    ep_len_mean          | 352        |
|    ep_rew_mean          | 83.7       |
| time/                   |            |
|    fps                  | 1342       |
|    iterations           | 779        |
|    time_elapsed         | 1188       |
|    total_timesteps      | 3096576    |
| train/                  |            |
|    approx_kl            | 0.37673098 |
|    clip_fraction        | 0.73       |
|    clip_range           | 0.2        |
|    entropy_loss         | 4.43       |
|    explained_variance   | 0.94327873 |
|    learning_rate        | 0.0003     |
|    loss                 | 0.114      |
|    n_updates            | 15110      |
|    policy_gradient_loss | -0.0282    |
|    std                  | 0.184      |
|    value_loss           | 1.45       |
----------------------------------------
---------------------------------------
| rollout/                |           |
|    ep_len_mean          | 354       |
|    ep_rew_mean          | 83.5      |
| time/                   |           |
|    fps                  | 1342      |
|    iterations           | 780       |
|    time_elapsed         | 1189      |
|    total_timesteps      | 3098624   |
| train/                  |           |
|    approx_kl            | 0.5504335 |
|    clip_fraction        | 0.766     |
|    clip_range           | 0.2       |
|    entropy_loss         | 4.44      |
|    explained_variance   | 0.9597236 |
|    learning_rate        | 0.0003    |
|    loss                 | 0.0617    |
|    n_updates            | 15120     |
|    policy_gradient_loss | -0.0325   |
|    std                  | 0.184     |
|    value_loss           | 0.797     |
---------------------------------------
---------------------------------------
| rollout/                |           |
|    ep_len_mean          | 354       |
|    ep_rew_mean          | 83        |
| time/                   |           |
|    fps                  | 1342      |
|    iterations           | 781       |
|    time_elapsed         | 1191      |
|    total_timesteps      | 3100672   |
| train/                  |           |
|    approx_kl            | 0.3279922 |
|    clip_fraction        | 0.717     |
|    clip_range           | 0.2       |
|    entropy_loss         | 4.46      |
|    explained_variance   | 0.9252244 |
|    learning_rate        | 0.0003    |
|    loss                 | 0.177     |
|    n_updates            | 15130     |
|    policy_gradient_loss | -0.0348   |
|    std                  | 0.184     |
|    value_loss           | 1.5       |
---------------------------------------
----------------------------------------
| rollout/                |            |
|    ep_len_mean          | 351        |
|    ep_rew_mean          | 81.3       |
| time/                   |            |
|    fps                  | 1342       |
|    iterations           | 782        |
|    time_elapsed         | 1192       |
|    total_timesteps      | 3102720    |
| train/                  |            |
|    approx_kl            | 0.48795503 |
|    clip_fraction        | 0.764      |
|    clip_range           | 0.2        |
|    entropy_loss         | 4.5        |
|    explained_variance   | 0.9532483  |
|    learning_rate        | 0.0003     |
|    loss                 | 0.162      |
|    n_updates            | 15140      |
|    policy_gradient_loss | -0.0289    |
|    std                  | 0.183      |
|    value_loss           | 1.27       |
----------------------------------------
----------------------------------------
| rollout/                |            |
|    ep_len_mean          | 352        |
|    ep_rew_mean          | 82.4       |
| time/                   |            |
|    fps                  | 1342       |
|    iterations           | 783        |
|    time_elapsed         | 1194       |
|    total_timesteps      | 3104768    |
| train/                  |            |
|    approx_kl            | 0.45646697 |
|    clip_fraction        | 0.72       |
|    clip_range           | 0.2        |
|    entropy_loss         | 4.54       |
|    explained_variance   | 0.9161135  |
|    learning_rate        | 0.0003     |
|    loss                 | 0.106      |
|    n_updates            | 15150      |
|    policy_gradient_loss | -0.0411    |
|    std                  | 0.183      |
|    value_loss           | 1.78       |
----------------------------------------
----------------------------------------
| rollout/                |            |
|    ep_len_mean          | 352        |
|    ep_rew_mean          | 82         |
| time/                   |            |
|    fps                  | 1343       |
|    iterations           | 784        |
|    time_elapsed         | 1195       |
|    total_timesteps      | 3106816    |
| train/                  |            |
|    approx_kl            | 0.43757412 |
|    clip_fraction        | 0.743      |
|    clip_range           | 0.2        |
|    entropy_loss         | 4.54       |
|    explained_variance   | 0.9371658  |
|    learning_rate        | 0.0003     |
|    loss                 | 0.275      |
|    n_updates            | 15160      |
|    policy_gradient_loss | -0.0394    |
|    std                  | 0.183      |
|    value_loss           | 1.72       |
----------------------------------------
----------------------------------------
| rollout/                |            |
|    ep_len_mean          | 349        |
|    ep_rew_mean          | 80.9       |
| time/                   |            |
|    fps                  | 1343       |
|    iterations           | 785        |
|    time_elapsed         | 1196       |
|    total_timesteps      | 3108864    |
| train/                  |            |
|    approx_kl            | 0.47769427 |
|    clip_fraction        | 0.76       |
|    clip_range           | 0.2        |
|    entropy_loss         | 4.53       |
|    explained_variance   | 0.93049383 |
|    learning_rate        | 0.0003     |
|    loss                 | 0.428      |
|    n_updates            | 15170      |
|    policy_gradient_loss | -0.0347    |
|    std                  | 0.184      |
|    value_loss           | 1.67       |
----------------------------------------
----------------------------------------
| rollout/                |            |
|    ep_len_mean          | 347        |
|    ep_rew_mean          | 80         |
| time/                   |            |
|    fps                  | 1343       |
|    iterations           | 786        |
|    time_elapsed         | 1198       |
|    total_timesteps      | 3110912    |
| train/                  |            |
|    approx_kl            | 0.32836246 |
|    clip_fraction        | 0.697      |
|    clip_range           | 0.2        |
|    entropy_loss         | 4.51       |
|    explained_variance   | 0.9347352  |
|    learning_rate        | 0.0003     |
|    loss                 | 1.29       |
|    n_updates            | 15180      |
|    policy_gradient_loss | -0.0388    |
|    std                  | 0.183      |
|    value_loss           | 2.45       |
----------------------------------------
---------------------------------------
| rollout/                |           |
|    ep_len_mean          | 345       |
|    ep_rew_mean          | 78.8      |
| time/                   |           |
|    fps                  | 1343      |
|    iterations           | 787       |
|    time_elapsed         | 1199      |
|    total_timesteps      | 3112960   |
| train/                  |           |
|    approx_kl            | 0.5075779 |
|    clip_fraction        | 0.752     |
|    clip_range           | 0.2       |
|    entropy_loss         | 4.53      |
|    explained_variance   | 0.956796  |
|    learning_rate        | 0.0003    |
|    loss                 | 0.45      |
|    n_updates            | 15190     |
|    policy_gradient_loss | -0.0294   |
|    std                  | 0.183     |
|    value_loss           | 1.72      |
---------------------------------------
----------------------------------------
| rollout/                |            |
|    ep_len_mean          | 343        |
|    ep_rew_mean          | 78         |
| time/                   |            |
|    fps                  | 1343       |
|    iterations           | 788        |
|    time_elapsed         | 1201       |
|    total_timesteps      | 3115008    |
| train/                  |            |
|    approx_kl            | 0.41389912 |
|    clip_fraction        | 0.735      |
|    clip_range           | 0.2        |
|    entropy_loss         | 4.53       |
|    explained_variance   | 0.92657924 |
|    learning_rate        | 0.0003     |
|    loss                 | 0.403      |
|    n_updates            | 15200      |
|    policy_gradient_loss | -0.0353    |
|    std                  | 0.183      |
|    value_loss           | 2.18       |
----------------------------------------
----------------------------------------
| rollout/                |            |
|    ep_len_mean          | 336        |
|    ep_rew_mean          | 75.8       |
| time/                   |            |
|    fps                  | 1343       |
|    iterations           | 789        |
|    time_elapsed         | 1202       |
|    total_timesteps      | 3117056    |
| train/                  |            |
|    approx_kl            | 0.4114294  |
|    clip_fraction        | 0.733      |
|    clip_range           | 0.2        |
|    entropy_loss         | 4.55       |
|    explained_variance   | 0.89179015 |
|    learning_rate        | 0.0003     |
|    loss                 | 0.904      |
|    n_updates            | 15210      |
|    policy_gradient_loss | -0.0407    |
|    std                  | 0.183      |
|    value_loss           | 3.61       |
----------------------------------------
---------------------------------------
| rollout/                |           |
|    ep_len_mean          | 343       |
|    ep_rew_mean          | 78        |
| time/                   |           |
|    fps                  | 1343      |
|    iterations           | 790       |
|    time_elapsed         | 1204      |
|    total_timesteps      | 3119104   |
| train/                  |           |
|    approx_kl            | 0.5942698 |
|    clip_fraction        | 0.778     |
|    clip_range           | 0.2       |
|    entropy_loss         | 4.55      |
|    explained_variance   | 0.9210796 |
|    learning_rate        | 0.0003    |
|    loss                 | 0.349     |
|    n_updates            | 15220     |
|    policy_gradient_loss | -0.0348   |
|    std                  | 0.183     |
|    value_loss           | 2.08      |
---------------------------------------
---------------------------------------
| rollout/                |           |
|    ep_len_mean          | 347       |
|    ep_rew_mean          | 79.3      |
| time/                   |           |
|    fps                  | 1343      |
|    iterations           | 791       |
|    time_elapsed         | 1205      |
|    total_timesteps      | 3121152   |
| train/                  |           |
|    approx_kl            | 0.436754  |
|    clip_fraction        | 0.738     |
|    clip_range           | 0.2       |
|    entropy_loss         | 4.55      |
|    explained_variance   | 0.9084084 |
|    learning_rate        | 0.0003    |
|    loss                 | 0.869     |
|    n_updates            | 15230     |
|    policy_gradient_loss | -0.0355   |
|    std                  | 0.183     |
|    value_loss           | 2.24      |
---------------------------------------
----------------------------------------
| rollout/                |            |
|    ep_len_mean          | 349        |
|    ep_rew_mean          | 79.6       |
| time/                   |            |
|    fps                  | 1343       |
|    iterations           | 792        |
|    time_elapsed         | 1207       |
|    total_timesteps      | 3123200    |
| train/                  |            |
|    approx_kl            | 0.42842856 |
|    clip_fraction        | 0.746      |
|    clip_range           | 0.2        |
|    entropy_loss         | 4.54       |
|    explained_variance   | 0.9260067  |
|    learning_rate        | 0.0003     |
|    loss                 | 0.404      |
|    n_updates            | 15240      |
|    policy_gradient_loss | -0.0364    |
|    std                  | 0.183      |
|    value_loss           | 2.02       |
----------------------------------------
---------------------------------------
| rollout/                |           |
|    ep_len_mean          | 352       |
|    ep_rew_mean          | 80.1      |
| time/                   |           |
|    fps                  | 1343      |
|    iterations           | 793       |
|    time_elapsed         | 1208      |
|    total_timesteps      | 3125248   |
| train/                  |           |
|    approx_kl            | 0.4934076 |
|    clip_fraction        | 0.767     |
|    clip_range           | 0.2       |
|    entropy_loss         | 4.52      |
|    explained_variance   | 0.9252592 |
|    learning_rate        | 0.0003    |
|    loss                 | 0.418     |
|    n_updates            | 15250     |
|    policy_gradient_loss | -0.0286   |
|    std                  | 0.184     |
|    value_loss           | 1.95      |
---------------------------------------
----------------------------------------
| rollout/                |            |
|    ep_len_mean          | 351        |
|    ep_rew_mean          | 79         |
| time/                   |            |
|    fps                  | 1343       |
|    iterations           | 794        |
|    time_elapsed         | 1210       |
|    total_timesteps      | 3127296    |
| train/                  |            |
|    approx_kl            | 0.42177907 |
|    clip_fraction        | 0.746      |
|    clip_range           | 0.2        |
|    entropy_loss         | 4.48       |
|    explained_variance   | 0.9411021  |
|    learning_rate        | 0.0003     |
|    loss                 | 0.583      |
|    n_updates            | 15260      |
|    policy_gradient_loss | -0.033     |
|    std                  | 0.184      |
|    value_loss           | 1.88       |
----------------------------------------
----------------------------------------
| rollout/                |            |
|    ep_len_mean          | 353        |
|    ep_rew_mean          | 80.2       |
| time/                   |            |
|    fps                  | 1343       |
|    iterations           | 795        |
|    time_elapsed         | 1211       |
|    total_timesteps      | 3129344    |
| train/                  |            |
|    approx_kl            | 0.44263142 |
|    clip_fraction        | 0.753      |
|    clip_range           | 0.2        |
|    entropy_loss         | 4.47       |
|    explained_variance   | 0.95412886 |
|    learning_rate        | 0.0003     |
|    loss                 | 0.242      |
|    n_updates            | 15270      |
|    policy_gradient_loss | -0.0311    |
|    std                  | 0.184      |
|    value_loss           | 1.7        |
----------------------------------------
----------------------------------------
| rollout/                |            |
|    ep_len_mean          | 357        |
|    ep_rew_mean          | 80.9       |
| time/                   |            |
|    fps                  | 1343       |
|    iterations           | 796        |
|    time_elapsed         | 1213       |
|    total_timesteps      | 3131392    |
| train/                  |            |
|    approx_kl            | 0.49308026 |
|    clip_fraction        | 0.751      |
|    clip_range           | 0.2        |
|    entropy_loss         | 4.5        |
|    explained_variance   | 0.94104326 |
|    learning_rate        | 0.0003     |
|    loss                 | 0.413      |
|    n_updates            | 15280      |
|    policy_gradient_loss | -0.0344    |
|    std                  | 0.183      |
|    value_loss           | 2.04       |
----------------------------------------
----------------------------------------
| rollout/                |            |
|    ep_len_mean          | 357        |
|    ep_rew_mean          | 81.2       |
| time/                   |            |
|    fps                  | 1343       |
|    iterations           | 797        |
|    time_elapsed         | 1214       |
|    total_timesteps      | 3133440    |
| train/                  |            |
|    approx_kl            | 0.4146378  |
|    clip_fraction        | 0.737      |
|    clip_range           | 0.2        |
|    entropy_loss         | 4.52       |
|    explained_variance   | 0.91442764 |
|    learning_rate        | 0.0003     |
|    loss                 | 0.217      |
|    n_updates            | 15290      |
|    policy_gradient_loss | -0.0271    |
|    std                  | 0.183      |
|    value_loss           | 1.32       |
----------------------------------------
----------------------------------------
| rollout/                |            |
|    ep_len_mean          | 354        |
|    ep_rew_mean          | 81.2       |
| time/                   |            |
|    fps                  | 1343       |
|    iterations           | 798        |
|    time_elapsed         | 1216       |
|    total_timesteps      | 3135488    |
| train/                  |            |
|    approx_kl            | 0.38930798 |
|    clip_fraction        | 0.702      |
|    clip_range           | 0.2        |
|    entropy_loss         | 4.56       |
|    explained_variance   | 0.9443003  |
|    learning_rate        | 0.0003     |
|    loss                 | 0.526      |
|    n_updates            | 15300      |
|    policy_gradient_loss | -0.0455    |
|    std                  | 0.182      |
|    value_loss           | 2.38       |
----------------------------------------
----------------------------------------
| rollout/                |            |
|    ep_len_mean          | 352        |
|    ep_rew_mean          | 81.3       |
| time/                   |            |
|    fps                  | 1344       |
|    iterations           | 799        |
|    time_elapsed         | 1217       |
|    total_timesteps      | 3137536    |
| train/                  |            |
|    approx_kl            | 0.56820035 |
|    clip_fraction        | 0.736      |
|    clip_range           | 0.2        |
|    entropy_loss         | 4.59       |
|    explained_variance   | 0.9344292  |
|    learning_rate        | 0.0003     |
|    loss                 | 0.336      |
|    n_updates            | 15310      |
|    policy_gradient_loss | -0.0326    |
|    std                  | 0.182      |
|    value_loss           | 1.93       |
----------------------------------------
----------------------------------------
| rollout/                |            |
|    ep_len_mean          | 351        |
|    ep_rew_mean          | 80.4       |
| time/                   |            |
|    fps                  | 1344       |
|    iterations           | 800        |
|    time_elapsed         | 1218       |
|    total_timesteps      | 3139584    |
| train/                  |            |
|    approx_kl            | 0.70075744 |
|    clip_fraction        | 0.782      |
|    clip_range           | 0.2        |
|    entropy_loss         | 4.6        |
|    explained_variance   | 0.9497438  |
|    learning_rate        | 0.0003     |
|    loss                 | 0.212      |
|    n_updates            | 15320      |
|    policy_gradient_loss | -0.029     |
|    std                  | 0.182      |
|    value_loss           | 1.3        |
----------------------------------------
---------------------------------------
| rollout/                |           |
|    ep_len_mean          | 346       |
|    ep_rew_mean          | 79        |
| time/                   |           |
|    fps                  | 1344      |
|    iterations           | 801       |
|    time_elapsed         | 1220      |
|    total_timesteps      | 3141632   |
| train/                  |           |
|    approx_kl            | 0.437752  |
|    clip_fraction        | 0.737     |
|    clip_range           | 0.2       |
|    entropy_loss         | 4.59      |
|    explained_variance   | 0.9387394 |
|    learning_rate        | 0.0003    |
|    loss                 | 0.611     |
|    n_updates            | 15330     |
|    policy_gradient_loss | -0.0297   |
|    std                  | 0.182     |
|    value_loss           | 1.85      |
---------------------------------------
----------------------------------------
| rollout/                |            |
|    ep_len_mean          | 349        |
|    ep_rew_mean          | 80.2       |
| time/                   |            |
|    fps                  | 1344       |
|    iterations           | 802        |
|    time_elapsed         | 1221       |
|    total_timesteps      | 3143680    |
| train/                  |            |
|    approx_kl            | 0.47338867 |
|    clip_fraction        | 0.73       |
|    clip_range           | 0.2        |
|    entropy_loss         | 4.56       |
|    explained_variance   | 0.9587912  |
|    learning_rate        | 0.0003     |
|    loss                 | 0.239      |
|    n_updates            | 15340      |
|    policy_gradient_loss | -0.0329    |
|    std                  | 0.183      |
|    value_loss           | 1.23       |
----------------------------------------
----------------------------------------
| rollout/                |            |
|    ep_len_mean          | 353        |
|    ep_rew_mean          | 81.5       |
| time/                   |            |
|    fps                  | 1344       |
|    iterations           | 803        |
|    time_elapsed         | 1223       |
|    total_timesteps      | 3145728    |
| train/                  |            |
|    approx_kl            | 0.49534515 |
|    clip_fraction        | 0.766      |
|    clip_range           | 0.2        |
|    entropy_loss         | 4.57       |
|    explained_variance   | 0.95267934 |
|    learning_rate        | 0.0003     |
|    loss                 | 0.109      |
|    n_updates            | 15350      |
|    policy_gradient_loss | -0.0269    |
|    std                  | 0.182      |
|    value_loss           | 1.17       |
----------------------------------------
---------------------------------------
| rollout/                |           |
|    ep_len_mean          | 357       |
|    ep_rew_mean          | 82.8      |
| time/                   |           |
|    fps                  | 1344      |
|    iterations           | 804       |
|    time_elapsed         | 1224      |
|    total_timesteps      | 3147776   |
| train/                  |           |
|    approx_kl            | 1.1556513 |
|    clip_fraction        | 0.8       |
|    clip_range           | 0.2       |
|    entropy_loss         | 4.6       |
|    explained_variance   | 0.9574314 |
|    learning_rate        | 0.0003    |
|    loss                 | 0.118     |
|    n_updates            | 15360     |
|    policy_gradient_loss | -0.0264   |
|    std                  | 0.182     |
|    value_loss           | 1.01      |
---------------------------------------
----------------------------------------
| rollout/                |            |
|    ep_len_mean          | 351        |
|    ep_rew_mean          | 80         |
| time/                   |            |
|    fps                  | 1344       |
|    iterations           | 805        |
|    time_elapsed         | 1226       |
|    total_timesteps      | 3149824    |
| train/                  |            |
|    approx_kl            | 0.42689446 |
|    clip_fraction        | 0.73       |
|    clip_range           | 0.2        |
|    entropy_loss         | 4.61       |
|    explained_variance   | 0.93763125 |
|    learning_rate        | 0.0003     |
|    loss                 | 0.234      |
|    n_updates            | 15370      |
|    policy_gradient_loss | -0.0275    |
|    std                  | 0.182      |
|    value_loss           | 1.4        |
----------------------------------------
----------------------------------------
| rollout/                |            |
|    ep_len_mean          | 353        |
|    ep_rew_mean          | 80.8       |
| time/                   |            |
|    fps                  | 1344       |
|    iterations           | 806        |
|    time_elapsed         | 1227       |
|    total_timesteps      | 3151872    |
| train/                  |            |
|    approx_kl            | 0.41216433 |
|    clip_fraction        | 0.74       |
|    clip_range           | 0.2        |
|    entropy_loss         | 4.63       |
|    explained_variance   | 0.95167494 |
|    learning_rate        | 0.0003     |
|    loss                 | 0.199      |
|    n_updates            | 15380      |
|    policy_gradient_loss | -0.0318    |
|    std                  | 0.182      |
|    value_loss           | 1.44       |
----------------------------------------
----------------------------------------
| rollout/                |            |
|    ep_len_mean          | 348        |
|    ep_rew_mean          | 79.4       |
| time/                   |            |
|    fps                  | 1344       |
|    iterations           | 807        |
|    time_elapsed         | 1228       |
|    total_timesteps      | 3153920    |
| train/                  |            |
|    approx_kl            | 0.44966215 |
|    clip_fraction        | 0.739      |
|    clip_range           | 0.2        |
|    entropy_loss         | 4.64       |
|    explained_variance   | 0.93572354 |
|    learning_rate        | 0.0003     |
|    loss                 | 0.133      |
|    n_updates            | 15390      |
|    policy_gradient_loss | -0.0331    |
|    std                  | 0.181      |
|    value_loss           | 1.55       |
----------------------------------------
----------------------------------------
| rollout/                |            |
|    ep_len_mean          | 348        |
|    ep_rew_mean          | 79.5       |
| time/                   |            |
|    fps                  | 1344       |
|    iterations           | 808        |
|    time_elapsed         | 1230       |
|    total_timesteps      | 3155968    |
| train/                  |            |
|    approx_kl            | 0.46842265 |
|    clip_fraction        | 0.748      |
|    clip_range           | 0.2        |
|    entropy_loss         | 4.68       |
|    explained_variance   | 0.9433881  |
|    learning_rate        | 0.0003     |
|    loss                 | 0.239      |
|    n_updates            | 15400      |
|    policy_gradient_loss | -0.0358    |
|    std                  | 0.181      |
|    value_loss           | 1.69       |
----------------------------------------
---------------------------------------
| rollout/                |           |
|    ep_len_mean          | 345       |
|    ep_rew_mean          | 78.2      |
| time/                   |           |
|    fps                  | 1344      |
|    iterations           | 809       |
|    time_elapsed         | 1231      |
|    total_timesteps      | 3158016   |
| train/                  |           |
|    approx_kl            | 0.4439804 |
|    clip_fraction        | 0.741     |
|    clip_range           | 0.2       |
|    entropy_loss         | 4.72      |
|    explained_variance   | 0.9154358 |
|    learning_rate        | 0.0003    |
|    loss                 | 0.621     |
|    n_updates            | 15410     |
|    policy_gradient_loss | -0.0397   |
|    std                  | 0.181     |
|    value_loss           | 2.64      |
---------------------------------------
----------------------------------------
| rollout/                |            |
|    ep_len_mean          | 341        |
|    ep_rew_mean          | 76.9       |
| time/                   |            |
|    fps                  | 1344       |
|    iterations           | 810        |
|    time_elapsed         | 1233       |
|    total_timesteps      | 3160064    |
| train/                  |            |
|    approx_kl            | 0.380224   |
|    clip_fraction        | 0.706      |
|    clip_range           | 0.2        |
|    entropy_loss         | 4.71       |
|    explained_variance   | 0.94242847 |
|    learning_rate        | 0.0003     |
|    loss                 | 0.54       |
|    n_updates            | 15420      |
|    policy_gradient_loss | -0.0285    |
|    std                  | 0.181      |
|    value_loss           | 1.86       |
----------------------------------------
----------------------------------------
| rollout/                |            |
|    ep_len_mean          | 343        |
|    ep_rew_mean          | 77.8       |
| time/                   |            |
|    fps                  | 1345       |
|    iterations           | 811        |
|    time_elapsed         | 1234       |
|    total_timesteps      | 3162112    |
| train/                  |            |
|    approx_kl            | 0.5241618  |
|    clip_fraction        | 0.759      |
|    clip_range           | 0.2        |
|    entropy_loss         | 4.72       |
|    explained_variance   | 0.94278353 |
|    learning_rate        | 0.0003     |
|    loss                 | 0.0907     |
|    n_updates            | 15430      |
|    policy_gradient_loss | -0.0284    |
|    std                  | 0.181      |
|    value_loss           | 1.68       |
----------------------------------------
----------------------------------------
| rollout/                |            |
|    ep_len_mean          | 340        |
|    ep_rew_mean          | 76.1       |
| time/                   |            |
|    fps                  | 1345       |
|    iterations           | 812        |
|    time_elapsed         | 1236       |
|    total_timesteps      | 3164160    |
| train/                  |            |
|    approx_kl            | 0.43544045 |
|    clip_fraction        | 0.748      |
|    clip_range           | 0.2        |
|    entropy_loss         | 4.73       |
|    explained_variance   | 0.9605257  |
|    learning_rate        | 0.0003     |
|    loss                 | 0.111      |
|    n_updates            | 15440      |
|    policy_gradient_loss | -0.0346    |
|    std                  | 0.18       |
|    value_loss           | 1.19       |
----------------------------------------
----------------------------------------
| rollout/                |            |
|    ep_len_mean          | 336        |
|    ep_rew_mean          | 75         |
| time/                   |            |
|    fps                  | 1345       |
|    iterations           | 813        |
|    time_elapsed         | 1237       |
|    total_timesteps      | 3166208    |
| train/                  |            |
|    approx_kl            | 0.36188537 |
|    clip_fraction        | 0.678      |
|    clip_range           | 0.2        |
|    entropy_loss         | 4.78       |
|    explained_variance   | 0.91982436 |
|    learning_rate        | 0.0003     |
|    loss                 | 0.711      |
|    n_updates            | 15450      |
|    policy_gradient_loss | -0.0317    |
|    std                  | 0.18       |
|    value_loss           | 2.36       |
----------------------------------------
----------------------------------------
| rollout/                |            |
|    ep_len_mean          | 336        |
|    ep_rew_mean          | 74.9       |
| time/                   |            |
|    fps                  | 1345       |
|    iterations           | 814        |
|    time_elapsed         | 1239       |
|    total_timesteps      | 3168256    |
| train/                  |            |
|    approx_kl            | 0.48623717 |
|    clip_fraction        | 0.739      |
|    clip_range           | 0.2        |
|    entropy_loss         | 4.83       |
|    explained_variance   | 0.8962427  |
|    learning_rate        | 0.0003     |
|    loss                 | 0.369      |
|    n_updates            | 15460      |
|    policy_gradient_loss | -0.0348    |
|    std                  | 0.18       |
|    value_loss           | 2.52       |
----------------------------------------
----------------------------------------
| rollout/                |            |
|    ep_len_mean          | 336        |
|    ep_rew_mean          | 74.6       |
| time/                   |            |
|    fps                  | 1345       |
|    iterations           | 815        |
|    time_elapsed         | 1240       |
|    total_timesteps      | 3170304    |
| train/                  |            |
|    approx_kl            | 0.6102916  |
|    clip_fraction        | 0.788      |
|    clip_range           | 0.2        |
|    entropy_loss         | 4.83       |
|    explained_variance   | 0.95177054 |
|    learning_rate        | 0.0003     |
|    loss                 | 0.268      |
|    n_updates            | 15470      |
|    policy_gradient_loss | -0.0257    |
|    std                  | 0.179      |
|    value_loss           | 1.44       |
----------------------------------------
----------------------------------------
| rollout/                |            |
|    ep_len_mean          | 337        |
|    ep_rew_mean          | 74.8       |
| time/                   |            |
|    fps                  | 1345       |
|    iterations           | 816        |
|    time_elapsed         | 1242       |
|    total_timesteps      | 3172352    |
| train/                  |            |
|    approx_kl            | 0.47480303 |
|    clip_fraction        | 0.751      |
|    clip_range           | 0.2        |
|    entropy_loss         | 4.86       |
|    explained_variance   | 0.8977051  |
|    learning_rate        | 0.0003     |
|    loss                 | 0.455      |
|    n_updates            | 15480      |
|    policy_gradient_loss | -0.0322    |
|    std                  | 0.179      |
|    value_loss           | 2.77       |
----------------------------------------
---------------------------------------
| rollout/                |           |
|    ep_len_mean          | 340       |
|    ep_rew_mean          | 75.7      |
| time/                   |           |
|    fps                  | 1345      |
|    iterations           | 817       |
|    time_elapsed         | 1243      |
|    total_timesteps      | 3174400   |
| train/                  |           |
|    approx_kl            | 0.4813073 |
|    clip_fraction        | 0.735     |
|    clip_range           | 0.2       |
|    entropy_loss         | 4.91      |
|    explained_variance   | 0.8962184 |
|    learning_rate        | 0.0003    |
|    loss                 | 0.285     |
|    n_updates            | 15490     |
|    policy_gradient_loss | -0.0294   |
|    std                  | 0.178     |
|    value_loss           | 2.19      |
---------------------------------------
----------------------------------------
| rollout/                |            |
|    ep_len_mean          | 338        |
|    ep_rew_mean          | 75.4       |
| time/                   |            |
|    fps                  | 1345       |
|    iterations           | 818        |
|    time_elapsed         | 1244       |
|    total_timesteps      | 3176448    |
| train/                  |            |
|    approx_kl            | 0.5688921  |
|    clip_fraction        | 0.765      |
|    clip_range           | 0.2        |
|    entropy_loss         | 4.98       |
|    explained_variance   | 0.95645547 |
|    learning_rate        | 0.0003     |
|    loss                 | 0.0489     |
|    n_updates            | 15500      |
|    policy_gradient_loss | -0.0258    |
|    std                  | 0.178      |
|    value_loss           | 1.2        |
----------------------------------------
----------------------------------------
| rollout/                |            |
|    ep_len_mean          | 332        |
|    ep_rew_mean          | 73.7       |
| time/                   |            |
|    fps                  | 1345       |
|    iterations           | 819        |
|    time_elapsed         | 1246       |
|    total_timesteps      | 3178496    |
| train/                  |            |
|    approx_kl            | 0.4306045  |
|    clip_fraction        | 0.734      |
|    clip_range           | 0.2        |
|    entropy_loss         | 5          |
|    explained_variance   | 0.92427385 |
|    learning_rate        | 0.0003     |
|    loss                 | 0.437      |
|    n_updates            | 15510      |
|    policy_gradient_loss | -0.0274    |
|    std                  | 0.177      |
|    value_loss           | 2.49       |
----------------------------------------
----------------------------------------
| rollout/                |            |
|    ep_len_mean          | 328        |
|    ep_rew_mean          | 72.6       |
| time/                   |            |
|    fps                  | 1345       |
|    iterations           | 820        |
|    time_elapsed         | 1247       |
|    total_timesteps      | 3180544    |
| train/                  |            |
|    approx_kl            | 0.49557862 |
|    clip_fraction        | 0.747      |
|    clip_range           | 0.2        |
|    entropy_loss         | 5.03       |
|    explained_variance   | 0.94188637 |
|    learning_rate        | 0.0003     |
|    loss                 | 0.575      |
|    n_updates            | 15520      |
|    policy_gradient_loss | -0.0308    |
|    std                  | 0.177      |
|    value_loss           | 2.55       |
----------------------------------------
----------------------------------------
| rollout/                |            |
|    ep_len_mean          | 324        |
|    ep_rew_mean          | 71.6       |
| time/                   |            |
|    fps                  | 1345       |
|    iterations           | 821        |
|    time_elapsed         | 1249       |
|    total_timesteps      | 3182592    |
| train/                  |            |
|    approx_kl            | 0.42886037 |
|    clip_fraction        | 0.735      |
|    clip_range           | 0.2        |
|    entropy_loss         | 5.09       |
|    explained_variance   | 0.9119157  |
|    learning_rate        | 0.0003     |
|    loss                 | 0.698      |
|    n_updates            | 15530      |
|    policy_gradient_loss | -0.0274    |
|    std                  | 0.176      |
|    value_loss           | 2.74       |
----------------------------------------
----------------------------------------
| rollout/                |            |
|    ep_len_mean          | 325        |
|    ep_rew_mean          | 72.6       |
| time/                   |            |
|    fps                  | 1345       |
|    iterations           | 822        |
|    time_elapsed         | 1250       |
|    total_timesteps      | 3184640    |
| train/                  |            |
|    approx_kl            | 0.66781884 |
|    clip_fraction        | 0.788      |
|    clip_range           | 0.2        |
|    entropy_loss         | 5.11       |
|    explained_variance   | 0.9594332  |
|    learning_rate        | 0.0003     |
|    loss                 | 0.13       |
|    n_updates            | 15540      |
|    policy_gradient_loss | -0.0238    |
|    std                  | 0.176      |
|    value_loss           | 1.39       |
----------------------------------------
---------------------------------------
| rollout/                |           |
|    ep_len_mean          | 324       |
|    ep_rew_mean          | 71.4      |
| time/                   |           |
|    fps                  | 1346      |
|    iterations           | 823       |
|    time_elapsed         | 1252      |
|    total_timesteps      | 3186688   |
| train/                  |           |
|    approx_kl            | 0.8788188 |
|    clip_fraction        | 0.811     |
|    clip_range           | 0.2       |
|    entropy_loss         | 5.09      |
|    explained_variance   | 0.9277255 |
|    learning_rate        | 0.0003    |
|    loss                 | 0.184     |
|    n_updates            | 15550     |
|    policy_gradient_loss | -0.0216   |
|    std                  | 0.177     |
|    value_loss           | 1.61      |
---------------------------------------
----------------------------------------
| rollout/                |            |
|    ep_len_mean          | 322        |
|    ep_rew_mean          | 71.2       |
| time/                   |            |
|    fps                  | 1346       |
|    iterations           | 824        |
|    time_elapsed         | 1253       |
|    total_timesteps      | 3188736    |
| train/                  |            |
|    approx_kl            | 0.34185123 |
|    clip_fraction        | 0.696      |
|    clip_range           | 0.2        |
|    entropy_loss         | 5.08       |
|    explained_variance   | 0.895754   |
|    learning_rate        | 0.0003     |
|    loss                 | 0.662      |
|    n_updates            | 15560      |
|    policy_gradient_loss | -0.031     |
|    std                  | 0.177      |
|    value_loss           | 2.93       |
----------------------------------------
----------------------------------------
| rollout/                |            |
|    ep_len_mean          | 320        |
|    ep_rew_mean          | 70.8       |
| time/                   |            |
|    fps                  | 1346       |
|    iterations           | 825        |
|    time_elapsed         | 1255       |
|    total_timesteps      | 3190784    |
| train/                  |            |
|    approx_kl            | 0.72161704 |
|    clip_fraction        | 0.799      |
|    clip_range           | 0.2        |
|    entropy_loss         | 5.07       |
|    explained_variance   | 0.9567262  |
|    learning_rate        | 0.0003     |
|    loss                 | 0.199      |
|    n_updates            | 15570      |
|    policy_gradient_loss | -0.0119    |
|    std                  | 0.177      |
|    value_loss           | 0.947      |
----------------------------------------
----------------------------------------
| rollout/                |            |
|    ep_len_mean          | 309        |
|    ep_rew_mean          | 66.5       |
| time/                   |            |
|    fps                  | 1346       |
|    iterations           | 826        |
|    time_elapsed         | 1256       |
|    total_timesteps      | 3192832    |
| train/                  |            |
|    approx_kl            | 0.43989074 |
|    clip_fraction        | 0.729      |
|    clip_range           | 0.2        |
|    entropy_loss         | 5.09       |
|    explained_variance   | 0.9295318  |
|    learning_rate        | 0.0003     |
|    loss                 | 0.467      |
|    n_updates            | 15580      |
|    policy_gradient_loss | -0.0344    |
|    std                  | 0.176      |
|    value_loss           | 2.31       |
----------------------------------------
----------------------------------------
| rollout/                |            |
|    ep_len_mean          | 310        |
|    ep_rew_mean          | 67.4       |
| time/                   |            |
|    fps                  | 1346       |
|    iterations           | 827        |
|    time_elapsed         | 1257       |
|    total_timesteps      | 3194880    |
| train/                  |            |
|    approx_kl            | 0.34601834 |
|    clip_fraction        | 0.705      |
|    clip_range           | 0.2        |
|    entropy_loss         | 5.1        |
|    explained_variance   | 0.9364129  |
|    learning_rate        | 0.0003     |
|    loss                 | 0.632      |
|    n_updates            | 15590      |
|    policy_gradient_loss | -0.0251    |
|    std                  | 0.176      |
|    value_loss           | 1.88       |
----------------------------------------
---------------------------------------
| rollout/                |           |
|    ep_len_mean          | 307       |
|    ep_rew_mean          | 66.6      |
| time/                   |           |
|    fps                  | 1346      |
|    iterations           | 828       |
|    time_elapsed         | 1259      |
|    total_timesteps      | 3196928   |
| train/                  |           |
|    approx_kl            | 0.7320136 |
|    clip_fraction        | 0.777     |
|    clip_range           | 0.2       |
|    entropy_loss         | 5.06      |
|    explained_variance   | 0.9351474 |
|    learning_rate        | 0.0003    |
|    loss                 | 0.205     |
|    n_updates            | 15600     |
|    policy_gradient_loss | -0.0224   |
|    std                  | 0.177     |
|    value_loss           | 1.72      |
---------------------------------------
----------------------------------------
| rollout/                |            |
|    ep_len_mean          | 306        |
|    ep_rew_mean          | 66.1       |
| time/                   |            |
|    fps                  | 1346       |
|    iterations           | 829        |
|    time_elapsed         | 1260       |
|    total_timesteps      | 3198976    |
| train/                  |            |
|    approx_kl            | 0.49016666 |
|    clip_fraction        | 0.762      |
|    clip_range           | 0.2        |
|    entropy_loss         | 5.04       |
|    explained_variance   | 0.91950846 |
|    learning_rate        | 0.0003     |
|    loss                 | 0.614      |
|    n_updates            | 15610      |
|    policy_gradient_loss | -0.0396    |
|    std                  | 0.177      |
|    value_loss           | 2.54       |
----------------------------------------
----------------------------------------
| rollout/                |            |
|    ep_len_mean          | 301        |
|    ep_rew_mean          | 63.3       |
| time/                   |            |
|    fps                  | 1346       |
|    iterations           | 830        |
|    time_elapsed         | 1262       |
|    total_timesteps      | 3201024    |
| train/                  |            |
|    approx_kl            | 0.7087552  |
|    clip_fraction        | 0.791      |
|    clip_range           | 0.2        |
|    entropy_loss         | 5.05       |
|    explained_variance   | 0.93652976 |
|    learning_rate        | 0.0003     |
|    loss                 | 0.411      |
|    n_updates            | 15620      |
|    policy_gradient_loss | -0.0176    |
|    std                  | 0.177      |
|    value_loss           | 1.35       |
----------------------------------------
---------------------------------------
| rollout/                |           |
|    ep_len_mean          | 302       |
|    ep_rew_mean          | 63.8      |
| time/                   |           |
|    fps                  | 1346      |
|    iterations           | 831       |
|    time_elapsed         | 1263      |
|    total_timesteps      | 3203072   |
| train/                  |           |
|    approx_kl            | 0.3105128 |
|    clip_fraction        | 0.671     |
|    clip_range           | 0.2       |
|    entropy_loss         | 5.05      |
|    explained_variance   | 0.8824804 |
|    learning_rate        | 0.0003    |
|    loss                 | 0.917     |
|    n_updates            | 15630     |
|    policy_gradient_loss | -0.0432   |
|    std                  | 0.177     |
|    value_loss           | 2.97      |
---------------------------------------
---------------------------------------
| rollout/                |           |
|    ep_len_mean          | 304       |
|    ep_rew_mean          | 64.9      |
| time/                   |           |
|    fps                  | 1346      |
|    iterations           | 832       |
|    time_elapsed         | 1265      |
|    total_timesteps      | 3205120   |
| train/                  |           |
|    approx_kl            | 0.5703034 |
|    clip_fraction        | 0.773     |
|    clip_range           | 0.2       |
|    entropy_loss         | 5.08      |
|    explained_variance   | 0.954246  |
|    learning_rate        | 0.0003    |
|    loss                 | 0.281     |
|    n_updates            | 15640     |
|    policy_gradient_loss | -0.0231   |
|    std                  | 0.176     |
|    value_loss           | 1.29      |
---------------------------------------
---------------------------------------
| rollout/                |           |
|    ep_len_mean          | 303       |
|    ep_rew_mean          | 64.5      |
| time/                   |           |
|    fps                  | 1347      |
|    iterations           | 833       |
|    time_elapsed         | 1266      |
|    total_timesteps      | 3207168   |
| train/                  |           |
|    approx_kl            | 0.5351707 |
|    clip_fraction        | 0.771     |
|    clip_range           | 0.2       |
|    entropy_loss         | 5.09      |
|    explained_variance   | 0.8976472 |
|    learning_rate        | 0.0003    |
|    loss                 | 0.556     |
|    n_updates            | 15650     |
|    policy_gradient_loss | -0.0374   |
|    std                  | 0.177     |
|    value_loss           | 2.27      |
---------------------------------------
---------------------------------------
| rollout/                |           |
|    ep_len_mean          | 299       |
|    ep_rew_mean          | 62.6      |
| time/                   |           |
|    fps                  | 1347      |
|    iterations           | 834       |
|    time_elapsed         | 1267      |
|    total_timesteps      | 3209216   |
| train/                  |           |
|    approx_kl            | 0.5153922 |
|    clip_fraction        | 0.731     |
|    clip_range           | 0.2       |
|    entropy_loss         | 5.11      |
|    explained_variance   | 0.942934  |
|    learning_rate        | 0.0003    |
|    loss                 | 0.0603    |
|    n_updates            | 15660     |
|    policy_gradient_loss | -0.0256   |
|    std                  | 0.176     |
|    value_loss           | 1.32      |
---------------------------------------
---------------------------------------
| rollout/                |           |
|    ep_len_mean          | 300       |
|    ep_rew_mean          | 62.6      |
| time/                   |           |
|    fps                  | 1347      |
|    iterations           | 835       |
|    time_elapsed         | 1269      |
|    total_timesteps      | 3211264   |
| train/                  |           |
|    approx_kl            | 0.4174441 |
|    clip_fraction        | 0.702     |
|    clip_range           | 0.2       |
|    entropy_loss         | 5.13      |
|    explained_variance   | 0.9426232 |
|    learning_rate        | 0.0003    |
|    loss                 | 0.237     |
|    n_updates            | 15670     |
|    policy_gradient_loss | -0.0259   |
|    std                  | 0.176     |
|    value_loss           | 1.85      |
---------------------------------------
---------------------------------------
| rollout/                |           |
|    ep_len_mean          | 300       |
|    ep_rew_mean          | 62.2      |
| time/                   |           |
|    fps                  | 1347      |
|    iterations           | 836       |
|    time_elapsed         | 1270      |
|    total_timesteps      | 3213312   |
| train/                  |           |
|    approx_kl            | 0.5267265 |
|    clip_fraction        | 0.722     |
|    clip_range           | 0.2       |
|    entropy_loss         | 5.15      |
|    explained_variance   | 0.9406209 |
|    learning_rate        | 0.0003    |
|    loss                 | 0.314     |
|    n_updates            | 15680     |
|    policy_gradient_loss | -0.0316   |
|    std                  | 0.176     |
|    value_loss           | 1.65      |
---------------------------------------
---------------------------------------
| rollout/                |           |
|    ep_len_mean          | 300       |
|    ep_rew_mean          | 61.4      |
| time/                   |           |
|    fps                  | 1347      |
|    iterations           | 837       |
|    time_elapsed         | 1272      |
|    total_timesteps      | 3215360   |
| train/                  |           |
|    approx_kl            | 0.5707177 |
|    clip_fraction        | 0.767     |
|    clip_range           | 0.2       |
|    entropy_loss         | 5.15      |
|    explained_variance   | 0.9580442 |
|    learning_rate        | 0.0003    |
|    loss                 | 0.272     |
|    n_updates            | 15690     |
|    policy_gradient_loss | -0.0265   |
|    std                  | 0.176     |
|    value_loss           | 1.25      |
---------------------------------------
---------------------------------------
| rollout/                |           |
|    ep_len_mean          | 299       |
|    ep_rew_mean          | 61.4      |
| time/                   |           |
|    fps                  | 1347      |
|    iterations           | 838       |
|    time_elapsed         | 1273      |
|    total_timesteps      | 3217408   |
| train/                  |           |
|    approx_kl            | 0.5415382 |
|    clip_fraction        | 0.728     |
|    clip_range           | 0.2       |
|    entropy_loss         | 5.16      |
|    explained_variance   | 0.9316332 |
|    learning_rate        | 0.0003    |
|    loss                 | 0.713     |
|    n_updates            | 15700     |
|    policy_gradient_loss | -0.0354   |
|    std                  | 0.176     |
|    value_loss           | 2.34      |
---------------------------------------
----------------------------------------
| rollout/                |            |
|    ep_len_mean          | 298        |
|    ep_rew_mean          | 60.6       |
| time/                   |            |
|    fps                  | 1347       |
|    iterations           | 839        |
|    time_elapsed         | 1274       |
|    total_timesteps      | 3219456    |
| train/                  |            |
|    approx_kl            | 0.4617511  |
|    clip_fraction        | 0.721      |
|    clip_range           | 0.2        |
|    entropy_loss         | 5.17       |
|    explained_variance   | 0.94092923 |
|    learning_rate        | 0.0003     |
|    loss                 | 0.439      |
|    n_updates            | 15710      |
|    policy_gradient_loss | -0.0381    |
|    std                  | 0.176      |
|    value_loss           | 2.26       |
----------------------------------------
----------------------------------------
| rollout/                |            |
|    ep_len_mean          | 298        |
|    ep_rew_mean          | 61         |
| time/                   |            |
|    fps                  | 1347       |
|    iterations           | 840        |
|    time_elapsed         | 1276       |
|    total_timesteps      | 3221504    |
| train/                  |            |
|    approx_kl            | 0.48877943 |
|    clip_fraction        | 0.717      |
|    clip_range           | 0.2        |
|    entropy_loss         | 5.18       |
|    explained_variance   | 0.9308023  |
|    learning_rate        | 0.0003     |
|    loss                 | 0.297      |
|    n_updates            | 15720      |
|    policy_gradient_loss | -0.0268    |
|    std                  | 0.176      |
|    value_loss           | 1.57       |
----------------------------------------
---------------------------------------
| rollout/                |           |
|    ep_len_mean          | 301       |
|    ep_rew_mean          | 62.3      |
| time/                   |           |
|    fps                  | 1347      |
|    iterations           | 841       |
|    time_elapsed         | 1277      |
|    total_timesteps      | 3223552   |
| train/                  |           |
|    approx_kl            | 0.5548209 |
|    clip_fraction        | 0.77      |
|    clip_range           | 0.2       |
|    entropy_loss         | 5.19      |
|    explained_variance   | 0.9586324 |
|    learning_rate        | 0.0003    |
|    loss                 | 0.644     |
|    n_updates            | 15730     |
|    policy_gradient_loss | -0.0299   |
|    std                  | 0.176     |
|    value_loss           | 1.95      |
---------------------------------------
----------------------------------------
| rollout/                |            |
|    ep_len_mean          | 303        |
|    ep_rew_mean          | 62.8       |
| time/                   |            |
|    fps                  | 1348       |
|    iterations           | 842        |
|    time_elapsed         | 1279       |
|    total_timesteps      | 3225600    |
| train/                  |            |
|    approx_kl            | 0.5361416  |
|    clip_fraction        | 0.749      |
|    clip_range           | 0.2        |
|    entropy_loss         | 5.18       |
|    explained_variance   | 0.92951524 |
|    learning_rate        | 0.0003     |
|    loss                 | 0.816      |
|    n_updates            | 15740      |
|    policy_gradient_loss | -0.0335    |
|    std                  | 0.176      |
|    value_loss           | 2.53       |
----------------------------------------
---------------------------------------
| rollout/                |           |
|    ep_len_mean          | 304       |
|    ep_rew_mean          | 64        |
| time/                   |           |
|    fps                  | 1348      |
|    iterations           | 843       |
|    time_elapsed         | 1280      |
|    total_timesteps      | 3227648   |
| train/                  |           |
|    approx_kl            | 1.6145753 |
|    clip_fraction        | 0.818     |
|    clip_range           | 0.2       |
|    entropy_loss         | 5.15      |
|    explained_variance   | 0.941151  |
|    learning_rate        | 0.0003    |
|    loss                 | 0.456     |
|    n_updates            | 15750     |
|    policy_gradient_loss | -0.0128   |
|    std                  | 0.176     |
|    value_loss           | 1.68      |
---------------------------------------
----------------------------------------
| rollout/                |            |
|    ep_len_mean          | 300        |
|    ep_rew_mean          | 63.1       |
| time/                   |            |
|    fps                  | 1348       |
|    iterations           | 844        |
|    time_elapsed         | 1282       |
|    total_timesteps      | 3229696    |
| train/                  |            |
|    approx_kl            | 0.62997425 |
|    clip_fraction        | 0.773      |
|    clip_range           | 0.2        |
|    entropy_loss         | 5.13       |
|    explained_variance   | 0.91397077 |
|    learning_rate        | 0.0003     |
|    loss                 | 0.398      |
|    n_updates            | 15760      |
|    policy_gradient_loss | -0.0196    |
|    std                  | 0.177      |
|    value_loss           | 2.09       |
----------------------------------------
----------------------------------------
| rollout/                |            |
|    ep_len_mean          | 305        |
|    ep_rew_mean          | 65.6       |
| time/                   |            |
|    fps                  | 1348       |
|    iterations           | 845        |
|    time_elapsed         | 1283       |
|    total_timesteps      | 3231744    |
| train/                  |            |
|    approx_kl            | 0.46965355 |
|    clip_fraction        | 0.711      |
|    clip_range           | 0.2        |
|    entropy_loss         | 5.13       |
|    explained_variance   | 0.94097924 |
|    learning_rate        | 0.0003     |
|    loss                 | 0.58       |
|    n_updates            | 15770      |
|    policy_gradient_loss | -0.0326    |
|    std                  | 0.177      |
|    value_loss           | 2.53       |
----------------------------------------
----------------------------------------
| rollout/                |            |
|    ep_len_mean          | 302        |
|    ep_rew_mean          | 64.4       |
| time/                   |            |
|    fps                  | 1348       |
|    iterations           | 846        |
|    time_elapsed         | 1284       |
|    total_timesteps      | 3233792    |
| train/                  |            |
|    approx_kl            | 0.54073143 |
|    clip_fraction        | 0.771      |
|    clip_range           | 0.2        |
|    entropy_loss         | 5.14       |
|    explained_variance   | 0.93071806 |
|    learning_rate        | 0.0003     |
|    loss                 | 0.478      |
|    n_updates            | 15780      |
|    policy_gradient_loss | -0.0287    |
|    std                  | 0.177      |
|    value_loss           | 1.77       |
----------------------------------------
----------------------------------------
| rollout/                |            |
|    ep_len_mean          | 294        |
|    ep_rew_mean          | 61.8       |
| time/                   |            |
|    fps                  | 1348       |
|    iterations           | 847        |
|    time_elapsed         | 1286       |
|    total_timesteps      | 3235840    |
| train/                  |            |
|    approx_kl            | 0.45873052 |
|    clip_fraction        | 0.731      |
|    clip_range           | 0.2        |
|    entropy_loss         | 5.12       |
|    explained_variance   | 0.94113874 |
|    learning_rate        | 0.0003     |
|    loss                 | 0.244      |
|    n_updates            | 15790      |
|    policy_gradient_loss | -0.0198    |
|    std                  | 0.177      |
|    value_loss           | 1.52       |
----------------------------------------
----------------------------------------
| rollout/                |            |
|    ep_len_mean          | 293        |
|    ep_rew_mean          | 62.2       |
| time/                   |            |
|    fps                  | 1348       |
|    iterations           | 848        |
|    time_elapsed         | 1287       |
|    total_timesteps      | 3237888    |
| train/                  |            |
|    approx_kl            | 0.44880554 |
|    clip_fraction        | 0.697      |
|    clip_range           | 0.2        |
|    entropy_loss         | 5.13       |
|    explained_variance   | 0.95301497 |
|    learning_rate        | 0.0003     |
|    loss                 | 1.09       |
|    n_updates            | 15800      |
|    policy_gradient_loss | -0.0306    |
|    std                  | 0.177      |
|    value_loss           | 1.98       |
----------------------------------------
----------------------------------------
| rollout/                |            |
|    ep_len_mean          | 293        |
|    ep_rew_mean          | 62.2       |
| time/                   |            |
|    fps                  | 1348       |
|    iterations           | 849        |
|    time_elapsed         | 1289       |
|    total_timesteps      | 3239936    |
| train/                  |            |
|    approx_kl            | 0.5536747  |
|    clip_fraction        | 0.739      |
|    clip_range           | 0.2        |
|    entropy_loss         | 5.11       |
|    explained_variance   | 0.94220966 |
|    learning_rate        | 0.0003     |
|    loss                 | 0.317      |
|    n_updates            | 15810      |
|    policy_gradient_loss | -0.0185    |
|    std                  | 0.177      |
|    value_loss           | 2.12       |
----------------------------------------
---------------------------------------
| rollout/                |           |
|    ep_len_mean          | 293       |
|    ep_rew_mean          | 62.8      |
| time/                   |           |
|    fps                  | 1348      |
|    iterations           | 850       |
|    time_elapsed         | 1290      |
|    total_timesteps      | 3241984   |
| train/                  |           |
|    approx_kl            | 0.6620954 |
|    clip_fraction        | 0.765     |
|    clip_range           | 0.2       |
|    entropy_loss         | 5.09      |
|    explained_variance   | 0.9487137 |
|    learning_rate        | 0.0003    |
|    loss                 | 0.259     |
|    n_updates            | 15820     |
|    policy_gradient_loss | -0.0237   |
|    std                  | 0.177     |
|    value_loss           | 1.53      |
---------------------------------------
---------------------------------------
| rollout/                |           |
|    ep_len_mean          | 290       |
|    ep_rew_mean          | 62.4      |
| time/                   |           |
|    fps                  | 1349      |
|    iterations           | 851       |
|    time_elapsed         | 1291      |
|    total_timesteps      | 3244032   |
| train/                  |           |
|    approx_kl            | 0.630821  |
|    clip_fraction        | 0.785     |
|    clip_range           | 0.2       |
|    entropy_loss         | 5.11      |
|    explained_variance   | 0.9622201 |
|    learning_rate        | 0.0003    |
|    loss                 | 0.285     |
|    n_updates            | 15830     |
|    policy_gradient_loss | -0.0229   |
|    std                  | 0.176     |
|    value_loss           | 1.3       |
---------------------------------------
---------------------------------------
| rollout/                |           |
|    ep_len_mean          | 290       |
|    ep_rew_mean          | 63.1      |
| time/                   |           |
|    fps                  | 1349      |
|    iterations           | 852       |
|    time_elapsed         | 1293      |
|    total_timesteps      | 3246080   |
| train/                  |           |
|    approx_kl            | 0.4861067 |
|    clip_fraction        | 0.761     |
|    clip_range           | 0.2       |
|    entropy_loss         | 5.12      |
|    explained_variance   | 0.9289972 |
|    learning_rate        | 0.0003    |
|    loss                 | 0.61      |
|    n_updates            | 15840     |
|    policy_gradient_loss | -0.0217   |
|    std                  | 0.177     |
|    value_loss           | 2.21      |
---------------------------------------
---------------------------------------
| rollout/                |           |
|    ep_len_mean          | 292       |
|    ep_rew_mean          | 64.3      |
| time/                   |           |
|    fps                  | 1349      |
|    iterations           | 853       |
|    time_elapsed         | 1294      |
|    total_timesteps      | 3248128   |
| train/                  |           |
|    approx_kl            | 0.5946443 |
|    clip_fraction        | 0.747     |
|    clip_range           | 0.2       |
|    entropy_loss         | 5.12      |
|    explained_variance   | 0.9537928 |
|    learning_rate        | 0.0003    |
|    loss                 | 0.328     |
|    n_updates            | 15850     |
|    policy_gradient_loss | -0.0319   |
|    std                  | 0.176     |
|    value_loss           | 1.67      |
---------------------------------------
---------------------------------------
| rollout/                |           |
|    ep_len_mean          | 294       |
|    ep_rew_mean          | 64.9      |
| time/                   |           |
|    fps                  | 1349      |
|    iterations           | 854       |
|    time_elapsed         | 1296      |
|    total_timesteps      | 3250176   |
| train/                  |           |
|    approx_kl            | 0.5586498 |
|    clip_fraction        | 0.747     |
|    clip_range           | 0.2       |
|    entropy_loss         | 5.16      |
|    explained_variance   | 0.9423923 |
|    learning_rate        | 0.0003    |
|    loss                 | 0.277     |
|    n_updates            | 15860     |
|    policy_gradient_loss | -0.0232   |
|    std                  | 0.176     |
|    value_loss           | 1.62      |
---------------------------------------
----------------------------------------
| rollout/                |            |
|    ep_len_mean          | 293        |
|    ep_rew_mean          | 64.3       |
| time/                   |            |
|    fps                  | 1349       |
|    iterations           | 855        |
|    time_elapsed         | 1297       |
|    total_timesteps      | 3252224    |
| train/                  |            |
|    approx_kl            | 0.37312424 |
|    clip_fraction        | 0.715      |
|    clip_range           | 0.2        |
|    entropy_loss         | 5.18       |
|    explained_variance   | 0.941344   |
|    learning_rate        | 0.0003     |
|    loss                 | 0.609      |
|    n_updates            | 15870      |
|    policy_gradient_loss | -0.0319    |
|    std                  | 0.176      |
|    value_loss           | 2.51       |
----------------------------------------
----------------------------------------
| rollout/                |            |
|    ep_len_mean          | 289        |
|    ep_rew_mean          | 63         |
| time/                   |            |
|    fps                  | 1349       |
|    iterations           | 856        |
|    time_elapsed         | 1298       |
|    total_timesteps      | 3254272    |
| train/                  |            |
|    approx_kl            | 0.48771447 |
|    clip_fraction        | 0.738      |
|    clip_range           | 0.2        |
|    entropy_loss         | 5.16       |
|    explained_variance   | 0.9488367  |
|    learning_rate        | 0.0003     |
|    loss                 | 0.21       |
|    n_updates            | 15880      |
|    policy_gradient_loss | -0.0233    |
|    std                  | 0.176      |
|    value_loss           | 1.79       |
----------------------------------------
---------------------------------------
| rollout/                |           |
|    ep_len_mean          | 288       |
|    ep_rew_mean          | 62.1      |
| time/                   |           |
|    fps                  | 1349      |
|    iterations           | 857       |
|    time_elapsed         | 1300      |
|    total_timesteps      | 3256320   |
| train/                  |           |
|    approx_kl            | 0.6428511 |
|    clip_fraction        | 0.764     |
|    clip_range           | 0.2       |
|    entropy_loss         | 5.17      |
|    explained_variance   | 0.9559979 |
|    learning_rate        | 0.0003    |
|    loss                 | 0.362     |
|    n_updates            | 15890     |
|    policy_gradient_loss | -0.0328   |
|    std                  | 0.176     |
|    value_loss           | 1.65      |
---------------------------------------
----------------------------------------
| rollout/                |            |
|    ep_len_mean          | 289        |
|    ep_rew_mean          | 62.8       |
| time/                   |            |
|    fps                  | 1349       |
|    iterations           | 858        |
|    time_elapsed         | 1301       |
|    total_timesteps      | 3258368    |
| train/                  |            |
|    approx_kl            | 0.51109356 |
|    clip_fraction        | 0.747      |
|    clip_range           | 0.2        |
|    entropy_loss         | 5.19       |
|    explained_variance   | 0.94241244 |
|    learning_rate        | 0.0003     |
|    loss                 | 0.391      |
|    n_updates            | 15900      |
|    policy_gradient_loss | -0.0393    |
|    std                  | 0.176      |
|    value_loss           | 2.11       |
----------------------------------------
---------------------------------------
| rollout/                |           |
|    ep_len_mean          | 285       |
|    ep_rew_mean          | 61.2      |
| time/                   |           |
|    fps                  | 1349      |
|    iterations           | 859       |
|    time_elapsed         | 1303      |
|    total_timesteps      | 3260416   |
| train/                  |           |
|    approx_kl            | 0.5064503 |
|    clip_fraction        | 0.75      |
|    clip_range           | 0.2       |
|    entropy_loss         | 5.2       |
|    explained_variance   | 0.9382647 |
|    learning_rate        | 0.0003    |
|    loss                 | 0.274     |
|    n_updates            | 15910     |
|    policy_gradient_loss | -0.0282   |
|    std                  | 0.176     |
|    value_loss           | 2.13      |
---------------------------------------
----------------------------------------
| rollout/                |            |
|    ep_len_mean          | 287        |
|    ep_rew_mean          | 62         |
| time/                   |            |
|    fps                  | 1350       |
|    iterations           | 860        |
|    time_elapsed         | 1304       |
|    total_timesteps      | 3262464    |
| train/                  |            |
|    approx_kl            | 0.71361506 |
|    clip_fraction        | 0.765      |
|    clip_range           | 0.2        |
|    entropy_loss         | 5.19       |
|    explained_variance   | 0.9537025  |
|    learning_rate        | 0.0003     |
|    loss                 | 0.178      |
|    n_updates            | 15920      |
|    policy_gradient_loss | -0.0186    |
|    std                  | 0.176      |
|    value_loss           | 1.53       |
----------------------------------------
---------------------------------------
| rollout/                |           |
|    ep_len_mean          | 287       |
|    ep_rew_mean          | 62        |
| time/                   |           |
|    fps                  | 1350      |
|    iterations           | 861       |
|    time_elapsed         | 1305      |
|    total_timesteps      | 3264512   |
| train/                  |           |
|    approx_kl            | 0.5617968 |
|    clip_fraction        | 0.757     |
|    clip_range           | 0.2       |
|    entropy_loss         | 5.15      |
|    explained_variance   | 0.9450577 |
|    learning_rate        | 0.0003    |
|    loss                 | 0.13      |
|    n_updates            | 15930     |
|    policy_gradient_loss | -0.0263   |
|    std                  | 0.177     |
|    value_loss           | 1.61      |
---------------------------------------
---------------------------------------
| rollout/                |           |
|    ep_len_mean          | 287       |
|    ep_rew_mean          | 61.5      |
| time/                   |           |
|    fps                  | 1350      |
|    iterations           | 862       |
|    time_elapsed         | 1307      |
|    total_timesteps      | 3266560   |
| train/                  |           |
|    approx_kl            | 0.4461345 |
|    clip_fraction        | 0.711     |
|    clip_range           | 0.2       |
|    entropy_loss         | 5.18      |
|    explained_variance   | 0.9527664 |
|    learning_rate        | 0.0003    |
|    loss                 | 0.734     |
|    n_updates            | 15940     |
|    policy_gradient_loss | -0.0298   |
|    std                  | 0.176     |
|    value_loss           | 1.98      |
---------------------------------------
---------------------------------------
| rollout/                |           |
|    ep_len_mean          | 291       |
|    ep_rew_mean          | 62.8      |
| time/                   |           |
|    fps                  | 1350      |
|    iterations           | 863       |
|    time_elapsed         | 1308      |
|    total_timesteps      | 3268608   |
| train/                  |           |
|    approx_kl            | 0.5085417 |
|    clip_fraction        | 0.744     |
|    clip_range           | 0.2       |
|    entropy_loss         | 5.25      |
|    explained_variance   | 0.9443659 |
|    learning_rate        | 0.0003    |
|    loss                 | 0.36      |
|    n_updates            | 15950     |
|    policy_gradient_loss | -0.0337   |
|    std                  | 0.175     |
|    value_loss           | 2.09      |
---------------------------------------
----------------------------------------
| rollout/                |            |
|    ep_len_mean          | 287        |
|    ep_rew_mean          | 61.3       |
| time/                   |            |
|    fps                  | 1350       |
|    iterations           | 864        |
|    time_elapsed         | 1310       |
|    total_timesteps      | 3270656    |
| train/                  |            |
|    approx_kl            | 1.4972999  |
|    clip_fraction        | 0.827      |
|    clip_range           | 0.2        |
|    entropy_loss         | 5.24       |
|    explained_variance   | 0.94008845 |
|    learning_rate        | 0.0003     |
|    loss                 | 0.155      |
|    n_updates            | 15960      |
|    policy_gradient_loss | -0.0167    |
|    std                  | 0.176      |
|    value_loss           | 1.25       |
----------------------------------------
----------------------------------------
| rollout/                |            |
|    ep_len_mean          | 285        |
|    ep_rew_mean          | 60.9       |
| time/                   |            |
|    fps                  | 1350       |
|    iterations           | 865        |
|    time_elapsed         | 1311       |
|    total_timesteps      | 3272704    |
| train/                  |            |
|    approx_kl            | 0.47619113 |
|    clip_fraction        | 0.78       |
|    clip_range           | 0.2        |
|    entropy_loss         | 5.19       |
|    explained_variance   | 0.9586719  |
|    learning_rate        | 0.0003     |
|    loss                 | 0.221      |
|    n_updates            | 15970      |
|    policy_gradient_loss | -0.0208    |
|    std                  | 0.176      |
|    value_loss           | 1.54       |
----------------------------------------
---------------------------------------
| rollout/                |           |
|    ep_len_mean          | 294       |
|    ep_rew_mean          | 63.7      |
| time/                   |           |
|    fps                  | 1350      |
|    iterations           | 866       |
|    time_elapsed         | 1313      |
|    total_timesteps      | 3274752   |
| train/                  |           |
|    approx_kl            | 0.5084909 |
|    clip_fraction        | 0.758     |
|    clip_range           | 0.2       |
|    entropy_loss         | 5.2       |
|    explained_variance   | 0.9179658 |
|    learning_rate        | 0.0003    |
|    loss                 | 0.31      |
|    n_updates            | 15980     |
|    policy_gradient_loss | -0.0272   |
|    std                  | 0.176     |
|    value_loss           | 1.96      |
---------------------------------------
----------------------------------------
| rollout/                |            |
|    ep_len_mean          | 294        |
|    ep_rew_mean          | 63.4       |
| time/                   |            |
|    fps                  | 1350       |
|    iterations           | 867        |
|    time_elapsed         | 1314       |
|    total_timesteps      | 3276800    |
| train/                  |            |
|    approx_kl            | 0.5936384  |
|    clip_fraction        | 0.775      |
|    clip_range           | 0.2        |
|    entropy_loss         | 5.21       |
|    explained_variance   | 0.88152575 |
|    learning_rate        | 0.0003     |
|    loss                 | 0.225      |
|    n_updates            | 15990      |
|    policy_gradient_loss | -0.032     |
|    std                  | 0.176      |
|    value_loss           | 2.09       |
----------------------------------------
----------------------------------------
| rollout/                |            |
|    ep_len_mean          | 294        |
|    ep_rew_mean          | 63.6       |
| time/                   |            |
|    fps                  | 1350       |
|    iterations           | 868        |
|    time_elapsed         | 1316       |
|    total_timesteps      | 3278848    |
| train/                  |            |
|    approx_kl            | 0.43966347 |
|    clip_fraction        | 0.723      |
|    clip_range           | 0.2        |
|    entropy_loss         | 5.24       |
|    explained_variance   | 0.9460261  |
|    learning_rate        | 0.0003     |
|    loss                 | 0.525      |
|    n_updates            | 16000      |
|    policy_gradient_loss | -0.0258    |
|    std                  | 0.175      |
|    value_loss           | 1.47       |
----------------------------------------
---------------------------------------
| rollout/                |           |
|    ep_len_mean          | 292       |
|    ep_rew_mean          | 62.8      |
| time/                   |           |
|    fps                  | 1350      |
|    iterations           | 869       |
|    time_elapsed         | 1317      |
|    total_timesteps      | 3280896   |
| train/                  |           |
|    approx_kl            | 0.5090452 |
|    clip_fraction        | 0.755     |
|    clip_range           | 0.2       |
|    entropy_loss         | 5.28      |
|    explained_variance   | 0.9103637 |
|    learning_rate        | 0.0003    |
|    loss                 | 0.264     |
|    n_updates            | 16010     |
|    policy_gradient_loss | -0.0281   |
|    std                  | 0.175     |
|    value_loss           | 2.06      |
---------------------------------------
----------------------------------------
| rollout/                |            |
|    ep_len_mean          | 292        |
|    ep_rew_mean          | 62.6       |
| time/                   |            |
|    fps                  | 1350       |
|    iterations           | 870        |
|    time_elapsed         | 1318       |
|    total_timesteps      | 3282944    |
| train/                  |            |
|    approx_kl            | 0.36009577 |
|    clip_fraction        | 0.679      |
|    clip_range           | 0.2        |
|    entropy_loss         | 5.29       |
|    explained_variance   | 0.9423308  |
|    learning_rate        | 0.0003     |
|    loss                 | 0.37       |
|    n_updates            | 16020      |
|    policy_gradient_loss | -0.0255    |
|    std                  | 0.175      |
|    value_loss           | 2.15       |
----------------------------------------
----------------------------------------
| rollout/                |            |
|    ep_len_mean          | 293        |
|    ep_rew_mean          | 62.5       |
| time/                   |            |
|    fps                  | 1350       |
|    iterations           | 871        |
|    time_elapsed         | 1320       |
|    total_timesteps      | 3284992    |
| train/                  |            |
|    approx_kl            | 0.5002291  |
|    clip_fraction        | 0.777      |
|    clip_range           | 0.2        |
|    entropy_loss         | 5.31       |
|    explained_variance   | 0.95294416 |
|    learning_rate        | 0.0003     |
|    loss                 | 0.211      |
|    n_updates            | 16030      |
|    policy_gradient_loss | -0.0228    |
|    std                  | 0.175      |
|    value_loss           | 1.42       |
----------------------------------------
---------------------------------------
| rollout/                |           |
|    ep_len_mean          | 296       |
|    ep_rew_mean          | 64        |
| time/                   |           |
|    fps                  | 1351      |
|    iterations           | 872       |
|    time_elapsed         | 1321      |
|    total_timesteps      | 3287040   |
| train/                  |           |
|    approx_kl            | 0.5020666 |
|    clip_fraction        | 0.759     |
|    clip_range           | 0.2       |
|    entropy_loss         | 5.34      |
|    explained_variance   | 0.8851788 |
|    learning_rate        | 0.0003    |
|    loss                 | 0.486     |
|    n_updates            | 16040     |
|    policy_gradient_loss | -0.0285   |
|    std                  | 0.174     |
|    value_loss           | 2.34      |
---------------------------------------
----------------------------------------
| rollout/                |            |
|    ep_len_mean          | 298        |
|    ep_rew_mean          | 64.5       |
| time/                   |            |
|    fps                  | 1351       |
|    iterations           | 873        |
|    time_elapsed         | 1323       |
|    total_timesteps      | 3289088    |
| train/                  |            |
|    approx_kl            | 0.56336045 |
|    clip_fraction        | 0.724      |
|    clip_range           | 0.2        |
|    entropy_loss         | 5.37       |
|    explained_variance   | 0.9336286  |
|    learning_rate        | 0.0003     |
|    loss                 | 0.226      |
|    n_updates            | 16050      |
|    policy_gradient_loss | -0.0289    |
|    std                  | 0.173      |
|    value_loss           | 1.6        |
----------------------------------------
----------------------------------------
| rollout/                |            |
|    ep_len_mean          | 298        |
|    ep_rew_mean          | 64.2       |
| time/                   |            |
|    fps                  | 1351       |
|    iterations           | 874        |
|    time_elapsed         | 1324       |
|    total_timesteps      | 3291136    |
| train/                  |            |
|    approx_kl            | 0.5840173  |
|    clip_fraction        | 0.774      |
|    clip_range           | 0.2        |
|    entropy_loss         | 5.42       |
|    explained_variance   | 0.95471835 |
|    learning_rate        | 0.0003     |
|    loss                 | 0.504      |
|    n_updates            | 16060      |
|    policy_gradient_loss | -0.0326    |
|    std                  | 0.173      |
|    value_loss           | 1.55       |
----------------------------------------
----------------------------------------
| rollout/                |            |
|    ep_len_mean          | 299        |
|    ep_rew_mean          | 64.7       |
| time/                   |            |
|    fps                  | 1351       |
|    iterations           | 875        |
|    time_elapsed         | 1326       |
|    total_timesteps      | 3293184    |
| train/                  |            |
|    approx_kl            | 0.56243104 |
|    clip_fraction        | 0.691      |
|    clip_range           | 0.2        |
|    entropy_loss         | 5.43       |
|    explained_variance   | 0.9422313  |
|    learning_rate        | 0.0003     |
|    loss                 | 0.346      |
|    n_updates            | 16070      |
|    policy_gradient_loss | -0.0377    |
|    std                  | 0.173      |
|    value_loss           | 1.75       |
----------------------------------------
----------------------------------------
| rollout/                |            |
|    ep_len_mean          | 302        |
|    ep_rew_mean          | 65.7       |
| time/                   |            |
|    fps                  | 1351       |
|    iterations           | 876        |
|    time_elapsed         | 1327       |
|    total_timesteps      | 3295232    |
| train/                  |            |
|    approx_kl            | 0.56281877 |
|    clip_fraction        | 0.754      |
|    clip_range           | 0.2        |
|    entropy_loss         | 5.46       |
|    explained_variance   | 0.95926696 |
|    learning_rate        | 0.0003     |
|    loss                 | 0.143      |
|    n_updates            | 16080      |
|    policy_gradient_loss | -0.0199    |
|    std                  | 0.172      |
|    value_loss           | 1.39       |
----------------------------------------
---------------------------------------
| rollout/                |           |
|    ep_len_mean          | 305       |
|    ep_rew_mean          | 67        |
| time/                   |           |
|    fps                  | 1351      |
|    iterations           | 877       |
|    time_elapsed         | 1328      |
|    total_timesteps      | 3297280   |
| train/                  |           |
|    approx_kl            | 0.6932318 |
|    clip_fraction        | 0.759     |
|    clip_range           | 0.2       |
|    entropy_loss         | 5.49      |
|    explained_variance   | 0.9313159 |
|    learning_rate        | 0.0003    |
|    loss                 | 0.226     |
|    n_updates            | 16090     |
|    policy_gradient_loss | -0.0287   |
|    std                  | 0.172     |
|    value_loss           | 2.01      |
---------------------------------------
----------------------------------------
| rollout/                |            |
|    ep_len_mean          | 305        |
|    ep_rew_mean          | 66.8       |
| time/                   |            |
|    fps                  | 1351       |
|    iterations           | 878        |
|    time_elapsed         | 1330       |
|    total_timesteps      | 3299328    |
| train/                  |            |
|    approx_kl            | 0.50938493 |
|    clip_fraction        | 0.764      |
|    clip_range           | 0.2        |
|    entropy_loss         | 5.49       |
|    explained_variance   | 0.9054407  |
|    learning_rate        | 0.0003     |
|    loss                 | 1.06       |
|    n_updates            | 16100      |
|    policy_gradient_loss | -0.0296    |
|    std                  | 0.172      |
|    value_loss           | 2.65       |
----------------------------------------
----------------------------------------
| rollout/                |            |
|    ep_len_mean          | 308        |
|    ep_rew_mean          | 68         |
| time/                   |            |
|    fps                  | 1351       |
|    iterations           | 879        |
|    time_elapsed         | 1331       |
|    total_timesteps      | 3301376    |
| train/                  |            |
|    approx_kl            | 0.50159    |
|    clip_fraction        | 0.748      |
|    clip_range           | 0.2        |
|    entropy_loss         | 5.49       |
|    explained_variance   | 0.93857026 |
|    learning_rate        | 0.0003     |
|    loss                 | 0.0796     |
|    n_updates            | 16110      |
|    policy_gradient_loss | -0.0262    |
|    std                  | 0.172      |
|    value_loss           | 1.75       |
----------------------------------------
----------------------------------------
| rollout/                |            |
|    ep_len_mean          | 312        |
|    ep_rew_mean          | 68.8       |
| time/                   |            |
|    fps                  | 1351       |
|    iterations           | 880        |
|    time_elapsed         | 1333       |
|    total_timesteps      | 3303424    |
| train/                  |            |
|    approx_kl            | 0.39772886 |
|    clip_fraction        | 0.744      |
|    clip_range           | 0.2        |
|    entropy_loss         | 5.52       |
|    explained_variance   | 0.93057036 |
|    learning_rate        | 0.0003     |
|    loss                 | 0.862      |
|    n_updates            | 16120      |
|    policy_gradient_loss | -0.0321    |
|    std                  | 0.172      |
|    value_loss           | 2.58       |
----------------------------------------
----------------------------------------
| rollout/                |            |
|    ep_len_mean          | 305        |
|    ep_rew_mean          | 66.2       |
| time/                   |            |
|    fps                  | 1351       |
|    iterations           | 881        |
|    time_elapsed         | 1334       |
|    total_timesteps      | 3305472    |
| train/                  |            |
|    approx_kl            | 0.45787594 |
|    clip_fraction        | 0.758      |
|    clip_range           | 0.2        |
|    entropy_loss         | 5.55       |
|    explained_variance   | 0.90791965 |
|    learning_rate        | 0.0003     |
|    loss                 | 0.376      |
|    n_updates            | 16130      |
|    policy_gradient_loss | -0.0269    |
|    std                  | 0.171      |
|    value_loss           | 2.28       |
----------------------------------------
---------------------------------------
| rollout/                |           |
|    ep_len_mean          | 305       |
|    ep_rew_mean          | 65.7      |
| time/                   |           |
|    fps                  | 1351      |
|    iterations           | 882       |
|    time_elapsed         | 1336      |
|    total_timesteps      | 3307520   |
| train/                  |           |
|    approx_kl            | 0.657248  |
|    clip_fraction        | 0.778     |
|    clip_range           | 0.2       |
|    entropy_loss         | 5.56      |
|    explained_variance   | 0.9256082 |
|    learning_rate        | 0.0003    |
|    loss                 | 0.298     |
|    n_updates            | 16140     |
|    policy_gradient_loss | -0.0232   |
|    std                  | 0.171     |
|    value_loss           | 1.84      |
---------------------------------------
----------------------------------------
| rollout/                |            |
|    ep_len_mean          | 303        |
|    ep_rew_mean          | 64.7       |
| time/                   |            |
|    fps                  | 1352       |
|    iterations           | 883        |
|    time_elapsed         | 1337       |
|    total_timesteps      | 3309568    |
| train/                  |            |
|    approx_kl            | 0.56485856 |
|    clip_fraction        | 0.734      |
|    clip_range           | 0.2        |
|    entropy_loss         | 5.59       |
|    explained_variance   | 0.9407415  |
|    learning_rate        | 0.0003     |
|    loss                 | 0.505      |
|    n_updates            | 16150      |
|    policy_gradient_loss | -0.0352    |
|    std                  | 0.171      |
|    value_loss           | 1.88       |
----------------------------------------
----------------------------------------
| rollout/                |            |
|    ep_len_mean          | 304        |
|    ep_rew_mean          | 65.5       |
| time/                   |            |
|    fps                  | 1352       |
|    iterations           | 884        |
|    time_elapsed         | 1338       |
|    total_timesteps      | 3311616    |
| train/                  |            |
|    approx_kl            | 0.42500776 |
|    clip_fraction        | 0.723      |
|    clip_range           | 0.2        |
|    entropy_loss         | 5.64       |
|    explained_variance   | 0.9310275  |
|    learning_rate        | 0.0003     |
|    loss                 | 0.697      |
|    n_updates            | 16160      |
|    policy_gradient_loss | -0.0349    |
|    std                  | 0.171      |
|    value_loss           | 2.8        |
----------------------------------------
---------------------------------------
| rollout/                |           |
|    ep_len_mean          | 308       |
|    ep_rew_mean          | 66.9      |
| time/                   |           |
|    fps                  | 1352      |
|    iterations           | 885       |
|    time_elapsed         | 1340      |
|    total_timesteps      | 3313664   |
| train/                  |           |
|    approx_kl            | 0.5367849 |
|    clip_fraction        | 0.758     |
|    clip_range           | 0.2       |
|    entropy_loss         | 5.66      |
|    explained_variance   | 0.9534826 |
|    learning_rate        | 0.0003    |
|    loss                 | 0.405     |
|    n_updates            | 16170     |
|    policy_gradient_loss | -0.0254   |
|    std                  | 0.17      |
|    value_loss           | 1.81      |
---------------------------------------
----------------------------------------
| rollout/                |            |
|    ep_len_mean          | 303        |
|    ep_rew_mean          | 65.3       |
| time/                   |            |
|    fps                  | 1352       |
|    iterations           | 886        |
|    time_elapsed         | 1341       |
|    total_timesteps      | 3315712    |
| train/                  |            |
|    approx_kl            | 0.7632029  |
|    clip_fraction        | 0.797      |
|    clip_range           | 0.2        |
|    entropy_loss         | 5.66       |
|    explained_variance   | 0.94095093 |
|    learning_rate        | 0.0003     |
|    loss                 | 0.123      |
|    n_updates            | 16180      |
|    policy_gradient_loss | -0.0242    |
|    std                  | 0.171      |
|    value_loss           | 1.48       |
----------------------------------------
----------------------------------------
| rollout/                |            |
|    ep_len_mean          | 305        |
|    ep_rew_mean          | 65.8       |
| time/                   |            |
|    fps                  | 1352       |
|    iterations           | 887        |
|    time_elapsed         | 1343       |
|    total_timesteps      | 3317760    |
| train/                  |            |
|    approx_kl            | 0.65285903 |
|    clip_fraction        | 0.774      |
|    clip_range           | 0.2        |
|    entropy_loss         | 5.67       |
|    explained_variance   | 0.9455482  |
|    learning_rate        | 0.0003     |
|    loss                 | 0.295      |
|    n_updates            | 16190      |
|    policy_gradient_loss | -0.0345    |
|    std                  | 0.17       |
|    value_loss           | 2          |
----------------------------------------
---------------------------------------
| rollout/                |           |
|    ep_len_mean          | 305       |
|    ep_rew_mean          | 65.1      |
| time/                   |           |
|    fps                  | 1352      |
|    iterations           | 888       |
|    time_elapsed         | 1344      |
|    total_timesteps      | 3319808   |
| train/                  |           |
|    approx_kl            | 0.4037191 |
|    clip_fraction        | 0.739     |
|    clip_range           | 0.2       |
|    entropy_loss         | 5.67      |
|    explained_variance   | 0.9469215 |
|    learning_rate        | 0.0003    |
|    loss                 | 0.395     |
|    n_updates            | 16200     |
|    policy_gradient_loss | -0.0273   |
|    std                  | 0.17      |
|    value_loss           | 2.15      |
---------------------------------------
----------------------------------------
| rollout/                |            |
|    ep_len_mean          | 306        |
|    ep_rew_mean          | 65.5       |
| time/                   |            |
|    fps                  | 1352       |
|    iterations           | 889        |
|    time_elapsed         | 1346       |
|    total_timesteps      | 3321856    |
| train/                  |            |
|    approx_kl            | 0.41671473 |
|    clip_fraction        | 0.738      |
|    clip_range           | 0.2        |
|    entropy_loss         | 5.65       |
|    explained_variance   | 0.93194294 |
|    learning_rate        | 0.0003     |
|    loss                 | 0.411      |
|    n_updates            | 16210      |
|    policy_gradient_loss | -0.0275    |
|    std                  | 0.171      |
|    value_loss           | 2.3        |
----------------------------------------
----------------------------------------
| rollout/                |            |
|    ep_len_mean          | 309        |
|    ep_rew_mean          | 66.4       |
| time/                   |            |
|    fps                  | 1352       |
|    iterations           | 890        |
|    time_elapsed         | 1347       |
|    total_timesteps      | 3323904    |
| train/                  |            |
|    approx_kl            | 0.59800506 |
|    clip_fraction        | 0.776      |
|    clip_range           | 0.2        |
|    entropy_loss         | 5.63       |
|    explained_variance   | 0.94984657 |
|    learning_rate        | 0.0003     |
|    loss                 | 0.295      |
|    n_updates            | 16220      |
|    policy_gradient_loss | -0.0232    |
|    std                  | 0.171      |
|    value_loss           | 1.51       |
----------------------------------------
----------------------------------------
| rollout/                |            |
|    ep_len_mean          | 308        |
|    ep_rew_mean          | 66         |
| time/                   |            |
|    fps                  | 1352       |
|    iterations           | 891        |
|    time_elapsed         | 1349       |
|    total_timesteps      | 3325952    |
| train/                  |            |
|    approx_kl            | 0.66909575 |
|    clip_fraction        | 0.781      |
|    clip_range           | 0.2        |
|    entropy_loss         | 5.6        |
|    explained_variance   | 0.93033725 |
|    learning_rate        | 0.0003     |
|    loss                 | 0.264      |
|    n_updates            | 16230      |
|    policy_gradient_loss | -0.0261    |
|    std                  | 0.172      |
|    value_loss           | 1.72       |
----------------------------------------
----------------------------------------
| rollout/                |            |
|    ep_len_mean          | 309        |
|    ep_rew_mean          | 66.2       |
| time/                   |            |
|    fps                  | 1352       |
|    iterations           | 892        |
|    time_elapsed         | 1350       |
|    total_timesteps      | 3328000    |
| train/                  |            |
|    approx_kl            | 0.69629955 |
|    clip_fraction        | 0.768      |
|    clip_range           | 0.2        |
|    entropy_loss         | 5.56       |
|    explained_variance   | 0.9478596  |
|    learning_rate        | 0.0003     |
|    loss                 | 0.341      |
|    n_updates            | 16240      |
|    policy_gradient_loss | -0.0204    |
|    std                  | 0.172      |
|    value_loss           | 1.98       |
----------------------------------------
---------------------------------------
| rollout/                |           |
|    ep_len_mean          | 307       |
|    ep_rew_mean          | 64.6      |
| time/                   |           |
|    fps                  | 1352      |
|    iterations           | 893       |
|    time_elapsed         | 1352      |
|    total_timesteps      | 3330048   |
| train/                  |           |
|    approx_kl            | 0.7320448 |
|    clip_fraction        | 0.77      |
|    clip_range           | 0.2       |
|    entropy_loss         | 5.58      |
|    explained_variance   | 0.9246223 |
|    learning_rate        | 0.0003    |
|    loss                 | 0.359     |
|    n_updates            | 16250     |
|    policy_gradient_loss | -0.0247   |
|    std                  | 0.172     |
|    value_loss           | 1.45      |
---------------------------------------
----------------------------------------
| rollout/                |            |
|    ep_len_mean          | 305        |
|    ep_rew_mean          | 63.5       |
| time/                   |            |
|    fps                  | 1352       |
|    iterations           | 894        |
|    time_elapsed         | 1353       |
|    total_timesteps      | 3332096    |
| train/                  |            |
|    approx_kl            | 0.43835413 |
|    clip_fraction        | 0.712      |
|    clip_range           | 0.2        |
|    entropy_loss         | 5.59       |
|    explained_variance   | 0.924277   |
|    learning_rate        | 0.0003     |
|    loss                 | 0.394      |
|    n_updates            | 16260      |
|    policy_gradient_loss | -0.0297    |
|    std                  | 0.171      |
|    value_loss           | 2.01       |
----------------------------------------
----------------------------------------
| rollout/                |            |
|    ep_len_mean          | 299        |
|    ep_rew_mean          | 61.3       |
| time/                   |            |
|    fps                  | 1352       |
|    iterations           | 895        |
|    time_elapsed         | 1355       |
|    total_timesteps      | 3334144    |
| train/                  |            |
|    approx_kl            | 0.43929508 |
|    clip_fraction        | 0.739      |
|    clip_range           | 0.2        |
|    entropy_loss         | 5.6        |
|    explained_variance   | 0.9513517  |
|    learning_rate        | 0.0003     |
|    loss                 | 0.325      |
|    n_updates            | 16270      |
|    policy_gradient_loss | -0.0259    |
|    std                  | 0.171      |
|    value_loss           | 1.8        |
----------------------------------------
----------------------------------------
| rollout/                |            |
|    ep_len_mean          | 298        |
|    ep_rew_mean          | 60.6       |
| time/                   |            |
|    fps                  | 1352       |
|    iterations           | 896        |
|    time_elapsed         | 1356       |
|    total_timesteps      | 3336192    |
| train/                  |            |
|    approx_kl            | 0.53063    |
|    clip_fraction        | 0.732      |
|    clip_range           | 0.2        |
|    entropy_loss         | 5.62       |
|    explained_variance   | 0.93014324 |
|    learning_rate        | 0.0003     |
|    loss                 | 0.752      |
|    n_updates            | 16280      |
|    policy_gradient_loss | -0.0321    |
|    std                  | 0.171      |
|    value_loss           | 2.43       |
----------------------------------------
----------------------------------------
| rollout/                |            |
|    ep_len_mean          | 300        |
|    ep_rew_mean          | 61.6       |
| time/                   |            |
|    fps                  | 1352       |
|    iterations           | 897        |
|    time_elapsed         | 1358       |
|    total_timesteps      | 3338240    |
| train/                  |            |
|    approx_kl            | 0.42811963 |
|    clip_fraction        | 0.709      |
|    clip_range           | 0.2        |
|    entropy_loss         | 5.64       |
|    explained_variance   | 0.9116056  |
|    learning_rate        | 0.0003     |
|    loss                 | 0.404      |
|    n_updates            | 16290      |
|    policy_gradient_loss | -0.0296    |
|    std                  | 0.171      |
|    value_loss           | 2.55       |
----------------------------------------
----------------------------------------
| rollout/                |            |
|    ep_len_mean          | 304        |
|    ep_rew_mean          | 62.8       |
| time/                   |            |
|    fps                  | 1352       |
|    iterations           | 898        |
|    time_elapsed         | 1359       |
|    total_timesteps      | 3340288    |
| train/                  |            |
|    approx_kl            | 0.5699238  |
|    clip_fraction        | 0.784      |
|    clip_range           | 0.2        |
|    entropy_loss         | 5.64       |
|    explained_variance   | 0.92764515 |
|    learning_rate        | 0.0003     |
|    loss                 | 0.424      |
|    n_updates            | 16300      |
|    policy_gradient_loss | -0.017     |
|    std                  | 0.171      |
|    value_loss           | 1.72       |
----------------------------------------
---------------------------------------
| rollout/                |           |
|    ep_len_mean          | 304       |
|    ep_rew_mean          | 63.1      |
| time/                   |           |
|    fps                  | 1352      |
|    iterations           | 899       |
|    time_elapsed         | 1361      |
|    total_timesteps      | 3342336   |
| train/                  |           |
|    approx_kl            | 0.5904944 |
|    clip_fraction        | 0.792     |
|    clip_range           | 0.2       |
|    entropy_loss         | 5.63      |
|    explained_variance   | 0.9361145 |
|    learning_rate        | 0.0003    |
|    loss                 | 0.449     |
|    n_updates            | 16310     |
|    policy_gradient_loss | -0.0225   |
|    std                  | 0.171     |
|    value_loss           | 1.71      |
---------------------------------------
----------------------------------------
| rollout/                |            |
|    ep_len_mean          | 301        |
|    ep_rew_mean          | 61.8       |
| time/                   |            |
|    fps                  | 1352       |
|    iterations           | 900        |
|    time_elapsed         | 1362       |
|    total_timesteps      | 3344384    |
| train/                  |            |
|    approx_kl            | 0.6192049  |
|    clip_fraction        | 0.777      |
|    clip_range           | 0.2        |
|    entropy_loss         | 5.61       |
|    explained_variance   | 0.92907715 |
|    learning_rate        | 0.0003     |
|    loss                 | 0.292      |
|    n_updates            | 16320      |
|    policy_gradient_loss | -0.0219    |
|    std                  | 0.171      |
|    value_loss           | 1.87       |
----------------------------------------
----------------------------------------
| rollout/                |            |
|    ep_len_mean          | 301        |
|    ep_rew_mean          | 61.3       |
| time/                   |            |
|    fps                  | 1352       |
|    iterations           | 901        |
|    time_elapsed         | 1363       |
|    total_timesteps      | 3346432    |
| train/                  |            |
|    approx_kl            | 0.66344017 |
|    clip_fraction        | 0.779      |
|    clip_range           | 0.2        |
|    entropy_loss         | 5.6        |
|    explained_variance   | 0.9309076  |
|    learning_rate        | 0.0003     |
|    loss                 | 0.11       |
|    n_updates            | 16330      |
|    policy_gradient_loss | -0.0221    |
|    std                  | 0.171      |
|    value_loss           | 1.44       |
----------------------------------------
----------------------------------------
| rollout/                |            |
|    ep_len_mean          | 302        |
|    ep_rew_mean          | 61.8       |
| time/                   |            |
|    fps                  | 1352       |
|    iterations           | 902        |
|    time_elapsed         | 1365       |
|    total_timesteps      | 3348480    |
| train/                  |            |
|    approx_kl            | 0.54432344 |
|    clip_fraction        | 0.769      |
|    clip_range           | 0.2        |
|    entropy_loss         | 5.65       |
|    explained_variance   | 0.94039094 |
|    learning_rate        | 0.0003     |
|    loss                 | 0.174      |
|    n_updates            | 16340      |
|    policy_gradient_loss | -0.0256    |
|    std                  | 0.17       |
|    value_loss           | 1.38       |
----------------------------------------
---------------------------------------
| rollout/                |           |
|    ep_len_mean          | 303       |
|    ep_rew_mean          | 62.3      |
| time/                   |           |
|    fps                  | 1352      |
|    iterations           | 903       |
|    time_elapsed         | 1366      |
|    total_timesteps      | 3350528   |
| train/                  |           |
|    approx_kl            | 0.4961713 |
|    clip_fraction        | 0.751     |
|    clip_range           | 0.2       |
|    entropy_loss         | 5.69      |
|    explained_variance   | 0.9265403 |
|    learning_rate        | 0.0003    |
|    loss                 | 0.383     |
|    n_updates            | 16350     |
|    policy_gradient_loss | -0.0263   |
|    std                  | 0.17      |
|    value_loss           | 1.69      |
---------------------------------------
----------------------------------------
| rollout/                |            |
|    ep_len_mean          | 302        |
|    ep_rew_mean          | 62         |
| time/                   |            |
|    fps                  | 1352       |
|    iterations           | 904        |
|    time_elapsed         | 1368       |
|    total_timesteps      | 3352576    |
| train/                  |            |
|    approx_kl            | 0.44303906 |
|    clip_fraction        | 0.758      |
|    clip_range           | 0.2        |
|    entropy_loss         | 5.68       |
|    explained_variance   | 0.94129103 |
|    learning_rate        | 0.0003     |
|    loss                 | 0.192      |
|    n_updates            | 16360      |
|    policy_gradient_loss | -0.0278    |
|    std                  | 0.171      |
|    value_loss           | 1.69       |
----------------------------------------
----------------------------------------
| rollout/                |            |
|    ep_len_mean          | 300        |
|    ep_rew_mean          | 60.5       |
| time/                   |            |
|    fps                  | 1353       |
|    iterations           | 905        |
|    time_elapsed         | 1369       |
|    total_timesteps      | 3354624    |
| train/                  |            |
|    approx_kl            | 0.48266375 |
|    clip_fraction        | 0.724      |
|    clip_range           | 0.2        |
|    entropy_loss         | 5.68       |
|    explained_variance   | 0.91247356 |
|    learning_rate        | 0.0003     |
|    loss                 | 0.283      |
|    n_updates            | 16370      |
|    policy_gradient_loss | -0.0318    |
|    std                  | 0.171      |
|    value_loss           | 1.86       |
----------------------------------------
---------------------------------------
| rollout/                |           |
|    ep_len_mean          | 299       |
|    ep_rew_mean          | 59.6      |
| time/                   |           |
|    fps                  | 1353      |
|    iterations           | 906       |
|    time_elapsed         | 1371      |
|    total_timesteps      | 3356672   |
| train/                  |           |
|    approx_kl            | 0.4897477 |
|    clip_fraction        | 0.766     |
|    clip_range           | 0.2       |
|    entropy_loss         | 5.67      |
|    explained_variance   | 0.9599218 |
|    learning_rate        | 0.0003    |
|    loss                 | 0.457     |
|    n_updates            | 16380     |
|    policy_gradient_loss | -0.0305   |
|    std                  | 0.171     |
|    value_loss           | 1.26      |
---------------------------------------
----------------------------------------
| rollout/                |            |
|    ep_len_mean          | 303        |
|    ep_rew_mean          | 61.9       |
| time/                   |            |
|    fps                  | 1353       |
|    iterations           | 907        |
|    time_elapsed         | 1372       |
|    total_timesteps      | 3358720    |
| train/                  |            |
|    approx_kl            | 0.65357035 |
|    clip_fraction        | 0.76       |
|    clip_range           | 0.2        |
|    entropy_loss         | 5.68       |
|    explained_variance   | 0.91510355 |
|    learning_rate        | 0.0003     |
|    loss                 | 0.215      |
|    n_updates            | 16390      |
|    policy_gradient_loss | -0.0289    |
|    std                  | 0.171      |
|    value_loss           | 1.61       |
----------------------------------------
----------------------------------------
| rollout/                |            |
|    ep_len_mean          | 304        |
|    ep_rew_mean          | 62.7       |
| time/                   |            |
|    fps                  | 1353       |
|    iterations           | 908        |
|    time_elapsed         | 1374       |
|    total_timesteps      | 3360768    |
| train/                  |            |
|    approx_kl            | 0.84197557 |
|    clip_fraction        | 0.808      |
|    clip_range           | 0.2        |
|    entropy_loss         | 5.67       |
|    explained_variance   | 0.94111013 |
|    learning_rate        | 0.0003     |
|    loss                 | 0.41       |
|    n_updates            | 16400      |
|    policy_gradient_loss | -0.0108    |
|    std                  | 0.171      |
|    value_loss           | 1.24       |
----------------------------------------
---------------------------------------
| rollout/                |           |
|    ep_len_mean          | 307       |
|    ep_rew_mean          | 64.3      |
| time/                   |           |
|    fps                  | 1353      |
|    iterations           | 909       |
|    time_elapsed         | 1375      |
|    total_timesteps      | 3362816   |
| train/                  |           |
|    approx_kl            | 0.5032276 |
|    clip_fraction        | 0.749     |
|    clip_range           | 0.2       |
|    entropy_loss         | 5.68      |
|    explained_variance   | 0.9247812 |
|    learning_rate        | 0.0003    |
|    loss                 | 0.0959    |
|    n_updates            | 16410     |
|    policy_gradient_loss | -0.0298   |
|    std                  | 0.171     |
|    value_loss           | 1.53      |
---------------------------------------
----------------------------------------
| rollout/                |            |
|    ep_len_mean          | 310        |
|    ep_rew_mean          | 65.5       |
| time/                   |            |
|    fps                  | 1353       |
|    iterations           | 910        |
|    time_elapsed         | 1377       |
|    total_timesteps      | 3364864    |
| train/                  |            |
|    approx_kl            | 0.5381293  |
|    clip_fraction        | 0.778      |
|    clip_range           | 0.2        |
|    entropy_loss         | 5.68       |
|    explained_variance   | 0.96600056 |
|    learning_rate        | 0.0003     |
|    loss                 | 0.168      |
|    n_updates            | 16420      |
|    policy_gradient_loss | -0.0166    |
|    std                  | 0.17       |
|    value_loss           | 0.943      |
----------------------------------------
----------------------------------------
| rollout/                |            |
|    ep_len_mean          | 312        |
|    ep_rew_mean          | 66.7       |
| time/                   |            |
|    fps                  | 1353       |
|    iterations           | 911        |
|    time_elapsed         | 1378       |
|    total_timesteps      | 3366912    |
| train/                  |            |
|    approx_kl            | 0.53775215 |
|    clip_fraction        | 0.771      |
|    clip_range           | 0.2        |
|    entropy_loss         | 5.71       |
|    explained_variance   | 0.9492105  |
|    learning_rate        | 0.0003     |
|    loss                 | 0.627      |
|    n_updates            | 16430      |
|    policy_gradient_loss | -0.0207    |
|    std                  | 0.17       |
|    value_loss           | 1.51       |
----------------------------------------
----------------------------------------
| rollout/                |            |
|    ep_len_mean          | 312        |
|    ep_rew_mean          | 67.2       |
| time/                   |            |
|    fps                  | 1353       |
|    iterations           | 912        |
|    time_elapsed         | 1380       |
|    total_timesteps      | 3368960    |
| train/                  |            |
|    approx_kl            | 0.54939926 |
|    clip_fraction        | 0.751      |
|    clip_range           | 0.2        |
|    entropy_loss         | 5.71       |
|    explained_variance   | 0.9426198  |
|    learning_rate        | 0.0003     |
|    loss                 | 0.311      |
|    n_updates            | 16440      |
|    policy_gradient_loss | -0.0316    |
|    std                  | 0.171      |
|    value_loss           | 1.81       |
----------------------------------------
----------------------------------------
| rollout/                |            |
|    ep_len_mean          | 308        |
|    ep_rew_mean          | 65.8       |
| time/                   |            |
|    fps                  | 1352       |
|    iterations           | 913        |
|    time_elapsed         | 1382       |
|    total_timesteps      | 3371008    |
| train/                  |            |
|    approx_kl            | 0.39291134 |
|    clip_fraction        | 0.715      |
|    clip_range           | 0.2        |
|    entropy_loss         | 5.67       |
|    explained_variance   | 0.93879867 |
|    learning_rate        | 0.0003     |
|    loss                 | 0.351      |
|    n_updates            | 16450      |
|    policy_gradient_loss | -0.0332    |
|    std                  | 0.171      |
|    value_loss           | 1.84       |
----------------------------------------
----------------------------------------
| rollout/                |            |
|    ep_len_mean          | 309        |
|    ep_rew_mean          | 66.6       |
| time/                   |            |
|    fps                  | 1352       |
|    iterations           | 914        |
|    time_elapsed         | 1383       |
|    total_timesteps      | 3373056    |
| train/                  |            |
|    approx_kl            | 0.5153079  |
|    clip_fraction        | 0.733      |
|    clip_range           | 0.2        |
|    entropy_loss         | 5.67       |
|    explained_variance   | 0.90431005 |
|    learning_rate        | 0.0003     |
|    loss                 | 0.46       |
|    n_updates            | 16460      |
|    policy_gradient_loss | -0.0304    |
|    std                  | 0.171      |
|    value_loss           | 1.86       |
----------------------------------------
----------------------------------------
| rollout/                |            |
|    ep_len_mean          | 309        |
|    ep_rew_mean          | 66.7       |
| time/                   |            |
|    fps                  | 1352       |
|    iterations           | 915        |
|    time_elapsed         | 1385       |
|    total_timesteps      | 3375104    |
| train/                  |            |
|    approx_kl            | 0.53054464 |
|    clip_fraction        | 0.779      |
|    clip_range           | 0.2        |
|    entropy_loss         | 5.68       |
|    explained_variance   | 0.9718833  |
|    learning_rate        | 0.0003     |
|    loss                 | 0.247      |
|    n_updates            | 16470      |
|    policy_gradient_loss | -0.0125    |
|    std                  | 0.171      |
|    value_loss           | 0.98       |
----------------------------------------
---------------------------------------
| rollout/                |           |
|    ep_len_mean          | 316       |
|    ep_rew_mean          | 69.8      |
| time/                   |           |
|    fps                  | 1352      |
|    iterations           | 916       |
|    time_elapsed         | 1386      |
|    total_timesteps      | 3377152   |
| train/                  |           |
|    approx_kl            | 0.6115826 |
|    clip_fraction        | 0.754     |
|    clip_range           | 0.2       |
|    entropy_loss         | 5.71      |
|    explained_variance   | 0.9534736 |
|    learning_rate        | 0.0003    |
|    loss                 | 0.315     |
|    n_updates            | 16480     |
|    policy_gradient_loss | -0.0267   |
|    std                  | 0.17      |
|    value_loss           | 1.17      |
---------------------------------------
---------------------------------------
| rollout/                |           |
|    ep_len_mean          | 316       |
|    ep_rew_mean          | 70.5      |
| time/                   |           |
|    fps                  | 1352      |
|    iterations           | 917       |
|    time_elapsed         | 1388      |
|    total_timesteps      | 3379200   |
| train/                  |           |
|    approx_kl            | 0.5037068 |
|    clip_fraction        | 0.768     |
|    clip_range           | 0.2       |
|    entropy_loss         | 5.74      |
|    explained_variance   | 0.9176395 |
|    learning_rate        | 0.0003    |
|    loss                 | 0.25      |
|    n_updates            | 16490     |
|    policy_gradient_loss | -0.0189   |
|    std                  | 0.17      |
|    value_loss           | 1.9       |
---------------------------------------
----------------------------------------
| rollout/                |            |
|    ep_len_mean          | 316        |
|    ep_rew_mean          | 70.6       |
| time/                   |            |
|    fps                  | 1352       |
|    iterations           | 918        |
|    time_elapsed         | 1389       |
|    total_timesteps      | 3381248    |
| train/                  |            |
|    approx_kl            | 0.62547624 |
|    clip_fraction        | 0.784      |
|    clip_range           | 0.2        |
|    entropy_loss         | 5.79       |
|    explained_variance   | 0.89580524 |
|    learning_rate        | 0.0003     |
|    loss                 | 0.5        |
|    n_updates            | 16500      |
|    policy_gradient_loss | -0.0239    |
|    std                  | 0.169      |
|    value_loss           | 2.09       |
----------------------------------------
----------------------------------------
| rollout/                |            |
|    ep_len_mean          | 322        |
|    ep_rew_mean          | 72.8       |
| time/                   |            |
|    fps                  | 1352       |
|    iterations           | 919        |
|    time_elapsed         | 1391       |
|    total_timesteps      | 3383296    |
| train/                  |            |
|    approx_kl            | 0.5667112  |
|    clip_fraction        | 0.761      |
|    clip_range           | 0.2        |
|    entropy_loss         | 5.82       |
|    explained_variance   | 0.96292096 |
|    learning_rate        | 0.0003     |
|    loss                 | 0.212      |
|    n_updates            | 16510      |
|    policy_gradient_loss | -0.0261    |
|    std                  | 0.168      |
|    value_loss           | 1.17       |
----------------------------------------
---------------------------------------
| rollout/                |           |
|    ep_len_mean          | 324       |
|    ep_rew_mean          | 73.1      |
| time/                   |           |
|    fps                  | 1352      |
|    iterations           | 920       |
|    time_elapsed         | 1392      |
|    total_timesteps      | 3385344   |
| train/                  |           |
|    approx_kl            | 0.5373739 |
|    clip_fraction        | 0.761     |
|    clip_range           | 0.2       |
|    entropy_loss         | 5.87      |
|    explained_variance   | 0.9338409 |
|    learning_rate        | 0.0003    |
|    loss                 | 0.466     |
|    n_updates            | 16520     |
|    policy_gradient_loss | -0.0329   |
|    std                  | 0.168     |
|    value_loss           | 1.74      |
---------------------------------------
---------------------------------------
| rollout/                |           |
|    ep_len_mean          | 328       |
|    ep_rew_mean          | 74.7      |
| time/                   |           |
|    fps                  | 1352      |
|    iterations           | 921       |
|    time_elapsed         | 1394      |
|    total_timesteps      | 3387392   |
| train/                  |           |
|    approx_kl            | 0.4761943 |
|    clip_fraction        | 0.721     |
|    clip_range           | 0.2       |
|    entropy_loss         | 5.89      |
|    explained_variance   | 0.9143135 |
|    learning_rate        | 0.0003    |
|    loss                 | 0.177     |
|    n_updates            | 16530     |
|    policy_gradient_loss | -0.0364   |
|    std                  | 0.168     |
|    value_loss           | 2.07      |
---------------------------------------
----------------------------------------
| rollout/                |            |
|    ep_len_mean          | 332        |
|    ep_rew_mean          | 76.9       |
| time/                   |            |
|    fps                  | 1352       |
|    iterations           | 922        |
|    time_elapsed         | 1395       |
|    total_timesteps      | 3389440    |
| train/                  |            |
|    approx_kl            | 0.59061027 |
|    clip_fraction        | 0.778      |
|    clip_range           | 0.2        |
|    entropy_loss         | 5.94       |
|    explained_variance   | 0.9458339  |
|    learning_rate        | 0.0003     |
|    loss                 | 0.194      |
|    n_updates            | 16540      |
|    policy_gradient_loss | -0.0258    |
|    std                  | 0.167      |
|    value_loss           | 1.62       |
----------------------------------------
---------------------------------------
| rollout/                |           |
|    ep_len_mean          | 330       |
|    ep_rew_mean          | 76.3      |
| time/                   |           |
|    fps                  | 1352      |
|    iterations           | 923       |
|    time_elapsed         | 1397      |
|    total_timesteps      | 3391488   |
| train/                  |           |
|    approx_kl            | 0.7743779 |
|    clip_fraction        | 0.803     |
|    clip_range           | 0.2       |
|    entropy_loss         | 5.96      |
|    explained_variance   | 0.9588766 |
|    learning_rate        | 0.0003    |
|    loss                 | 0.0716    |
|    n_updates            | 16550     |
|    policy_gradient_loss | -0.0167   |
|    std                  | 0.167     |
|    value_loss           | 1.12      |
---------------------------------------
--------------------------------------
| rollout/                |          |
|    ep_len_mean          | 333      |
|    ep_rew_mean          | 76.7     |
| time/                   |          |
|    fps                  | 1352     |
|    iterations           | 924      |
|    time_elapsed         | 1398     |
|    total_timesteps      | 3393536  |
| train/                  |          |
|    approx_kl            | 0.515959 |
|    clip_fraction        | 0.759    |
|    clip_range           | 0.2      |
|    entropy_loss         | 5.91     |
|    explained_variance   | 0.956912 |
|    learning_rate        | 0.0003   |
|    loss                 | 0.181    |
|    n_updates            | 16560    |
|    policy_gradient_loss | -0.0234  |
|    std                  | 0.167    |
|    value_loss           | 1.07     |
--------------------------------------
----------------------------------------
| rollout/                |            |
|    ep_len_mean          | 338        |
|    ep_rew_mean          | 77.9       |
| time/                   |            |
|    fps                  | 1352       |
|    iterations           | 925        |
|    time_elapsed         | 1400       |
|    total_timesteps      | 3395584    |
| train/                  |            |
|    approx_kl            | 0.4517601  |
|    clip_fraction        | 0.715      |
|    clip_range           | 0.2        |
|    entropy_loss         | 5.93       |
|    explained_variance   | 0.93514735 |
|    learning_rate        | 0.0003     |
|    loss                 | 0.209      |
|    n_updates            | 16570      |
|    policy_gradient_loss | -0.0362    |
|    std                  | 0.167      |
|    value_loss           | 1.53       |
----------------------------------------
---------------------------------------
| rollout/                |           |
|    ep_len_mean          | 334       |
|    ep_rew_mean          | 75.7      |
| time/                   |           |
|    fps                  | 1352      |
|    iterations           | 926       |
|    time_elapsed         | 1401      |
|    total_timesteps      | 3397632   |
| train/                  |           |
|    approx_kl            | 0.5008742 |
|    clip_fraction        | 0.731     |
|    clip_range           | 0.2       |
|    entropy_loss         | 5.98      |
|    explained_variance   | 0.9423774 |
|    learning_rate        | 0.0003    |
|    loss                 | 0.18      |
|    n_updates            | 16580     |
|    policy_gradient_loss | -0.0319   |
|    std                  | 0.166     |
|    value_loss           | 1.41      |
---------------------------------------
----------------------------------------
| rollout/                |            |
|    ep_len_mean          | 337        |
|    ep_rew_mean          | 76.2       |
| time/                   |            |
|    fps                  | 1352       |
|    iterations           | 927        |
|    time_elapsed         | 1403       |
|    total_timesteps      | 3399680    |
| train/                  |            |
|    approx_kl            | 0.41577458 |
|    clip_fraction        | 0.734      |
|    clip_range           | 0.2        |
|    entropy_loss         | 6.03       |
|    explained_variance   | 0.93537915 |
|    learning_rate        | 0.0003     |
|    loss                 | 0.142      |
|    n_updates            | 16590      |
|    policy_gradient_loss | -0.0226    |
|    std                  | 0.166      |
|    value_loss           | 1.55       |
----------------------------------------
---------------------------------------
| rollout/                |           |
|    ep_len_mean          | 340       |
|    ep_rew_mean          | 77.5      |
| time/                   |           |
|    fps                  | 1352      |
|    iterations           | 928       |
|    time_elapsed         | 1404      |
|    total_timesteps      | 3401728   |
| train/                  |           |
|    approx_kl            | 0.5402689 |
|    clip_fraction        | 0.76      |
|    clip_range           | 0.2       |
|    entropy_loss         | 6.02      |
|    explained_variance   | 0.9506432 |
|    learning_rate        | 0.0003    |
|    loss                 | 0.259     |
|    n_updates            | 16600     |
|    policy_gradient_loss | -0.0294   |
|    std                  | 0.166     |
|    value_loss           | 1.46      |
---------------------------------------
---------------------------------------
| rollout/                |           |
|    ep_len_mean          | 341       |
|    ep_rew_mean          | 78.4      |
| time/                   |           |
|    fps                  | 1352      |
|    iterations           | 929       |
|    time_elapsed         | 1406      |
|    total_timesteps      | 3403776   |
| train/                  |           |
|    approx_kl            | 0.6151039 |
|    clip_fraction        | 0.76      |
|    clip_range           | 0.2       |
|    entropy_loss         | 6.02      |
|    explained_variance   | 0.9086787 |
|    learning_rate        | 0.0003    |
|    loss                 | 0.451     |
|    n_updates            | 16610     |
|    policy_gradient_loss | -0.0343   |
|    std                  | 0.166     |
|    value_loss           | 2.32      |
---------------------------------------
---------------------------------------
| rollout/                |           |
|    ep_len_mean          | 341       |
|    ep_rew_mean          | 78.6      |
| time/                   |           |
|    fps                  | 1353      |
|    iterations           | 930       |
|    time_elapsed         | 1407      |
|    total_timesteps      | 3405824   |
| train/                  |           |
|    approx_kl            | 0.5818198 |
|    clip_fraction        | 0.762     |
|    clip_range           | 0.2       |
|    entropy_loss         | 5.99      |
|    explained_variance   | 0.9439594 |
|    learning_rate        | 0.0003    |
|    loss                 | 0.32      |
|    n_updates            | 16620     |
|    policy_gradient_loss | -0.0299   |
|    std                  | 0.167     |
|    value_loss           | 1.52      |
---------------------------------------
---------------------------------------
| rollout/                |           |
|    ep_len_mean          | 345       |
|    ep_rew_mean          | 79.9      |
| time/                   |           |
|    fps                  | 1353      |
|    iterations           | 931       |
|    time_elapsed         | 1409      |
|    total_timesteps      | 3407872   |
| train/                  |           |
|    approx_kl            | 0.8339505 |
|    clip_fraction        | 0.796     |
|    clip_range           | 0.2       |
|    entropy_loss         | 5.96      |
|    explained_variance   | 0.9468881 |
|    learning_rate        | 0.0003    |
|    loss                 | 0.156     |
|    n_updates            | 16630     |
|    policy_gradient_loss | -0.0208   |
|    std                  | 0.167     |
|    value_loss           | 1.03      |
---------------------------------------
---------------------------------------
| rollout/                |           |
|    ep_len_mean          | 354       |
|    ep_rew_mean          | 82        |
| time/                   |           |
|    fps                  | 1353      |
|    iterations           | 932       |
|    time_elapsed         | 1410      |
|    total_timesteps      | 3409920   |
| train/                  |           |
|    approx_kl            | 0.5520164 |
|    clip_fraction        | 0.767     |
|    clip_range           | 0.2       |
|    entropy_loss         | 5.95      |
|    explained_variance   | 0.9511113 |
|    learning_rate        | 0.0003    |
|    loss                 | 0.0599    |
|    n_updates            | 16640     |
|    policy_gradient_loss | -0.0252   |
|    std                  | 0.167     |
|    value_loss           | 0.953     |
---------------------------------------
---------------------------------------
| rollout/                |           |
|    ep_len_mean          | 349       |
|    ep_rew_mean          | 80.4      |
| time/                   |           |
|    fps                  | 1353      |
|    iterations           | 933       |
|    time_elapsed         | 1412      |
|    total_timesteps      | 3411968   |
| train/                  |           |
|    approx_kl            | 0.5162399 |
|    clip_fraction        | 0.791     |
|    clip_range           | 0.2       |
|    entropy_loss         | 5.95      |
|    explained_variance   | 0.9317001 |
|    learning_rate        | 0.0003    |
|    loss                 | 0.226     |
|    n_updates            | 16650     |
|    policy_gradient_loss | -0.00812  |
|    std                  | 0.167     |
|    value_loss           | 1.46      |
---------------------------------------
----------------------------------------
| rollout/                |            |
|    ep_len_mean          | 347        |
|    ep_rew_mean          | 79.4       |
| time/                   |            |
|    fps                  | 1353       |
|    iterations           | 934        |
|    time_elapsed         | 1413       |
|    total_timesteps      | 3414016    |
| train/                  |            |
|    approx_kl            | 0.47315228 |
|    clip_fraction        | 0.736      |
|    clip_range           | 0.2        |
|    entropy_loss         | 5.92       |
|    explained_variance   | 0.9347978  |
|    learning_rate        | 0.0003     |
|    loss                 | 0.159      |
|    n_updates            | 16660      |
|    policy_gradient_loss | -0.0272    |
|    std                  | 0.167      |
|    value_loss           | 1.68       |
----------------------------------------
----------------------------------------
| rollout/                |            |
|    ep_len_mean          | 355        |
|    ep_rew_mean          | 81.8       |
| time/                   |            |
|    fps                  | 1353       |
|    iterations           | 935        |
|    time_elapsed         | 1415       |
|    total_timesteps      | 3416064    |
| train/                  |            |
|    approx_kl            | 0.45719248 |
|    clip_fraction        | 0.755      |
|    clip_range           | 0.2        |
|    entropy_loss         | 5.9        |
|    explained_variance   | 0.93095744 |
|    learning_rate        | 0.0003     |
|    loss                 | 0.301      |
|    n_updates            | 16670      |
|    policy_gradient_loss | -0.0209    |
|    std                  | 0.167      |
|    value_loss           | 2.05       |
----------------------------------------
---------------------------------------
| rollout/                |           |
|    ep_len_mean          | 353       |
|    ep_rew_mean          | 81.5      |
| time/                   |           |
|    fps                  | 1353      |
|    iterations           | 936       |
|    time_elapsed         | 1416      |
|    total_timesteps      | 3418112   |
| train/                  |           |
|    approx_kl            | 0.6696387 |
|    clip_fraction        | 0.794     |
|    clip_range           | 0.2       |
|    entropy_loss         | 5.88      |
|    explained_variance   | 0.9518567 |
|    learning_rate        | 0.0003    |
|    loss                 | 0.167     |
|    n_updates            | 16680     |
|    policy_gradient_loss | -0.0203   |
|    std                  | 0.168     |
|    value_loss           | 0.908     |
---------------------------------------
---------------------------------------
| rollout/                |           |
|    ep_len_mean          | 355       |
|    ep_rew_mean          | 82.2      |
| time/                   |           |
|    fps                  | 1353      |
|    iterations           | 937       |
|    time_elapsed         | 1418      |
|    total_timesteps      | 3420160   |
| train/                  |           |
|    approx_kl            | 0.4027285 |
|    clip_fraction        | 0.729     |
|    clip_range           | 0.2       |
|    entropy_loss         | 5.86      |
|    explained_variance   | 0.927834  |
|    learning_rate        | 0.0003    |
|    loss                 | 0.119     |
|    n_updates            | 16690     |
|    policy_gradient_loss | -0.0308   |
|    std                  | 0.168     |
|    value_loss           | 1.71      |
---------------------------------------
----------------------------------------
| rollout/                |            |
|    ep_len_mean          | 354        |
|    ep_rew_mean          | 81.8       |
| time/                   |            |
|    fps                  | 1353       |
|    iterations           | 938        |
|    time_elapsed         | 1419       |
|    total_timesteps      | 3422208    |
| train/                  |            |
|    approx_kl            | 0.60376203 |
|    clip_fraction        | 0.769      |
|    clip_range           | 0.2        |
|    entropy_loss         | 5.86       |
|    explained_variance   | 0.9149747  |
|    learning_rate        | 0.0003     |
|    loss                 | 0.26       |
|    n_updates            | 16700      |
|    policy_gradient_loss | -0.0282    |
|    std                  | 0.168      |
|    value_loss           | 1.76       |
----------------------------------------
---------------------------------------
| rollout/                |           |
|    ep_len_mean          | 355       |
|    ep_rew_mean          | 81.9      |
| time/                   |           |
|    fps                  | 1353      |
|    iterations           | 939       |
|    time_elapsed         | 1420      |
|    total_timesteps      | 3424256   |
| train/                  |           |
|    approx_kl            | 0.593653  |
|    clip_fraction        | 0.759     |
|    clip_range           | 0.2       |
|    entropy_loss         | 5.86      |
|    explained_variance   | 0.9507964 |
|    learning_rate        | 0.0003    |
|    loss                 | 0.235     |
|    n_updates            | 16710     |
|    policy_gradient_loss | -0.0248   |
|    std                  | 0.168     |
|    value_loss           | 1.29      |
---------------------------------------
----------------------------------------
| rollout/                |            |
|    ep_len_mean          | 352        |
|    ep_rew_mean          | 80.5       |
| time/                   |            |
|    fps                  | 1353       |
|    iterations           | 940        |
|    time_elapsed         | 1422       |
|    total_timesteps      | 3426304    |
| train/                  |            |
|    approx_kl            | 0.49230906 |
|    clip_fraction        | 0.748      |
|    clip_range           | 0.2        |
|    entropy_loss         | 5.88       |
|    explained_variance   | 0.9587929  |
|    learning_rate        | 0.0003     |
|    loss                 | 0.415      |
|    n_updates            | 16720      |
|    policy_gradient_loss | -0.0293    |
|    std                  | 0.167      |
|    value_loss           | 1.5        |
----------------------------------------
----------------------------------------
| rollout/                |            |
|    ep_len_mean          | 350        |
|    ep_rew_mean          | 80.5       |
| time/                   |            |
|    fps                  | 1353       |
|    iterations           | 941        |
|    time_elapsed         | 1423       |
|    total_timesteps      | 3428352    |
| train/                  |            |
|    approx_kl            | 0.42332685 |
|    clip_fraction        | 0.72       |
|    clip_range           | 0.2        |
|    entropy_loss         | 5.92       |
|    explained_variance   | 0.940462   |
|    learning_rate        | 0.0003     |
|    loss                 | 0.544      |
|    n_updates            | 16730      |
|    policy_gradient_loss | -0.0279    |
|    std                  | 0.167      |
|    value_loss           | 2.22       |
----------------------------------------
----------------------------------------
| rollout/                |            |
|    ep_len_mean          | 344        |
|    ep_rew_mean          | 79.2       |
| time/                   |            |
|    fps                  | 1353       |
|    iterations           | 942        |
|    time_elapsed         | 1425       |
|    total_timesteps      | 3430400    |
| train/                  |            |
|    approx_kl            | 0.47665867 |
|    clip_fraction        | 0.763      |
|    clip_range           | 0.2        |
|    entropy_loss         | 5.95       |
|    explained_variance   | 0.9598844  |
|    learning_rate        | 0.0003     |
|    loss                 | 0.27       |
|    n_updates            | 16740      |
|    policy_gradient_loss | -0.0279    |
|    std                  | 0.167      |
|    value_loss           | 1.82       |
----------------------------------------
----------------------------------------
| rollout/                |            |
|    ep_len_mean          | 350        |
|    ep_rew_mean          | 81.9       |
| time/                   |            |
|    fps                  | 1353       |
|    iterations           | 943        |
|    time_elapsed         | 1426       |
|    total_timesteps      | 3432448    |
| train/                  |            |
|    approx_kl            | 0.5467356  |
|    clip_fraction        | 0.738      |
|    clip_range           | 0.2        |
|    entropy_loss         | 5.94       |
|    explained_variance   | 0.94014364 |
|    learning_rate        | 0.0003     |
|    loss                 | 0.27       |
|    n_updates            | 16750      |
|    policy_gradient_loss | -0.0257    |
|    std                  | 0.167      |
|    value_loss           | 1.72       |
----------------------------------------
---------------------------------------
| rollout/                |           |
|    ep_len_mean          | 346       |
|    ep_rew_mean          | 81        |
| time/                   |           |
|    fps                  | 1353      |
|    iterations           | 944       |
|    time_elapsed         | 1427      |
|    total_timesteps      | 3434496   |
| train/                  |           |
|    approx_kl            | 0.7527257 |
|    clip_fraction        | 0.798     |
|    clip_range           | 0.2       |
|    entropy_loss         | 5.98      |
|    explained_variance   | 0.9379808 |
|    learning_rate        | 0.0003    |
|    loss                 | 0.178     |
|    n_updates            | 16760     |
|    policy_gradient_loss | -0.0298   |
|    std                  | 0.166     |
|    value_loss           | 1.51      |
---------------------------------------
----------------------------------------
| rollout/                |            |
|    ep_len_mean          | 346        |
|    ep_rew_mean          | 80.8       |
| time/                   |            |
|    fps                  | 1353       |
|    iterations           | 945        |
|    time_elapsed         | 1429       |
|    total_timesteps      | 3436544    |
| train/                  |            |
|    approx_kl            | 0.45510238 |
|    clip_fraction        | 0.765      |
|    clip_range           | 0.2        |
|    entropy_loss         | 6          |
|    explained_variance   | 0.9523958  |
|    learning_rate        | 0.0003     |
|    loss                 | 0.151      |
|    n_updates            | 16770      |
|    policy_gradient_loss | -0.0224    |
|    std                  | 0.166      |
|    value_loss           | 1.35       |
----------------------------------------
----------------------------------------
| rollout/                |            |
|    ep_len_mean          | 347        |
|    ep_rew_mean          | 80.4       |
| time/                   |            |
|    fps                  | 1354       |
|    iterations           | 946        |
|    time_elapsed         | 1430       |
|    total_timesteps      | 3438592    |
| train/                  |            |
|    approx_kl            | 0.6383728  |
|    clip_fraction        | 0.787      |
|    clip_range           | 0.2        |
|    entropy_loss         | 6.03       |
|    explained_variance   | 0.95996356 |
|    learning_rate        | 0.0003     |
|    loss                 | 0.0388     |
|    n_updates            | 16780      |
|    policy_gradient_loss | -0.0231    |
|    std                  | 0.166      |
|    value_loss           | 1.19       |
----------------------------------------
----------------------------------------
| rollout/                |            |
|    ep_len_mean          | 350        |
|    ep_rew_mean          | 81.7       |
| time/                   |            |
|    fps                  | 1354       |
|    iterations           | 947        |
|    time_elapsed         | 1432       |
|    total_timesteps      | 3440640    |
| train/                  |            |
|    approx_kl            | 0.59499425 |
|    clip_fraction        | 0.762      |
|    clip_range           | 0.2        |
|    entropy_loss         | 6.05       |
|    explained_variance   | 0.9283535  |
|    learning_rate        | 0.0003     |
|    loss                 | 0.211      |
|    n_updates            | 16790      |
|    policy_gradient_loss | -0.022     |
|    std                  | 0.166      |
|    value_loss           | 1.54       |
----------------------------------------
---------------------------------------
| rollout/                |           |
|    ep_len_mean          | 359       |
|    ep_rew_mean          | 84.1      |
| time/                   |           |
|    fps                  | 1354      |
|    iterations           | 948       |
|    time_elapsed         | 1433      |
|    total_timesteps      | 3442688   |
| train/                  |           |
|    approx_kl            | 0.7445303 |
|    clip_fraction        | 0.796     |
|    clip_range           | 0.2       |
|    entropy_loss         | 6.05      |
|    explained_variance   | 0.9381198 |
|    learning_rate        | 0.0003    |
|    loss                 | 0.0994    |
|    n_updates            | 16800     |
|    policy_gradient_loss | -0.0243   |
|    std                  | 0.166     |
|    value_loss           | 1.24      |
---------------------------------------
----------------------------------------
| rollout/                |            |
|    ep_len_mean          | 353        |
|    ep_rew_mean          | 82.9       |
| time/                   |            |
|    fps                  | 1354       |
|    iterations           | 949        |
|    time_elapsed         | 1435       |
|    total_timesteps      | 3444736    |
| train/                  |            |
|    approx_kl            | 0.7958642  |
|    clip_fraction        | 0.814      |
|    clip_range           | 0.2        |
|    entropy_loss         | 6.01       |
|    explained_variance   | 0.94183743 |
|    learning_rate        | 0.0003     |
|    loss                 | 0.186      |
|    n_updates            | 16810      |
|    policy_gradient_loss | -0.0094    |
|    std                  | 0.166      |
|    value_loss           | 0.837      |
----------------------------------------
----------------------------------------
| rollout/                |            |
|    ep_len_mean          | 353        |
|    ep_rew_mean          | 83.1       |
| time/                   |            |
|    fps                  | 1354       |
|    iterations           | 950        |
|    time_elapsed         | 1436       |
|    total_timesteps      | 3446784    |
| train/                  |            |
|    approx_kl            | 0.4964534  |
|    clip_fraction        | 0.778      |
|    clip_range           | 0.2        |
|    entropy_loss         | 6.05       |
|    explained_variance   | 0.95106214 |
|    learning_rate        | 0.0003     |
|    loss                 | 0.257      |
|    n_updates            | 16820      |
|    policy_gradient_loss | -0.0222    |
|    std                  | 0.165      |
|    value_loss           | 1.06       |
----------------------------------------
----------------------------------------
| rollout/                |            |
|    ep_len_mean          | 349        |
|    ep_rew_mean          | 81.8       |
| time/                   |            |
|    fps                  | 1354       |
|    iterations           | 951        |
|    time_elapsed         | 1438       |
|    total_timesteps      | 3448832    |
| train/                  |            |
|    approx_kl            | 0.43697947 |
|    clip_fraction        | 0.726      |
|    clip_range           | 0.2        |
|    entropy_loss         | 6.09       |
|    explained_variance   | 0.94206357 |
|    learning_rate        | 0.0003     |
|    loss                 | 0.214      |
|    n_updates            | 16830      |
|    policy_gradient_loss | -0.017     |
|    std                  | 0.165      |
|    value_loss           | 1.34       |
----------------------------------------
----------------------------------------
| rollout/                |            |
|    ep_len_mean          | 338        |
|    ep_rew_mean          | 78         |
| time/                   |            |
|    fps                  | 1354       |
|    iterations           | 952        |
|    time_elapsed         | 1439       |
|    total_timesteps      | 3450880    |
| train/                  |            |
|    approx_kl            | 0.46961534 |
|    clip_fraction        | 0.725      |
|    clip_range           | 0.2        |
|    entropy_loss         | 6.1        |
|    explained_variance   | 0.959941   |
|    learning_rate        | 0.0003     |
|    loss                 | 0.204      |
|    n_updates            | 16840      |
|    policy_gradient_loss | -0.0237    |
|    std                  | 0.165      |
|    value_loss           | 1.2        |
----------------------------------------
---------------------------------------
| rollout/                |           |
|    ep_len_mean          | 341       |
|    ep_rew_mean          | 79.7      |
| time/                   |           |
|    fps                  | 1354      |
|    iterations           | 953       |
|    time_elapsed         | 1440      |
|    total_timesteps      | 3452928   |
| train/                  |           |
|    approx_kl            | 0.5277001 |
|    clip_fraction        | 0.732     |
|    clip_range           | 0.2       |
|    entropy_loss         | 6.15      |
|    explained_variance   | 0.9665306 |
|    learning_rate        | 0.0003    |
|    loss                 | 0.128     |
|    n_updates            | 16850     |
|    policy_gradient_loss | -0.0206   |
|    std                  | 0.165     |
|    value_loss           | 0.981     |
---------------------------------------
---------------------------------------
| rollout/                |           |
|    ep_len_mean          | 337       |
|    ep_rew_mean          | 78.2      |
| time/                   |           |
|    fps                  | 1354      |
|    iterations           | 954       |
|    time_elapsed         | 1442      |
|    total_timesteps      | 3454976   |
| train/                  |           |
|    approx_kl            | 0.6662893 |
|    clip_fraction        | 0.765     |
|    clip_range           | 0.2       |
|    entropy_loss         | 6.15      |
|    explained_variance   | 0.9449509 |
|    learning_rate        | 0.0003    |
|    loss                 | 0.177     |
|    n_updates            | 16860     |
|    policy_gradient_loss | -0.0271   |
|    std                  | 0.165     |
|    value_loss           | 1.18      |
---------------------------------------
---------------------------------------
| rollout/                |           |
|    ep_len_mean          | 336       |
|    ep_rew_mean          | 78.4      |
| time/                   |           |
|    fps                  | 1354      |
|    iterations           | 955       |
|    time_elapsed         | 1443      |
|    total_timesteps      | 3457024   |
| train/                  |           |
|    approx_kl            | 0.5504428 |
|    clip_fraction        | 0.759     |
|    clip_range           | 0.2       |
|    entropy_loss         | 6.14      |
|    explained_variance   | 0.9534139 |
|    learning_rate        | 0.0003    |
|    loss                 | 0.248     |
|    n_updates            | 16870     |
|    policy_gradient_loss | -0.0288   |
|    std                  | 0.165     |
|    value_loss           | 1.44      |
---------------------------------------
----------------------------------------
| rollout/                |            |
|    ep_len_mean          | 333        |
|    ep_rew_mean          | 77.8       |
| time/                   |            |
|    fps                  | 1354       |
|    iterations           | 956        |
|    time_elapsed         | 1445       |
|    total_timesteps      | 3459072    |
| train/                  |            |
|    approx_kl            | 0.60287005 |
|    clip_fraction        | 0.77       |
|    clip_range           | 0.2        |
|    entropy_loss         | 6.12       |
|    explained_variance   | 0.95676106 |
|    learning_rate        | 0.0003     |
|    loss                 | 0.385      |
|    n_updates            | 16880      |
|    policy_gradient_loss | -0.0242    |
|    std                  | 0.165      |
|    value_loss           | 1.56       |
----------------------------------------
---------------------------------------
| rollout/                |           |
|    ep_len_mean          | 336       |
|    ep_rew_mean          | 78.3      |
| time/                   |           |
|    fps                  | 1354      |
|    iterations           | 957       |
|    time_elapsed         | 1446      |
|    total_timesteps      | 3461120   |
| train/                  |           |
|    approx_kl            | 0.5016835 |
|    clip_fraction        | 0.741     |
|    clip_range           | 0.2       |
|    entropy_loss         | 6.07      |
|    explained_variance   | 0.9662725 |
|    learning_rate        | 0.0003    |
|    loss                 | 0.181     |
|    n_updates            | 16890     |
|    policy_gradient_loss | -0.0259   |
|    std                  | 0.166     |
|    value_loss           | 0.87      |
---------------------------------------
---------------------------------------
| rollout/                |           |
|    ep_len_mean          | 339       |
|    ep_rew_mean          | 79.6      |
| time/                   |           |
|    fps                  | 1354      |
|    iterations           | 958       |
|    time_elapsed         | 1448      |
|    total_timesteps      | 3463168   |
| train/                  |           |
|    approx_kl            | 0.6032659 |
|    clip_fraction        | 0.771     |
|    clip_range           | 0.2       |
|    entropy_loss         | 6.04      |
|    explained_variance   | 0.9689992 |
|    learning_rate        | 0.0003    |
|    loss                 | 0.252     |
|    n_updates            | 16900     |
|    policy_gradient_loss | -0.0187   |
|    std                  | 0.166     |
|    value_loss           | 1.12      |
---------------------------------------
---------------------------------------
| rollout/                |           |
|    ep_len_mean          | 337       |
|    ep_rew_mean          | 79        |
| time/                   |           |
|    fps                  | 1354      |
|    iterations           | 959       |
|    time_elapsed         | 1449      |
|    total_timesteps      | 3465216   |
| train/                  |           |
|    approx_kl            | 0.4892332 |
|    clip_fraction        | 0.764     |
|    clip_range           | 0.2       |
|    entropy_loss         | 6.01      |
|    explained_variance   | 0.9554514 |
|    learning_rate        | 0.0003    |
|    loss                 | 0.353     |
|    n_updates            | 16910     |
|    policy_gradient_loss | -0.0269   |
|    std                  | 0.166     |
|    value_loss           | 1.52      |
---------------------------------------
---------------------------------------
| rollout/                |           |
|    ep_len_mean          | 340       |
|    ep_rew_mean          | 80.2      |
| time/                   |           |
|    fps                  | 1355      |
|    iterations           | 960       |
|    time_elapsed         | 1450      |
|    total_timesteps      | 3467264   |
| train/                  |           |
|    approx_kl            | 0.4476527 |
|    clip_fraction        | 0.706     |
|    clip_range           | 0.2       |
|    entropy_loss         | 6.01      |
|    explained_variance   | 0.9338299 |
|    learning_rate        | 0.0003    |
|    loss                 | 0.388     |
|    n_updates            | 16920     |
|    policy_gradient_loss | -0.0337   |
|    std                  | 0.166     |
|    value_loss           | 1.95      |
---------------------------------------
----------------------------------------
| rollout/                |            |
|    ep_len_mean          | 339        |
|    ep_rew_mean          | 80.6       |
| time/                   |            |
|    fps                  | 1354       |
|    iterations           | 961        |
|    time_elapsed         | 1452       |
|    total_timesteps      | 3469312    |
| train/                  |            |
|    approx_kl            | 0.58511007 |
|    clip_fraction        | 0.784      |
|    clip_range           | 0.2        |
|    entropy_loss         | 6          |
|    explained_variance   | 0.9264944  |
|    learning_rate        | 0.0003     |
|    loss                 | 0.285      |
|    n_updates            | 16930      |
|    policy_gradient_loss | -0.0256    |
|    std                  | 0.166      |
|    value_loss           | 1.96       |
----------------------------------------
----------------------------------------
| rollout/                |            |
|    ep_len_mean          | 338        |
|    ep_rew_mean          | 80.7       |
| time/                   |            |
|    fps                  | 1355       |
|    iterations           | 962        |
|    time_elapsed         | 1453       |
|    total_timesteps      | 3471360    |
| train/                  |            |
|    approx_kl            | 0.49293262 |
|    clip_fraction        | 0.789      |
|    clip_range           | 0.2        |
|    entropy_loss         | 6.02       |
|    explained_variance   | 0.9673297  |
|    learning_rate        | 0.0003     |
|    loss                 | 0.199      |
|    n_updates            | 16940      |
|    policy_gradient_loss | -0.0218    |
|    std                  | 0.166      |
|    value_loss           | 0.978      |
----------------------------------------
----------------------------------------
| rollout/                |            |
|    ep_len_mean          | 336        |
|    ep_rew_mean          | 79.5       |
| time/                   |            |
|    fps                  | 1355       |
|    iterations           | 963        |
|    time_elapsed         | 1455       |
|    total_timesteps      | 3473408    |
| train/                  |            |
|    approx_kl            | 0.41783607 |
|    clip_fraction        | 0.717      |
|    clip_range           | 0.2        |
|    entropy_loss         | 6.04       |
|    explained_variance   | 0.9449652  |
|    learning_rate        | 0.0003     |
|    loss                 | 0.514      |
|    n_updates            | 16950      |
|    policy_gradient_loss | -0.0215    |
|    std                  | 0.166      |
|    value_loss           | 1.64       |
----------------------------------------
----------------------------------------
| rollout/                |            |
|    ep_len_mean          | 319        |
|    ep_rew_mean          | 73.7       |
| time/                   |            |
|    fps                  | 1355       |
|    iterations           | 964        |
|    time_elapsed         | 1456       |
|    total_timesteps      | 3475456    |
| train/                  |            |
|    approx_kl            | 0.56451356 |
|    clip_fraction        | 0.722      |
|    clip_range           | 0.2        |
|    entropy_loss         | 6.06       |
|    explained_variance   | 0.94158024 |
|    learning_rate        | 0.0003     |
|    loss                 | 0.164      |
|    n_updates            | 16960      |
|    policy_gradient_loss | -0.031     |
|    std                  | 0.165      |
|    value_loss           | 1.66       |
----------------------------------------
---------------------------------------
| rollout/                |           |
|    ep_len_mean          | 318       |
|    ep_rew_mean          | 73.1      |
| time/                   |           |
|    fps                  | 1355      |
|    iterations           | 965       |
|    time_elapsed         | 1458      |
|    total_timesteps      | 3477504   |
| train/                  |           |
|    approx_kl            | 0.5857983 |
|    clip_fraction        | 0.737     |
|    clip_range           | 0.2       |
|    entropy_loss         | 6.07      |
|    explained_variance   | 0.9640663 |
|    learning_rate        | 0.0003    |
|    loss                 | 0.153     |
|    n_updates            | 16970     |
|    policy_gradient_loss | -0.0273   |
|    std                  | 0.166     |
|    value_loss           | 1.27      |
---------------------------------------
---------------------------------------
| rollout/                |           |
|    ep_len_mean          | 319       |
|    ep_rew_mean          | 73        |
| time/                   |           |
|    fps                  | 1355      |
|    iterations           | 966       |
|    time_elapsed         | 1459      |
|    total_timesteps      | 3479552   |
| train/                  |           |
|    approx_kl            | 0.7894864 |
|    clip_fraction        | 0.796     |
|    clip_range           | 0.2       |
|    entropy_loss         | 6.07      |
|    explained_variance   | 0.9453333 |
|    learning_rate        | 0.0003    |
|    loss                 | 0.191     |
|    n_updates            | 16980     |
|    policy_gradient_loss | -0.0294   |
|    std                  | 0.166     |
|    value_loss           | 1.23      |
---------------------------------------
----------------------------------------
| rollout/                |            |
|    ep_len_mean          | 317        |
|    ep_rew_mean          | 72.5       |
| time/                   |            |
|    fps                  | 1355       |
|    iterations           | 967        |
|    time_elapsed         | 1461       |
|    total_timesteps      | 3481600    |
| train/                  |            |
|    approx_kl            | 0.38826475 |
|    clip_fraction        | 0.707      |
|    clip_range           | 0.2        |
|    entropy_loss         | 6.08       |
|    explained_variance   | 0.9429237  |
|    learning_rate        | 0.0003     |
|    loss                 | 0.777      |
|    n_updates            | 16990      |
|    policy_gradient_loss | -0.0325    |
|    std                  | 0.165      |
|    value_loss           | 2.17       |
----------------------------------------
----------------------------------------
| rollout/                |            |
|    ep_len_mean          | 323        |
|    ep_rew_mean          | 74.5       |
| time/                   |            |
|    fps                  | 1355       |
|    iterations           | 968        |
|    time_elapsed         | 1462       |
|    total_timesteps      | 3483648    |
| train/                  |            |
|    approx_kl            | 0.9045097  |
|    clip_fraction        | 0.78       |
|    clip_range           | 0.2        |
|    entropy_loss         | 6.09       |
|    explained_variance   | 0.93474996 |
|    learning_rate        | 0.0003     |
|    loss                 | 0.156      |
|    n_updates            | 17000      |
|    policy_gradient_loss | -0.0245    |
|    std                  | 0.165      |
|    value_loss           | 1.89       |
----------------------------------------
----------------------------------------
| rollout/                |            |
|    ep_len_mean          | 328        |
|    ep_rew_mean          | 75.8       |
| time/                   |            |
|    fps                  | 1355       |
|    iterations           | 969        |
|    time_elapsed         | 1464       |
|    total_timesteps      | 3485696    |
| train/                  |            |
|    approx_kl            | 1.5500298  |
|    clip_fraction        | 0.844      |
|    clip_range           | 0.2        |
|    entropy_loss         | 6.09       |
|    explained_variance   | 0.92904353 |
|    learning_rate        | 0.0003     |
|    loss                 | 0.0484     |
|    n_updates            | 17010      |
|    policy_gradient_loss | -0.00994   |
|    std                  | 0.165      |
|    value_loss           | 0.842      |
----------------------------------------
---------------------------------------
| rollout/                |           |
|    ep_len_mean          | 327       |
|    ep_rew_mean          | 75        |
| time/                   |           |
|    fps                  | 1355      |
|    iterations           | 970       |
|    time_elapsed         | 1465      |
|    total_timesteps      | 3487744   |
| train/                  |           |
|    approx_kl            | 0.5637991 |
|    clip_fraction        | 0.775     |
|    clip_range           | 0.2       |
|    entropy_loss         | 6.09      |
|    explained_variance   | 0.9368708 |
|    learning_rate        | 0.0003    |
|    loss                 | 0.114     |
|    n_updates            | 17020     |
|    policy_gradient_loss | -0.0196   |
|    std                  | 0.165     |
|    value_loss           | 0.839     |
---------------------------------------
----------------------------------------
| rollout/                |            |
|    ep_len_mean          | 323        |
|    ep_rew_mean          | 73.1       |
| time/                   |            |
|    fps                  | 1355       |
|    iterations           | 971        |
|    time_elapsed         | 1467       |
|    total_timesteps      | 3489792    |
| train/                  |            |
|    approx_kl            | 0.48018923 |
|    clip_fraction        | 0.742      |
|    clip_range           | 0.2        |
|    entropy_loss         | 6.08       |
|    explained_variance   | 0.94104934 |
|    learning_rate        | 0.0003     |
|    loss                 | 0.402      |
|    n_updates            | 17030      |
|    policy_gradient_loss | -0.0278    |
|    std                  | 0.165      |
|    value_loss           | 1.68       |
----------------------------------------
---------------------------------------
| rollout/                |           |
|    ep_len_mean          | 323       |
|    ep_rew_mean          | 73        |
| time/                   |           |
|    fps                  | 1355      |
|    iterations           | 972       |
|    time_elapsed         | 1468      |
|    total_timesteps      | 3491840   |
| train/                  |           |
|    approx_kl            | 0.5144037 |
|    clip_fraction        | 0.748     |
|    clip_range           | 0.2       |
|    entropy_loss         | 6.09      |
|    explained_variance   | 0.9526429 |
|    learning_rate        | 0.0003    |
|    loss                 | 0.413     |
|    n_updates            | 17040     |
|    policy_gradient_loss | -0.0219   |
|    std                  | 0.165     |
|    value_loss           | 1.33      |
---------------------------------------
---------------------------------------
| rollout/                |           |
|    ep_len_mean          | 321       |
|    ep_rew_mean          | 72.3      |
| time/                   |           |
|    fps                  | 1355      |
|    iterations           | 973       |
|    time_elapsed         | 1470      |
|    total_timesteps      | 3493888   |
| train/                  |           |
|    approx_kl            | 0.6806646 |
|    clip_fraction        | 0.78      |
|    clip_range           | 0.2       |
|    entropy_loss         | 6.08      |
|    explained_variance   | 0.9619594 |
|    learning_rate        | 0.0003    |
|    loss                 | 0.202     |
|    n_updates            | 17050     |
|    policy_gradient_loss | -0.0194   |
|    std                  | 0.165     |
|    value_loss           | 1.13      |
---------------------------------------
---------------------------------------
| rollout/                |           |
|    ep_len_mean          | 317       |
|    ep_rew_mean          | 69.9      |
| time/                   |           |
|    fps                  | 1355      |
|    iterations           | 974       |
|    time_elapsed         | 1471      |
|    total_timesteps      | 3495936   |
| train/                  |           |
|    approx_kl            | 0.5658463 |
|    clip_fraction        | 0.756     |
|    clip_range           | 0.2       |
|    entropy_loss         | 6.07      |
|    explained_variance   | 0.9728837 |
|    learning_rate        | 0.0003    |
|    loss                 | 0.296     |
|    n_updates            | 17060     |
|    policy_gradient_loss | -0.0176   |
|    std                  | 0.165     |
|    value_loss           | 1.02      |
---------------------------------------
----------------------------------------
| rollout/                |            |
|    ep_len_mean          | 313        |
|    ep_rew_mean          | 68.3       |
| time/                   |            |
|    fps                  | 1355       |
|    iterations           | 975        |
|    time_elapsed         | 1473       |
|    total_timesteps      | 3497984    |
| train/                  |            |
|    approx_kl            | 0.41171473 |
|    clip_fraction        | 0.718      |
|    clip_range           | 0.2        |
|    entropy_loss         | 6.09       |
|    explained_variance   | 0.94915926 |
|    learning_rate        | 0.0003     |
|    loss                 | 0.297      |
|    n_updates            | 17070      |
|    policy_gradient_loss | -0.0325    |
|    std                  | 0.165      |
|    value_loss           | 1.61       |
----------------------------------------
---------------------------------------
| rollout/                |           |
|    ep_len_mean          | 316       |
|    ep_rew_mean          | 68.9      |
| time/                   |           |
|    fps                  | 1355      |
|    iterations           | 976       |
|    time_elapsed         | 1474      |
|    total_timesteps      | 3500032   |
| train/                  |           |
|    approx_kl            | 0.5498272 |
|    clip_fraction        | 0.758     |
|    clip_range           | 0.2       |
|    entropy_loss         | 6.13      |
|    explained_variance   | 0.9426378 |
|    learning_rate        | 0.0003    |
|    loss                 | 0.351     |
|    n_updates            | 17080     |
|    policy_gradient_loss | -0.0266   |
|    std                  | 0.164     |
|    value_loss           | 1.49      |
---------------------------------------
----------------------------------------
| rollout/                |            |
|    ep_len_mean          | 314        |
|    ep_rew_mean          | 68.6       |
| time/                   |            |
|    fps                  | 1355       |
|    iterations           | 977        |
|    time_elapsed         | 1476       |
|    total_timesteps      | 3502080    |
| train/                  |            |
|    approx_kl            | 0.87082183 |
|    clip_fraction        | 0.789      |
|    clip_range           | 0.2        |
|    entropy_loss         | 6.17       |
|    explained_variance   | 0.90504295 |
|    learning_rate        | 0.0003     |
|    loss                 | 0.168      |
|    n_updates            | 17090      |
|    policy_gradient_loss | -0.0154    |
|    std                  | 0.164      |
|    value_loss           | 1.63       |
----------------------------------------
 100% ━━━━━━━━━━━━━━━━━━━ 2,000,896/2,000,000 [ 0:24:35 < 0:00:00 , 1,382 it/s ]
