#{"t_start": 1776901277.840102, "env_id": "BDXCourseProjectWalk-v0"}
r,l,t
59.571368,301,0.780316
46.633484,237,0.893474
73.387875,320,1.060003
120.216905,479,1.313617
93.101883,330,1.491922
133.442133,513,2.169706
45.517622,240,2.292447
52.589783,315,2.461558
46.207217,240,2.582161
48.749827,292,2.736748
100.930986,348,2.919823
140.973776,637,3.606624
91.260899,331,3.780195
173.074401,809,4.223008
111.431606,454,4.470422
63.24828,276,4.60438
70.206572,283,5.077708
62.589967,262,5.209511
68.9264,281,5.350095
75.216276,304,5.501068
79.938216,294,5.648231
35.467993,217,5.748027
68.486573,394,5.953335
64.652208,263,6.432301
96.725319,331,6.606096
56.218586,274,6.746109
97.934125,367,6.935705
48.795476,243,7.0499
81.488489,304,7.200236
151.787054,673,7.89968
58.217349,256,8.025947
101.182192,414,8.247443
55.800526,259,8.377587
96.246799,379,8.570059
80.513199,341,8.736419
90.198918,312,9.230019
72.887095,289,9.37689
67.778657,277,9.515029
101.833322,342,9.693417
108.63789,407,9.899962
103.452154,358,10.087911
56.09699,252,10.54779
60.132739,296,10.695206
74.117573,288,10.835765
123.835301,464,11.07765
114.636523,411,11.284945
84.708258,305,11.440287
72.819999,292,11.920548
87.094109,305,12.071807
58.779842,316,12.234989
103.274587,372,12.430835
68.559688,276,12.570397
75.59882,346,12.749378
91.225121,346,13.267311
61.987056,270,13.400257
78.744304,291,13.544605
105.081918,388,13.745769
47.374623,252,13.869478
79.999738,292,14.012682
66.280065,317,14.169912
137.883475,527,14.792287
148.867905,536,15.073743
30.88878,217,15.174742
71.091231,312,15.339225
136.939013,698,16.061283
83.481956,314,16.215361
55.160638,288,16.357184
37.838375,263,16.493094
96.516409,373,16.690684
66.071766,275,16.826241
93.88556,378,17.019296
195.878262,921,17.930241
73.857928,322,18.10479
82.637977,451,18.376783
133.839116,439,18.953093
109.423844,388,19.150733
131.575695,461,19.40163
59.19531,268,19.540134
45.998713,233,19.651903
65.523166,330,19.825542
69.712669,290,19.972791
124.811837,484,20.585195
66.25767,312,20.745467
80.321396,296,20.901172
138.730769,438,21.139062
141.01968,428,21.369395
103.230914,360,21.903001
58.592232,260,22.029876
55.28397,280,22.170149
77.704745,326,22.341732
52.280905,276,22.491132
67.607177,323,22.664828
71.696068,278,22.805472
77.942942,288,23.296835
90.308902,319,23.468512
95.394696,332,23.681744
90.273257,309,23.841896
57.950402,282,23.986315
64.846605,266,24.121433
73.798791,273,24.264128
75.717678,290,24.819193
74.675813,287,24.96395
54.834584,265,25.093478
62.54118,264,25.221543
93.392144,329,25.403124
44.316376,238,25.522292
48.471163,271,25.663113
79.89848,303,26.214854
75.802765,290,26.365728
64.990307,280,26.507811
63.156833,303,26.670091
83.806515,450,26.951661
62.462386,282,27.095763
49.147774,240,27.214513
102.337365,386,27.785506
79.132918,335,28.029389
42.46522,253,28.169145
88.544378,326,28.345965
136.119498,489,28.62275
80.647939,313,28.778658
130.386944,426,29.422742
100.014818,395,29.635534
87.216813,333,29.808693
66.795449,275,29.944841
49.522017,244,30.058744
49.537523,246,30.17094
56.678208,290,30.656787
75.818221,295,30.802282
235.465536,874,31.279644
54.094886,260,31.404836
63.618188,265,31.538203
67.401381,276,32.011952
75.709931,292,32.153509
63.317843,288,32.297146
103.277383,349,32.484504
57.995986,254,32.614267
50.358092,250,32.737591
82.780914,309,32.898586
112.925352,391,33.44677
77.369991,299,33.598992
98.147818,355,33.783393
53.034107,248,33.900682
110.976737,367,34.095739
80.247582,302,34.253952
166.020226,583,34.900752
78.323906,301,35.047036
54.947943,282,35.183711
71.917755,277,35.314744
102.420646,369,35.506523
139.35443,408,35.723701
88.529221,319,36.273119
67.815116,293,36.41381
88.556908,347,36.599956
73.465032,286,36.738584
70.697625,285,36.884468
80.261662,302,37.033396
94.204182,338,37.19428
66.792935,269,37.657523
91.423029,326,37.823577
68.100887,279,37.955397
88.11861,349,38.139138
72.868845,383,38.337226
68.949658,271,38.466976
46.768447,232,38.904092
89.285972,333,39.076187
146.887615,453,39.319293
67.125698,281,39.455237
91.792406,329,39.627811
83.664686,299,39.778546
80.125623,307,39.930883
64.295958,272,40.386334
62.994357,270,40.520283
66.962406,307,40.674938
109.717891,370,40.861956
83.796847,316,41.020421
58.481312,257,41.141947
59.764638,270,41.270696
76.281754,293,41.755227
60.50896,263,41.87926
66.339248,276,42.01224
81.034519,293,42.15839
58.207347,268,42.287356
64.652012,267,42.414663
88.324194,364,42.601348
112.225267,364,43.113598
77.944902,300,43.262582
76.729796,299,43.410013
60.725843,286,43.550967
40.00887,257,43.672465
81.99756,344,43.847993
72.654856,291,44.318872
95.001017,354,44.494756
70.798801,311,44.651344
79.04278,367,44.840303
76.466535,282,44.98006
65.834414,268,45.108193
62.380682,279,45.246005
105.25696,348,45.754908
69.810338,281,45.891043
86.719099,357,46.071012
90.509016,322,46.233412
47.585095,239,46.343706
89.39916,327,46.513196
93.980427,334,47.008585
63.499308,265,47.132484
67.859679,271,47.261026
71.442647,281,47.394987
90.248507,454,47.630433
89.373017,324,47.792047
113.914017,391,47.987936
95.354454,359,48.494847
74.256214,295,48.646706
95.167938,331,48.81505
86.71463,320,48.978188
57.161365,275,49.10841
79.117506,324,49.267408
47.00049,238,49.718438
71.417722,315,49.891214
73.027534,277,50.035683
64.707927,284,50.179841
60.784819,262,50.304381
56.34698,257,50.430471
93.46603,319,50.592562
78.543177,378,51.11185
124.947516,476,51.383612
93.450843,337,51.555426
65.774451,272,51.690888
89.831091,334,51.864682
55.307211,263,51.992655
106.557263,396,52.53966
103.325442,361,52.725951
56.878315,260,52.847635
136.513803,408,53.056577
36.732015,214,53.156115
67.194388,266,53.279534
61.768877,282,53.411035
66.119695,321,53.904351
74.789695,293,54.051712
66.581528,289,54.186984
81.954221,306,54.33927
97.565859,358,54.519942
84.304289,311,54.675595
33.1399,241,54.785242
99.900101,388,55.309302
108.400821,356,55.489671
121.347368,462,55.728445
54.035181,283,55.868294
91.876718,323,56.04793
55.718738,254,56.165092
87.458595,320,56.665588
92.85295,366,56.854355
48.887653,248,56.969457
76.453439,287,57.120067
45.490201,233,57.230032
59.348007,267,57.355107
60.659566,273,57.488957
79.343397,327,58.032751
49.444098,288,58.174228
96.002768,324,58.337978
117.730464,404,58.544168
79.852526,327,58.715397
65.480347,263,58.842259
66.45677,286,59.315057
63.072567,312,59.467036
83.595743,311,59.63551
168.997977,517,59.911503
60.471258,290,60.055252
88.951336,308,60.206838
78.778395,388,60.737277
74.29702,291,60.878735
63.07098,330,61.047981
62.601374,266,61.16991
171.68266,689,61.533649
84.663502,356,62.045973
80.244215,293,62.189646
73.962813,303,62.338247
87.582189,336,62.510615
102.122026,340,62.684328
85.826005,320,62.846974
60.866605,262,62.974401
38.439968,242,63.425263
60.156239,259,63.549879
76.58294,298,63.699321
56.661092,275,63.827201
127.725245,435,64.053443
78.629869,356,64.234035
49.917875,253,64.350623
50.592136,285,64.832698
57.072139,267,64.964843
87.757978,311,65.121683
59.734157,330,65.296225
135.4152,497,65.556943
86.825189,332,65.725089
102.84955,370,66.287477
62.76297,263,66.415068
83.558228,315,66.57724
146.606055,560,66.88135
73.75054,287,67.019528
74.107621,282,67.159813
75.239136,295,67.645155
76.978328,305,67.797192
49.760202,241,67.907779
97.832236,365,68.111269
109.048787,346,68.294787
33.421078,264,68.421032
158.781881,607,69.112969
62.007332,270,69.239365
75.177662,290,69.376987
168.938715,646,69.719242
43.495604,237,69.830187
52.22461,253,69.946954
115.039318,375,70.460108
81.293104,331,70.635596
154.910023,648,70.99595
163.255112,552,71.283765
102.802374,348,71.804183
83.978633,311,71.955821
151.860158,478,72.205634
81.049071,304,72.350614
96.927318,373,72.534237
92.453708,315,72.694166
117.207848,457,73.249438
63.284945,347,73.433649
69.503919,278,73.56679
112.602762,375,73.755457
123.857149,406,73.967098
111.036528,448,74.52202
41.496681,255,74.636026
72.957083,320,74.796291
98.417483,356,74.97706
69.085096,272,75.111481
92.433716,414,75.370019
38.341587,243,75.489344
74.84557,284,75.975259
43.394795,249,76.091512
86.894583,321,76.257507
76.673328,295,76.403017
77.946668,294,76.550364
52.154534,257,76.677191
161.177453,605,77.353701
77.000325,286,77.499772
96.228533,371,77.691335
62.265902,293,77.877073
120.092666,480,78.146093
67.13381,287,78.304556
30.573033,230,78.755799
85.840165,302,78.902662
98.83231,342,79.076738
51.720777,253,79.195355
49.159885,247,79.306611
35.946942,235,79.415114
72.310583,278,79.544361
106.590061,375,80.067298
36.158865,246,80.180802
81.380148,305,80.332735
86.028102,314,80.487801
117.529644,442,80.715439
78.000883,294,80.858403
58.07561,249,80.973826
38.047027,232,81.410508
60.982908,268,81.541943
65.36869,290,81.682825
91.951287,351,81.857422
139.092555,632,82.18727
152.093626,476,82.787002
83.876538,303,82.944707
74.839866,278,83.085125
56.81666,269,83.211806
41.192882,223,83.361599
201.947611,739,83.773095
86.472139,308,84.278849
71.417586,276,84.416016
127.080903,450,84.647093
107.353878,376,84.841999
112.760833,356,85.025363
86.822793,328,85.192214
64.93775,282,85.667137
102.274881,354,85.847825
30.833884,215,85.942378
92.918852,332,86.11191
52.649522,249,86.23043
95.983723,359,86.410631
53.996584,252,86.528436
76.669639,293,87.009879
65.458336,355,87.196809
49.356731,245,87.311001
42.316799,237,87.421862
89.682562,308,87.576831
67.443609,296,87.727981
132.439401,454,88.399742
71.27999,286,88.546327
56.717971,258,88.675258
77.350541,286,88.82928
77.771571,293,88.979194
140.250422,527,89.272593
77.335704,291,89.423011
64.899483,264,89.894879
128.887314,558,90.203776
140.387672,490,90.460096
65.62899,292,90.605247
97.649299,373,90.800514
167.029249,599,91.460558
56.709505,261,91.587524
94.699923,359,91.774925
78.477141,290,91.91641
59.026622,263,92.042035
76.598729,301,92.193532
55.791927,331,92.703166
62.632653,255,92.825334
124.444132,556,93.11843
68.973289,276,93.251512
120.923309,477,93.498862
132.640658,441,94.078718
130.767813,507,94.346307
68.2687,272,94.475977
59.933644,331,94.636184
54.487758,258,94.763367
73.214533,282,94.900915
62.1638,324,95.400862
75.116559,322,95.564346
57.174476,256,95.685579
95.29374,381,95.885882
64.032408,278,96.029306
61.798884,266,96.157656
88.11296,331,96.325261
33.298146,239,96.792319
72.196768,296,96.939094
78.022832,311,97.092893
63.449463,276,97.236771
77.368738,303,97.444503
57.183028,261,97.575062
70.969363,283,97.718844
117.486607,498,98.361245
67.315039,266,98.492261
42.076014,245,98.613257
131.21061,445,98.847792
45.326856,249,98.970013
69.400435,281,99.107044
68.053316,290,99.599138
88.426439,312,99.7588
70.548386,274,99.89329
142.842897,562,100.189384
75.109992,288,100.329844
81.071365,312,100.484351
76.961811,293,100.971591
59.863629,263,101.097264
76.37141,293,101.243893
70.065446,288,101.384964
96.414203,342,101.562633
83.462785,314,101.71936
71.513967,274,101.854218
64.264889,268,102.393778
57.743662,259,102.522825
51.465506,246,102.640826
75.285779,284,102.77791
54.025959,246,102.898298
75.963429,294,103.045829
81.60264,299,103.197006
88.620992,321,103.360977
96.975094,343,103.877353
126.739724,463,104.119946
129.674483,453,104.363456
68.261779,279,104.501139
71.318081,350,104.679423
98.673218,324,105.186188
75.092834,290,105.332691
65.695729,270,105.462701
104.156267,400,105.666798
49.460455,250,105.78664
43.901342,275,105.92549
70.884716,281,106.062849
86.603303,329,106.565573
107.87074,642,106.922549
144.260164,463,107.173451
101.369114,350,107.354051
103.671129,442,107.589581
100.128477,369,108.122927
81.500399,308,108.279314
55.619969,258,108.405038
134.550301,478,108.652469
50.994982,263,108.779264
35.817211,243,108.899688
73.599436,283,109.376291
71.234215,285,109.518388
94.824022,334,109.686778
55.369786,252,109.808018
62.812175,264,109.958383
68.784317,276,110.095448
96.93847,369,110.28138
80.363451,308,110.814048
109.305828,399,111.061127
49.532335,247,111.178202
53.586972,245,111.292241
79.517616,317,111.453622
52.934099,265,111.579144
50.868193,256,111.700164
91.247327,336,112.209384
57.276348,258,112.334695
46.315819,255,112.45819
70.996968,281,112.600249
114.745974,432,112.842993
75.076455,297,112.993199
60.85907,259,113.118013
66.235452,271,113.585034
50.87318,240,113.70161
58.725587,261,113.828806
111.499625,370,114.020843
61.391515,300,114.167926
49.91553,251,114.292741
76.529495,289,114.436583
48.110106,239,114.890875
91.076816,325,115.060484
49.231265,247,115.177226
70.88625,318,115.33758
54.085125,271,115.469222
47.388206,234,115.578929
129.092843,516,115.857886
47.065149,241,116.309273
57.568557,325,116.481154
43.382924,246,116.599847
202.183235,675,116.970367
63.684423,264,117.099487
60.796651,257,117.222928
84.520518,346,117.744538
53.0157,248,117.866239
45.710705,235,117.978099
76.752871,285,118.116277
119.033735,466,118.36528
65.408269,274,118.499942
74.426607,306,118.999164
71.630276,282,119.139244
52.431589,262,119.265337
94.844009,344,119.451571
61.91007,278,119.590393
43.276524,249,119.707627
112.999626,507,119.981153
54.423494,250,120.437238
110.453879,455,120.679808
53.140022,246,120.797888
68.660091,277,120.940126
54.261625,250,121.061101
72.579171,284,121.200972
89.32253,307,121.358091
77.500612,299,121.843303
56.70146,266,121.976924
68.056341,270,122.107728
107.009676,392,122.311723
67.584077,271,122.445319
66.083947,268,122.574712
43.152595,229,122.684129
58.132894,261,123.149554
65.120492,270,123.289453
64.759586,281,123.432463
57.39122,265,123.560511
59.813039,253,123.679515
122.824742,474,123.934457
180.860769,685,124.638253
38.829479,281,124.787813
64.288196,267,124.920459
79.587776,300,125.072646
53.651297,272,125.212828
47.087954,253,125.33327
149.064281,579,125.983748
63.774339,269,126.115226
67.616641,283,126.257201
64.319715,277,126.39472
41.088145,234,126.505432
72.854332,282,126.650517
70.573229,275,126.784278
69.11626,286,127.268377
49.672058,242,127.384834
87.872809,307,127.560932
134.932294,466,127.813606
99.586767,348,127.99569
77.073006,292,128.144327
64.294784,268,128.277451
72.92593,286,128.781903
83.365382,326,128.949564
58.58697,265,129.077826
63.230922,270,129.211579
80.841409,301,129.363007
54.687903,254,129.484014
81.558423,353,129.664385
52.225253,258,130.131737
30.664313,224,130.240527
52.100706,256,130.363993
67.735503,278,130.497264
58.980423,259,130.622693
65.215685,269,130.75563
46.011307,240,130.87044
90.543115,316,131.372574
86.959217,336,131.540148
61.715926,264,131.669084
87.294857,328,131.841542
94.544643,321,132.01125
97.231094,333,132.184037
92.042297,341,132.366027
85.975885,325,132.872854
100.14006,343,133.054957
173.271817,578,133.371258
82.03739,316,133.535712
69.720487,274,133.672841
75.681495,291,133.817232
71.531377,288,134.304798
72.103031,280,134.444375
74.820304,285,134.586601
121.038618,451,134.823641
55.6145,251,134.944634
126.396989,434,135.176108
103.294357,340,135.700001
60.914699,350,135.884945
54.80324,260,136.014033
52.404646,258,136.138001
175.192994,597,136.460948
172.390576,582,137.125186
51.741465,255,137.245822
137.229291,527,137.526934
140.837511,524,137.807289
63.925916,274,137.943516
52.757679,258,138.407102
74.740773,286,138.552383
63.451781,269,138.68404
84.426032,311,138.838342
54.362942,250,138.964576
75.575853,302,139.116832
40.477071,221,139.221786
78.767881,298,139.372196
60.620532,255,139.831656
78.414003,324,139.998256
66.662751,271,140.128677
47.246542,249,140.248777
52.479384,248,140.368308
51.664471,242,140.483859
66.480027,271,140.616542
110.04686,398,141.168061
93.84592,332,141.340935
93.651237,321,141.504645
118.186744,411,141.726431
150.430383,507,141.993539
102.357197,362,142.51651
132.717441,490,142.791192
115.426217,451,143.038604
78.866785,342,143.216147
101.980857,359,143.403959
83.785856,339,143.581651
98.107562,363,144.111897
42.498905,225,144.220027
52.153232,255,144.339051
40.516048,226,144.444642
91.071714,358,144.628495
73.987354,279,144.770328
109.450032,424,145.3337
73.92406,313,145.49329
62.726191,276,145.629734
72.657038,276,145.766215
143.905455,510,146.046191
63.310368,268,146.174536
89.054525,329,146.338433
96.701123,341,146.849818
78.583397,312,147.015021
102.269181,351,147.197194
71.94626,281,147.336876
166.367513,681,147.707789
63.206175,269,148.180478
85.00298,298,148.332733
57.229631,259,148.456387
69.612844,297,148.609675
53.938376,253,148.731666
76.676084,288,148.875617
87.324639,363,149.066274
41.480982,227,149.510935
72.940783,289,149.657912
105.124923,370,149.850388
92.031452,356,150.043692
80.672222,326,150.218584
62.3312,270,150.352124
111.305275,400,150.899107
87.23691,336,151.075652
50.351651,271,151.206863
94.666134,346,151.386532
110.540088,399,151.593968
133.937283,425,151.823586
81.775199,348,152.342231
64.384832,279,152.479687
104.992238,351,152.666728
45.661178,230,152.780504
53.099997,259,152.903246
44.695784,230,153.016472
46.67082,251,153.137781
35.647444,217,153.239041
86.494559,324,153.74521
66.726802,273,153.917567
55.252884,283,154.062288
63.562019,269,154.19267
119.067597,490,154.448713
88.786737,329,154.615355
69.915573,282,155.09999
135.34331,499,155.366303
56.084327,249,155.484961
33.015474,213,155.583545
83.624297,319,155.748049
99.058694,325,155.922689
45.438938,257,156.048239
33.400683,245,156.499943
66.914554,272,156.631467
40.127328,266,156.7628
60.324445,301,156.91469
137.554465,490,157.184978
76.788201,293,157.332611
84.768911,320,157.867378
126.46119,449,158.109838
81.921221,324,158.281345
62.407504,288,158.424704
61.628362,264,158.552426
76.424773,308,158.707145
60.923777,263,158.833606
64.389752,266,159.307735
36.636466,232,159.419956
48.212588,253,159.538151
41.651579,245,159.653943
148.765284,540,159.945485
110.18855,363,160.138997
64.811609,272,160.607344
108.145924,493,160.882417
47.692847,254,161.003149
76.016632,330,161.170517
86.529324,320,161.336423
45.320419,231,161.445041
160.437582,570,162.101311
45.870814,252,162.223203
51.297518,247,162.342461
65.67748,279,162.484992
47.751272,240,162.596588
166.657193,576,162.921031
90.327001,317,163.421366
42.672662,226,163.527939
65.169324,287,163.668443
80.372512,294,163.813291
74.546798,288,163.955462
71.727527,276,164.099408
71.815184,284,164.242351
49.878073,245,164.360609
127.065483,442,164.932225
222.404672,822,165.440325
173.979603,601,165.772887
86.095672,312,166.273039
146.365269,613,166.607235
158.666379,587,166.921489
75.713829,322,167.092439
160.97709,596,167.754199
68.45822,276,167.891387
137.130892,463,168.148014
49.03026,240,168.26389
162.814594,636,168.6133
85.566656,312,168.774263
99.502945,335,169.298672
122.416827,439,169.532928
36.438544,219,169.636593
142.114849,476,169.901219
109.141775,357,170.087994
48.865807,273,170.556429
67.700014,282,170.699895
135.325838,463,170.945972
302.103043,1100,171.573771
145.194588,490,172.179107
130.139174,472,172.431495
81.788578,303,172.584368
76.22852,298,172.743201
50.883556,239,172.860136
57.271008,256,172.981218
83.188359,311,173.487016
73.938731,283,173.630119
132.477131,449,173.860157
58.124069,258,173.984583
83.847211,308,174.146373
70.419722,282,174.285794
173.070686,593,174.960949
46.123434,245,175.08073
61.574438,261,175.207314
120.183052,407,175.426978
155.746618,490,175.685442
74.079882,312,175.843371
46.177376,231,176.294887
98.95927,336,176.467347
53.425468,248,176.583398
69.796032,284,176.725355
43.330139,228,176.834446
50.30998,256,176.958633
45.727444,231,177.071317
49.814741,238,177.189122
68.300529,276,177.702918
69.571178,284,177.849065
70.241131,277,177.985774
77.215095,324,178.160326
94.563356,317,178.320246
92.36222,356,178.502018
131.460326,459,179.084835
39.185721,250,179.206921
99.546426,358,179.39587
47.076167,238,179.512292
133.456786,456,179.762316
63.146018,270,179.895551
109.458813,382,180.434545
42.361754,228,180.543331
146.050361,540,180.830067
90.286915,319,180.998195
41.543384,227,181.106918
72.960369,314,181.274733
42.831926,227,181.382504
101.695833,373,181.916919
208.030008,725,182.330537
88.489027,314,182.492639
171.174901,590,182.812875
60.065085,266,183.282732
207.58759,715,183.693377
98.856577,352,183.87688
92.860622,339,184.061981
115.978271,380,184.266917
102.499612,377,184.800501
72.551778,281,184.940561
97.579552,328,185.110684
27.672375,230,185.218276
119.413507,444,185.462172
79.091039,296,185.613392
61.482616,262,186.078339
138.07128,482,186.354214
70.39901,298,186.507472
63.866306,269,186.638672
71.587069,275,186.77407
84.172715,362,186.964273
89.688202,331,187.140508
71.802084,288,187.629541
74.503799,282,187.788688
65.410053,268,187.919985
82.203741,309,188.081192
67.4303,271,188.216446
79.380069,304,188.371935
48.962626,241,188.490874
122.254933,432,189.058126
60.062659,258,189.188361
95.102455,354,189.374532
94.906502,332,189.539717
53.203189,253,189.663343
82.862283,318,189.827366
88.190014,348,190.349492
50.509614,246,190.468915
79.166501,299,190.620991
56.008068,250,190.742665
71.494165,273,190.881135
40.816437,235,190.993563
74.185715,283,191.138078
88.315382,323,191.642945
57.081788,258,191.76774
134.127018,497,192.028182
76.540047,287,192.17646
97.416778,360,192.370071
90.301897,335,192.54757
56.732506,253,192.668913
47.541516,243,193.125944
63.203112,264,193.257988
50.211421,250,193.377399
94.932624,415,193.599215
67.48308,276,193.735786
52.58419,253,193.859363
111.30003,369,194.057224
174.757822,612,194.7491
61.395937,261,194.879086
64.963229,266,195.009078
66.945832,273,195.145902
70.508399,274,195.287657
91.020492,334,195.46817
65.367305,271,195.95108
73.629016,301,196.108202
105.470601,354,196.297702
76.25079,284,196.448132
89.924494,328,196.623185
100.503912,396,196.834683
75.138395,273,197.313329
70.646478,274,197.453744
63.001062,273,197.587276
190.221273,579,197.91152
101.492011,339,198.088291
55.584028,259,198.218768
98.823889,366,198.746493
41.979315,224,198.854045
56.34006,249,198.976794
72.255833,277,199.12119
103.095344,372,199.325204
69.392559,274,199.461005
87.566182,335,199.641809
47.747665,239,200.090733
117.759023,585,200.422814
70.571184,274,200.55581
42.183668,230,200.664437
67.194223,263,200.795475
93.256114,331,200.971357
87.375309,309,201.470705
143.176656,626,201.828486
43.837768,253,201.950239
69.011928,277,202.085116
63.710192,276,202.221936
107.813532,388,202.432036
59.985727,252,202.90608
55.798953,257,203.031222
70.287529,273,203.167934
175.560959,608,203.501988
79.140496,293,203.651054
226.133116,838,204.466371
84.291793,297,204.619488
54.257465,251,204.742023
229.075536,824,205.199658
63.226208,268,205.332781
59.086328,264,205.796426
68.753994,279,205.938945
74.003323,288,206.083677
71.428616,283,206.231001
66.471094,277,206.372891
189.980803,720,206.796027
100.752926,375,207.339419
59.802477,264,207.468401
83.444351,303,207.622857
144.532704,506,207.899452
76.683848,289,208.048288
70.590466,354,208.240032
236.069988,822,209.057938
58.244189,264,209.19028
64.388982,263,209.322784
58.647425,261,209.451035
38.437626,239,209.568305
28.022306,224,209.671462
92.045517,343,210.189259
94.011234,339,210.370374
265.214873,860,210.876935
64.155086,266,211.005926
85.833985,340,211.530351
87.224243,329,211.699982
60.71261,265,211.831184
81.340755,328,212.004816
73.241691,293,212.158095
124.462196,503,212.442009
66.96816,278,212.926273
49.369734,275,213.059937
78.994941,295,213.212137
41.536402,242,213.33345
96.578123,338,213.512993
130.861947,448,213.761018
83.036958,306,213.914892
154.888622,578,214.584217
104.92595,348,214.767329
53.5941,257,214.890646
273.888476,926,215.438929
88.396254,320,215.941587
78.038447,331,216.110559
56.876939,288,216.25997
143.164678,527,216.554153
57.916977,254,216.677596
50.99102,246,216.795556
170.500078,624,217.493639
101.627192,359,217.686956
59.270168,256,217.831414
56.365237,259,217.959327
434.687369,1468,219.203261
92.76808,361,219.399286
92.350819,368,219.594767
110.639306,375,219.791405
82.22673,296,220.277993
94.693945,380,220.476159
83.531069,317,220.637651
244.329221,844,221.165741
214.977992,734,221.93268
67.008041,350,222.120796
92.540599,343,222.298127
138.172988,521,222.59163
54.293154,249,222.710799
95.870464,377,223.25094
86.794156,409,223.47639
34.700073,224,223.580164
167.161223,557,223.901185
140.797141,467,224.16517
94.616236,344,224.688179
203.698587,766,225.14671
72.840606,395,225.371605
316.611961,1064,226.370037
46.430437,237,226.481794
47.478237,235,226.604422
85.156218,329,226.778437
51.961753,244,226.892096
218.242741,746,227.669083
93.469716,320,227.836544
89.056734,322,228.004845
51.194394,286,228.150637
60.172285,257,228.279732
62.894709,262,228.411099
66.03892,268,228.544794
114.95458,390,229.098179
79.229415,308,229.259928
72.874684,288,229.407806
71.561417,274,229.543476
42.188622,255,229.665449
60.232392,264,229.7931
162.697476,676,230.5559
70.042758,282,230.699685
31.790142,234,230.811931
70.723294,288,230.958588
106.891483,368,231.161399
140.168917,507,231.446645
87.532539,328,231.954009
63.040854,262,232.086173
59.132804,251,232.206207
84.904778,349,232.399819
60.138493,264,232.533223
205.952023,665,232.929711
81.318352,296,233.429235
181.1763,598,233.777646
199.874907,726,234.211365
88.865142,328,234.385716
85.956514,325,234.896004
94.710757,353,235.086602
44.549739,239,235.199847
76.346146,292,235.350432
50.369795,267,235.481138
49.22716,250,235.59998
49.669415,236,235.713766
70.239375,274,235.850504
81.50233,300,236.345792
92.370117,332,236.51932
81.335075,301,236.677613
63.368731,264,236.810638
36.405139,231,236.917954
104.785204,368,237.115197
63.769128,265,237.245273
51.995549,255,237.709176
185.300561,652,238.098301
73.564957,293,238.245966
45.910763,238,238.36536
117.553809,393,238.573878
90.504935,322,239.140652
104.106967,396,239.35838
176.807521,763,239.821342
60.731311,271,239.960236
267.026761,950,240.897203
49.332584,252,241.017825
314.62859,1080,241.686875
56.856318,275,241.824399
76.99043,291,242.308413
92.64818,346,242.493036
37.922647,243,242.609623
106.982308,400,242.830794
67.223146,282,242.969962
61.945492,260,243.096081
122.860223,422,243.675101
125.074409,424,243.918085
87.490782,348,244.105598
82.867873,301,244.261167
73.272878,288,244.410487
58.056004,253,244.534281
69.078467,279,244.674049
62.038946,263,245.138175
79.339943,434,245.384248
174.940104,894,245.93951
352.782562,1379,247.151369
56.918998,258,247.277397
55.791844,254,247.407012
64.249758,272,247.542855
146.635166,462,248.174517
52.103041,246,248.296998
69.374775,274,248.439264
56.706913,285,248.587215
36.802898,243,248.708214
54.973181,249,248.834285
83.979851,320,249.0052
61.261932,252,249.129246
41.90089,252,249.592807
221.918922,887,250.127502
26.857338,224,250.234405
38.090043,222,250.340477
85.427246,394,250.56597
41.794096,270,251.032109
81.17429,306,251.186841
52.293998,256,251.31038
187.744998,660,251.704988
197.08438,713,252.133708
72.39456,307,252.633638
64.468767,258,252.761205
91.428138,349,252.95372
90.294328,337,253.132056
82.568356,307,253.295149
89.754825,339,253.478828
64.706619,262,253.946349
65.624347,266,254.081552
114.031492,405,254.307343
330.921332,1209,255.068717
83.894052,314,255.579935
55.189645,259,255.703309
67.135232,331,255.876715
104.875194,637,256.268829
64.909792,261,256.401233
47.970945,239,256.517931
61.288149,261,256.996479
106.408642,536,257.300009
30.398605,226,257.407037
241.041977,879,257.950914
49.881203,240,258.409364
61.570882,257,258.539273
104.098971,369,258.740736
374.91411,1274,259.543131
107.027287,344,260.062827
71.048395,272,260.199071
69.136322,275,260.341453
82.532312,331,260.525153
73.34034,288,260.673583
65.240975,272,260.815712
90.006854,343,261.004679
242.294474,870,261.85532
61.363446,253,261.980242
37.289458,226,262.089721
74.140972,293,262.244347
91.002753,340,262.426368
49.241571,251,262.897485
105.532299,373,263.10397
164.66999,589,263.443439
197.816238,665,263.840027
148.18475,662,264.616506
138.248054,525,264.916665
47.574638,250,265.037199
188.64973,596,265.37839
157.506357,596,266.064332
91.410914,370,266.268839
84.717248,306,266.442639
109.920986,406,266.665317
86.6953,334,266.837814
78.141294,298,266.989547
136.98552,668,267.723184
76.342037,332,267.902163
51.406943,240,268.018566
57.026506,253,268.141682
60.063889,260,268.270702
118.477416,437,268.853421
96.478639,351,269.043538
97.32695,348,269.232675
238.158759,851,269.761629
50.459941,272,269.898661
244.998978,983,270.855865
63.500783,270,270.991284
72.130011,292,271.142942
90.701263,332,271.319306
113.187251,398,271.871246
53.35038,287,272.01323
189.630982,790,272.497591
54.248862,251,272.622134
64.719618,331,272.798398
117.047138,512,273.435647
58.04885,266,273.574377
154.352444,687,273.999055
88.272785,360,274.19035
98.357744,345,274.373966
69.091409,326,274.894249
62.837641,275,275.035909
76.386265,343,275.220486
95.497737,397,275.44412
92.343634,349,275.633982
76.38042,291,275.788207
64.63786,278,276.265401
157.036967,744,276.722615
125.666902,661,277.101599
189.292213,692,277.839992
93.171994,339,278.038043
62.578114,269,278.176181
141.231422,472,278.452711
83.097513,324,278.631191
88.033919,340,278.816147
61.857645,271,279.290464
88.616241,316,279.457346
71.604913,328,279.639449
162.861775,663,280.030088
64.589783,276,280.170288
77.790517,290,280.320515
254.127736,1001,281.280261
79.576133,291,281.43064
103.975979,382,281.648303
183.077452,704,282.39439
45.216997,234,282.507682
60.862538,271,282.64617
266.503851,942,283.234067
95.049112,329,283.407628
320.764787,1227,284.579649
89.332169,338,284.769417
150.700666,578,285.467675
79.157163,290,285.626126
99.012335,354,285.819822
244.119462,1195,286.574819
78.608009,292,287.07411
85.149157,330,287.250826
194.219547,686,287.664743
96.956468,352,287.848752
66.382071,269,287.989951
82.484642,305,288.485998
93.720474,641,288.865472
85.941593,318,289.034373
61.390943,259,289.162286
134.73727,491,289.43558
75.144752,284,289.587606
98.15185,350,290.141126
95.067924,346,290.328356
120.070635,410,290.558459
69.896837,283,290.701325
98.167625,375,290.907304
74.087129,293,291.056596
230.199071,832,291.896019
86.887587,307,292.055938
246.920693,933,292.632906
296.493,1270,293.79298
61.204145,266,293.929726
154.107168,522,294.242828
104.903107,367,294.782475
200.162085,771,295.261552
79.839373,321,295.435546
176.296747,656,296.170207
66.479734,293,296.320135
68.470131,290,296.470465
80.704266,362,296.670934
146.203281,567,296.995989
88.764119,344,297.179212
154.084377,514,297.815067
121.934449,497,298.107145
157.672607,595,298.467161
192.952403,687,299.213393
82.581,301,299.370359
216.768339,788,299.837548
231.644994,996,300.797208
103.031968,354,300.991136
200.575761,999,301.622548
149.340831,665,302.360688
194.111546,783,302.830866
58.920287,264,302.963396
82.051396,314,303.121842
59.545514,250,303.243767
138.469116,489,303.865038
89.557226,330,304.045707
63.75595,261,304.180453
154.300358,579,304.510801
68.843849,276,304.65824
236.590725,818,305.492611
80.161198,294,305.649744
80.777427,344,305.82725
145.224964,648,306.202069
163.597836,624,306.901252
182.844272,749,307.346019
146.608909,585,307.722076
130.13054,415,307.951447
90.414317,342,308.509282
158.61687,597,308.858856
135.77034,464,309.128526
63.69576,259,309.255919
63.734012,267,309.392305
151.386632,609,310.091114
73.967158,290,310.234407
84.379102,371,310.44077
94.754692,382,310.652615
154.402866,568,311.31662
81.553782,314,311.479049
95.697192,345,311.668247
78.566949,296,311.872648
136.589598,470,312.143912
75.725223,291,312.296561
84.859287,327,312.472565
89.60528,334,312.9922
67.288393,273,313.132718
312.194316,1218,313.907017
67.012572,265,314.379679
76.155693,278,314.524274
92.854499,371,314.722041
176.519792,634,315.093979
70.684396,282,315.23498
147.941349,589,315.919976
67.767004,304,316.079441
158.544732,623,316.447908
136.507415,472,316.725804
92.602455,321,316.902975
72.663941,285,317.37699
287.142183,1234,318.133202
87.277853,329,318.311482
85.001667,312,318.475161
90.794395,394,319.033931
131.650468,636,319.407747
84.562123,314,319.568914
72.109649,286,319.724332
126.554877,454,319.971114
66.396425,275,320.448535
283.463253,942,321.032711
304.789307,1020,322.00194
55.03509,315,322.16502
108.074105,355,322.357746
193.431704,687,322.770537
80.704481,304,322.937322
79.963163,300,323.440589
130.847991,466,323.708816
82.655709,310,323.871714
81.476275,301,324.033986
94.127742,370,324.232171
143.657672,507,324.527248
52.579501,266,325.000747
61.642604,278,325.135795
92.086392,359,325.331772
284.758122,991,325.932198
71.769344,278,326.4065
191.587564,638,326.781499
84.015764,323,326.946785
67.680434,269,327.086542
40.071411,282,327.226116
64.604523,279,327.365377
82.199218,299,327.861221
101.334105,358,328.05828
203.945221,749,328.499338
230.781032,791,328.966288
188.078659,589,329.655506
129.459763,462,329.921582
69.665105,280,330.065931
196.914062,698,330.481251
218.667195,828,331.328943
52.247341,306,331.490391
53.40886,269,331.621046
84.479523,324,331.799506
127.502088,508,332.424332
77.060338,295,332.577084
134.763786,477,332.857253
94.795103,337,333.040278
236.405078,849,333.893245
84.720647,343,334.085929
96.797475,344,334.273586
56.468362,254,334.399217
171.919683,629,334.765564
93.093302,351,334.954866
195.970224,718,335.723952
73.680222,281,335.863741
126.173786,453,336.122386
92.902748,325,336.294857
355.08652,1204,337.388256
73.238037,288,337.534456
120.495875,450,337.795412
85.538069,308,337.954766
49.057017,238,338.440066
86.743383,402,338.663898
45.334099,235,338.778883
67.765839,276,338.924056
120.324937,432,339.173537
233.21041,847,340.021067
85.077843,316,340.191502
93.863352,445,340.441314
48.669023,239,340.558514
95.35686,379,340.764582
130.35563,451,341.356149
81.100713,301,341.513798
78.042932,327,341.69511
84.071263,311,341.865209
83.927326,299,342.024026
154.006185,483,342.296845
71.091925,280,342.440663
70.914882,269,342.917517
124.211046,471,343.184386
151.053142,475,343.457581
68.323845,271,343.59631
130.4337,434,343.839796
88.836587,338,344.361863
57.767467,304,344.51652
165.363416,568,344.864257
213.05879,734,345.309436
91.714183,344,345.834641
74.084064,297,345.988026
99.471982,354,346.187095
53.886098,250,346.317772
90.117056,350,346.508031
70.956959,329,346.686274
263.278692,871,347.557094
74.322989,320,347.727982
48.00531,252,347.85733
98.773598,467,348.121695
168.998221,591,348.806118
79.378232,395,349.031754
85.158401,334,349.215458
104.722566,351,349.403641
67.968827,315,349.568796
59.947839,331,349.742965
125.535239,491,350.44078
99.61473,358,350.634494
76.602926,315,350.803106
76.024306,284,350.945875
79.064225,328,351.118955
86.75174,332,351.299848
286.440986,975,352.238687
89.025154,323,352.409354
86.919731,348,352.594319
90.284456,335,352.775616
85.996811,339,353.3185
96.242664,338,353.503616
93.661448,340,353.685527
73.652627,284,353.83014
105.549762,374,354.035848
44.834215,264,354.164498
193.3483,950,355.080165
66.085987,269,355.218513
75.965076,317,355.386744
109.228638,361,355.586327
91.216141,340,355.771527
91.543126,447,356.365038
290.953411,1079,357.066739
51.694018,245,357.183639
59.641611,336,357.361129
69.91165,283,357.849158
222.112869,851,358.370329
64.131966,274,358.508673
133.546019,478,358.779236
129.293544,476,359.391618
122.781831,475,359.66079
132.201082,490,359.934587
81.555127,299,360.090024
182.290491,605,360.784384
82.728693,323,360.962435
74.592608,298,361.120625
84.344869,397,361.338863
140.554261,460,361.600714
88.145206,344,361.783836
113.042107,462,362.392704
70.847611,281,362.538659
196.933313,728,362.981079
75.016023,301,363.139902
118.629311,482,363.747681
139.166539,509,364.042598
49.695361,244,364.160533
100.83394,344,364.342989
111.703902,473,364.613675
107.653805,381,364.822009
209.564813,742,365.610006
73.764129,288,365.755276
73.502799,280,365.904206
100.630624,346,366.089143
80.1301,333,366.272612
144.832509,503,366.898898
127.012965,461,367.157297
73.848513,287,367.302853
72.673782,324,367.475417
140.241702,506,367.761452
103.606929,359,368.319296
85.353779,303,368.481826
80.17517,295,368.637809
85.332695,304,368.800312
96.081235,358,369.001267
87.858145,350,369.189514
196.07297,733,369.972211
97.493291,362,370.163058
128.819466,419,370.400371
101.764117,340,370.579689
78.342258,301,370.741206
125.412281,450,371.331923
57.495365,279,371.474008
72.228257,357,371.67696
128.568352,448,371.939003
119.025085,490,372.214473
96.614291,356,372.747162
185.593168,691,373.155927
83.849748,319,373.323975
100.129524,360,373.522562
126.75849,474,374.131931
127.628379,416,374.356001
160.195235,724,374.79347
85.740018,345,374.984627
52.801377,257,375.115653
95.257065,347,375.637671
160.449168,717,376.062513
88.895985,338,376.246454
205.883926,659,376.64081
46.698607,276,377.14089
71.081717,317,377.311253
249.918434,953,377.887817
100.088791,392,378.107114
60.403453,277,378.251882
97.146026,357,378.784309
143.944386,605,379.142039
73.448478,308,379.303234
84.359854,318,379.468754
80.291647,302,379.625475
165.729113,724,380.403941
104.086831,382,380.614207
78.426201,305,380.772873
104.274105,358,380.971078
78.913838,305,381.135136
133.655678,766,381.932455
65.727501,265,382.068734
62.587202,255,382.198007
57.528772,262,382.332686
90.17658,318,382.499685
97.336417,452,383.110274
116.223692,421,383.348017
78.638787,302,383.510716
96.525877,332,383.68322
62.568568,273,383.824837
112.551364,434,384.075111
112.76142,413,384.628212
160.213679,704,385.100271
255.02515,967,385.695298
76.240628,320,386.209929
132.621811,461,386.470718
131.433806,473,386.735408
68.381523,284,386.880156
111.803897,542,387.191508
115.782427,393,387.739397
112.424815,433,387.979569
82.672949,330,388.160004
126.781956,446,388.408342
222.083736,796,389.211316
45.538629,250,389.336556
93.777383,353,389.528773
142.70846,510,389.822455
157.998686,818,390.656907
78.148575,293,390.809927
87.165843,321,390.979741
58.613933,295,391.1343
125.626131,460,391.401687
164.748085,606,391.757883
99.095798,352,392.290825
71.681364,294,392.444358
85.725453,323,392.619592
67.83558,284,392.764554
78.616324,352,392.956867
72.841756,282,393.111324
46.85875,239,393.56858
102.984146,375,393.771427
112.540618,390,393.988737
85.056161,307,394.155886
69.345442,275,394.295376
47.395674,237,394.409397
96.19071,395,394.963743
72.312457,274,395.107218
95.017128,336,395.282203
64.802098,274,395.418755
48.862099,237,395.536648
90.49175,319,395.700285
89.420454,336,395.88335
65.605624,275,396.357526
134.238532,619,396.716877
56.5602,262,396.849988
61.590033,259,396.977456
185.147508,730,397.417773
71.380728,302,397.909197
178.396831,699,398.352863
83.997537,296,398.507569
106.508996,377,398.754264
126.71034,457,399.008145
172.085257,695,399.769159
116.708387,457,400.030489
72.773237,332,400.207219
65.50817,275,400.345874
150.316042,518,400.97372
74.250403,283,401.117898
79.405267,286,401.267333
121.457296,463,401.526962
143.055965,507,401.814415
170.454597,682,402.565965
85.709731,337,402.740584
86.561217,314,402.905647
136.166059,479,403.189018
70.808925,282,403.332783
184.710734,724,404.112582
89.015339,308,404.270799
126.635915,592,404.623756
144.481729,537,404.935679
106.240011,573,405.611602
91.618104,334,405.788887
128.626039,463,406.055773
77.317039,312,406.223417
129.602617,458,406.48965
170.57816,704,407.258797
69.077071,270,407.393069
76.307738,320,407.559073
237.040175,856,408.079586
87.132791,508,408.715088
130.838879,446,408.960947
92.759982,330,409.142676
57.336462,270,409.278376
93.051614,316,409.445912
86.691324,353,410.007073
119.612853,452,410.276229
153.768191,606,411.061822
59.314158,267,411.348849
59.488676,259,411.491911
178.25534,834,412.393905
91.646486,321,412.57732
87.247845,306,412.737914
197.914592,836,413.617238
49.673685,245,414.717467
57.567962,259,414.977924
89.39432,323,415.243433
76.063861,299,415.4834
99.009374,430,415.863385
90.24683,339,416.160727
130.542174,482,417.550292
84.074887,338,417.829299
74.220127,295,418.188243
136.149686,598,418.76818
208.066442,740,420.068142
171.455042,621,420.742464
95.343545,385,421.090995
88.177399,315,421.353646
114.758199,374,421.705974
96.812543,341,422.529323
160.696326,721,423.257998
33.840708,221,423.401027
138.221602,607,423.94046
55.748659,254,424.146236
162.816566,680,425.167854
66.212692,265,425.380699
249.758715,905,426.313921
98.965388,327,427.155151
127.409992,420,427.561449
39.128389,220,427.701064
70.769268,347,428.000676
67.75666,268,428.239189
165.271138,648,428.878487
90.088628,367,429.768046
142.747322,496,430.212678
81.91096,323,430.503972
68.700829,271,430.738554
65.528809,319,431.014607
96.148978,330,431.295166
100.737731,368,432.171978
81.208448,323,432.452744
49.434196,240,432.650501
166.375853,769,433.286778
48.856089,298,433.547331
81.503542,300,434.387901
209.139,1043,435.446524
98.431544,387,435.809931
118.614168,408,436.739098
114.796872,428,437.138917
140.044982,784,437.898418
120.153412,481,438.378833
130.293926,437,439.337886
38.322096,223,439.520084
44.24405,249,439.721727
138.827625,476,440.180393
99.911193,359,440.484468
182.771348,766,441.71025
68.42034,274,441.955
108.19024,389,442.310886
45.316618,279,442.553396
194.281387,755,443.3162
94.573715,384,444.487399
146.736281,690,446.006368
159.611424,591,447.149408
148.011058,712,448.905286
158.402947,800,449.808282
123.37623,441,450.253438
201.84826,912,452.088896
230.008618,909,454.404824
113.121396,558,455.535578
195.441612,830,458.073673
44.484797,230,458.373362
92.199415,340,459.019941
172.360613,721,460.352963
100.557089,338,461.864406
101.251992,369,462.521665
125.045962,488,462.906937
94.686537,374,463.248014
99.484524,519,463.796657
233.507109,962,465.717058
126.617295,467,466.240236
83.542485,349,466.584976
65.283047,268,466.857507
69.186618,316,467.760291
140.736247,569,468.345213
61.944432,312,468.638036
68.848094,295,468.914682
79.182598,335,469.230747
84.495546,318,469.525772
83.701886,331,470.554019
95.247428,344,471.171801
96.682912,354,471.801175
108.787222,549,472.802712
85.884679,307,473.293357
76.592972,324,474.730141
96.317397,365,475.27568
74.762439,291,475.746601
98.938139,365,476.3121
50.47596,275,476.688347
197.503421,1006,479.355118
87.778189,321,479.875843
99.615431,370,480.689665
158.940999,797,481.516452
102.834887,362,482.297727
148.948652,577,483.25198
179.152785,721,484.303189
76.657447,311,484.654131
73.788673,291,484.943673
71.018873,283,486.132682
82.18865,295,486.557566
73.476232,284,486.860993
79.065142,302,487.249661
79.34297,322,487.661989
103.735795,367,488.115375
218.980939,901,489.797589
148.519268,708,490.698869
173.513306,594,491.098647
217.697399,731,492.436135
109.354982,375,492.79154
73.574713,282,493.080157
119.997688,448,493.511274
153.281126,707,494.72305
138.384431,688,495.200135
59.784811,270,495.348828
56.137103,254,495.48858
46.645463,234,495.616702
71.755188,327,496.194359
210.331846,842,496.778477
186.564168,917,497.434084
100.479231,362,498.053
59.942135,255,498.204974
194.282418,710,498.707783
64.913868,273,498.872379
181.823624,880,499.87028
117.2748,393,500.133826
173.65764,746,500.641235
65.659548,271,500.78444
141.960832,473,501.423238
119.616568,589,501.83123
77.075834,326,502.029305
161.535123,843,502.705976
174.196571,790,503.648747
83.171843,329,503.86407
78.403586,327,504.062574
192.976817,900,505.108734
85.792757,307,505.304122
132.171445,687,505.790818
144.854222,715,506.285814
161.42791,759,507.204012
86.60089,329,507.487494
86.28471,323,507.690185
89.015117,315,507.88802
85.644157,355,508.115222
158.220887,596,508.924848
81.464608,336,509.141106
44.103717,241,509.271094
82.482539,452,509.578055
145.955872,501,509.873873
87.835581,338,510.423377
156.754103,608,510.816861
92.840143,339,511.019206
219.176952,948,511.936462
117.252474,599,512.305487
52.340708,247,512.45389
48.448473,238,512.59693
123.771136,472,512.926793
66.206413,276,513.087167
147.378133,563,513.878591
116.102224,419,514.138808
61.031292,275,514.300532
133.573784,480,514.622209
99.875044,583,515.421158
79.967338,289,515.593436
82.308548,311,515.775148
99.918349,362,515.989273
43.698515,228,516.115392
65.113665,297,516.286637
82.384719,457,516.593963
87.906692,319,517.174588
187.242613,712,517.660748
78.735647,327,517.863285
173.571788,699,518.337059
82.706999,337,518.924106
83.667031,315,519.11779
120.810424,409,519.379019
101.212581,356,519.608718
125.797608,427,519.884124
162.466253,632,520.659095
115.463966,418,520.886019
56.008206,252,521.008926
54.510781,249,521.133695
138.380898,469,521.439889
59.298883,260,521.954495
87.351748,338,522.144778
147.999605,759,522.675093
75.896345,294,522.853699
67.334203,275,523.012989
176.915375,612,523.85462
78.912982,326,524.060518
111.780842,390,524.3087
124.831451,497,524.622815
99.809084,368,524.821985
128.534479,576,525.485157
190.654213,652,525.859366
169.144115,577,526.18955
84.504409,312,526.354847
76.404857,314,526.858104
74.513509,326,527.030011
57.316063,259,527.160763
78.87602,336,527.338596
111.232656,431,527.588957
105.224634,612,528.27244
105.019201,365,528.473045
55.583145,252,528.605019
82.967811,310,528.767099
93.581938,331,528.944584
99.793816,345,529.127402
115.247177,593,529.825325
147.55804,537,530.156293
127.056389,432,530.405317
74.323538,294,530.560022
87.524645,552,530.882012
60.389608,301,531.426976
99.424362,363,531.628714
80.024585,318,531.797741
75.177943,298,531.951871
111.800003,426,532.188844
133.777778,627,532.892562
76.612135,379,533.093739
43.89043,277,533.230386
71.969654,291,533.379645
79.552892,333,533.561231
88.462586,328,533.737003
85.132576,322,534.247407
66.598499,337,534.425622
117.065103,410,534.6519
92.369959,321,534.823446
40.204803,228,534.932368
89.875917,323,535.093296
105.447672,405,535.655858
131.917982,475,535.917607
130.178803,435,536.158803
97.87127,325,536.326953
170.729689,636,536.688311
46.659026,286,537.172164
68.272128,320,537.338228
50.221243,259,537.464172
86.72482,333,537.647862
110.925967,454,537.902573
131.897752,697,538.644907
83.972553,303,538.801651
132.854813,436,539.09638
137.81859,512,539.377093
119.13114,409,539.600673
210.000696,812,540.415544
77.97768,296,540.56227
78.962648,304,540.7258
131.909825,471,540.994579
84.544032,327,541.500637
72.861465,287,541.648345
91.821607,332,541.823261
140.925603,617,542.172216
23.460394,210,542.269115
72.754652,361,542.460692
120.138095,514,543.087237
121.58199,497,543.365825
174.150578,648,543.741407
179.9722,789,544.538689
109.800044,413,544.778365
110.426619,566,545.102997
131.436907,627,545.464766
131.621523,468,546.052928
104.889467,356,546.244256
89.782669,319,546.409541
86.004304,400,546.63606
175.55719,641,547.064171
147.177913,591,547.749251
169.23108,764,548.193151
75.612385,294,548.343957
81.082008,295,548.493172
133.101789,504,549.120842
122.360223,438,549.361165
43.547423,271,549.494923
145.086119,495,549.770479
81.442273,323,549.936383
106.477479,403,550.487533
120.85785,475,550.762471
82.151468,300,550.913841
139.657698,527,551.214488
49.960517,246,551.333746
130.246387,465,551.938576
179.198547,703,552.346792
80.623712,306,552.502247
155.757017,741,552.941811
85.761232,315,553.441255
80.916845,325,553.607522
116.506951,362,553.803581
79.426035,334,553.981563
87.101616,342,554.1629
75.027248,292,554.309735
42.815093,269,554.80386
38.724751,234,554.970809
102.605769,514,555.262844
48.532935,283,555.40697
127.672706,594,555.756066
123.459278,439,556.375205
107.398661,396,556.588202
108.702373,359,556.787115
127.047808,455,557.039827
109.666961,526,557.327545
138.428554,509,557.965422
66.624335,323,558.130423
164.931416,791,558.604288
133.855954,445,558.848931
79.359286,310,559.338804
84.072103,343,559.513625
172.507772,669,559.905192
68.619674,278,560.046939
84.64064,309,560.202328
54.497058,340,560.387649
72.669431,286,560.872645
35.548774,253,560.993335
124.722038,442,561.234731
178.338688,683,561.629299
87.472978,337,561.805358
83.799954,311,562.304521
88.518346,344,562.491532
136.208818,465,562.74863
89.607642,326,562.968519
105.676459,410,563.188423
84.972377,303,563.68205
120.647405,390,563.898566
70.56069,307,564.054579
88.108353,314,564.223221
127.453432,506,564.508742
181.560018,796,565.317878
79.850652,333,565.488476
88.417843,316,565.650095
61.552335,263,565.787401
95.866386,328,565.95761
59.834372,250,566.080044
95.162123,326,566.586191
138.483781,684,566.986205
69.269153,293,567.13545
115.178095,446,567.394521
83.078222,348,567.572938
140.862447,705,568.317809
96.971302,333,568.493954
133.783706,615,568.846618
121.800517,557,569.170746
82.906369,334,569.678767
119.369629,416,569.906541
148.042629,599,570.267101
149.971893,450,570.51347
137.708213,455,571.162874
60.004815,254,571.292019
122.957735,447,571.546686
65.978194,283,571.686442
107.585041,358,571.877784
152.701468,624,572.563191
75.016364,309,572.72918
171.118403,659,573.103112
97.567601,368,573.307153
222.007352,998,574.245549
70.694046,321,574.409957
80.832236,324,574.579615
108.842225,439,574.820245
96.932166,338,575.000224
138.949615,619,575.686379
131.889085,447,575.941885
158.524843,570,576.269091
94.677082,345,576.450123
78.5519,302,576.603885
37.227047,225,577.057298
86.105438,330,577.232045
78.454159,307,577.389974
105.827323,389,577.597111
78.923058,288,577.740847
94.051711,356,577.93193
60.55637,326,578.485393
119.442377,438,578.728133
59.027474,270,578.864617
44.546389,274,578.999677
88.226127,317,579.16782
95.217851,325,579.336128
36.628427,223,579.44142
106.599662,449,580.032939
124.149219,434,580.272502
61.887682,356,580.465074
92.547927,410,580.68825
134.285458,547,581.336554
145.11495,461,581.591721
112.268285,416,581.824034
122.962661,440,582.064207
123.966109,580,582.403724
76.396133,462,583.00649
132.335893,657,583.392822
122.138045,409,583.620985
72.221032,287,583.769356
87.878019,382,584.304729
123.504522,463,584.59311
127.286377,456,584.849276
62.08478,264,584.981027
84.416178,310,585.146478
84.544965,304,585.304632
87.128408,320,585.806946
82.200284,309,585.96768
58.664111,300,586.119361
80.518478,308,586.27625
83.453325,327,586.492583
117.070843,434,586.737594
87.718259,336,587.251797
108.275115,422,587.490522
97.787346,390,587.697515
81.977676,297,587.852216
76.528838,299,588.006894
106.637164,407,588.235873
114.752356,460,588.839521
134.368813,441,589.088901
143.998126,554,589.417141
61.266967,253,589.543315
87.749461,345,589.721127
64.877847,324,590.272906
48.516825,319,590.440022
52.98422,263,590.56737
110.980645,580,590.90886
116.72124,445,591.188919
115.911021,384,591.792928
84.100719,307,591.961286
74.792067,297,592.110358
82.166739,311,592.274164
108.640387,430,592.518924
78.392125,299,592.670826
77.329111,440,593.269635
79.265312,323,593.443299
78.045697,318,593.606578
74.166459,288,593.751235
79.894699,341,593.935749
136.672125,538,594.249179
63.368567,353,594.827972
75.07418,320,594.991076
92.492106,346,595.181818
129.781058,417,595.408855
111.526544,425,595.646225
136.858381,666,596.366929
83.589549,345,596.553843
180.711212,819,597.0495
127.533736,561,597.705454
81.21621,303,597.861786
46.641394,237,597.973702
115.905151,432,598.220444
47.050478,251,598.34348
100.590461,427,598.579663
61.136831,336,599.104807
49.568374,278,599.247944
77.64396,294,599.399542
46.01047,253,599.521873
134.323103,441,599.7697
122.087158,425,600.013191
49.590093,239,600.127177
116.100968,433,600.707479
94.150527,351,600.909564
44.722677,287,601.052756
83.423165,331,601.227844
106.812144,389,601.447112
95.359566,348,601.970069
168.367243,856,602.513624
61.795159,259,602.647645
84.699901,327,602.823072
64.85099,353,603.022457
83.336746,309,603.518423
68.917417,285,603.662758
55.817208,309,603.820705
114.071733,437,604.07043
124.524854,449,604.318126
77.013904,299,604.472606
77.71836,322,604.980786
91.723095,314,605.146299
80.701207,338,605.320241
94.208939,578,605.65723
83.181458,313,605.820557
125.941968,440,606.396282
77.454922,312,606.557166
129.130301,497,606.838997
106.500208,472,607.098234
119.19609,435,607.341356
81.590075,386,607.882307
88.306255,341,608.061816
114.694936,397,608.274998
94.386431,370,608.470587
90.337511,333,608.648999
83.972708,321,608.815089
103.474603,412,609.379084
85.182959,311,609.542139
118.894353,419,609.805036
125.051952,438,610.051876
140.664036,635,610.416493
81.234507,300,610.965323
134.517948,620,611.339318
86.355483,346,611.525467
99.969086,345,611.705627
77.296994,312,611.865662
115.989694,439,612.449229
78.345312,294,612.599847
52.074348,275,612.736886
61.453852,272,612.867783
65.243628,266,612.999837
121.976961,508,613.269127
73.364209,292,613.746682
209.670909,1127,614.418486
68.219475,351,614.618388
73.016633,335,614.79662
73.29221,305,615.28836
112.050975,418,615.515637
78.967674,329,615.692869
128.625315,480,615.978394
86.157534,339,616.163299
166.293709,573,616.830477
104.027985,418,617.070337
53.376283,261,617.197274
134.566853,467,617.454589
108.541517,413,617.678468
92.539496,327,618.18563
82.503082,297,618.338217
106.201104,414,618.609297
219.279322,890,619.140289
116.814276,444,619.718862
114.209812,354,619.901109
65.818284,264,620.037336
112.099267,537,620.351828
106.287967,458,620.613283
68.788793,286,621.099236
76.189185,313,621.261599
91.260308,353,621.451595
117.994386,439,621.702344
55.894859,300,621.854759
97.417459,336,622.032095
79.759983,338,622.53699
133.537008,444,622.779608
73.73687,310,622.940185
71.397228,304,623.099905
79.485895,310,623.255351
104.543745,557,623.579103
81.505635,303,624.072605
69.097285,285,624.215821
123.120892,552,624.528881
96.40161,444,624.770773
95.058219,332,624.944948
160.597924,803,625.745797
103.585665,371,625.944821
102.392293,471,626.202991
106.61725,439,626.505764
85.96788,343,627.031034
87.559213,334,627.206375
105.381505,398,627.428224
123.813871,527,627.714971
79.729417,306,627.874771
90.504596,346,628.395327
77.504697,312,628.559411
66.05438,275,628.699018
134.234258,451,628.945139
84.748831,326,629.113498
70.658679,286,629.261386
124.558708,430,629.82432
183.986186,768,630.271495
118.027688,410,630.489415
78.985971,316,630.6463
38.138283,261,630.777392
91.034885,339,631.29444
122.113203,457,631.555732
86.018495,345,631.740698
156.681153,875,632.254684
122.679059,403,632.808621
91.93418,363,632.998875
65.346628,272,633.138999
115.323274,491,633.414811
149.933766,568,633.737096
106.366966,424,634.370279
100.169079,384,634.575197
88.277747,349,634.760262
82.93548,310,634.919468
122.611438,440,635.172553
84.242327,339,635.354247
80.456641,292,635.83844
85.281712,342,636.018955
61.630076,307,636.182935
121.437015,446,636.429394
78.207851,310,636.590598
64.099432,395,637.15059
97.918228,512,637.448159
150.426096,572,637.784722
74.457539,294,637.935358
132.625749,509,638.222148
135.045498,498,638.854988
61.987541,265,638.988593
74.659607,286,639.138544
84.887794,335,639.320499
73.791995,302,639.473573
112.126342,427,639.709506
74.588551,303,640.209046
71.778203,387,640.426938
77.832793,307,640.591237
84.672427,333,640.770974
88.306921,338,640.955109
101.014564,400,641.182748
105.445812,454,641.77851
74.650424,308,641.937698
125.177055,454,642.249664
95.574117,528,642.554361
56.218835,284,642.695211
84.554321,314,643.208621
77.123589,307,643.367885
105.396142,414,643.59533
59.748195,320,643.765787
119.728004,550,644.081859
130.382273,452,644.686968
106.227582,412,644.916381
93.692093,394,645.132206
79.995721,302,645.288005
121.922608,447,645.535216
142.461785,792,646.321744
66.821629,280,646.462306
81.388607,298,646.613869
96.691272,431,646.851656
98.037298,350,647.040646
76.407643,314,647.541781
111.116043,434,647.78808
84.932669,326,647.95763
66.174936,280,648.101631
89.909405,510,648.391774
97.649336,430,648.968118
72.7274,276,649.110599
72.27148,310,649.275176
91.831258,334,649.45434
146.804262,674,649.913825
71.197561,290,650.072043
94.6734,364,650.616641
71.308968,377,650.828553
103.202954,423,651.060464
73.57193,302,651.219165
60.087044,289,651.367673
82.631404,341,651.540768
136.613277,495,652.150634
81.20371,309,652.312859
59.922616,255,652.437364
86.319063,356,652.629205
77.900469,325,652.796244
74.346621,320,652.963647
63.679491,318,653.467783
83.240879,320,653.62839
92.21501,385,653.828262
117.193363,444,654.086843
73.716853,307,654.249043
105.094274,443,654.829374
67.838343,338,655.009246
89.898676,323,655.178389
83.046123,337,655.350546
147.811846,743,655.772391
89.020948,438,656.350278
54.491421,372,656.546794
78.443905,296,656.696846
68.359966,267,656.831174
173.253165,717,657.232184
79.73808,310,657.763522
89.813537,338,657.948776
83.180768,319,658.122489
83.537455,320,658.291639
113.715633,441,658.533345
80.106721,306,658.692779
125.574043,615,659.388354
79.588905,296,659.541625
78.216243,418,659.773228
77.496468,307,659.930604
76.446529,287,660.074385
125.844561,472,660.687842
137.085819,576,661.015336
66.464179,279,661.155789
118.496718,549,661.473526
92.583749,341,661.65464
152.114274,731,662.419071
49.369268,246,662.537301
94.88507,369,662.724286
118.583698,441,662.973965
127.359495,741,663.766481
118.686843,590,664.107529
78.94607,312,664.275147
144.576835,532,664.575402
97.433894,344,665.087252
90.824355,325,665.263856
76.425801,325,665.435641
126.787975,425,665.70331
74.321795,336,665.886549
120.005666,423,666.121175
75.28324,292,666.607825
115.106504,456,666.872386
158.390004,547,667.187536
152.604622,560,667.517911
69.237607,329,668.021137
79.30025,332,668.195816
207.377377,782,668.653024
103.4581,508,668.932081
81.150753,318,669.102962
116.090757,437,669.688217
175.857284,662,670.074458
96.450228,332,670.251754
87.943755,427,670.491724
164.015476,601,671.168156
78.735729,336,671.349172
109.882724,435,671.590366
138.874947,789,672.052521
45.020441,238,672.502663
80.18427,295,672.651413
151.678666,625,673.002925
108.009696,391,673.210387
88.889798,351,673.39561
86.148523,436,674.013846
89.199856,323,674.186305
109.084465,441,674.42581
118.442375,401,674.656848
199.082651,805,675.473983
126.972917,681,675.876449
143.396189,642,676.254201
80.801389,349,676.44123
61.314117,319,676.942152
110.583344,522,677.243414
125.257136,522,677.518206
116.123061,458,677.772316
77.948792,312,677.928282
119.202219,427,678.501867
128.198956,487,678.770063
106.621515,425,679.005102
50.328789,250,679.124949
85.116103,329,679.295767
104.869487,415,679.846278
121.128639,450,680.089258
86.854479,311,680.25074
98.879205,443,680.494782
78.415363,288,680.639194
79.925862,312,680.802702
96.963374,337,681.317327
78.759841,325,681.531623
90.909178,335,681.710231
130.558233,456,681.964172
85.41702,419,682.198378
96.239443,367,682.737013
92.59743,429,682.974327
94.983283,411,683.196222
93.505191,430,683.430626
67.326047,328,683.60774
46.454736,278,683.745921
59.293808,292,684.230955
106.466791,435,684.469452
71.411495,281,684.609417
74.43147,323,684.781355
73.830467,285,684.924452
113.961544,457,685.17619
79.48252,332,685.684437
128.671388,443,685.920515
65.865365,270,686.052882
186.405164,721,686.481574
166.347744,609,687.166762
82.65019,325,687.341694
115.947033,447,687.587848
83.901742,435,687.838653
96.577983,363,688.030731
93.854821,363,688.558471
107.620731,492,688.826054
109.267389,426,689.059396
78.235586,328,689.240223
80.925843,324,689.412694
81.530137,317,689.626152
119.097127,427,690.204524
78.373966,303,690.362914
102.206458,392,690.575733
95.323878,360,690.771644
159.910546,579,691.102348
78.469948,330,691.608487
82.420893,327,691.779271
76.85772,308,691.934497
117.694276,466,692.192134
87.279188,375,692.393473
123.258839,439,692.96539
88.919199,340,693.146198
79.079731,317,693.312564
99.427993,423,693.558399
81.033983,327,693.73196
94.608844,376,693.931568
124.085015,617,694.637933
107.020544,438,694.884897
78.26103,289,695.028597
73.043793,343,695.217445
81.76867,334,695.399734
87.724605,341,695.90993
76.113073,303,696.06562
168.437358,749,696.504902
65.935772,298,696.656176
92.097164,328,696.8257
32.537867,249,697.336698
91.900623,326,697.509392
125.019682,488,697.786398
126.860339,754,698.219725
105.228163,426,698.793811
181.892179,773,699.243626
183.18255,951,699.792172
185.812886,861,700.627541
80.908929,333,700.801949
92.277918,513,701.074424
79.098784,322,701.237346
109.569137,570,701.902658
81.286624,323,702.071408
52.338717,312,702.227817
86.667647,343,702.417567
118.441611,441,702.663341
85.461886,327,702.836802
73.532794,324,703.349395
75.971611,318,703.514009
122.154599,612,703.862946
66.373875,285,704.006459
77.602259,334,704.183911
78.929267,300,704.689723
118.432522,442,704.94044
131.977544,494,705.264458
124.192571,470,705.536338
45.225389,288,705.684226
61.468982,315,706.177787
93.677293,325,706.35019
114.763455,441,706.596492
56.178915,271,706.730255
140.894499,583,707.071377
111.430445,439,707.646148
97.809714,338,707.822168
143.058315,580,708.139543
94.876051,354,708.327145
100.200718,407,708.54643
80.52849,304,708.702445
72.376532,279,709.203985
93.717506,376,709.416491
69.004205,296,709.56904
115.217776,432,709.801454
117.051325,626,710.209959
141.486094,588,710.893781
108.227445,651,711.285566
50.635123,307,711.44772
91.196686,447,711.695097
84.854268,347,712.210246
128.51837,630,712.583218
82.981693,325,712.750386
82.936854,326,712.921847
86.535546,335,713.098261
82.35854,323,713.662007
78.768227,339,713.842763
152.746074,708,714.263194
63.912205,278,714.405702
97.108351,429,714.641457
50.993155,280,715.114731
151.823365,731,715.549108
97.4115,448,715.801229
85.169515,344,715.986007
134.455637,491,716.601995
66.062278,310,716.762502
112.55156,457,717.026716
176.043172,854,717.592891
160.639931,681,718.335838
85.127649,317,718.502897
129.424541,583,718.844082
201.205488,870,719.685002
79.141623,298,719.839077
170.093287,769,720.285867
90.74614,327,720.460581
129.15917,433,720.695791
62.353266,257,721.202379
123.855811,605,721.565908
95.969132,434,721.808365
66.299355,267,721.942678
97.474661,335,722.118222
78.441486,327,722.287464
100.148541,437,722.872143
87.416577,336,723.050044
105.992483,465,723.319624
102.127102,460,723.580811
59.461926,323,723.756154
129.170273,448,724.340775
108.207725,427,724.578885
57.634827,255,724.707779
108.137664,418,724.933004
101.724991,356,725.11812
89.606649,334,725.641173
104.08888,373,725.834419
80.37167,344,726.016102
88.204252,357,726.206828
62.29446,261,726.335729
50.878961,328,726.509236
109.011418,372,727.049299
147.7689,832,727.535117
143.7136,578,727.874127
74.81753,289,728.023341
86.031319,365,728.558648
89.49584,341,728.73548
111.035354,639,729.149795
123.491654,457,729.416645
54.070974,248,729.540729
115.670374,446,730.130703
103.875939,456,730.389454
87.0171,323,730.559278
69.689319,403,730.775154
51.036918,318,730.940104
89.187341,351,731.465593
132.788044,708,731.871306
96.182208,449,732.128007
139.287135,591,732.483782
55.752027,339,732.992572
70.506256,285,733.138084
122.263142,552,733.461469
68.805186,297,733.61175
62.999144,344,733.797359
80.317301,373,734.002185
97.42639,386,734.547972
86.349057,335,734.737404
109.625479,423,734.974259
140.549329,724,735.396653
70.655696,345,735.92511
104.711527,474,736.203212
115.514922,477,736.477852
98.809085,416,736.707126
88.817837,349,736.890127
88.968192,361,737.513617
93.815527,445,737.759172
102.046546,447,738.022236
147.470807,640,738.397315
131.850322,596,739.08052
88.096093,358,739.277983
100.911771,427,739.52438
143.306024,566,739.852534
72.885266,319,740.020846
97.133644,424,740.593589
105.880696,429,740.83813
108.34417,433,741.091756
87.314459,424,741.325452
81.986558,322,741.497401
179.829189,860,742.349975
149.690301,641,742.737759
146.338879,686,743.158663
111.501066,436,743.741336
107.201529,433,743.985225
158.506826,640,744.362434
82.965559,306,744.530617
121.073039,507,745.164556
85.364031,345,745.403316
55.696287,307,745.564894
62.30979,287,745.708358
100.430205,366,745.898833
71.344674,316,746.063071
97.313719,393,746.629475
128.632982,557,746.951363
141.314616,703,747.353581
102.194833,458,747.621719
69.779409,303,748.106422
72.181122,283,748.247174
94.632624,358,748.441407
147.718335,581,748.787245
100.827142,355,748.970207
174.890182,706,749.740777
63.830342,283,749.887098
176.712477,730,750.327217
146.320583,672,750.722577
66.339893,263,751.186424
72.056114,328,751.366165
162.663666,679,751.776212
120.022477,494,752.053891
145.654659,503,752.684071
131.623149,682,753.132857
116.867421,458,753.411792
61.595963,268,753.557592
85.756677,338,753.742193
96.082803,375,754.28654
67.874982,286,754.432605
67.687051,280,754.577294
121.449507,560,754.896098
61.349029,273,755.032167
145.378994,562,755.698524
142.099141,567,756.040436
172.239554,704,756.452874
127.008835,495,756.746286
136.138321,484,757.362379
70.017786,279,757.502807
62.601527,300,757.657128
108.542611,440,757.900887
118.351689,448,758.140079
139.189248,627,758.848436
57.466617,264,758.981442
80.057783,414,759.208302
89.32738,320,759.377392
72.006455,367,759.56911
128.57931,454,760.156892
123.228269,437,760.402548
109.995818,661,760.791695
110.320944,440,761.038836
114.928874,438,761.672359
69.418044,282,761.815602
99.523412,425,762.052122
119.612485,479,762.325404
55.953488,256,762.449197
91.383994,579,763.137424
137.347306,481,763.402923
60.552369,266,763.534303
157.859221,667,763.941868
131.816352,492,764.227937
91.015585,360,764.758259
120.324107,426,765.010108
84.885928,303,765.165644
76.893894,295,765.31623
66.44959,282,765.457144
72.334385,304,765.613561
66.899701,297,766.099575
128.782842,441,766.353665
164.098811,845,766.874165
105.27267,373,767.083277
101.637137,381,767.649835
187.505914,678,768.059528
208.155994,791,768.543792
75.602346,298,768.700643
66.84587,313,769.24525
122.828813,459,769.513693
114.00035,445,769.763703
67.364783,268,769.920776
79.458639,330,770.104644
83.215758,335,770.633609
46.818361,274,770.773686
58.784864,261,770.906321
128.984763,665,771.348107
60.445108,314,771.518534
33.232643,247,771.646536
72.764229,360,772.173482
132.284824,548,772.491498
55.152577,265,772.621406
160.733613,660,773.014655
123.090216,464,773.284799
132.441174,468,773.896929
89.568766,361,774.092271
55.400833,245,774.212208
70.062342,290,774.361677
103.941862,422,774.610221
61.751673,305,775.108478
66.453584,284,775.249175
93.166512,436,775.493228
66.217366,274,775.638138
102.120033,397,775.855223
89.938881,360,776.048803
118.32431,407,776.603627
134.700214,622,777.040566
84.876569,337,777.220425
77.933606,314,777.388644
90.733521,335,777.565901
71.670844,297,777.721516
94.732967,432,778.298608
76.337751,299,778.454311
104.902171,438,778.712129
235.441483,965,779.635745
126.118661,441,779.891687
119.879244,446,780.145668
101.480039,441,780.404852
83.811747,334,780.579395
104.03713,432,781.169206
70.751096,314,781.332357
70.900556,316,781.495396
115.022409,427,781.752901
117.997164,454,782.01391
101.81827,424,782.587972
65.213788,268,782.727759
71.147546,312,782.88816
84.393679,345,783.073481
68.692965,302,783.226102
127.957802,528,783.531979
80.171798,328,784.042051
162.258514,592,784.396927
113.05034,451,784.657704
94.165482,387,784.927224
185.750166,712,785.693297
156.145424,793,786.186305
133.357527,528,786.498287
91.638097,341,786.684402
69.516844,284,787.158904
106.970558,429,787.406715
185.533771,756,787.868253
116.544661,441,788.113324
131.464766,526,788.767247
63.297083,338,788.946685
62.296705,288,789.092612
160.035916,642,789.474596
54.062371,243,789.593415
164.889521,860,790.476617
94.16793,354,790.6681
100.434044,427,790.910735
52.494818,244,791.029355
63.492963,270,791.166015
103.243416,339,791.677034
75.472316,304,791.839918
198.727749,864,792.377789
116.183511,457,792.645223
129.945925,508,793.314899
107.736547,426,793.556851
39.530692,240,793.678696
88.107937,355,793.874171
112.961735,446,794.134081
117.858004,493,794.76763
160.662883,662,795.178628
140.971946,611,795.541018
75.69104,306,795.696937
135.996804,541,796.350231
121.941212,439,796.59933
163.591443,669,797.002813
146.636645,518,797.300585
87.356475,388,797.853498
146.237998,550,798.182569
60.478726,307,798.340865
61.888564,271,798.477747
128.683978,562,798.817157
139.5183,566,799.491306
79.104048,330,799.668978
176.961149,784,800.157015
63.673424,266,800.289453
113.354132,461,800.950784
107.493468,461,801.20653
121.955631,488,801.488649
94.483245,341,801.671594
89.08827,360,801.879061
90.31871,355,802.404255
76.850706,309,802.564705
76.944963,311,802.730169
94.82287,415,802.964785
54.37616,250,803.087355
117.072964,440,803.337367
58.733365,265,803.469335
76.657438,341,803.994214
155.620301,669,804.39942
115.811022,441,804.637932
120.846763,453,804.900531
92.805604,352,805.424263
76.308404,302,805.581491
57.898846,260,805.712461
92.082311,377,805.922183
61.235163,264,806.055132
76.014443,294,806.206261
187.438035,681,806.963476
69.001794,278,807.108602
84.109626,355,807.297648
64.594058,264,807.43157
98.404884,420,807.670302
102.024483,378,807.873971
93.716466,356,808.404311
111.244865,553,808.795399
108.464799,418,809.024897
125.505443,464,809.284266
70.178101,277,809.4279
105.84731,434,810.014731
170.405552,744,810.474813
92.955825,406,810.698544
79.098078,312,810.863794
187.218842,692,811.616574
67.529274,270,811.754078
117.347417,455,812.028537
62.097735,266,812.16401
62.377956,257,812.290218
71.586964,283,812.766829
232.124598,996,813.413765
119.832209,592,813.779093
140.350071,550,814.449265
101.457709,423,814.686823
92.515541,356,814.883168
112.681637,466,815.153161
76.262206,291,815.304221
99.539194,438,815.890536
66.19055,276,816.032033
39.282448,265,816.224963
106.675997,419,816.468808
134.363983,449,816.715452
156.652538,596,817.082135
126.454205,567,817.772831
79.74161,309,817.936552
94.794482,318,818.101852
63.079834,249,818.223837
136.66674,554,818.552159
46.417761,281,819.042016
55.785785,247,819.165065
106.415897,399,819.384522
88.595852,327,819.556241
105.557985,591,819.912026
167.541084,628,820.632762
188.619923,780,821.123667
76.163818,289,821.272044
88.81155,351,821.459977
85.744074,352,821.997144
98.215912,450,822.251182
101.255124,351,822.441523
117.377668,435,822.699239
156.803451,648,823.096689
81.913802,349,823.618753
131.923651,597,824.035926
118.532314,445,824.286623
79.49071,302,824.440249
98.798317,348,824.626236
141.062006,562,825.350702
89.480163,315,825.51879
193.083202,810,826.033361
63.320885,326,826.216637
66.787647,306,826.709743
154.321441,566,827.040357
86.619305,338,827.218771
129.115473,483,827.487979
135.781557,463,827.744615
185.112863,675,828.506461
142.281267,570,828.855943
174.19927,674,829.272395
129.45882,501,829.928133
108.018583,410,830.175699
127.121604,607,830.547975
65.302772,264,830.680658
88.494653,330,830.856331
94.832227,437,831.444391
134.728372,480,831.777827
148.625738,591,832.143066
170.36123,698,832.908238
187.307018,686,833.326969
60.288836,250,833.449609
59.493555,274,833.588422
162.692427,573,833.932019
57.137374,254,834.399101
70.702593,292,834.546267
178.655428,746,834.993058
76.355608,323,835.165559
120.063455,457,835.42227
212.511077,796,836.257713
79.482733,280,836.404086
118.208657,552,836.736761
54.407808,251,836.863062
81.440431,302,837.022485
54.739016,258,837.491853
104.352673,550,837.818303
122.363541,469,838.095249
76.540261,341,838.277199
109.229892,353,838.462933
78.887012,290,838.950961
45.343889,281,839.106147
144.805275,564,839.49637
71.257196,423,839.734119
65.067785,303,839.893743
60.350289,330,840.414007
91.580569,460,840.680299
151.955312,582,841.035896
94.085211,326,841.211524
67.852626,274,841.35094
60.52611,298,841.506366
115.777951,436,842.094705
73.642892,281,842.239615
103.454386,444,842.497169
67.009538,265,842.631688
48.457826,242,842.749893
53.983478,251,842.874402
135.294361,560,843.558366
93.984054,333,843.735932
135.295445,468,844.002687
165.534795,596,844.37223
118.589063,435,844.952909
103.366294,395,845.176422
55.294428,255,845.305369
73.825401,289,845.451862
74.927632,334,845.632721
74.955491,281,845.773919
98.978986,353,845.971616
144.64578,656,846.698086
87.58086,351,846.895356
115.009028,580,847.245765
126.7003,633,848.017224
84.087873,307,848.179632
133.454447,599,848.547055
105.036436,439,848.801553
121.966114,457,849.064819
189.225603,661,849.808984
63.146558,280,849.951087
52.349133,322,850.117948
58.478382,325,850.288579
72.211093,322,850.464919
71.749388,327,850.978094
76.121121,286,851.123337
65.940603,278,851.266198
77.978894,318,851.440657
141.514885,549,851.761813
62.325186,281,851.899963
65.173238,275,852.383891
78.213135,419,852.617334
83.855348,411,852.848703
67.13359,275,852.99017
82.049409,346,853.177701
73.07932,284,853.326802
147.369584,637,854.031993
64.337619,268,854.172223
95.280282,419,854.416399
132.964547,464,854.686498
73.848411,282,854.829872
69.081968,275,855.383095
97.917529,418,855.625237
59.943189,253,855.750686
68.179572,286,855.899959
77.666032,285,856.047829
69.420327,276,856.191496
164.084324,591,856.87707
62.956558,265,857.008774
94.59516,350,857.195584
113.161003,573,857.541964
114.955021,451,857.792434
118.896997,586,858.491918
88.433693,436,858.743876
144.856062,570,859.08104
78.648332,421,859.317365
71.29535,300,859.47254
132.738096,638,860.18157
66.561351,341,860.375958
105.15371,539,860.686399
70.764098,284,860.82746
78.27169,317,861.33113
70.678715,278,861.471248
93.571546,433,861.720722
72.47075,356,861.918175
69.130811,277,862.057589
86.206276,321,862.229095
51.05663,328,862.402843
161.089985,585,863.127169
134.556292,468,863.402071
55.702905,262,863.533027
73.180392,451,863.791264
65.238412,263,863.922714
65.228077,272,864.405807
61.388966,316,864.567149
82.355021,345,864.750938
164.927044,693,865.171811
138.095292,556,865.840958
79.11786,327,866.017525
161.625006,555,866.349632
203.677818,735,866.812655
111.889121,438,867.403593
80.356279,334,867.581887
86.261887,346,867.763907
73.937594,282,867.908136
122.891448,580,868.259109
75.707839,319,868.428635
95.806878,378,868.963248
67.70076,289,869.113423
102.383279,446,869.372554
134.166139,489,869.658426
79.972988,432,869.907237
68.592282,290,870.39277
50.48375,242,870.511878
72.93813,407,870.794479
55.589879,246,870.917448
148.524854,606,871.267438
67.098601,281,871.412193
64.349306,262,871.881036
84.781243,322,872.050807
52.015023,245,872.171064
93.763595,359,872.362269
101.644204,410,872.583344
67.876362,279,872.722288
81.922641,301,873.213177
71.604901,275,873.35751
118.686662,479,873.642761
69.823392,275,873.779942
61.339922,269,873.915756
121.032434,537,874.223569
95.222954,430,874.812131
76.237939,332,874.989858
128.030537,436,875.237015
50.566184,252,875.366355
58.79957,267,875.502423
81.668101,336,875.682577
59.903426,259,876.147378
59.219612,270,876.283187
62.136213,332,876.462455
93.039504,433,876.710671
145.629489,649,877.093754
80.066366,306,877.593285
73.008575,311,877.755647
137.371334,446,878.01527
60.713351,253,878.142856
99.120799,387,878.362913
79.682706,296,878.567231
154.800624,591,879.278878
88.399629,346,879.467188
132.229359,592,879.821574
129.968519,548,880.134664
71.873337,309,880.640671
97.179886,419,880.88433
86.05699,362,881.08157
89.687385,344,881.263193
69.776969,285,881.410093
69.085645,299,881.565053
89.1833,363,882.092019
91.504332,438,882.342329
60.384372,258,882.474766
77.171171,351,882.668647
127.647053,577,883.018678
118.584364,457,883.623003
139.505524,504,883.900685
56.978621,284,884.044144
101.48713,369,884.246655
107.919542,468,884.51833
54.88953,255,884.643707
71.312643,315,885.160091
82.21986,324,885.331812
73.320655,289,885.484769
74.62808,299,885.635936
115.045538,443,885.891895
103.080606,363,886.081403
96.189368,381,886.680577
87.566003,310,886.843305
135.697425,674,887.246246
58.067043,267,887.377484
67.35939,284,887.52419
154.030315,580,888.201067
114.857639,524,888.506855
63.261173,289,888.651717
144.501478,481,888.929689
135.663245,548,889.60018
72.067712,321,889.769224
99.569084,361,889.986341
104.483764,401,890.218595
56.114033,323,890.388376
76.404609,344,890.571413
71.609197,294,891.053681
91.013368,344,891.239034
87.599816,335,891.414483
53.620738,251,891.544338
58.187026,260,891.673085
71.751775,281,891.815505
82.44184,333,891.993569
77.716818,320,892.499166
73.956505,319,892.66396
45.065471,248,892.784601
113.836785,443,893.033789
76.088157,329,893.205985
64.440632,301,893.36066
89.494485,321,893.871384
81.351109,338,894.099998
80.04549,415,894.341339
83.381698,336,894.519914
136.230967,450,894.771527
98.400255,445,895.359929
163.388044,633,895.743997
77.299521,396,895.966156
78.95666,287,896.112463
58.150126,253,896.238324
135.761157,470,897.022895
87.145714,359,897.228547
68.138995,314,897.403535
113.636116,381,897.62287
62.071188,257,897.75151
68.312192,299,897.905279
135.016658,470,898.515359
176.194259,691,898.944023
115.369078,520,899.246925
77.688388,288,899.390658
79.192792,425,899.633262
88.20598,398,900.194244
61.47944,279,900.334164
114.616405,418,900.566984
102.407439,356,900.759124
87.793636,434,901.002717
119.038609,442,901.596232
57.687162,265,901.729802
62.816059,317,901.938716
113.697793,418,902.173379
48.167984,286,902.319858
105.060237,433,902.563479
182.254493,717,903.34932
69.012381,299,903.498213
52.561609,257,903.628318
100.468902,438,903.88129
94.703161,393,904.089891
83.023099,304,904.590002
106.861227,417,904.827111
148.116304,550,905.159727
72.147703,298,905.315096
63.958568,267,905.444532
95.88324,428,906.021734
89.415184,359,906.216499
182.671513,663,906.613103
104.078401,380,906.818219
56.575094,264,906.948684
62.811506,271,907.418858
94.061019,345,907.602249
101.754256,365,907.803393
113.570741,495,908.086542
62.26666,331,908.262772
76.881691,291,908.406488
151.716869,674,909.158218
110.620535,446,909.409052
125.027484,438,909.69777
71.080737,320,909.868201
117.310573,440,910.451541
85.060174,335,910.635842
63.632023,268,910.770967
121.024029,464,911.048926
102.420496,352,911.238098
62.482058,265,911.371186
96.940762,343,911.892237
111.037523,444,912.156226
125.077555,444,912.403635
110.003934,421,912.644445
104.001024,408,912.875361
79.17323,303,913.36859
89.202186,342,913.550802
138.951119,480,913.829592
119.534179,450,914.088844
92.012187,315,914.252156
70.913664,373,914.458385
88.217797,345,914.988733
131.760013,470,915.269466
45.067413,256,915.393598
97.855342,362,915.58855
62.099788,258,915.720245
136.439245,441,916.296476
83.258488,303,916.451102
87.813503,355,916.640481
66.384379,271,916.777361
85.674425,337,916.953691
77.598836,302,917.111406
84.915433,338,917.288246
136.311722,472,917.957435
144.489349,541,918.276937
86.262137,426,918.514175
88.595274,354,918.711181
85.789192,366,919.251657
66.441334,307,919.406463
46.08601,269,919.539604
214.62879,786,920.022088
92.598549,346,920.211227
136.10277,459,920.813839
119.233728,437,921.061936
82.195625,337,921.235078
91.950911,321,921.403893
129.077818,410,921.619556
100.315558,360,921.819054
113.425063,459,922.419341
99.520951,343,922.601413
114.140091,471,922.858414
142.044389,442,923.099534
77.942192,313,923.256417
59.898466,322,923.757696
119.250055,550,924.083885
127.035541,388,924.291019
114.025534,442,924.54131
145.493996,490,925.151672
41.629647,230,925.295587
138.711494,576,925.633935
99.708453,399,925.854328
139.208835,492,926.133092
81.525744,330,926.63961
107.603953,499,926.922759
78.221675,403,927.137574
101.087288,351,927.318153
70.550922,309,927.481056
99.177673,361,927.680052
68.55053,291,928.165699
68.804262,307,928.324152
47.636732,259,928.4495
130.217713,448,928.709852
55.862005,257,928.841526
102.89012,440,929.088825
60.13721,287,929.574396
83.238284,390,929.786317
120.217001,465,930.052313
91.880425,368,930.253096
116.152584,436,930.499085
71.439239,394,931.058093
109.418355,368,931.25597
64.66959,276,931.395092
50.193229,317,931.555706
88.344059,344,931.740557
47.791652,284,931.882361
79.549765,395,932.435882
60.601132,295,932.581918
78.015533,298,932.733137
83.709599,411,932.993866
90.241436,354,933.222976
97.318127,463,933.475164
78.106022,327,933.997924
122.045298,432,934.248132
97.109682,404,934.45848
84.743208,336,934.644099
133.354687,569,934.97551
146.698798,536,935.615969
84.885129,345,935.79718
176.217769,780,936.274054
78.264568,319,936.439004
116.246592,437,937.024087
83.050571,425,937.259429
121.797124,428,937.49868
55.966548,253,937.623676
99.446112,379,937.825772
93.129176,345,938.34041
81.514094,317,938.503615
74.114955,335,938.677516
90.14801,347,938.859501
92.603145,347,939.04641
85.321966,421,939.276607
61.129734,330,939.785798
115.169898,451,940.045852
81.007002,341,940.226754
71.661525,305,940.381547
130.596757,488,940.663225
99.507836,468,941.318498
61.728256,330,941.495539
52.991851,326,941.680151
107.610562,426,941.920576
122.209426,433,942.161351
69.773604,285,942.309065
73.656077,293,942.798421
68.833998,299,942.953338
51.372618,253,943.077704
78.455935,317,943.241053
139.873411,558,943.565161
143.825953,560,944.232272
52.547457,240,944.34899
122.846789,444,944.597285
71.969919,290,944.742449
93.029265,344,944.930416
85.208014,432,945.18544
84.340294,305,945.679014
123.846458,493,945.964263
132.854795,484,946.246619
93.336661,353,946.433204
95.29833,343,946.61369
73.414083,279,947.094115
73.083888,426,947.339485
85.907834,319,947.500998
121.466868,584,947.844583
82.247692,295,947.998978
109.171419,437,948.576796
83.756122,340,948.802047
73.226944,291,948.953997
163.152995,498,949.225991
103.19284,417,949.460529
40.591027,235,949.575054
85.889212,303,950.107578
82.98681,337,950.289205
68.972287,280,950.425043
129.37206,456,950.67755
69.782519,289,950.827666
135.666742,462,951.086052
86.509052,335,951.598367
70.316782,318,951.762714
77.729884,343,951.938842
85.53638,354,952.132532
86.595504,315,952.296215
50.653967,246,952.412515
79.981635,310,952.908054
106.938869,425,953.152766
106.36526,373,953.349628
76.972997,320,953.519103
79.67408,331,953.693299
82.61527,352,953.883016
52.261786,247,954.344672
70.406068,278,954.487699
96.749317,419,954.713299
63.855124,286,954.859043
114.633994,450,955.114798
76.119976,313,955.278975
71.354957,283,955.423292
82.973924,363,955.957246
92.215981,402,956.180985
108.031648,424,956.46841
59.009319,265,956.602498
70.56569,285,956.745224
54.628494,258,956.870711
62.789448,271,957.344275
54.083773,245,957.463257
115.206526,407,957.679959
65.202587,319,957.843947
75.213333,333,958.020847
116.464721,453,958.276799
92.692754,367,958.807893
76.076135,377,959.011605
73.848194,329,959.186423
132.882019,469,959.448939
66.793516,286,959.594326
66.061857,261,959.724091
144.785905,592,960.418422
98.113679,345,960.604183
82.531565,337,960.778901
60.688563,274,960.917589
93.488219,342,961.10196
73.571828,344,961.616664
102.494953,434,961.860724
65.117681,287,962.005387
48.341478,250,962.128514
68.725547,314,962.294911
96.442986,351,962.484841
52.700096,256,962.612291
94.337569,419,963.185001
106.117861,419,963.426996
44.845963,234,963.540408
144.308556,537,963.857219
69.40952,284,964.004913
96.832618,329,964.568446
72.562487,290,964.721346
73.915348,440,964.97076
107.840692,366,965.169172
100.243798,358,965.354656
69.143647,270,965.490771
68.890352,285,965.96881
72.458939,358,966.167479
65.360767,304,966.322789
70.433307,372,966.515511
76.554235,333,966.688188
75.384884,325,966.858774
81.339417,308,967.356381
68.064907,323,967.524519
91.778572,421,967.759959
73.213616,298,967.915935
86.103998,426,968.155235
99.218594,362,968.346155
111.432826,417,968.916181
98.79076,334,969.092957
84.18859,302,969.254942
62.740903,260,969.382576
256.661494,1075,970.426878
77.119081,336,970.601155
134.843981,547,970.922108
118.329216,432,971.170077
91.259173,352,971.360175
102.083551,429,971.977373
86.912559,327,972.156549
73.374908,354,972.340188
87.017123,342,972.527401
63.071195,329,972.694161
88.367148,342,972.878513
97.420419,441,973.474583
87.191526,319,973.637926
75.553983,352,973.815427
38.340053,242,973.932476
72.628369,307,974.087065
117.507993,436,974.344399
57.258821,255,974.804122
67.518215,296,974.957472
127.425975,444,975.223052
67.239385,295,975.373568
117.759032,438,975.626943
125.2811,433,976.212165
68.583772,306,976.372108
50.279105,244,976.489823
66.912266,292,976.63689
105.499306,427,976.879439
163.988445,594,977.243971
93.006784,364,977.777955
78.42817,298,977.930611
73.380251,291,978.078077
129.264133,461,978.343969
40.261934,245,978.45999
92.870397,348,978.640804
70.65754,282,979.118035
88.463631,462,979.387489
123.703588,452,979.655499
79.501978,294,979.849169
86.385027,431,980.099779
74.566556,332,980.616664
123.866442,508,980.903856
67.262779,304,981.058455
45.392595,284,981.20517
76.700736,352,981.399818
55.441167,258,981.52423
89.758936,349,982.054915
111.668847,459,982.3205
73.599596,329,982.494397
66.747267,318,982.659049
84.545085,310,982.818798
64.859154,302,982.97487
127.84342,550,983.643871
58.827612,312,983.805213
64.800774,278,983.946275
139.180584,459,984.207207
83.180147,304,984.365447
90.064082,323,984.534595
120.877875,458,985.137826
89.00478,347,985.33107
114.430127,390,985.543826
73.785258,351,985.725219
109.159932,469,985.994094
110.188831,454,986.594208
112.884285,379,986.799003
55.105423,252,986.923459
60.014762,260,987.054012
52.955234,314,987.252379
87.278305,372,987.462087
122.842327,657,988.250645
122.982107,541,988.566124
73.534649,290,988.713779
76.945754,307,988.871849
77.172024,325,989.043474
73.65779,304,989.545053
137.040378,553,989.870961
94.863614,344,990.055884
58.660922,267,990.186967
137.906739,478,990.462772
43.427431,245,990.923337
69.473109,310,991.084571
75.422379,326,991.262622
114.840669,442,991.520437
75.939982,435,991.776194
78.71428,399,991.995248
174.368553,686,992.744548
51.598829,243,992.862882
97.594819,367,993.0596
120.573283,470,993.336486
111.113753,445,993.933188
115.07997,457,994.194853
96.659572,431,994.445908
95.122628,427,994.689302
69.483337,279,994.826673
95.707527,329,994.999956
131.395039,555,995.710158
76.518591,363,995.903928
99.660138,389,996.121644
81.977112,294,996.268319
48.889345,315,996.433641
90.186262,367,996.959962
102.175976,373,997.153911
114.35177,434,997.403093
48.102498,236,997.518245
91.912847,369,997.727779
84.075483,314,997.892787
120.209536,424,998.464436
69.72201,313,998.632965
56.649109,268,998.767798
96.970917,347,998.95823
77.673843,314,999.116176
87.752779,310,999.274827
152.121214,506,999.89432
94.687043,448,1000.13758
84.967497,325,1000.307338
139.24791,541,1000.631437
59.43081,292,1000.779062
117.974259,417,1001.347877
110.137342,410,1001.58499
63.166332,277,1001.72534
131.750315,441,1001.969495
85.839694,344,1002.15807
73.553619,316,1002.669497
69.52062,305,1002.826221
108.264514,419,1003.069559
130.972556,438,1003.361233
81.112351,303,1003.521964
92.12492,466,1003.804707
75.956358,325,1004.315708
45.401666,229,1004.430365
88.202712,372,1004.633395
126.147059,501,1004.919965
87.06026,316,1005.080264
81.324243,362,1005.295326
83.550273,314,1005.806405
123.90147,430,1006.047116
170.229688,561,1006.382971
89.76733,328,1006.563279
50.460746,252,1006.684628
90.110438,447,1007.275624
52.397481,264,1007.409392
118.583923,435,1007.663211
58.220573,261,1007.791366
53.764058,284,1007.931799
148.881407,523,1008.233212
85.430635,316,1008.740358
112.494378,438,1008.990435
106.339467,369,1009.191443
68.208887,287,1009.338823
84.217468,311,1009.509113
80.669148,312,1009.676463
50.293374,288,1010.188248
43.824114,244,1010.305498
45.569907,279,1010.450496
86.181827,358,1010.638142
105.736307,429,1010.883419
65.24046,356,1011.129817
69.84372,307,1011.637655
72.797907,290,1011.785364
78.418703,328,1011.95966
74.796123,303,1012.116716
53.678064,283,1012.254082
41.901075,265,1012.388591
47.094432,250,1012.51345
133.475127,572,1013.176669
69.73877,347,1013.371483
62.863779,284,1013.520037
118.72982,432,1013.770865
61.88546,291,1013.9188
57.297238,321,1014.415212
122.278518,444,1014.67512
64.083781,362,1014.881506
73.037131,295,1015.034795
127.109611,610,1015.402901
91.939161,334,1015.919516
85.09475,329,1016.095869
62.862366,310,1016.253766
84.410144,350,1016.443937
48.866142,324,1016.627796
64.466589,278,1016.765865
125.377945,437,1017.343357
135.680054,553,1017.67519
75.847928,306,1017.833375
52.974454,248,1017.955671
40.714454,235,1018.066105
34.683033,221,1018.169826
88.148596,324,1018.343836
120.234389,562,1019.079367
86.834983,363,1019.276342
37.269864,220,1019.379386
73.880904,303,1019.540811
45.465651,257,1019.666072
335.967181,1535,1021.03579
64.409838,299,1021.185127
147.89948,458,1021.446364
53.756761,276,1021.919285
37.670848,244,1022.041744
98.476441,414,1022.27446
115.867654,446,1022.524676
100.403496,428,1022.776744
150.22886,481,1023.053417
66.957816,301,1023.538824
94.416971,325,1023.708259
63.927076,279,1023.846111
75.490223,299,1023.999188
114.410764,438,1024.25375
121.861855,443,1024.842593
147.981285,547,1025.167427
89.719332,398,1025.386559
99.365224,341,1025.575636
47.004869,233,1025.688349
149.549896,546,1026.333651
40.492575,251,1026.460043
121.310057,448,1026.779722
89.369895,342,1026.964512
67.274129,363,1027.169296
74.682926,308,1027.331468
51.866632,258,1027.458821
76.012239,301,1027.953592
228.795543,885,1028.495749
59.383994,370,1028.712356
72.056874,312,1028.879121
73.69246,296,1029.36484
34.563575,248,1029.493719
89.005452,328,1029.674391
54.933683,293,1029.82635
65.89756,288,1029.974382
50.920089,251,1030.096672
69.08396,345,1030.288082
84.560989,332,1030.806965
91.050324,415,1031.037534
103.295569,347,1031.223004
91.117578,324,1031.395381
103.861697,381,1031.609955
128.252434,466,1032.20785
56.813359,263,1032.339174
79.948542,304,1032.50006
94.759509,349,1032.695591
92.945969,347,1032.886271
63.767802,266,1033.020851
140.944492,500,1033.313681
132.714865,463,1033.925241
104.027792,369,1034.122335
101.36195,347,1034.312903
114.903015,439,1034.620312
102.615396,414,1034.859623
106.26785,368,1035.404939
94.918533,354,1035.595405
105.556388,532,1035.90133
48.490243,243,1036.020015
64.818197,283,1036.16143
127.156259,459,1036.76513
46.842372,269,1036.902313
38.765518,268,1037.040694
92.785118,328,1037.212395
47.94552,296,1037.368848
56.536539,263,1037.498667
105.219188,380,1037.715394
53.449915,308,1038.215614
39.661395,233,1038.329622
79.962902,316,1038.499477
118.946289,426,1038.741572
88.846336,315,1038.906921
65.753721,290,1039.054543
67.455871,314,1039.560003
84.240105,315,1039.732711
129.353775,462,1039.997855
39.88372,226,1040.101481
139.66295,533,1040.41537
119.519462,399,1040.641491
94.402899,414,1041.250668
44.643907,254,1041.375432
41.015313,272,1041.517634
115.543441,405,1041.742475
80.078749,313,1041.907277
69.157127,307,1042.061464
64.762126,310,1042.6072
120.099295,424,1042.853331
49.836036,248,1042.975414
63.751833,369,1043.177117
123.650369,458,1043.449904
119.477405,392,1044.004142
80.656449,301,1044.15647
54.115729,331,1044.331825
157.316995,746,1044.779297
67.299579,302,1044.937642
73.336619,298,1045.089758
39.90858,224,1045.530029
71.772702,313,1045.695555
79.521851,319,1045.864439
127.758051,539,1046.1877
42.567867,232,1046.297024
73.825412,294,1046.44916
100.714426,354,1046.983687
101.978114,392,1047.197394
82.973313,341,1047.375102
102.973475,352,1047.565073
90.71593,331,1047.744912
120.463459,495,1048.374948
115.803616,450,1048.638698
80.652068,317,1048.807316
45.109672,291,1048.956592
54.848816,273,1049.091548
121.677492,434,1049.342649
117.080003,433,1049.932406
67.229988,302,1050.137887
76.435108,309,1050.302029
87.569247,361,1050.503302
59.84993,286,1050.647698
45.406103,237,1050.766909
126.407367,440,1051.354531
72.612725,295,1051.504719
77.956925,332,1051.680587
76.654321,319,1051.852177
68.054274,307,1052.01479
66.352491,421,1052.247674
69.471633,287,1052.727343
85.81204,329,1052.906603
75.678948,282,1053.057008
71.026042,299,1053.209519
63.56522,271,1053.342987
50.306264,239,1053.457696
77.116769,294,1053.611005
78.622503,297,1053.7648
70.877511,308,1054.270768
86.099639,321,1054.436501
42.564419,249,1054.563721
70.098424,272,1054.704252
90.16934,378,1054.91441
258.260002,1008,1055.865311
71.935636,310,1056.032278
87.338615,337,1056.213043
66.223087,289,1056.356343
82.01165,309,1056.519107
85.520574,329,1056.690613
77.385401,325,1057.207016
98.130126,338,1057.3867
71.446712,308,1057.547337
90.861834,423,1057.790569
91.315166,342,1058.026985
71.985004,301,1058.186447
92.049481,351,1058.715338
75.840404,299,1058.871632
79.853847,310,1059.029282
79.245712,323,1059.204923
58.817422,290,1059.353152
139.9011,450,1059.608405
45.552495,244,1060.069334
76.488928,334,1060.247874
120.631699,484,1060.537565
74.74227,294,1060.687593
65.626551,293,1060.842581
95.757263,341,1061.028648
76.764891,294,1061.515845
46.761113,250,1061.635805
74.870273,314,1061.797787
68.882766,297,1061.948258
66.789114,289,1062.093932
77.817661,287,1062.242304
63.106155,288,1062.388877
71.92815,303,1062.889501
95.062646,351,1063.077751
54.120917,259,1063.205138
91.899477,427,1063.451789
60.139774,285,1063.593559
58.820431,274,1063.728531
108.457236,428,1064.316859
126.942156,481,1064.598278
67.510558,272,1064.733785
68.573083,281,1064.877854
96.452639,350,1065.05666
48.059467,237,1065.169865
65.309003,280,1065.321451
71.427371,306,1065.868318
97.725052,352,1066.063152
116.726572,423,1066.304781
78.080267,316,1066.474119
76.753695,353,1066.666769
66.200118,280,1066.807257
86.11,316,1067.310722
82.574198,326,1067.480512
97.466371,352,1067.677638
74.60663,321,1067.848787
45.861546,247,1067.974281
114.766463,426,1068.213595
80.485004,332,1068.724063
49.211808,274,1068.860269
79.874688,313,1069.029884
127.517764,473,1069.296883
165.8316,550,1069.621106
80.393779,327,1070.172406
88.366184,342,1070.362332
48.604175,235,1070.474847
106.097581,383,1070.682628
55.896823,261,1070.812341
75.599974,366,1071.016527
93.584199,363,1071.539467
45.062582,239,1071.653385
85.485511,339,1071.836416
43.618073,262,1071.968048
62.093238,274,1072.108526
77.451155,327,1072.279442
95.8719,338,1072.462585
69.886881,283,1072.948371
115.653923,396,1073.166775
88.621682,351,1073.361052
139.071353,573,1073.74293
85.023707,356,1073.941834
71.330317,315,1074.104723
115.59482,434,1074.696674
82.532362,321,1074.871117
54.885571,263,1075.008482
54.681469,257,1075.135603
44.38133,232,1075.246198
74.41037,427,1075.491315
78.073378,288,1075.97895
78.037978,337,1076.155194
59.309156,250,1076.279453
78.183599,309,1076.439494
90.018002,353,1076.639006
129.670419,417,1076.867927
81.463433,308,1077.365924
62.358874,328,1077.541623
65.20928,298,1077.699239
65.497417,271,1077.836209
39.469388,264,1077.97393
83.40468,331,1078.15312
77.286908,308,1078.309282
115.997661,434,1078.884854
89.399159,351,1079.080474
146.472611,523,1079.379035
69.300866,292,1079.530269
105.094066,408,1079.758006
57.099827,276,1080.234953
71.178496,307,1080.395593
68.433806,277,1080.534488
79.928772,305,1080.696569
78.339208,327,1080.872604
109.816755,433,1081.125216
46.60036,245,1081.247442
84.605058,386,1081.842641
75.06883,297,1081.997501
86.661514,426,1082.245563
113.922689,425,1082.491953
82.681913,320,1082.664158
70.100717,281,1083.154074
67.331986,283,1083.301102
112.381035,389,1083.510841
84.458389,339,1083.693115
137.40169,453,1083.951484
54.704331,247,1084.077938
43.31945,233,1084.189445
66.462562,302,1084.684215
85.080873,326,1084.855105
66.698427,313,1085.024817
58.613985,257,1085.157565
64.921105,274,1085.293722
50.31927,320,1085.45494
50.765884,272,1085.590245
83.985459,337,1086.10981
106.599606,433,1086.35745
82.329642,343,1086.544984
70.83303,331,1086.718649
59.376571,279,1086.858596
68.446236,313,1087.025565
72.923978,319,1087.526712
43.712299,258,1087.656239
137.62694,444,1087.918162
67.018957,275,1088.05646
114.772314,433,1088.309964
41.438058,227,1088.417435
136.810242,526,1089.059302
68.382946,293,1089.255472
78.531404,299,1089.410769
51.720947,302,1089.563319
69.718862,287,1089.710297
76.299556,299,1089.864108
83.379927,350,1090.396778
87.146078,423,1090.647507
87.014984,343,1090.829565
70.021614,279,1090.971961
154.64355,552,1091.305492
49.25102,301,1091.458765
101.202523,418,1092.033408
69.786409,305,1092.196184
117.565883,442,1092.454596
73.39254,336,1092.64001
37.600753,296,1092.791261
60.360952,268,1092.924245
72.487585,312,1093.433693
106.096515,448,1093.69148
62.208174,274,1093.830716
62.290015,310,1093.994085
118.027586,437,1094.238019
61.648392,286,1094.716557
79.941148,330,1094.898124
48.667444,257,1095.05644
56.292284,299,1095.220686
87.733292,336,1095.414479
71.668376,316,1095.588734
56.729817,260,1095.7175
106.637526,448,1096.322718
113.238327,381,1096.5381
69.712215,287,1096.686822
79.153966,328,1096.863948
123.147715,554,1097.24966
65.68904,271,1097.380553
31.341879,252,1097.847287
76.259604,308,1098.011118
99.407713,408,1098.250791
97.333037,458,1098.517925
33.071413,255,1098.646734
63.014478,262,1098.77819
82.840533,314,1099.286357
89.966057,340,1099.472858
72.905608,329,1099.652929
119.666152,472,1099.928863
101.483815,405,1100.164431
92.9757,405,1100.726255
50.590834,240,1100.84471
93.8333,334,1101.01704
59.401296,316,1101.187427
67.026708,270,1101.326942
74.601045,351,1101.519421
83.105783,329,1101.69585
41.551217,230,1102.145742
95.87727,336,1102.327895
131.970655,515,1102.614906
113.238594,428,1102.860283
118.607808,450,1103.113991
58.237852,300,1103.614764
76.468069,344,1103.797179
53.307946,293,1103.944618
66.147984,301,1104.105245
74.745168,292,1104.261281
168.42201,576,1104.603259
75.88778,323,1105.156139
105.344041,441,1105.416492
71.575013,281,1105.558287
39.963702,225,1105.666819
38.281335,226,1105.773105
98.411207,371,1105.97988
78.297664,307,1106.143702
127.828321,549,1106.813598
78.771248,333,1106.993171
84.829487,348,1107.188845
33.42126,232,1107.306141
78.015449,297,1107.459498
65.992195,279,1107.6006
82.749385,335,1108.119884
94.594995,348,1108.314249
77.411237,325,1108.487433
112.918007,435,1108.731972
43.783558,253,1108.863871
77.512736,325,1109.035816
51.517961,252,1109.504394
38.280271,221,1109.610912
94.008392,341,1109.793789
70.028556,324,1109.959556
71.75358,339,1110.136769
103.677686,430,1110.386868
84.111713,347,1110.905349
99.316706,358,1111.104672
94.001096,355,1111.299958
44.13259,233,1111.412216
131.822544,455,1111.677052
113.513481,448,1111.938794
48.461328,264,1112.41186
74.182742,288,1112.604395
127.367923,562,1112.934914
134.310076,413,1113.166523
47.032807,288,1113.320758
75.222155,332,1113.840204
35.564348,229,1113.955899
157.945046,571,1114.307696
75.474828,316,1114.481858
80.056255,331,1114.66713
72.641903,296,1114.818435
130.278349,416,1115.394981
60.94228,284,1115.541872
89.097455,358,1115.7311
47.973405,301,1115.884314
85.333182,334,1116.066145
81.261353,306,1116.223513
76.739333,334,1116.741683
90.910717,464,1117.0276
54.944441,325,1117.209863
71.201161,310,1117.378932
74.273602,299,1117.535943
96.458151,380,1117.75125
62.340034,290,1118.238923
119.186319,441,1118.499946
81.50132,315,1118.669605
72.473976,312,1118.833513
133.558114,532,1119.151253
83.594319,326,1119.33266
88.456769,333,1119.856981
67.160125,314,1120.025135
54.064511,268,1120.16175
53.517382,255,1120.286256
146.554595,544,1120.677088
76.895646,310,1120.844719
79.056111,340,1121.382296
49.57761,254,1121.511097
53.611495,296,1121.66171
59.878112,284,1121.806368
75.683771,303,1121.966766
64.339229,296,1122.11866
64.334087,266,1122.255712
78.256553,299,1122.759184
124.296669,460,1123.037456
38.061908,254,1123.167762
72.300248,312,1123.340142
90.937409,341,1123.532503
80.762386,325,1123.708276
74.395748,301,1124.208619
67.887831,277,1124.35662
61.288776,294,1124.513988
66.432907,267,1124.651357
93.376509,335,1124.834756
97.087873,418,1125.071486
61.232902,266,1125.201538
88.364104,369,1125.768215
53.798457,308,1125.922084
72.20774,391,1126.141437
156.803628,453,1126.406041
98.332285,478,1126.693791
80.511878,323,1127.204714
75.970634,420,1127.441345
73.057498,318,1127.616672
103.068851,398,1127.848583
78.657992,303,1128.009903
71.261495,287,1128.157323
149.736869,564,1128.896182
117.077643,425,1129.141085
49.612962,264,1129.273685
103.694549,445,1129.53351
88.57549,338,1129.72134
122.566803,461,1130.364176
60.763353,319,1130.542819
62.44098,279,1130.685137
68.210535,298,1130.842612
76.194185,310,1131.002515
37.251032,253,1131.130242
129.754966,460,1131.742769
110.963922,422,1131.976777
82.228049,331,1132.151829
77.726243,316,1132.323496
63.434604,291,1132.479813
46.430516,259,1132.608643
52.362578,280,1133.080821
41.80685,271,1133.224936
67.819063,336,1133.4133
185.571426,672,1133.834531
80.286838,334,1134.015774
67.670407,305,1134.182631
66.56256,292,1134.679295
81.881502,315,1134.850582
124.759491,417,1135.082376
75.286635,330,1135.260174
106.056336,435,1135.516215
102.795359,420,1136.14075
87.096367,371,1136.353767
72.62227,297,1136.513166
72.890357,323,1136.692213
88.118383,322,1136.866879
112.524054,446,1137.130494
66.954863,301,1137.631197
36.015109,250,1137.750089
127.231644,481,1138.041131
72.307008,296,1138.199189
85.45352,338,1138.385405
76.019599,318,1138.561272
81.066831,318,1139.069916
72.091976,289,1139.223419
70.311689,318,1139.395245
64.800172,298,1139.55747
75.586698,306,1139.722131
81.101692,326,1139.899892
87.770355,302,1140.05523
78.012316,333,1140.576103
119.460286,410,1140.804056
55.4408,345,1140.999534
80.832311,333,1141.181291
89.953355,362,1141.38823
71.037364,298,1141.545398
95.174884,357,1142.072139
48.411527,244,1142.192614
107.198968,391,1142.408583
109.062267,447,1142.677073
38.904145,277,1142.821107
77.826084,340,1143.007559
53.662045,294,1143.494507
118.029122,424,1143.743065
110.293309,360,1143.981479
83.312614,346,1144.184864
67.698917,285,1144.337812
158.628759,551,1145.005527
85.683696,315,1145.172473
80.842266,328,1145.350349
83.128895,336,1145.539251
95.411134,350,1145.732649
69.175486,289,1145.885147
92.77007,368,1146.423723
66.317323,280,1146.569865
81.557005,310,1146.738314
91.847068,347,1146.924461
70.539627,292,1147.073618
101.355988,420,1147.307292
66.583209,297,1147.4588
59.374911,274,1147.937697
82.734526,308,1148.106342
79.654292,313,1148.271924
84.215259,344,1148.463331
74.464268,318,1148.634597
124.356336,460,1148.94125
165.574729,555,1149.61883
84.273747,321,1149.791272
196.234366,693,1150.219433
113.895155,455,1150.488766
112.026775,440,1151.08254
121.857009,449,1151.344951
73.311068,319,1151.511033
90.205807,371,1151.724959
50.82484,282,1151.91885
86.567571,329,1152.426309
90.941173,334,1152.618751
59.510844,330,1152.791996
68.003293,288,1152.944102
85.791818,321,1153.117866
75.31328,309,1153.283254
93.741845,337,1153.471296
95.850895,342,1153.999855
86.219288,339,1154.187483
66.546392,286,1154.339007
65.213616,280,1154.482851
112.42798,446,1154.749971
33.800102,243,1154.875862
86.259898,351,1155.403747
66.470583,275,1155.554041
102.014332,435,1155.81673
79.280035,325,1155.990598
43.79981,244,1156.112435
71.149438,335,1156.294013
86.086907,316,1156.804593
93.990346,330,1156.98102
89.453224,365,1157.191087
60.344363,286,1157.343328
75.530564,288,1157.493148
41.767757,240,1157.613581
82.926201,334,1157.796558
82.970484,345,1158.32033
72.61067,292,1158.474272
32.768782,225,1158.586645
56.858806,321,1158.769237
77.216503,342,1158.955843
118.309279,416,1159.194166
86.634831,319,1159.778761
96.892685,347,1159.971128
86.460519,437,1160.216875
88.496509,340,1160.391229
57.965552,273,1160.529173
96.379757,365,1160.738621
68.306688,283,1161.210661
77.604041,328,1161.386512
72.299724,283,1161.531421
101.949841,369,1161.733775
66.651977,290,1161.88213
102.539336,386,1162.089329
73.586308,312,1162.251902
66.61202,340,1162.774523
99.158479,356,1162.963455
110.153807,497,1163.248051
63.44489,364,1163.454032
157.92416,561,1164.128278
76.746791,317,1164.296028
80.805249,308,1164.454942
60.631581,287,1164.603758
31.246573,233,1164.722796
77.440808,331,1164.899119
52.874445,328,1165.070965
70.81545,301,1165.55501
85.984068,356,1165.759258
89.222372,338,1165.942371
104.783141,459,1166.201543
235.871272,798,1166.703868
82.12855,427,1167.295213
92.564684,318,1167.513317
87.633732,329,1167.692687
31.826208,230,1167.808073
84.97207,329,1167.986427
34.898916,246,1168.109746
100.271273,361,1168.636493
81.986643,338,1168.815676
39.776445,267,1168.945659
67.597705,301,1169.104092
77.481063,352,1169.301325
119.643362,438,1169.546264
101.737445,371,1170.092415
112.68617,544,1170.429752
49.570861,343,1170.605635
82.888114,298,1170.761137
94.624709,331,1170.935989
41.022794,245,1171.053998
58.554911,305,1171.545793
97.760853,377,1171.756523
153.618819,491,1172.041148
83.284811,365,1172.241027
43.224322,308,1172.395042
112.757068,421,1172.982145
79.885641,311,1173.14741
85.317254,330,1173.322752
70.313651,363,1173.520529
97.701893,368,1173.723246
73.480943,303,1173.880917
92.110266,366,1174.422563
90.865141,350,1174.612921
81.358066,341,1174.797171
101.479343,381,1175.006102
149.131926,560,1175.41112
43.81428,251,1175.557956
80.726263,308,1176.113239
148.183628,494,1176.406743
87.414075,453,1176.664291
183.476239,602,1177.034919
80.441126,298,1177.528028
88.829525,381,1177.737768
136.400452,570,1178.087263
89.149262,369,1178.288749
153.082623,603,1178.646616
58.631224,261,1179.116071
111.569972,492,1179.404546
72.265111,310,1179.562221
35.897515,222,1179.670467
48.19794,293,1179.82718
27.44117,212,1179.928736
91.137747,345,1180.444339
58.354739,267,1180.581152
53.419097,289,1180.726365
112.635191,377,1180.936582
66.767447,283,1181.080572
34.463927,278,1181.219711
52.940537,247,1181.343559
79.880543,319,1181.852789
77.195206,334,1182.032219
162.404748,550,1182.363686
72.707261,293,1182.512912
30.050294,222,1182.62196
126.041278,447,1182.885452
59.032611,255,1183.392065
53.241643,295,1183.546417
88.91599,327,1183.721475
77.479262,300,1183.87972
86.632294,336,1184.057023
91.206998,328,1184.230404
70.9068,295,1184.38203
55.376486,287,1184.867577
88.901163,340,1185.046943
114.787732,391,1185.266159
123.904001,406,1185.504285
62.809959,313,1185.671561
39.320201,289,1185.821348
121.112706,459,1186.43035
83.620137,326,1186.599488
78.401061,309,1186.758249
57.905032,301,1186.920316
31.45205,231,1187.035013
100.949442,366,1187.228981
104.413559,452,1187.823607
110.495842,435,1188.072357
68.452899,328,1188.247761
47.475674,242,1188.367878
44.124037,238,1188.481578
161.692068,686,1189.228592
54.333818,299,1189.380329
71.436079,316,1189.544783
41.833148,316,1189.710733
39.265891,249,1189.840873
86.875692,443,1190.126587
43.355675,293,1190.619408
48.064635,300,1190.777052
108.3847,450,1191.045471
97.315582,348,1191.276726
60.067663,327,1191.456014
75.44908,315,1191.621986
93.382439,519,1192.263645
39.343802,236,1192.378762
109.30118,426,1192.611342
80.134546,379,1192.823053
76.362236,341,1193.007783
48.54123,249,1193.12413
89.127976,341,1193.643879
84.008324,326,1193.820739
78.577919,347,1194.007904
108.536288,364,1194.203668
69.887116,293,1194.357141
75.817657,303,1194.517621
47.192532,274,1194.997761
124.934905,508,1195.288932
147.629165,634,1195.673323
63.474824,288,1195.821615
41.157668,256,1195.953473
111.385774,366,1196.474573
76.535386,353,1196.665023
58.190166,307,1196.825815
49.349852,265,1196.961685
70.64496,335,1197.147255
69.535834,295,1197.298892
34.162719,260,1197.431777
71.442215,291,1197.919157
97.907815,368,1198.119065
46.354287,280,1198.264915
67.418052,312,1198.423493
92.425784,372,1198.61978
68.490334,297,1198.772647
70.014112,289,1198.924517
41.454428,274,1199.455641
96.006267,361,1199.650979
16.538316,223,1199.758953
70.651385,283,1199.903116
129.155581,568,1200.240974
110.471467,487,1200.862358
58.183059,319,1201.035059
141.477624,448,1201.284926
51.207223,264,1201.416429
189.396861,577,1201.741147
35.61665,272,1201.872441
51.206457,274,1202.355533
48.417325,320,1202.533837
123.512965,413,1202.795387
64.470494,278,1202.939615
43.80165,238,1203.05717
177.4816,628,1203.75782
75.352823,293,1203.908342
108.37942,538,1204.232848
92.525125,466,1204.50185
75.093535,303,1204.660487
21.132264,205,1204.758081
150.824976,503,1205.385693
66.69963,307,1205.544032
135.609343,547,1205.875803
79.658855,312,1206.044301
32.155024,236,1206.15957
63.418058,287,1206.302204
82.335074,335,1206.864054
123.104751,452,1207.13372
74.475344,331,1207.300953
74.498614,334,1207.485631
141.176531,536,1207.806314
46.807174,278,1208.285558
125.282645,570,1208.629095
68.604734,334,1208.802802
80.736965,310,1208.96375
93.278431,354,1209.152082
82.261604,348,1209.681386
79.001575,310,1209.844245
92.360538,385,1210.066981
24.12633,235,1210.177379
70.525958,288,1210.323083
86.745339,368,1210.51835
144.994499,519,1211.142121
68.945538,368,1211.340414
75.348139,309,1211.501361
105.766395,405,1211.721605
54.285477,259,1211.846558
115.686094,389,1212.064282
80.20674,365,1212.592698
47.199614,293,1212.742812
63.885603,294,1212.892807
43.728544,289,1213.050826
254.259102,947,1213.658883
41.680368,251,1214.128467
41.198146,252,1214.254633
110.458106,413,1214.480739
64.212351,379,1214.74366
93.587806,356,1214.935748
96.402526,372,1215.137139
33.587045,236,1215.598431
98.449365,374,1215.815543
66.391167,305,1215.967798
102.65304,355,1216.164536
62.510644,312,1216.333774
69.53531,306,1216.496412
49.25411,252,1216.620501
82.401472,312,1217.12038
135.234928,514,1217.410307
99.698638,350,1217.595692
90.745603,337,1217.774764
40.540924,243,1217.894759
40.945315,262,1218.024429
90.687333,358,1218.556857
71.699156,305,1218.716671
25.075282,212,1218.815229
63.862199,278,1218.953105
85.158883,342,1219.144888
52.639066,320,1219.310035
75.26786,301,1219.801515
74.162696,304,1219.961967
52.409919,327,1220.133908
65.910989,296,1220.284696
70.025243,309,1220.442971
60.470298,296,1220.593342
74.425252,313,1220.756619
143.173262,484,1221.370961
65.021725,322,1221.540775
36.350808,257,1221.661496
79.257297,320,1221.832627
70.957307,318,1221.996903
80.281508,402,1222.224293
106.889225,453,1222.878767
129.443274,514,1223.18477
82.026443,312,1223.350191
82.543858,357,1223.538179
106.871442,356,1223.731896
87.123475,343,1224.263383
104.327348,476,1224.531683
54.765449,291,1224.680614
110.639245,520,1224.980184
62.291639,309,1225.146957
95.151791,362,1225.673106
53.612333,305,1225.82626
66.618735,301,1225.980629
66.727255,346,1226.175642
45.399178,421,1226.415396
69.891928,294,1226.56591
77.095542,298,1226.722138
101.348593,346,1227.244348
31.177598,224,1227.353614
42.750107,234,1227.467284
69.247575,316,1227.633717
60.915963,271,1227.770826
134.756286,562,1228.103622
67.205561,286,1228.588184
95.924378,378,1228.792756
30.699159,242,1228.908708
69.200006,404,1229.134269
87.219264,319,1229.312737
61.69335,321,1229.484922
94.539055,331,1229.999893
106.504947,415,1230.28002
120.165711,440,1230.534309
61.140982,328,1230.718136
91.940086,369,1230.916617
62.996174,338,1231.097328
58.676213,270,1231.573076
73.284538,315,1231.740191
73.125257,335,1231.921688
41.679935,243,1232.037841
55.974745,324,1232.212756
114.938224,485,1232.487221
66.895285,298,1232.973776
65.360594,275,1233.1138
35.504799,229,1233.230436
41.60354,245,1233.350092
131.563298,432,1233.594877
54.256883,280,1233.733862
201.398247,722,1234.537454
45.369265,249,1234.656392
50.074612,257,1234.78291
74.027108,338,1234.953532
168.287223,613,1235.329383
40.490194,252,1235.45264
56.254023,358,1235.994425
39.824613,230,1236.107411
26.533027,254,1236.234574
55.402409,265,1236.366446
55.659614,266,1236.500502
69.891392,291,1236.652576
64.183051,340,1236.840588
119.654532,454,1237.441648
43.680636,258,1237.576849
72.112182,285,1237.723001
106.011841,402,1237.941348
49.640565,344,1238.183936
54.956014,331,1238.363916
72.872402,294,1238.851575
79.269104,307,1239.009697
64.653581,288,1239.155101
149.251471,494,1239.454801
74.896546,336,1239.636194
49.034884,329,1239.821409
100.820971,418,1240.398094
80.354457,330,1240.570836
38.136278,247,1240.696828
108.776295,376,1240.901187
49.056927,311,1241.066234
86.503784,360,1241.258484
107.868001,416,1241.826145
55.146673,300,1241.9831
45.594654,243,1242.098623
79.232819,304,1242.264998
50.76019,288,1242.42116
43.712068,259,1242.550378
84.803924,336,1243.066348
75.342009,335,1243.25338
67.576045,304,1243.410033
38.291855,296,1243.558218
141.452265,543,1243.881221
79.815985,302,1244.043247
54.461636,267,1244.520824
30.363497,229,1244.634627
93.999514,362,1244.827599
120.303389,416,1245.056083
28.896831,226,1245.165033
91.348123,372,1245.372643
66.224176,293,1245.523244
48.925895,244,1246.041463
35.690412,242,1246.16041
63.960155,285,1246.310361
89.098557,311,1246.471309
133.325883,482,1246.746146
64.64428,274,1246.882826
30.460888,239,1246.999145
88.446737,368,1247.535042
93.098366,347,1247.72064
53.436435,306,1247.880973
79.337533,320,1248.048899
74.264976,301,1248.2112
27.4543,224,1248.320467
42.47306,246,1248.778613
68.613553,301,1248.931914
64.572025,271,1249.071424
60.019076,281,1249.208362
73.133969,304,1249.376307
33.223391,226,1249.484683
70.288847,304,1249.643386
67.199504,291,1249.789877
114.164514,389,1250.382273
78.941293,351,1250.57247
125.025692,465,1250.829378
48.898151,292,1250.97773
66.259618,286,1251.122467
142.697798,496,1251.743251
55.610916,349,1251.934275
45.142535,237,1252.0491
33.715834,235,1252.168133
48.410028,297,1252.323021
17.777023,231,1252.440616
45.274247,254,1252.567224
59.751935,288,1253.050445
139.261139,491,1253.34328
74.368971,289,1253.494654
86.440836,380,1253.706269
70.237664,304,1253.914289
69.514981,301,1254.075287
51.836012,259,1254.200286
42.835879,233,1254.655672
96.671837,352,1254.84395
34.168158,216,1254.946491
39.789815,280,1255.086825
58.945816,270,1255.221307
72.811857,329,1255.401152
69.798467,361,1255.604249
31.041519,218,1256.044663
75.213013,296,1256.200301
26.098991,225,1256.312059
35.90677,220,1256.421954
43.521584,240,1256.571672
32.937044,214,1256.674605
22.54102,209,1256.772386
74.469856,374,1256.980965
29.748266,234,1257.435795
41.625779,223,1257.540872
47.898616,240,1257.659429
99.29962,416,1257.887324
92.74101,355,1258.083323
48.871403,239,1258.198184
68.433814,322,1258.37224
108.836953,375,1258.908546
20.799758,213,1259.009337
90.858627,411,1259.228765
78.459546,350,1259.415605
73.060096,291,1259.565995
37.439132,221,1259.674253
24.044583,222,1259.779341
49.299406,277,1260.249952
57.120609,278,1260.390219
55.549376,277,1260.531311
135.8886,521,1260.842667
59.871887,248,1260.96572
84.103728,374,1261.1753
41.905863,323,1261.745268
65.744781,352,1261.945527
45.653257,283,1262.085778
34.634255,255,1262.216001
27.95674,237,1262.33373
27.395114,217,1262.443488
46.98972,291,1262.591692
42.062998,232,1263.038161
105.105213,403,1263.267748
70.278615,272,1263.408138
67.836907,313,1263.56877
72.640583,286,1263.717519
71.810779,331,1263.887899
49.656079,325,1264.059169
48.773745,232,1264.51408
79.517221,298,1264.667575
125.03998,477,1264.941138
146.786205,526,1265.255124
89.181393,346,1265.453206
39.340241,276,1265.594651
70.336627,296,1266.089003
47.600173,257,1266.219218
53.3262,300,1266.38477
76.2165,315,1266.551215
37.793303,232,1266.664163
60.332044,256,1266.792997
95.021738,340,1266.980084
50.565062,254,1267.443579
47.721436,257,1267.56743
68.051962,336,1267.746346
38.48305,285,1267.889122
38.638433,244,1268.008582
64.389856,275,1268.154438
61.476026,294,1268.30564
59.123728,295,1268.800024
80.096678,347,1268.978441
47.443212,248,1269.097931
67.706492,317,1269.261647
32.131679,247,1269.387491
61.017865,317,1269.612603
69.039092,298,1269.77176
63.569507,318,1270.276607
69.541939,315,1270.439646
47.991349,267,1270.583308
76.658626,339,1270.760314
50.281975,254,1270.891283
69.81596,336,1271.072969
109.668233,454,1271.665618
89.782479,362,1271.863267
44.252483,269,1271.996557
58.029262,307,1272.153029
93.507187,369,1272.354201
46.108939,293,1272.507119
41.127708,333,1272.687316
51.77263,278,1273.166799
97.456587,372,1273.370112
78.638981,321,1273.544343
31.035225,290,1273.689401
48.711079,280,1273.828902
29.503443,238,1273.947802
71.994067,289,1274.437395
70.152481,293,1274.590006
50.354312,286,1274.73604
51.503976,244,1274.854027
51.098592,304,1275.01416
38.343948,220,1275.119717
62.264087,300,1275.276198
56.680812,295,1275.42676
53.992428,286,1275.930476
29.315819,226,1276.039961
63.028289,289,1276.188197
68.792058,277,1276.330107
37.359356,234,1276.444902
106.223703,353,1276.640667
51.879272,289,1276.788903
43.845212,234,1277.28501
40.970023,256,1277.41113
47.720959,304,1277.582512
91.735756,387,1277.795472
45.807504,247,1277.916697
81.765186,299,1278.077538
58.050686,307,1278.232965
111.905675,359,1278.774441
60.283428,276,1278.914291
43.884852,265,1279.045449
46.286003,248,1279.161444
175.36329,618,1279.538914
84.070442,308,1279.705348
150.328984,503,1280.340662
82.350079,346,1280.526333
31.540327,217,1280.632228
30.595573,214,1280.733522
78.974222,310,1280.893712
72.519095,298,1281.04689
39.482282,226,1281.156602
31.448068,258,1281.627722
52.021159,262,1281.75681
62.993555,293,1281.902818
92.088194,322,1282.075248
77.696721,349,1282.260956
38.57086,223,1282.367421
57.028843,277,1282.5056
116.936202,407,1283.068893
71.335597,328,1283.246095
133.47833,513,1283.581478
69.354871,285,1283.728709
49.137697,260,1283.860467
38.065377,232,1283.969338
73.706778,290,1284.455339
31.601813,255,1284.581835
60.197363,277,1284.725963
34.044902,246,1284.851518
66.284226,286,1285.046813
59.666418,272,1285.190078
71.699259,285,1285.341314
49.637482,248,1285.464507
36.943233,224,1285.91669
78.338048,294,1286.072215
68.749284,316,1286.232723
43.046508,242,1286.354533
44.062146,236,1286.466988
39.106235,235,1286.58342
44.311492,234,1286.701091
26.679042,211,1286.801682
44.450763,237,1287.251049
38.936353,218,1287.353002
38.345765,230,1287.463262
46.72464,235,1287.581763
71.817403,297,1287.742297
82.81048,324,1287.919203
81.848845,312,1288.087148
75.57108,289,1288.233634
59.607511,257,1288.700388
91.022216,349,1288.889664
59.229791,281,1289.032143
34.357615,218,1289.137797
34.039132,217,1289.241909
34.733093,217,1289.347191
103.169105,423,1289.579985
67.881965,295,1290.073863
58.997857,286,1290.218724
43.75972,230,1290.330731
122.459833,413,1290.564369
68.235145,306,1290.729238
52.098721,260,1290.861115
83.182787,315,1291.027789
55.72187,285,1291.503744
122.106255,440,1291.763221
41.104171,225,1291.871728
75.603405,305,1292.027818
55.789322,314,1292.189245
69.819282,289,1292.334929
66.139795,289,1292.878368
99.372813,350,1293.064445
62.276206,292,1293.211331
84.171063,311,1293.377374
56.929181,294,1293.526479
67.100439,321,1293.706785
33.566815,242,1293.830982
94.166769,330,1294.358012
82.30475,324,1294.525678
25.200151,220,1294.63009
78.79472,312,1294.796304
33.239391,213,1294.897253
65.251452,295,1295.046501
99.144115,388,1295.267432
69.227474,372,1295.800461
38.770963,249,1295.927224
66.236003,301,1296.081328
75.520869,342,1296.262081
43.219514,229,1296.371589
26.742201,207,1296.467541
115.443957,407,1296.695919
54.272856,275,1297.169727
62.230453,279,1297.313588
41.585473,285,1297.456771
56.855367,359,1297.664036
40.821655,249,1297.794865
34.879151,215,1297.895033
81.823935,312,1298.06023
65.013519,287,1298.542476
69.073261,289,1298.693022
52.141246,269,1298.837021
76.349431,307,1298.996604
49.950176,270,1299.132051
64.405082,261,1299.262026
68.032804,335,1299.437676
60.567909,298,1299.930197
81.237491,334,1300.105642
86.786678,341,1300.288663
70.912516,291,1300.483143
25.472719,219,1300.588864
72.669252,299,1300.747633
48.535181,267,1300.878979
29.785205,224,1300.988493
55.297549,329,1301.497155
94.11837,333,1301.670197
93.127818,364,1301.870787
30.824468,232,1301.984285
71.006636,291,1302.131134
85.678592,310,1302.292959
51.15382,246,1302.756256
48.822486,278,1302.898537
75.485235,298,1303.053135
57.635925,285,1303.19822
59.533279,258,1303.325822
36.853915,228,1303.435048
46.063556,288,1303.577981
91.636747,373,1304.119901
68.933382,291,1304.268922
31.688438,224,1304.37856
74.276957,299,1304.530832
50.385102,238,1304.645211
95.708501,360,1304.848466
51.512858,317,1305.015842
63.216983,285,1305.15884
29.126785,224,1305.600931
35.286322,216,1305.7159
40.333049,240,1305.839361
67.541124,277,1305.97982
55.343964,252,1306.108258
31.166778,231,1306.224966
72.734068,298,1306.379863
41.600031,244,1306.497545
65.745477,288,1306.987938
45.839471,253,1307.114183
40.014872,263,1307.249027
74.230866,282,1307.394797
37.359313,236,1307.513278
55.065936,256,1307.639135
34.933594,225,1307.748233
78.856586,309,1307.912437
47.021795,236,1308.402137
76.813121,311,1308.568524
77.362647,322,1308.734498
78.374619,297,1308.891538
55.345007,292,1309.043503
108.288919,439,1309.308332
76.710592,291,1309.793195
75.163774,316,1309.987623
68.025484,285,1310.13809
57.220237,282,1310.282867
33.788251,230,1310.393471
30.581445,211,1310.494597
26.818594,219,1310.634384
86.055293,312,1310.804483
37.166401,220,1311.245791
50.502147,265,1311.380875
45.789488,283,1311.522462
82.144188,324,1311.699694
94.108356,328,1311.881707
200.346747,717,1312.65591
250.123567,765,1313.146036
50.996583,281,1313.289902
81.344049,322,1313.457266
60.019322,299,1313.611406
69.829103,288,1313.758766
53.324298,335,1314.282127
67.336921,314,1314.452001
48.058605,254,1314.578205
65.688626,278,1314.722243
46.889956,253,1314.850785
30.316348,212,1314.952857
74.276498,336,1315.135419
74.004373,354,1315.666731
39.311382,245,1315.793566
66.530873,283,1315.941298
104.282186,368,1316.192529
79.206206,313,1316.362067
76.450642,357,1316.558346
59.246217,292,1317.045272
35.996756,237,1317.16046
25.088822,214,1317.261995
57.412922,345,1317.457259
47.593617,293,1317.61414
29.111271,216,1317.718633
34.318318,217,1317.823325
73.016077,326,1317.999058
57.645057,271,1318.467715
33.983804,237,1318.586168
81.765277,308,1318.748193
78.962082,302,1318.908325
66.44153,328,1319.080519
38.64915,232,1319.193147
44.834759,238,1319.313147
65.227078,303,1319.467725
65.515064,294,1319.959588
86.213735,371,1320.164789
68.019955,369,1320.3861
74.771284,331,1320.562134
223.440983,771,1321.392243
36.874659,238,1321.510162
56.570176,280,1321.653261
54.793134,274,1321.79867
91.329803,335,1321.988623
42.992468,249,1322.116348
76.915099,295,1322.264079
47.48215,241,1322.383023
65.328478,286,1322.864301
36.164375,221,1322.975974
52.808426,262,1323.108344
112.122588,421,1323.343815
76.502496,305,1323.504702
79.915901,319,1323.67212
55.474476,275,1323.808495
44.637682,253,1324.329389
35.748275,239,1324.44572
83.460458,340,1324.625655
49.072881,260,1324.756534
37.962787,233,1324.870375
49.887913,294,1325.024026
73.245047,304,1325.184705
55.267418,294,1325.677836
33.316967,226,1325.78694
58.890034,280,1325.928174
65.549802,324,1326.09803
63.445563,279,1326.241333
77.725632,310,1326.40779
61.153535,277,1326.544274
41.749439,261,1327.024111
79.216177,395,1327.239166
49.527177,258,1327.369209
97.481717,346,1327.547893
71.052797,308,1327.716042
88.220366,338,1327.900439
52.380916,251,1328.028603
138.47311,446,1328.62155
28.686708,225,1328.72873
81.24019,316,1328.895776
63.306522,308,1329.059269
107.980008,381,1329.262421
25.964598,211,1329.363545
57.924282,255,1329.489554
75.680295,298,1329.982426
113.674591,412,1330.219544
50.267307,246,1330.343146
107.024153,407,1330.56194
68.783692,343,1330.743036
29.599218,223,1330.848935
75.22445,376,1331.395294
60.899187,279,1331.539452
30.181358,217,1331.643015
97.931334,353,1331.834322
83.119274,318,1332.05713
78.212837,309,1332.226364
71.541654,300,1332.382048
107.171853,455,1332.987722
78.499828,317,1333.163132
37.396071,309,1333.324547
97.497532,487,1333.617655
78.19344,296,1333.773757
70.589948,314,1334.286514
141.46033,444,1334.541205
120.79526,446,1334.794496
39.791787,224,1334.902557
36.252075,233,1335.018834
35.313432,235,1335.137939
95.223194,419,1335.70021
22.8695,210,1335.813288
46.10203,292,1335.963773
59.521739,358,1336.175082
43.085147,245,1336.295432
32.936966,238,1336.409495
47.954762,348,1336.589228
62.1178,290,1336.73697
77.981485,332,1337.25765
45.269928,264,1337.386098
35.572103,244,1337.512047
68.644826,292,1337.660241
68.663181,304,1337.824356
45.486003,245,1337.942595
23.636427,210,1338.043005
45.442294,287,1338.532742
68.403252,312,1338.698573
28.951659,220,1338.802614
66.27324,285,1338.94982
43.201506,287,1339.097978
71.086982,308,1339.257922
77.328013,303,1339.421199
45.065073,286,1339.95003
184.114062,606,1340.322768
56.398595,278,1340.465782
75.536173,301,1340.627151
69.679396,313,1340.791618
52.683775,244,1340.913737
49.512996,257,1341.383283
98.797379,446,1341.635104
100.251299,416,1341.856686
57.648287,286,1342.00431
56.534065,283,1342.146487
65.473398,285,1342.290815
77.073022,325,1342.798045
61.440203,328,1342.969899
51.80713,285,1343.118838
70.89798,298,1343.270366
63.315299,281,1343.418285
38.968002,252,1343.545865
91.309037,336,1343.729829
39.526801,255,1344.197251
66.808116,340,1344.377505
87.378548,337,1344.555828
81.560455,356,1344.7486
44.552646,297,1344.900159
38.583561,233,1345.012761
49.332108,240,1345.135255
53.528631,271,1345.609032
36.678299,249,1345.729559
77.549846,328,1345.908689
68.057157,284,1346.055295
93.331689,350,1346.24634
52.285102,279,1346.38685
33.535097,259,1346.519545
54.364803,327,1347.023827
63.499602,312,1347.189982
82.469443,329,1347.365843
65.157421,298,1347.520751
74.362536,300,1347.719225
91.4695,406,1347.94134
72.620681,320,1348.111655
76.134804,294,1348.607784
89.614043,327,1348.780169
45.913957,289,1348.930405
85.447626,332,1349.137932
61.210122,320,1349.380892
33.460279,218,1349.489571
99.82754,329,1350.02875
123.10895,456,1350.302891
51.790904,288,1350.458684
95.545926,371,1350.667241
40.389611,288,1350.818053
43.695072,233,1350.937161
66.099847,336,1351.128068
43.167569,262,1351.620135
47.455513,293,1351.910585
39.742804,274,1352.060102
54.602966,268,1352.207666
29.156019,265,1352.344213
67.183145,286,1352.497815
57.112077,312,1352.684772
84.719588,322,1353.25414
34.153131,272,1353.438657
37.208274,239,1353.565917
70.086286,290,1353.714811
49.511623,324,1353.885489
45.30689,236,1354.00493
69.976541,286,1354.156412
37.694969,250,1354.782534
79.904277,300,1354.943253
63.964698,286,1355.105554
83.327473,369,1355.312606
20.076918,217,1355.420066
43.271242,257,1355.554297
58.739932,285,1355.700697
58.51271,357,1356.310687
47.504636,283,1356.457513
43.964777,274,1356.595555
63.214556,289,1356.744683
38.963364,253,1356.875283
43.37754,249,1356.99774
31.667665,262,1357.12364
54.668343,345,1357.316037
43.471152,300,1357.809468
51.635826,304,1357.967911
40.518675,230,1358.079807
42.78443,237,1358.199771
97.436259,410,1358.430793
136.899827,503,1358.727755
84.285826,354,1359.265329
85.746089,338,1359.453284
56.690902,281,1359.593436
40.039728,285,1359.73616
89.908263,398,1359.975362
48.708343,284,1360.200373
74.797461,354,1360.741028
66.645186,284,1360.890468
37.608666,246,1361.010592
82.605559,317,1361.180953
64.575812,289,1361.328244
55.512123,290,1361.479234
53.937456,256,1361.606378
33.078904,218,1362.047784
52.002871,240,1362.167618
100.26731,383,1362.3776
103.042105,364,1362.575889
52.667393,299,1362.730933
60.251824,318,1362.905731
52.42986,303,1363.062502
36.122741,276,1363.556768
40.973283,295,1363.712166
34.786496,221,1363.817937
41.163762,232,1363.929708
58.081507,305,1364.090237
69.951487,309,1364.254501
139.505596,519,1364.570776
98.270208,353,1365.1094
46.444605,355,1365.303298
85.744035,377,1365.508143
63.532054,281,1365.652015
72.111969,290,1365.809116
58.385507,266,1365.994116
88.925486,344,1366.535442
59.295705,308,1366.701104
110.474579,386,1366.922014
41.347046,275,1367.113299
64.033884,284,1367.270812
46.656285,238,1367.392612
25.490595,211,1367.491237
51.818169,335,1368.005627
33.285012,232,1368.124613
86.189535,336,1368.316876
84.593401,319,1368.484551
65.554097,309,1368.64908
46.283675,282,1368.793533
44.262974,288,1368.995365
75.502432,347,1369.528199
69.915399,292,1369.684109
60.08248,287,1369.831893
75.427041,325,1370.000037
25.992249,222,1370.107653
53.725707,272,1370.250291
45.754507,235,1370.366824
58.601943,397,1370.923575
48.512702,246,1371.046956
67.801756,338,1371.230815
51.085522,259,1371.360562
70.599051,307,1371.520975
62.157932,332,1371.696727
103.993998,414,1372.264901
56.140118,267,1372.399199
98.971894,358,1372.590193
170.191751,583,1372.954865
55.70142,289,1373.106184
80.692119,315,1373.273869
47.845105,281,1373.753849
79.218069,308,1373.91884
84.896851,335,1374.102344
52.066385,262,1374.231663
70.560179,331,1374.410013
31.130548,218,1374.516364
96.963369,346,1374.700769
44.029538,232,1375.154137
63.918763,273,1375.296828
81.504311,330,1375.476344
72.308753,284,1375.622314
150.39103,539,1375.946856
51.773661,262,1376.080251
78.593761,341,1376.597564
35.681445,219,1376.704485
118.63044,466,1377.022307
44.313655,239,1377.143878
121.396781,424,1377.404962
65.430537,275,1377.544877
43.160675,287,1377.730144
80.191411,395,1378.292854
78.959385,301,1378.45511
70.959569,343,1378.643317
44.576918,279,1378.792644
78.945818,309,1378.961361
59.810997,319,1379.126197
94.10271,441,1379.771414
57.124774,276,1379.916711
41.514057,228,1380.029572
62.929037,292,1380.183669
42.129729,282,1380.33883
57.991589,248,1380.484422
58.70557,281,1380.649451
100.785082,423,1381.408135
32.53944,246,1381.558076
47.51898,262,1381.884374
79.717992,365,1382.09545
30.616256,231,1382.223096
66.939555,292,1382.385772
128.16927,466,1383.026078
64.457838,293,1383.183487
42.469547,266,1383.325046
79.261989,321,1383.497342
83.102549,334,1383.686541
46.785858,243,1383.808791
60.127642,256,1383.984141
115.02797,364,1384.703641
54.296018,292,1384.861172
65.088008,270,1385.014458
55.989531,262,1385.185228
40.325469,228,1385.340824
79.524016,320,1385.518899
55.075999,299,1385.682754
72.334965,303,1386.224635
108.455633,361,1386.434916
261.177948,928,1387.05452
35.543845,222,1387.1593
40.119674,234,1387.276274
72.772921,305,1387.796191
107.674833,441,1388.118913
90.743589,341,1388.316232
94.363586,346,1388.511391
66.728476,306,1388.676834
142.025295,450,1388.933766
83.844833,332,1389.489991
86.501511,335,1389.675756
63.465761,285,1389.825927
68.677496,307,1390.064801
77.497843,316,1390.246765
57.31413,294,1390.405402
58.565536,294,1390.563312
44.540678,271,1391.062967
154.563912,598,1391.413068
43.784922,273,1391.549742
80.071157,297,1391.708892
120.792641,489,1391.989747
98.103452,429,1392.572297
49.345098,272,1392.716099
65.798865,357,1392.906402
80.040005,313,1393.076178
80.627241,362,1393.276313
60.211814,320,1393.450815
117.006538,404,1394.027092
98.791528,374,1394.241917
72.332114,310,1394.416932
94.87605,353,1394.612739
59.119289,264,1394.748434
46.571677,309,1394.910892
87.289355,332,1395.438065
86.40482,337,1395.624482
86.445907,345,1395.810775
108.271735,407,1396.10118
145.714358,565,1396.442517
142.355754,475,1397.073528
99.734606,375,1397.281368
43.110704,263,1397.420994
63.812133,277,1397.565895
90.978321,344,1397.757317
55.550615,283,1397.901666
59.560603,288,1398.403823
54.409079,289,1398.551584
117.192317,447,1398.854162
123.904899,439,1399.103752
42.62049,302,1399.260467
55.739362,331,1399.441989
44.225522,293,1399.931088
126.385843,539,1400.237503
57.685008,256,1400.368948
139.1065,528,1400.682183
69.246023,326,1400.864225
42.85854,303,1401.356737
94.516556,395,1401.573146
23.863051,228,1401.683501
57.321448,283,1401.824163
32.922213,231,1401.937006
42.857048,275,1402.076259
38.737789,272,1402.217132
139.298982,578,1402.903779
45.298822,271,1403.049835
71.719829,321,1403.22109
66.88044,319,1403.395971
110.40596,435,1403.650111
70.322104,334,1403.869038
79.220286,359,1404.409324
112.29161,410,1404.634811
54.463593,301,1404.78874
82.506789,351,1404.982963
87.398884,325,1405.156611
94.328716,389,1405.366415
49.442083,302,1405.857585
74.900343,318,1406.024738
50.530779,246,1406.147538
118.633531,421,1406.380645
65.364048,296,1406.530283
87.336936,327,1406.702614
43.541522,229,1407.155987
73.118657,293,1407.310559
82.783659,332,1407.493742
110.587873,387,1407.707579
66.604171,340,1407.887841
57.501672,308,1408.0584
109.001833,380,1408.610614
78.233548,302,1408.773572
143.27319,519,1409.072338
94.855624,372,1409.278984
49.737656,271,1409.422525
87.117685,412,1409.651635
98.44553,492,1410.290499
118.264489,482,1410.575051
174.790156,669,1411.008832
31.212401,243,1411.129303
81.129478,309,1411.29133
90.193823,346,1411.879995
75.497072,323,1412.051843
48.593943,341,1412.234011
74.333473,309,1412.402596
45.791235,231,1412.515287
71.767227,299,1412.666458
47.513303,238,1413.114542
162.154812,579,1413.444366
72.1348,291,1413.588475
59.506062,276,1413.724735
49.415534,263,1413.852083
92.192856,360,1414.035554
81.952927,339,1414.668127
152.20887,581,1415.014938
199.622918,813,1415.524936
101.665202,371,1415.719997
137.535314,440,1416.286214
95.234464,362,1416.486702
44.256007,235,1416.598844
54.226215,284,1416.739221
75.991133,338,1416.92049
47.561328,275,1417.05382
30.304398,212,1417.153036
35.284873,251,1417.604508
90.98308,459,1417.87003
108.633551,386,1418.076652
65.855211,292,1418.225327
186.689258,640,1418.608773
56.392137,303,1419.084861
102.537497,396,1419.296897
76.356431,290,1419.446973
122.555748,472,1419.747256
41.748296,277,1419.884468
89.180147,325,1420.056873
30.003187,264,1420.516152
71.924621,315,1420.678132
134.474319,482,1420.96337
102.698418,381,1421.17253
69.946787,359,1421.36574
66.033748,293,1421.518227
91.733955,488,1422.112754
75.95181,298,1422.265477
73.046484,294,1422.414532
38.106376,228,1422.526713
82.396866,312,1422.692348
91.157084,350,1422.871191
50.369927,243,1423.315403
79.052177,359,1423.506048
76.53467,304,1423.661181
91.828176,339,1423.837664
93.632752,342,1424.016665
59.945331,286,1424.161
79.522999,306,1424.65471
54.585006,291,1424.802613
50.774169,259,1424.930615
38.532832,245,1425.045798
64.394852,289,1425.193119
80.51498,332,1425.363458
78.910634,320,1425.534496
51.919794,289,1425.678594
87.294964,382,1426.206498
81.647978,312,1426.371596
48.201242,296,1426.525476
154.454011,482,1426.799598
93.283544,379,1426.999539
42.968836,256,1427.453268
51.938798,290,1427.632893
65.338184,282,1427.782459
57.403333,280,1427.923544
32.479886,223,1428.028483
168.040427,610,1428.385913
120.007479,459,1428.981359
62.983667,312,1429.13988
113.539888,439,1429.392159
63.945514,303,1429.551179
65.287125,300,1429.704088
57.202526,288,1429.85054
95.137554,488,1430.474597
59.052623,259,1430.606285
74.254051,363,1430.80439
61.224063,313,1430.970792
68.421875,302,1431.12322
52.010997,259,1431.248691
102.403506,363,1431.77713
93.471364,354,1431.959589
72.634486,339,1432.13991
55.884356,250,1432.259506
180.189154,614,1432.611914
60.293993,270,1432.745771
56.413469,279,1433.218409
172.433099,629,1433.623546
343.082152,1179,1434.400566
62.733847,317,1434.891068
149.80268,515,1435.185997
90.299023,336,1435.365478
68.262399,317,1435.529986
59.760803,331,1435.735235
69.85147,295,1435.889661
109.568138,416,1436.453081
111.91245,385,1436.676265
36.115991,218,1436.779003
31.299376,233,1436.893319
46.271856,232,1437.003134
75.06451,317,1437.165018
54.153394,271,1437.300556
54.927321,265,1437.76077
64.197097,267,1437.893854
57.651698,249,1438.012056
57.825137,309,1438.166941
86.078536,308,1438.327184
54.438809,354,1438.511591
48.466002,235,1438.62674
48.027412,256,1439.079168
66.213356,292,1439.226642
68.819954,290,1439.381674
48.340121,246,1439.498929
94.035429,383,1439.706744
39.430647,239,1439.825914
69.669199,287,1439.974865
87.555331,338,1440.482739
82.653971,355,1440.682961
71.442282,306,1440.849678
156.48279,543,1441.163718
63.403485,313,1441.32226
48.101228,240,1441.439865
57.187155,316,1441.939066
117.014285,428,1442.180476
79.942003,331,1442.364869
53.175463,313,1442.527718
54.404286,262,1442.661211
78.81454,308,1442.821807
109.6897,377,1443.352768
117.612057,394,1443.569753
71.525773,322,1443.74141
79.223456,312,1443.948501
58.937027,359,1444.160093
70.832328,290,1444.314795
73.118638,289,1444.806417
55.005874,342,1444.988276
77.604817,294,1445.138987
44.162535,241,1445.258346
54.18646,259,1445.387258
86.774389,324,1445.565754
69.956967,299,1445.723666
120.100304,466,1446.315973
48.472004,287,1446.457221
103.008394,377,1446.65345
79.823067,329,1446.827151
65.509687,285,1446.970988
108.002154,406,1447.192289
59.121612,326,1447.700491
68.941145,294,1447.848448
77.875948,298,1448.001666
57.459032,253,1448.121004
124.780293,440,1448.373757
111.273309,409,1448.603925
38.964552,221,1449.037872
76.995113,363,1449.239235
107.73979,365,1449.434528
38.169751,231,1449.548898
72.28099,350,1449.741123
64.154689,288,1449.889157
44.117244,250,1450.011488
226.60067,724,1450.794731
78.389248,287,1450.940005
85.64236,332,1451.120362
75.312481,324,1451.298769
55.151924,256,1451.423995
66.090664,302,1451.95484
64.868615,316,1452.13108
185.871901,614,1452.508306
68.926384,286,1452.656258
82.697595,315,1452.827654
123.964798,451,1453.098072
80.488546,349,1453.61945
78.744582,303,1453.778347
62.912462,316,1453.939799
59.443815,284,1454.082099
88.320225,323,1454.254399
56.59489,298,1454.40642
46.979933,254,1454.861516
53.780792,246,1454.99244
74.30876,305,1455.166276
46.50377,244,1455.287663
56.97581,295,1455.43818
37.985718,278,1455.578286
76.045428,394,1455.84078
76.148384,306,1456.33791
60.164742,276,1456.477206
60.066062,330,1456.65268
56.666373,307,1456.814987
40.354893,227,1456.924188
93.524929,389,1457.135061
55.745757,279,1457.275167
40.418438,227,1457.72856
77.866251,337,1457.9137
43.379213,232,1458.025479
44.817433,231,1458.141241
103.230027,436,1458.44133
102.393634,359,1458.642317
75.910005,314,1458.813258
84.818617,331,1459.332425
53.221688,250,1459.45634
49.435938,270,1459.59305
27.376617,226,1459.709476
69.687435,305,1459.869889
35.739695,230,1460.035859
44.625951,312,1460.193626
71.617295,309,1460.696112
45.701365,231,1460.862244
71.569576,328,1461.043596
40.419965,224,1461.15348
26.870422,223,1461.260381
75.26209,306,1461.426958
48.328442,243,1461.547842
272.812297,968,1462.724674
76.112295,287,1462.87012
47.171931,254,1462.999456
63.983796,281,1463.144272
86.791514,340,1463.329352
85.696764,327,1463.843172
97.73948,427,1464.088368
53.713002,281,1464.227205
257.162376,1006,1464.889075
55.93554,244,1465.00755
100.000696,451,1465.595778
64.250351,285,1465.745498
51.375463,350,1465.930534
38.816001,235,1466.042799
38.057035,240,1466.159415
67.051469,284,1466.308032
52.891969,296,1466.80762
69.736901,354,1467.075917
46.45754,248,1467.197861
48.602459,241,1467.320702
37.822501,222,1467.431238
69.721952,304,1467.598962
58.202939,275,1467.742434
59.362081,284,1467.897232
65.010331,332,1468.488501
70.585364,328,1468.684175
111.384801,370,1468.88997
66.99532,300,1469.051974
67.473974,308,1469.215665
63.509901,272,1469.359647
70.413199,295,1469.875536
42.622595,251,1470.002812
66.462007,285,1470.155017
70.587355,325,1470.3333
72.169281,297,1470.493318
81.747386,300,1470.653003
63.6805,327,1470.839526
50.351858,263,1471.335445
69.869133,290,1471.491328
66.948649,282,1471.668409
30.684566,227,1471.790827
44.182892,256,1471.924928
43.719284,250,1472.051815
43.459657,289,1472.216958
43.373233,318,1472.390247
64.795471,288,1472.882806
50.237366,293,1473.032104
124.259851,470,1473.298864
78.110174,338,1473.487655
50.303939,287,1473.638004
41.36375,225,1473.750662
47.581298,256,1474.227411
88.202156,392,1474.46265
44.33004,229,1474.581344
196.994444,742,1475.083248
132.742618,432,1475.320732
112.969564,388,1475.864124
80.07362,330,1476.039186
61.590406,257,1476.203034
58.102291,289,1476.350787
34.247957,229,1476.461921
99.181108,372,1476.667818
75.165281,286,1476.840659
