Using cpu device
Wrapping the env in a DummyVecEnv.
Logging to experiments/RL/course_project/runs/ppo_walk_1_5M/tensorboard/ppo/PPO_1
---------------------------------
| rollout/           |          |
|    ep_len_mean     | 197      |
|    ep_rew_mean     | 6.79     |
| time/              |          |
|    fps             | 2172     |
|    iterations      | 1        |
|    time_elapsed    | 0        |
|    total_timesteps | 2048     |
---------------------------------
-----------------------------------------
| rollout/                |             |
|    ep_len_mean          | 194         |
|    ep_rew_mean          | 5.73        |
| time/                   |             |
|    fps                  | 1861        |
|    iterations           | 2           |
|    time_elapsed         | 2           |
|    total_timesteps      | 4096        |
| train/                  |             |
|    approx_kl            | 0.012253767 |
|    clip_fraction        | 0.115       |
|    clip_range           | 0.2         |
|    entropy_loss         | -21.3       |
|    explained_variance   | -0.07806897 |
|    learning_rate        | 0.0003      |
|    loss                 | 0.0383      |
|    n_updates            | 10          |
|    policy_gradient_loss | -0.0252     |
|    std                  | 0.998       |
|    value_loss           | 0.756       |
-----------------------------------------
-----------------------------------------
| rollout/                |             |
|    ep_len_mean          | 197         |
|    ep_rew_mean          | 6.34        |
| time/                   |             |
|    fps                  | 1792        |
|    iterations           | 3           |
|    time_elapsed         | 3           |
|    total_timesteps      | 6144        |
| train/                  |             |
|    approx_kl            | 0.014415466 |
|    clip_fraction        | 0.139       |
|    clip_range           | 0.2         |
|    entropy_loss         | -21.2       |
|    explained_variance   | 0.41207618  |
|    learning_rate        | 0.0003      |
|    loss                 | 0.0938      |
|    n_updates            | 20          |
|    policy_gradient_loss | -0.0273     |
|    std                  | 0.994       |
|    value_loss           | 0.311       |
-----------------------------------------
-----------------------------------------
| rollout/                |             |
|    ep_len_mean          | 197         |
|    ep_rew_mean          | 6           |
| time/                   |             |
|    fps                  | 1741        |
|    iterations           | 4           |
|    time_elapsed         | 4           |
|    total_timesteps      | 8192        |
| train/                  |             |
|    approx_kl            | 0.014628382 |
|    clip_fraction        | 0.168       |
|    clip_range           | 0.2         |
|    entropy_loss         | -21.2       |
|    explained_variance   | 0.5134468   |
|    learning_rate        | 0.0003      |
|    loss                 | 0.0195      |
|    n_updates            | 30          |
|    policy_gradient_loss | -0.0324     |
|    std                  | 0.994       |
|    value_loss           | 0.362       |
-----------------------------------------
-----------------------------------------
| rollout/                |             |
|    ep_len_mean          | 197         |
|    ep_rew_mean          | 5.94        |
| time/                   |             |
|    fps                  | 1706        |
|    iterations           | 5           |
|    time_elapsed         | 6           |
|    total_timesteps      | 10240       |
| train/                  |             |
|    approx_kl            | 0.016664019 |
|    clip_fraction        | 0.15        |
|    clip_range           | 0.2         |
|    entropy_loss         | -21.1       |
|    explained_variance   | 0.5996959   |
|    learning_rate        | 0.0003      |
|    loss                 | 0.0172      |
|    n_updates            | 40          |
|    policy_gradient_loss | -0.0335     |
|    std                  | 0.988       |
|    value_loss           | 0.27        |
-----------------------------------------
-----------------------------------------
| rollout/                |             |
|    ep_len_mean          | 200         |
|    ep_rew_mean          | 5.93        |
| time/                   |             |
|    fps                  | 1692        |
|    iterations           | 6           |
|    time_elapsed         | 7           |
|    total_timesteps      | 12288       |
| train/                  |             |
|    approx_kl            | 0.019649617 |
|    clip_fraction        | 0.187       |
|    clip_range           | 0.2         |
|    entropy_loss         | -21.1       |
|    explained_variance   | 0.5595831   |
|    learning_rate        | 0.0003      |
|    loss                 | 0.0232      |
|    n_updates            | 50          |
|    policy_gradient_loss | -0.0399     |
|    std                  | 0.987       |
|    value_loss           | 0.443       |
-----------------------------------------
-----------------------------------------
| rollout/                |             |
|    ep_len_mean          | 204         |
|    ep_rew_mean          | 6.21        |
| time/                   |             |
|    fps                  | 1665        |
|    iterations           | 7           |
|    time_elapsed         | 8           |
|    total_timesteps      | 14336       |
| train/                  |             |
|    approx_kl            | 0.018668756 |
|    clip_fraction        | 0.213       |
|    clip_range           | 0.2         |
|    entropy_loss         | -21.1       |
|    explained_variance   | 0.6956532   |
|    learning_rate        | 0.0003      |
|    loss                 | 0.0734      |
|    n_updates            | 60          |
|    policy_gradient_loss | -0.041      |
|    std                  | 0.987       |
|    value_loss           | 0.273       |
-----------------------------------------
-----------------------------------------
| rollout/                |             |
|    ep_len_mean          | 207         |
|    ep_rew_mean          | 6.68        |
| time/                   |             |
|    fps                  | 1624        |
|    iterations           | 8           |
|    time_elapsed         | 10          |
|    total_timesteps      | 16384       |
| train/                  |             |
|    approx_kl            | 0.019992922 |
|    clip_fraction        | 0.203       |
|    clip_range           | 0.2         |
|    entropy_loss         | -21         |
|    explained_variance   | 0.7181006   |
|    learning_rate        | 0.0003      |
|    loss                 | 0.0569      |
|    n_updates            | 70          |
|    policy_gradient_loss | -0.0385     |
|    std                  | 0.981       |
|    value_loss           | 0.341       |
-----------------------------------------
-----------------------------------------
| rollout/                |             |
|    ep_len_mean          | 207         |
|    ep_rew_mean          | 6.86        |
| time/                   |             |
|    fps                  | 1564        |
|    iterations           | 9           |
|    time_elapsed         | 11          |
|    total_timesteps      | 18432       |
| train/                  |             |
|    approx_kl            | 0.018731132 |
|    clip_fraction        | 0.19        |
|    clip_range           | 0.2         |
|    entropy_loss         | -21         |
|    explained_variance   | 0.6052792   |
|    learning_rate        | 0.0003      |
|    loss                 | 0.0227      |
|    n_updates            | 80          |
|    policy_gradient_loss | -0.039      |
|    std                  | 0.982       |
|    value_loss           | 0.446       |
-----------------------------------------
-----------------------------------------
| rollout/                |             |
|    ep_len_mean          | 206         |
|    ep_rew_mean          | 6.62        |
| time/                   |             |
|    fps                  | 1525        |
|    iterations           | 10          |
|    time_elapsed         | 13          |
|    total_timesteps      | 20480       |
| train/                  |             |
|    approx_kl            | 0.017764807 |
|    clip_fraction        | 0.185       |
|    clip_range           | 0.2         |
|    entropy_loss         | -21         |
|    explained_variance   | 0.5132348   |
|    learning_rate        | 0.0003      |
|    loss                 | 0.185       |
|    n_updates            | 90          |
|    policy_gradient_loss | -0.0351     |
|    std                  | 0.981       |
|    value_loss           | 0.899       |
-----------------------------------------
-----------------------------------------
| rollout/                |             |
|    ep_len_mean          | 209         |
|    ep_rew_mean          | 6.92        |
| time/                   |             |
|    fps                  | 1465        |
|    iterations           | 11          |
|    time_elapsed         | 15          |
|    total_timesteps      | 22528       |
| train/                  |             |
|    approx_kl            | 0.016351294 |
|    clip_fraction        | 0.175       |
|    clip_range           | 0.2         |
|    entropy_loss         | -21         |
|    explained_variance   | 0.506346    |
|    learning_rate        | 0.0003      |
|    loss                 | 0.0301      |
|    n_updates            | 100         |
|    policy_gradient_loss | -0.0386     |
|    std                  | 0.983       |
|    value_loss           | 0.475       |
-----------------------------------------
-----------------------------------------
| rollout/                |             |
|    ep_len_mean          | 209         |
|    ep_rew_mean          | 7.15        |
| time/                   |             |
|    fps                  | 1380        |
|    iterations           | 12          |
|    time_elapsed         | 17          |
|    total_timesteps      | 24576       |
| train/                  |             |
|    approx_kl            | 0.018542748 |
|    clip_fraction        | 0.197       |
|    clip_range           | 0.2         |
|    entropy_loss         | -21         |
|    explained_variance   | 0.60526335  |
|    learning_rate        | 0.0003      |
|    loss                 | 0.183       |
|    n_updates            | 110         |
|    policy_gradient_loss | -0.0397     |
|    std                  | 0.985       |
|    value_loss           | 0.582       |
-----------------------------------------
-----------------------------------------
| rollout/                |             |
|    ep_len_mean          | 211         |
|    ep_rew_mean          | 7.56        |
| time/                   |             |
|    fps                  | 1351        |
|    iterations           | 13          |
|    time_elapsed         | 19          |
|    total_timesteps      | 26624       |
| train/                  |             |
|    approx_kl            | 0.019367505 |
|    clip_fraction        | 0.19        |
|    clip_range           | 0.2         |
|    entropy_loss         | -21.1       |
|    explained_variance   | 0.74713385  |
|    learning_rate        | 0.0003      |
|    loss                 | 0.145       |
|    n_updates            | 120         |
|    policy_gradient_loss | -0.0356     |
|    std                  | 0.988       |
|    value_loss           | 0.443       |
-----------------------------------------
-----------------------------------------
| rollout/                |             |
|    ep_len_mean          | 213         |
|    ep_rew_mean          | 7.67        |
| time/                   |             |
|    fps                  | 1326        |
|    iterations           | 14          |
|    time_elapsed         | 21          |
|    total_timesteps      | 28672       |
| train/                  |             |
|    approx_kl            | 0.018809142 |
|    clip_fraction        | 0.189       |
|    clip_range           | 0.2         |
|    entropy_loss         | -21.1       |
|    explained_variance   | 0.6339078   |
|    learning_rate        | 0.0003      |
|    loss                 | 0.195       |
|    n_updates            | 130         |
|    policy_gradient_loss | -0.0368     |
|    std                  | 0.986       |
|    value_loss           | 0.792       |
-----------------------------------------
----------------------------------------
| rollout/                |            |
|    ep_len_mean          | 214        |
|    ep_rew_mean          | 7.88       |
| time/                   |            |
|    fps                  | 1312       |
|    iterations           | 15         |
|    time_elapsed         | 23         |
|    total_timesteps      | 30720      |
| train/                  |            |
|    approx_kl            | 0.01962131 |
|    clip_fraction        | 0.194      |
|    clip_range           | 0.2        |
|    entropy_loss         | -21.1      |
|    explained_variance   | 0.6714283  |
|    learning_rate        | 0.0003     |
|    loss                 | 0.143      |
|    n_updates            | 140        |
|    policy_gradient_loss | -0.0371    |
|    std                  | 0.986      |
|    value_loss           | 0.493      |
----------------------------------------
-----------------------------------------
| rollout/                |             |
|    ep_len_mean          | 218         |
|    ep_rew_mean          | 8.47        |
| time/                   |             |
|    fps                  | 1299        |
|    iterations           | 16          |
|    time_elapsed         | 25          |
|    total_timesteps      | 32768       |
| train/                  |             |
|    approx_kl            | 0.017980196 |
|    clip_fraction        | 0.201       |
|    clip_range           | 0.2         |
|    entropy_loss         | -21         |
|    explained_variance   | 0.71399194  |
|    learning_rate        | 0.0003      |
|    loss                 | 0.195       |
|    n_updates            | 150         |
|    policy_gradient_loss | -0.034      |
|    std                  | 0.982       |
|    value_loss           | 0.707       |
-----------------------------------------
-----------------------------------------
| rollout/                |             |
|    ep_len_mean          | 221         |
|    ep_rew_mean          | 9.52        |
| time/                   |             |
|    fps                  | 1286        |
|    iterations           | 17          |
|    time_elapsed         | 27          |
|    total_timesteps      | 34816       |
| train/                  |             |
|    approx_kl            | 0.017535724 |
|    clip_fraction        | 0.18        |
|    clip_range           | 0.2         |
|    entropy_loss         | -21         |
|    explained_variance   | 0.55168337  |
|    learning_rate        | 0.0003      |
|    loss                 | 0.336       |
|    n_updates            | 160         |
|    policy_gradient_loss | -0.036      |
|    std                  | 0.981       |
|    value_loss           | 0.966       |
-----------------------------------------
-----------------------------------------
| rollout/                |             |
|    ep_len_mean          | 221         |
|    ep_rew_mean          | 9.77        |
| time/                   |             |
|    fps                  | 1275        |
|    iterations           | 18          |
|    time_elapsed         | 28          |
|    total_timesteps      | 36864       |
| train/                  |             |
|    approx_kl            | 0.016460497 |
|    clip_fraction        | 0.164       |
|    clip_range           | 0.2         |
|    entropy_loss         | -21         |
|    explained_variance   | 0.65092033  |
|    learning_rate        | 0.0003      |
|    loss                 | 0.279       |
|    n_updates            | 170         |
|    policy_gradient_loss | -0.0357     |
|    std                  | 0.98        |
|    value_loss           | 1.18        |
-----------------------------------------
-----------------------------------------
| rollout/                |             |
|    ep_len_mean          | 223         |
|    ep_rew_mean          | 10.6        |
| time/                   |             |
|    fps                  | 1267        |
|    iterations           | 19          |
|    time_elapsed         | 30          |
|    total_timesteps      | 38912       |
| train/                  |             |
|    approx_kl            | 0.018114384 |
|    clip_fraction        | 0.177       |
|    clip_range           | 0.2         |
|    entropy_loss         | -20.9       |
|    explained_variance   | 0.65039384  |
|    learning_rate        | 0.0003      |
|    loss                 | 0.527       |
|    n_updates            | 180         |
|    policy_gradient_loss | -0.0358     |
|    std                  | 0.978       |
|    value_loss           | 1.35        |
-----------------------------------------
-----------------------------------------
| rollout/                |             |
|    ep_len_mean          | 226         |
|    ep_rew_mean          | 11.1        |
| time/                   |             |
|    fps                  | 1260        |
|    iterations           | 20          |
|    time_elapsed         | 32          |
|    total_timesteps      | 40960       |
| train/                  |             |
|    approx_kl            | 0.019920774 |
|    clip_fraction        | 0.202       |
|    clip_range           | 0.2         |
|    entropy_loss         | -20.9       |
|    explained_variance   | 0.71498907  |
|    learning_rate        | 0.0003      |
|    loss                 | 0.488       |
|    n_updates            | 190         |
|    policy_gradient_loss | -0.0383     |
|    std                  | 0.977       |
|    value_loss           | 1.45        |
-----------------------------------------
-----------------------------------------
| rollout/                |             |
|    ep_len_mean          | 231         |
|    ep_rew_mean          | 12.2        |
| time/                   |             |
|    fps                  | 1252        |
|    iterations           | 21          |
|    time_elapsed         | 34          |
|    total_timesteps      | 43008       |
| train/                  |             |
|    approx_kl            | 0.018233407 |
|    clip_fraction        | 0.201       |
|    clip_range           | 0.2         |
|    entropy_loss         | -20.9       |
|    explained_variance   | 0.68402565  |
|    learning_rate        | 0.0003      |
|    loss                 | 0.488       |
|    n_updates            | 200         |
|    policy_gradient_loss | -0.0397     |
|    std                  | 0.979       |
|    value_loss           | 1.65        |
-----------------------------------------
----------------------------------------
| rollout/                |            |
|    ep_len_mean          | 232        |
|    ep_rew_mean          | 12.9       |
| time/                   |            |
|    fps                  | 1245       |
|    iterations           | 22         |
|    time_elapsed         | 36         |
|    total_timesteps      | 45056      |
| train/                  |            |
|    approx_kl            | 0.01929728 |
|    clip_fraction        | 0.206      |
|    clip_range           | 0.2        |
|    entropy_loss         | -20.9      |
|    explained_variance   | 0.75583786 |
|    learning_rate        | 0.0003     |
|    loss                 | 0.376      |
|    n_updates            | 210        |
|    policy_gradient_loss | -0.0368    |
|    std                  | 0.977      |
|    value_loss           | 1.43       |
----------------------------------------
----------------------------------------
| rollout/                |            |
|    ep_len_mean          | 235        |
|    ep_rew_mean          | 13.6       |
| time/                   |            |
|    fps                  | 1237       |
|    iterations           | 23         |
|    time_elapsed         | 38         |
|    total_timesteps      | 47104      |
| train/                  |            |
|    approx_kl            | 0.01823975 |
|    clip_fraction        | 0.199      |
|    clip_range           | 0.2        |
|    entropy_loss         | -20.9      |
|    explained_variance   | 0.7402036  |
|    learning_rate        | 0.0003     |
|    loss                 | 0.726      |
|    n_updates            | 220        |
|    policy_gradient_loss | -0.0378    |
|    std                  | 0.979      |
|    value_loss           | 1.7        |
----------------------------------------
----------------------------------------
| rollout/                |            |
|    ep_len_mean          | 241        |
|    ep_rew_mean          | 15.1       |
| time/                   |            |
|    fps                  | 1231       |
|    iterations           | 24         |
|    time_elapsed         | 39         |
|    total_timesteps      | 49152      |
| train/                  |            |
|    approx_kl            | 0.01837314 |
|    clip_fraction        | 0.192      |
|    clip_range           | 0.2        |
|    entropy_loss         | -20.9      |
|    explained_variance   | 0.7346885  |
|    learning_rate        | 0.0003     |
|    loss                 | 0.517      |
|    n_updates            | 230        |
|    policy_gradient_loss | -0.0394    |
|    std                  | 0.975      |
|    value_loss           | 1.66       |
----------------------------------------
-----------------------------------------
| rollout/                |             |
|    ep_len_mean          | 242         |
|    ep_rew_mean          | 15.7        |
| time/                   |             |
|    fps                  | 1224        |
|    iterations           | 25          |
|    time_elapsed         | 41          |
|    total_timesteps      | 51200       |
| train/                  |             |
|    approx_kl            | 0.015815033 |
|    clip_fraction        | 0.163       |
|    clip_range           | 0.2         |
|    entropy_loss         | -20.9       |
|    explained_variance   | 0.7066154   |
|    learning_rate        | 0.0003      |
|    loss                 | 0.675       |
|    n_updates            | 240         |
|    policy_gradient_loss | -0.0363     |
|    std                  | 0.974       |
|    value_loss           | 2.2         |
-----------------------------------------
-----------------------------------------
| rollout/                |             |
|    ep_len_mean          | 245         |
|    ep_rew_mean          | 17          |
| time/                   |             |
|    fps                  | 1221        |
|    iterations           | 26          |
|    time_elapsed         | 43          |
|    total_timesteps      | 53248       |
| train/                  |             |
|    approx_kl            | 0.018551443 |
|    clip_fraction        | 0.178       |
|    clip_range           | 0.2         |
|    entropy_loss         | -20.9       |
|    explained_variance   | 0.66472125  |
|    learning_rate        | 0.0003      |
|    loss                 | 1.42        |
|    n_updates            | 250         |
|    policy_gradient_loss | -0.034      |
|    std                  | 0.972       |
|    value_loss           | 2.76        |
-----------------------------------------
-----------------------------------------
| rollout/                |             |
|    ep_len_mean          | 248         |
|    ep_rew_mean          | 17.9        |
| time/                   |             |
|    fps                  | 1213        |
|    iterations           | 27          |
|    time_elapsed         | 45          |
|    total_timesteps      | 55296       |
| train/                  |             |
|    approx_kl            | 0.017582042 |
|    clip_fraction        | 0.189       |
|    clip_range           | 0.2         |
|    entropy_loss         | -20.8       |
|    explained_variance   | 0.68658125  |
|    learning_rate        | 0.0003      |
|    loss                 | 1.47        |
|    n_updates            | 260         |
|    policy_gradient_loss | -0.0396     |
|    std                  | 0.972       |
|    value_loss           | 3.05        |
-----------------------------------------
-----------------------------------------
| rollout/                |             |
|    ep_len_mean          | 252         |
|    ep_rew_mean          | 19.5        |
| time/                   |             |
|    fps                  | 1207        |
|    iterations           | 28          |
|    time_elapsed         | 47          |
|    total_timesteps      | 57344       |
| train/                  |             |
|    approx_kl            | 0.020191912 |
|    clip_fraction        | 0.192       |
|    clip_range           | 0.2         |
|    entropy_loss         | -20.8       |
|    explained_variance   | 0.67528296  |
|    learning_rate        | 0.0003      |
|    loss                 | 0.703       |
|    n_updates            | 270         |
|    policy_gradient_loss | -0.0389     |
|    std                  | 0.97        |
|    value_loss           | 2.9         |
-----------------------------------------
----------------------------------------
| rollout/                |            |
|    ep_len_mean          | 251        |
|    ep_rew_mean          | 19.7       |
| time/                   |            |
|    fps                  | 1204       |
|    iterations           | 29         |
|    time_elapsed         | 49         |
|    total_timesteps      | 59392      |
| train/                  |            |
|    approx_kl            | 0.01543893 |
|    clip_fraction        | 0.173      |
|    clip_range           | 0.2        |
|    entropy_loss         | -20.8      |
|    explained_variance   | 0.67046845 |
|    learning_rate        | 0.0003     |
|    loss                 | 1.23       |
|    n_updates            | 280        |
|    policy_gradient_loss | -0.036     |
|    std                  | 0.969      |
|    value_loss           | 3.37       |
----------------------------------------
-----------------------------------------
| rollout/                |             |
|    ep_len_mean          | 254         |
|    ep_rew_mean          | 20.8        |
| time/                   |             |
|    fps                  | 1201        |
|    iterations           | 30          |
|    time_elapsed         | 51          |
|    total_timesteps      | 61440       |
| train/                  |             |
|    approx_kl            | 0.017377049 |
|    clip_fraction        | 0.179       |
|    clip_range           | 0.2         |
|    entropy_loss         | -20.8       |
|    explained_variance   | 0.72381616  |
|    learning_rate        | 0.0003      |
|    loss                 | 0.828       |
|    n_updates            | 290         |
|    policy_gradient_loss | -0.0356     |
|    std                  | 0.969       |
|    value_loss           | 2.78        |
-----------------------------------------
-----------------------------------------
| rollout/                |             |
|    ep_len_mean          | 258         |
|    ep_rew_mean          | 22.2        |
| time/                   |             |
|    fps                  | 1196        |
|    iterations           | 31          |
|    time_elapsed         | 53          |
|    total_timesteps      | 63488       |
| train/                  |             |
|    approx_kl            | 0.020529762 |
|    clip_fraction        | 0.211       |
|    clip_range           | 0.2         |
|    entropy_loss         | -20.8       |
|    explained_variance   | 0.70343137  |
|    learning_rate        | 0.0003      |
|    loss                 | 0.98        |
|    n_updates            | 300         |
|    policy_gradient_loss | -0.0387     |
|    std                  | 0.968       |
|    value_loss           | 2.61        |
-----------------------------------------
----------------------------------------
| rollout/                |            |
|    ep_len_mean          | 257        |
|    ep_rew_mean          | 22.7       |
| time/                   |            |
|    fps                  | 1195       |
|    iterations           | 32         |
|    time_elapsed         | 54         |
|    total_timesteps      | 65536      |
| train/                  |            |
|    approx_kl            | 0.01964056 |
|    clip_fraction        | 0.223      |
|    clip_range           | 0.2        |
|    entropy_loss         | -20.8      |
|    explained_variance   | 0.78343505 |
|    learning_rate        | 0.0003     |
|    loss                 | 0.674      |
|    n_updates            | 310        |
|    policy_gradient_loss | -0.041     |
|    std                  | 0.967      |
|    value_loss           | 2.24       |
----------------------------------------
-----------------------------------------
| rollout/                |             |
|    ep_len_mean          | 258         |
|    ep_rew_mean          | 23.9        |
| time/                   |             |
|    fps                  | 1193        |
|    iterations           | 33          |
|    time_elapsed         | 56          |
|    total_timesteps      | 67584       |
| train/                  |             |
|    approx_kl            | 0.014310905 |
|    clip_fraction        | 0.161       |
|    clip_range           | 0.2         |
|    entropy_loss         | -20.7       |
|    explained_variance   | 0.669533    |
|    learning_rate        | 0.0003      |
|    loss                 | 1.21        |
|    n_updates            | 320         |
|    policy_gradient_loss | -0.0328     |
|    std                  | 0.965       |
|    value_loss           | 4.08        |
-----------------------------------------
----------------------------------------
| rollout/                |            |
|    ep_len_mean          | 262        |
|    ep_rew_mean          | 25.3       |
| time/                   |            |
|    fps                  | 1200       |
|    iterations           | 34         |
|    time_elapsed         | 57         |
|    total_timesteps      | 69632      |
| train/                  |            |
|    approx_kl            | 0.02057682 |
|    clip_fraction        | 0.22       |
|    clip_range           | 0.2        |
|    entropy_loss         | -20.7      |
|    explained_variance   | 0.7614669  |
|    learning_rate        | 0.0003     |
|    loss                 | 0.758      |
|    n_updates            | 330        |
|    policy_gradient_loss | -0.0423    |
|    std                  | 0.963      |
|    value_loss           | 3.71       |
----------------------------------------
-----------------------------------------
| rollout/                |             |
|    ep_len_mean          | 268         |
|    ep_rew_mean          | 26.6        |
| time/                   |             |
|    fps                  | 1207        |
|    iterations           | 35          |
|    time_elapsed         | 59          |
|    total_timesteps      | 71680       |
| train/                  |             |
|    approx_kl            | 0.018948566 |
|    clip_fraction        | 0.199       |
|    clip_range           | 0.2         |
|    entropy_loss         | -20.7       |
|    explained_variance   | 0.7557181   |
|    learning_rate        | 0.0003      |
|    loss                 | 0.662       |
|    n_updates            | 340         |
|    policy_gradient_loss | -0.0388     |
|    std                  | 0.961       |
|    value_loss           | 3.09        |
-----------------------------------------
-----------------------------------------
| rollout/                |             |
|    ep_len_mean          | 269         |
|    ep_rew_mean          | 27.4        |
| time/                   |             |
|    fps                  | 1214        |
|    iterations           | 36          |
|    time_elapsed         | 60          |
|    total_timesteps      | 73728       |
| train/                  |             |
|    approx_kl            | 0.020166304 |
|    clip_fraction        | 0.2         |
|    clip_range           | 0.2         |
|    entropy_loss         | -20.7       |
|    explained_variance   | 0.7452631   |
|    learning_rate        | 0.0003      |
|    loss                 | 1.85        |
|    n_updates            | 350         |
|    policy_gradient_loss | -0.0379     |
|    std                  | 0.961       |
|    value_loss           | 4.05        |
-----------------------------------------
-----------------------------------------
| rollout/                |             |
|    ep_len_mean          | 269         |
|    ep_rew_mean          | 28.3        |
| time/                   |             |
|    fps                  | 1220        |
|    iterations           | 37          |
|    time_elapsed         | 62          |
|    total_timesteps      | 75776       |
| train/                  |             |
|    approx_kl            | 0.017933598 |
|    clip_fraction        | 0.195       |
|    clip_range           | 0.2         |
|    entropy_loss         | -20.7       |
|    explained_variance   | 0.770378    |
|    learning_rate        | 0.0003      |
|    loss                 | 1.04        |
|    n_updates            | 360         |
|    policy_gradient_loss | -0.0394     |
|    std                  | 0.962       |
|    value_loss           | 2.96        |
-----------------------------------------
-----------------------------------------
| rollout/                |             |
|    ep_len_mean          | 270         |
|    ep_rew_mean          | 29.3        |
| time/                   |             |
|    fps                  | 1227        |
|    iterations           | 38          |
|    time_elapsed         | 63          |
|    total_timesteps      | 77824       |
| train/                  |             |
|    approx_kl            | 0.020012066 |
|    clip_fraction        | 0.238       |
|    clip_range           | 0.2         |
|    entropy_loss         | -20.7       |
|    explained_variance   | 0.72513217  |
|    learning_rate        | 0.0003      |
|    loss                 | 1.27        |
|    n_updates            | 370         |
|    policy_gradient_loss | -0.0403     |
|    std                  | 0.961       |
|    value_loss           | 4.48        |
-----------------------------------------
-----------------------------------------
| rollout/                |             |
|    ep_len_mean          | 270         |
|    ep_rew_mean          | 29.6        |
| time/                   |             |
|    fps                  | 1234        |
|    iterations           | 39          |
|    time_elapsed         | 64          |
|    total_timesteps      | 79872       |
| train/                  |             |
|    approx_kl            | 0.021162828 |
|    clip_fraction        | 0.236       |
|    clip_range           | 0.2         |
|    entropy_loss         | -20.7       |
|    explained_variance   | 0.76784426  |
|    learning_rate        | 0.0003      |
|    loss                 | 1.14        |
|    n_updates            | 380         |
|    policy_gradient_loss | -0.041      |
|    std                  | 0.96        |
|    value_loss           | 3.75        |
-----------------------------------------
-----------------------------------------
| rollout/                |             |
|    ep_len_mean          | 276         |
|    ep_rew_mean          | 31.3        |
| time/                   |             |
|    fps                  | 1240        |
|    iterations           | 40          |
|    time_elapsed         | 66          |
|    total_timesteps      | 81920       |
| train/                  |             |
|    approx_kl            | 0.020652622 |
|    clip_fraction        | 0.235       |
|    clip_range           | 0.2         |
|    entropy_loss         | -20.6       |
|    explained_variance   | 0.8019183   |
|    learning_rate        | 0.0003      |
|    loss                 | 0.587       |
|    n_updates            | 390         |
|    policy_gradient_loss | -0.0409     |
|    std                  | 0.957       |
|    value_loss           | 3.36        |
-----------------------------------------
-----------------------------------------
| rollout/                |             |
|    ep_len_mean          | 273         |
|    ep_rew_mean          | 31.7        |
| time/                   |             |
|    fps                  | 1245        |
|    iterations           | 41          |
|    time_elapsed         | 67          |
|    total_timesteps      | 83968       |
| train/                  |             |
|    approx_kl            | 0.022194404 |
|    clip_fraction        | 0.236       |
|    clip_range           | 0.2         |
|    entropy_loss         | -20.6       |
|    explained_variance   | 0.8053115   |
|    learning_rate        | 0.0003      |
|    loss                 | 1.2         |
|    n_updates            | 400         |
|    policy_gradient_loss | -0.0404     |
|    std                  | 0.957       |
|    value_loss           | 3.52        |
-----------------------------------------
-----------------------------------------
| rollout/                |             |
|    ep_len_mean          | 273         |
|    ep_rew_mean          | 31.7        |
| time/                   |             |
|    fps                  | 1250        |
|    iterations           | 42          |
|    time_elapsed         | 68          |
|    total_timesteps      | 86016       |
| train/                  |             |
|    approx_kl            | 0.019569535 |
|    clip_fraction        | 0.232       |
|    clip_range           | 0.2         |
|    entropy_loss         | -20.6       |
|    explained_variance   | 0.8901775   |
|    learning_rate        | 0.0003      |
|    loss                 | 0.858       |
|    n_updates            | 410         |
|    policy_gradient_loss | -0.0376     |
|    std                  | 0.957       |
|    value_loss           | 2.77        |
-----------------------------------------
-----------------------------------------
| rollout/                |             |
|    ep_len_mean          | 276         |
|    ep_rew_mean          | 33          |
| time/                   |             |
|    fps                  | 1255        |
|    iterations           | 43          |
|    time_elapsed         | 70          |
|    total_timesteps      | 88064       |
| train/                  |             |
|    approx_kl            | 0.022108167 |
|    clip_fraction        | 0.224       |
|    clip_range           | 0.2         |
|    entropy_loss         | -20.6       |
|    explained_variance   | 0.7309642   |
|    learning_rate        | 0.0003      |
|    loss                 | 1.52        |
|    n_updates            | 420         |
|    policy_gradient_loss | -0.039      |
|    std                  | 0.956       |
|    value_loss           | 3.94        |
-----------------------------------------
-----------------------------------------
| rollout/                |             |
|    ep_len_mean          | 277         |
|    ep_rew_mean          | 33.6        |
| time/                   |             |
|    fps                  | 1258        |
|    iterations           | 44          |
|    time_elapsed         | 71          |
|    total_timesteps      | 90112       |
| train/                  |             |
|    approx_kl            | 0.022545565 |
|    clip_fraction        | 0.219       |
|    clip_range           | 0.2         |
|    entropy_loss         | -20.6       |
|    explained_variance   | 0.80494606  |
|    learning_rate        | 0.0003      |
|    loss                 | 1.16        |
|    n_updates            | 430         |
|    policy_gradient_loss | -0.0408     |
|    std                  | 0.954       |
|    value_loss           | 3.11        |
-----------------------------------------
-----------------------------------------
| rollout/                |             |
|    ep_len_mean          | 277         |
|    ep_rew_mean          | 34.4        |
| time/                   |             |
|    fps                  | 1263        |
|    iterations           | 45          |
|    time_elapsed         | 72          |
|    total_timesteps      | 92160       |
| train/                  |             |
|    approx_kl            | 0.025319247 |
|    clip_fraction        | 0.261       |
|    clip_range           | 0.2         |
|    entropy_loss         | -20.5       |
|    explained_variance   | 0.8533044   |
|    learning_rate        | 0.0003      |
|    loss                 | 1.09        |
|    n_updates            | 440         |
|    policy_gradient_loss | -0.0428     |
|    std                  | 0.953       |
|    value_loss           | 2.73        |
-----------------------------------------
-----------------------------------------
| rollout/                |             |
|    ep_len_mean          | 278         |
|    ep_rew_mean          | 34.5        |
| time/                   |             |
|    fps                  | 1267        |
|    iterations           | 46          |
|    time_elapsed         | 74          |
|    total_timesteps      | 94208       |
| train/                  |             |
|    approx_kl            | 0.021028938 |
|    clip_fraction        | 0.229       |
|    clip_range           | 0.2         |
|    entropy_loss         | -20.5       |
|    explained_variance   | 0.8853251   |
|    learning_rate        | 0.0003      |
|    loss                 | 1.13        |
|    n_updates            | 450         |
|    policy_gradient_loss | -0.0323     |
|    std                  | 0.949       |
|    value_loss           | 2.84        |
-----------------------------------------
----------------------------------------
| rollout/                |            |
|    ep_len_mean          | 278        |
|    ep_rew_mean          | 35.5       |
| time/                   |            |
|    fps                  | 1270       |
|    iterations           | 47         |
|    time_elapsed         | 75         |
|    total_timesteps      | 96256      |
| train/                  |            |
|    approx_kl            | 0.01814494 |
|    clip_fraction        | 0.214      |
|    clip_range           | 0.2        |
|    entropy_loss         | -20.5      |
|    explained_variance   | 0.81252027 |
|    learning_rate        | 0.0003     |
|    loss                 | 1.04       |
|    n_updates            | 460        |
|    policy_gradient_loss | -0.0393    |
|    std                  | 0.949      |
|    value_loss           | 3.71       |
----------------------------------------
-----------------------------------------
| rollout/                |             |
|    ep_len_mean          | 281         |
|    ep_rew_mean          | 36.1        |
| time/                   |             |
|    fps                  | 1273        |
|    iterations           | 48          |
|    time_elapsed         | 77          |
|    total_timesteps      | 98304       |
| train/                  |             |
|    approx_kl            | 0.020600902 |
|    clip_fraction        | 0.239       |
|    clip_range           | 0.2         |
|    entropy_loss         | -20.5       |
|    explained_variance   | 0.8400895   |
|    learning_rate        | 0.0003      |
|    loss                 | 1.76        |
|    n_updates            | 470         |
|    policy_gradient_loss | -0.0409     |
|    std                  | 0.948       |
|    value_loss           | 3.26        |
-----------------------------------------
-----------------------------------------
| rollout/                |             |
|    ep_len_mean          | 285         |
|    ep_rew_mean          | 38.1        |
| time/                   |             |
|    fps                  | 1276        |
|    iterations           | 49          |
|    time_elapsed         | 78          |
|    total_timesteps      | 100352      |
| train/                  |             |
|    approx_kl            | 0.020947535 |
|    clip_fraction        | 0.21        |
|    clip_range           | 0.2         |
|    entropy_loss         | -20.4       |
|    explained_variance   | 0.7434488   |
|    learning_rate        | 0.0003      |
|    loss                 | 0.833       |
|    n_updates            | 480         |
|    policy_gradient_loss | -0.0409     |
|    std                  | 0.944       |
|    value_loss           | 3.82        |
-----------------------------------------
----------------------------------------
| rollout/                |            |
|    ep_len_mean          | 288        |
|    ep_rew_mean          | 39.1       |
| time/                   |            |
|    fps                  | 1277       |
|    iterations           | 50         |
|    time_elapsed         | 80         |
|    total_timesteps      | 102400     |
| train/                  |            |
|    approx_kl            | 0.02359972 |
|    clip_fraction        | 0.253      |
|    clip_range           | 0.2        |
|    entropy_loss         | -20.4      |
|    explained_variance   | 0.8324837  |
|    learning_rate        | 0.0003     |
|    loss                 | 0.805      |
|    n_updates            | 490        |
|    policy_gradient_loss | -0.0421    |
|    std                  | 0.945      |
|    value_loss           | 3.2        |
----------------------------------------
-----------------------------------------
| rollout/                |             |
|    ep_len_mean          | 286         |
|    ep_rew_mean          | 38.7        |
| time/                   |             |
|    fps                  | 1279        |
|    iterations           | 51          |
|    time_elapsed         | 81          |
|    total_timesteps      | 104448      |
| train/                  |             |
|    approx_kl            | 0.024884392 |
|    clip_fraction        | 0.276       |
|    clip_range           | 0.2         |
|    entropy_loss         | -20.4       |
|    explained_variance   | 0.87396985  |
|    learning_rate        | 0.0003      |
|    loss                 | 0.383       |
|    n_updates            | 500         |
|    policy_gradient_loss | -0.0414     |
|    std                  | 0.943       |
|    value_loss           | 2.23        |
-----------------------------------------
-----------------------------------------
| rollout/                |             |
|    ep_len_mean          | 286         |
|    ep_rew_mean          | 38.6        |
| time/                   |             |
|    fps                  | 1282        |
|    iterations           | 52          |
|    time_elapsed         | 83          |
|    total_timesteps      | 106496      |
| train/                  |             |
|    approx_kl            | 0.021843696 |
|    clip_fraction        | 0.244       |
|    clip_range           | 0.2         |
|    entropy_loss         | -20.4       |
|    explained_variance   | 0.87793857  |
|    learning_rate        | 0.0003      |
|    loss                 | 0.772       |
|    n_updates            | 510         |
|    policy_gradient_loss | -0.0344     |
|    std                  | 0.941       |
|    value_loss           | 2.77        |
-----------------------------------------
-----------------------------------------
| rollout/                |             |
|    ep_len_mean          | 282         |
|    ep_rew_mean          | 38          |
| time/                   |             |
|    fps                  | 1285        |
|    iterations           | 53          |
|    time_elapsed         | 84          |
|    total_timesteps      | 108544      |
| train/                  |             |
|    approx_kl            | 0.021122806 |
|    clip_fraction        | 0.234       |
|    clip_range           | 0.2         |
|    entropy_loss         | -20.3       |
|    explained_variance   | 0.8391346   |
|    learning_rate        | 0.0003      |
|    loss                 | 0.995       |
|    n_updates            | 520         |
|    policy_gradient_loss | -0.0379     |
|    std                  | 0.941       |
|    value_loss           | 4.1         |
-----------------------------------------
----------------------------------------
| rollout/                |            |
|    ep_len_mean          | 277        |
|    ep_rew_mean          | 37.6       |
| time/                   |            |
|    fps                  | 1288       |
|    iterations           | 54         |
|    time_elapsed         | 85         |
|    total_timesteps      | 110592     |
| train/                  |            |
|    approx_kl            | 0.02272953 |
|    clip_fraction        | 0.228      |
|    clip_range           | 0.2        |
|    entropy_loss         | -20.3      |
|    explained_variance   | 0.90716213 |
|    learning_rate        | 0.0003     |
|    loss                 | 0.991      |
|    n_updates            | 530        |
|    policy_gradient_loss | -0.0354    |
|    std                  | 0.941      |
|    value_loss           | 1.98       |
----------------------------------------
----------------------------------------
| rollout/                |            |
|    ep_len_mean          | 272        |
|    ep_rew_mean          | 37.4       |
| time/                   |            |
|    fps                  | 1292       |
|    iterations           | 55         |
|    time_elapsed         | 87         |
|    total_timesteps      | 112640     |
| train/                  |            |
|    approx_kl            | 0.0215208  |
|    clip_fraction        | 0.208      |
|    clip_range           | 0.2        |
|    entropy_loss         | -20.4      |
|    explained_variance   | 0.91603583 |
|    learning_rate        | 0.0003     |
|    loss                 | 0.939      |
|    n_updates            | 540        |
|    policy_gradient_loss | -0.0318    |
|    std                  | 0.943      |
|    value_loss           | 1.97       |
----------------------------------------
----------------------------------------
| rollout/                |            |
|    ep_len_mean          | 268        |
|    ep_rew_mean          | 36.7       |
| time/                   |            |
|    fps                  | 1295       |
|    iterations           | 56         |
|    time_elapsed         | 88         |
|    total_timesteps      | 114688     |
| train/                  |            |
|    approx_kl            | 0.02097639 |
|    clip_fraction        | 0.24       |
|    clip_range           | 0.2        |
|    entropy_loss         | -20.3      |
|    explained_variance   | 0.9311672  |
|    learning_rate        | 0.0003     |
|    loss                 | 0.345      |
|    n_updates            | 550        |
|    policy_gradient_loss | -0.0286    |
|    std                  | 0.94       |
|    value_loss           | 1.67       |
----------------------------------------
-----------------------------------------
| rollout/                |             |
|    ep_len_mean          | 263         |
|    ep_rew_mean          | 36.2        |
| time/                   |             |
|    fps                  | 1298        |
|    iterations           | 57          |
|    time_elapsed         | 89          |
|    total_timesteps      | 116736      |
| train/                  |             |
|    approx_kl            | 0.022971146 |
|    clip_fraction        | 0.252       |
|    clip_range           | 0.2         |
|    entropy_loss         | -20.3       |
|    explained_variance   | 0.89627373  |
|    learning_rate        | 0.0003      |
|    loss                 | 0.932       |
|    n_updates            | 560         |
|    policy_gradient_loss | -0.0351     |
|    std                  | 0.94        |
|    value_loss           | 2.13        |
-----------------------------------------
----------------------------------------
| rollout/                |            |
|    ep_len_mean          | 263        |
|    ep_rew_mean          | 35.8       |
| time/                   |            |
|    fps                  | 1301       |
|    iterations           | 58         |
|    time_elapsed         | 91         |
|    total_timesteps      | 118784     |
| train/                  |            |
|    approx_kl            | 0.01950191 |
|    clip_fraction        | 0.209      |
|    clip_range           | 0.2        |
|    entropy_loss         | -20.3      |
|    explained_variance   | 0.877715   |
|    learning_rate        | 0.0003     |
|    loss                 | 0.433      |
|    n_updates            | 570        |
|    policy_gradient_loss | -0.0366    |
|    std                  | 0.939      |
|    value_loss           | 2.27       |
----------------------------------------
-----------------------------------------
| rollout/                |             |
|    ep_len_mean          | 268         |
|    ep_rew_mean          | 37.1        |
| time/                   |             |
|    fps                  | 1303        |
|    iterations           | 59          |
|    time_elapsed         | 92          |
|    total_timesteps      | 120832      |
| train/                  |             |
|    approx_kl            | 0.023391731 |
|    clip_fraction        | 0.238       |
|    clip_range           | 0.2         |
|    entropy_loss         | -20.3       |
|    explained_variance   | 0.9019877   |
|    learning_rate        | 0.0003      |
|    loss                 | 0.504       |
|    n_updates            | 580         |
|    policy_gradient_loss | -0.0387     |
|    std                  | 0.939       |
|    value_loss           | 1.89        |
-----------------------------------------
-----------------------------------------
| rollout/                |             |
|    ep_len_mean          | 266         |
|    ep_rew_mean          | 36.9        |
| time/                   |             |
|    fps                  | 1305        |
|    iterations           | 60          |
|    time_elapsed         | 94          |
|    total_timesteps      | 122880      |
| train/                  |             |
|    approx_kl            | 0.022454929 |
|    clip_fraction        | 0.232       |
|    clip_range           | 0.2         |
|    entropy_loss         | -20.2       |
|    explained_variance   | 0.8437294   |
|    learning_rate        | 0.0003      |
|    loss                 | 0.761       |
|    n_updates            | 590         |
|    policy_gradient_loss | -0.04       |
|    std                  | 0.933       |
|    value_loss           | 2.46        |
-----------------------------------------
-----------------------------------------
| rollout/                |             |
|    ep_len_mean          | 253         |
|    ep_rew_mean          | 34.5        |
| time/                   |             |
|    fps                  | 1305        |
|    iterations           | 61          |
|    time_elapsed         | 95          |
|    total_timesteps      | 124928      |
| train/                  |             |
|    approx_kl            | 0.022403741 |
|    clip_fraction        | 0.246       |
|    clip_range           | 0.2         |
|    entropy_loss         | -20.2       |
|    explained_variance   | 0.9191216   |
|    learning_rate        | 0.0003      |
|    loss                 | 0.588       |
|    n_updates            | 600         |
|    policy_gradient_loss | -0.0369     |
|    std                  | 0.931       |
|    value_loss           | 1.79        |
-----------------------------------------
-----------------------------------------
| rollout/                |             |
|    ep_len_mean          | 246         |
|    ep_rew_mean          | 32.9        |
| time/                   |             |
|    fps                  | 1308        |
|    iterations           | 62          |
|    time_elapsed         | 97          |
|    total_timesteps      | 126976      |
| train/                  |             |
|    approx_kl            | 0.023031775 |
|    clip_fraction        | 0.249       |
|    clip_range           | 0.2         |
|    entropy_loss         | -20.2       |
|    explained_variance   | 0.9220629   |
|    learning_rate        | 0.0003      |
|    loss                 | 0.571       |
|    n_updates            | 610         |
|    policy_gradient_loss | -0.0373     |
|    std                  | 0.929       |
|    value_loss           | 1.63        |
-----------------------------------------
-----------------------------------------
| rollout/                |             |
|    ep_len_mean          | 245         |
|    ep_rew_mean          | 32.6        |
| time/                   |             |
|    fps                  | 1309        |
|    iterations           | 63          |
|    time_elapsed         | 98          |
|    total_timesteps      | 129024      |
| train/                  |             |
|    approx_kl            | 0.026847119 |
|    clip_fraction        | 0.263       |
|    clip_range           | 0.2         |
|    entropy_loss         | -20.1       |
|    explained_variance   | 0.93566     |
|    learning_rate        | 0.0003      |
|    loss                 | 0.279       |
|    n_updates            | 620         |
|    policy_gradient_loss | -0.035      |
|    std                  | 0.922       |
|    value_loss           | 1.4         |
-----------------------------------------
-----------------------------------------
| rollout/                |             |
|    ep_len_mean          | 243         |
|    ep_rew_mean          | 33.2        |
| time/                   |             |
|    fps                  | 1312        |
|    iterations           | 64          |
|    time_elapsed         | 99          |
|    total_timesteps      | 131072      |
| train/                  |             |
|    approx_kl            | 0.023897007 |
|    clip_fraction        | 0.264       |
|    clip_range           | 0.2         |
|    entropy_loss         | -20         |
|    explained_variance   | 0.9173526   |
|    learning_rate        | 0.0003      |
|    loss                 | 0.655       |
|    n_updates            | 630         |
|    policy_gradient_loss | -0.0408     |
|    std                  | 0.919       |
|    value_loss           | 1.61        |
-----------------------------------------
-----------------------------------------
| rollout/                |             |
|    ep_len_mean          | 246         |
|    ep_rew_mean          | 34.3        |
| time/                   |             |
|    fps                  | 1316        |
|    iterations           | 65          |
|    time_elapsed         | 101         |
|    total_timesteps      | 133120      |
| train/                  |             |
|    approx_kl            | 0.022572484 |
|    clip_fraction        | 0.251       |
|    clip_range           | 0.2         |
|    entropy_loss         | -20         |
|    explained_variance   | 0.91064095  |
|    learning_rate        | 0.0003      |
|    loss                 | 0.606       |
|    n_updates            | 640         |
|    policy_gradient_loss | -0.0365     |
|    std                  | 0.92        |
|    value_loss           | 1.73        |
-----------------------------------------
-----------------------------------------
| rollout/                |             |
|    ep_len_mean          | 247         |
|    ep_rew_mean          | 34.7        |
| time/                   |             |
|    fps                  | 1318        |
|    iterations           | 66          |
|    time_elapsed         | 102         |
|    total_timesteps      | 135168      |
| train/                  |             |
|    approx_kl            | 0.022681495 |
|    clip_fraction        | 0.265       |
|    clip_range           | 0.2         |
|    entropy_loss         | -20         |
|    explained_variance   | 0.92903864  |
|    learning_rate        | 0.0003      |
|    loss                 | 0.464       |
|    n_updates            | 650         |
|    policy_gradient_loss | -0.0351     |
|    std                  | 0.919       |
|    value_loss           | 1.72        |
-----------------------------------------
-----------------------------------------
| rollout/                |             |
|    ep_len_mean          | 249         |
|    ep_rew_mean          | 34.7        |
| time/                   |             |
|    fps                  | 1320        |
|    iterations           | 67          |
|    time_elapsed         | 103         |
|    total_timesteps      | 137216      |
| train/                  |             |
|    approx_kl            | 0.028031329 |
|    clip_fraction        | 0.31        |
|    clip_range           | 0.2         |
|    entropy_loss         | -20         |
|    explained_variance   | 0.95576787  |
|    learning_rate        | 0.0003      |
|    loss                 | 0.278       |
|    n_updates            | 660         |
|    policy_gradient_loss | -0.0376     |
|    std                  | 0.92        |
|    value_loss           | 1.12        |
-----------------------------------------
-----------------------------------------
| rollout/                |             |
|    ep_len_mean          | 248         |
|    ep_rew_mean          | 34.8        |
| time/                   |             |
|    fps                  | 1322        |
|    iterations           | 68          |
|    time_elapsed         | 105         |
|    total_timesteps      | 139264      |
| train/                  |             |
|    approx_kl            | 0.022220619 |
|    clip_fraction        | 0.243       |
|    clip_range           | 0.2         |
|    entropy_loss         | -20         |
|    explained_variance   | 0.93445563  |
|    learning_rate        | 0.0003      |
|    loss                 | 0.211       |
|    n_updates            | 670         |
|    policy_gradient_loss | -0.0363     |
|    std                  | 0.92        |
|    value_loss           | 1.64        |
-----------------------------------------
-----------------------------------------
| rollout/                |             |
|    ep_len_mean          | 248         |
|    ep_rew_mean          | 35.1        |
| time/                   |             |
|    fps                  | 1325        |
|    iterations           | 69          |
|    time_elapsed         | 106         |
|    total_timesteps      | 141312      |
| train/                  |             |
|    approx_kl            | 0.026707616 |
|    clip_fraction        | 0.259       |
|    clip_range           | 0.2         |
|    entropy_loss         | -20         |
|    explained_variance   | 0.939429    |
|    learning_rate        | 0.0003      |
|    loss                 | 0.239       |
|    n_updates            | 680         |
|    policy_gradient_loss | -0.0364     |
|    std                  | 0.919       |
|    value_loss           | 1.27        |
-----------------------------------------
----------------------------------------
| rollout/                |            |
|    ep_len_mean          | 246        |
|    ep_rew_mean          | 35.4       |
| time/                   |            |
|    fps                  | 1328       |
|    iterations           | 70         |
|    time_elapsed         | 107        |
|    total_timesteps      | 143360     |
| train/                  |            |
|    approx_kl            | 0.02643647 |
|    clip_fraction        | 0.276      |
|    clip_range           | 0.2        |
|    entropy_loss         | -20        |
|    explained_variance   | 0.9531653  |
|    learning_rate        | 0.0003     |
|    loss                 | 0.17       |
|    n_updates            | 690        |
|    policy_gradient_loss | -0.0342    |
|    std                  | 0.917      |
|    value_loss           | 0.964      |
----------------------------------------
----------------------------------------
| rollout/                |            |
|    ep_len_mean          | 244        |
|    ep_rew_mean          | 35.3       |
| time/                   |            |
|    fps                  | 1329       |
|    iterations           | 71         |
|    time_elapsed         | 109        |
|    total_timesteps      | 145408     |
| train/                  |            |
|    approx_kl            | 0.02500504 |
|    clip_fraction        | 0.263      |
|    clip_range           | 0.2        |
|    entropy_loss         | -19.9      |
|    explained_variance   | 0.95721066 |
|    learning_rate        | 0.0003     |
|    loss                 | 0.198      |
|    n_updates            | 700        |
|    policy_gradient_loss | -0.0336    |
|    std                  | 0.915      |
|    value_loss           | 0.954      |
----------------------------------------
-----------------------------------------
| rollout/                |             |
|    ep_len_mean          | 246         |
|    ep_rew_mean          | 36          |
| time/                   |             |
|    fps                  | 1328        |
|    iterations           | 72          |
|    time_elapsed         | 110         |
|    total_timesteps      | 147456      |
| train/                  |             |
|    approx_kl            | 0.026893962 |
|    clip_fraction        | 0.265       |
|    clip_range           | 0.2         |
|    entropy_loss         | -19.9       |
|    explained_variance   | 0.93431437  |
|    learning_rate        | 0.0003      |
|    loss                 | 0.249       |
|    n_updates            | 710         |
|    policy_gradient_loss | -0.0376     |
|    std                  | 0.91        |
|    value_loss           | 1.34        |
-----------------------------------------
-----------------------------------------
| rollout/                |             |
|    ep_len_mean          | 248         |
|    ep_rew_mean          | 36.5        |
| time/                   |             |
|    fps                  | 1330        |
|    iterations           | 73          |
|    time_elapsed         | 112         |
|    total_timesteps      | 149504      |
| train/                  |             |
|    approx_kl            | 0.027941167 |
|    clip_fraction        | 0.278       |
|    clip_range           | 0.2         |
|    entropy_loss         | -19.8       |
|    explained_variance   | 0.9321196   |
|    learning_rate        | 0.0003      |
|    loss                 | 0.234       |
|    n_updates            | 720         |
|    policy_gradient_loss | -0.0369     |
|    std                  | 0.91        |
|    value_loss           | 1.04        |
-----------------------------------------
-----------------------------------------
| rollout/                |             |
|    ep_len_mean          | 252         |
|    ep_rew_mean          | 37.6        |
| time/                   |             |
|    fps                  | 1332        |
|    iterations           | 74          |
|    time_elapsed         | 113         |
|    total_timesteps      | 151552      |
| train/                  |             |
|    approx_kl            | 0.020474972 |
|    clip_fraction        | 0.229       |
|    clip_range           | 0.2         |
|    entropy_loss         | -19.8       |
|    explained_variance   | 0.9311096   |
|    learning_rate        | 0.0003      |
|    loss                 | 0.341       |
|    n_updates            | 730         |
|    policy_gradient_loss | -0.0368     |
|    std                  | 0.907       |
|    value_loss           | 1.54        |
-----------------------------------------
----------------------------------------
| rollout/                |            |
|    ep_len_mean          | 252        |
|    ep_rew_mean          | 38.1       |
| time/                   |            |
|    fps                  | 1334       |
|    iterations           | 75         |
|    time_elapsed         | 115        |
|    total_timesteps      | 153600     |
| train/                  |            |
|    approx_kl            | 0.02386989 |
|    clip_fraction        | 0.246      |
|    clip_range           | 0.2        |
|    entropy_loss         | -19.8      |
|    explained_variance   | 0.9360097  |
|    learning_rate        | 0.0003     |
|    loss                 | 0.234      |
|    n_updates            | 740        |
|    policy_gradient_loss | -0.0392    |
|    std                  | 0.908      |
|    value_loss           | 1.14       |
----------------------------------------
----------------------------------------
| rollout/                |            |
|    ep_len_mean          | 259        |
|    ep_rew_mean          | 39.8       |
| time/                   |            |
|    fps                  | 1335       |
|    iterations           | 76         |
|    time_elapsed         | 116        |
|    total_timesteps      | 155648     |
| train/                  |            |
|    approx_kl            | 0.02126687 |
|    clip_fraction        | 0.264      |
|    clip_range           | 0.2        |
|    entropy_loss         | -19.8      |
|    explained_variance   | 0.9630093  |
|    learning_rate        | 0.0003     |
|    loss                 | 0.462      |
|    n_updates            | 750        |
|    policy_gradient_loss | -0.0362    |
|    std                  | 0.906      |
|    value_loss           | 1.04       |
----------------------------------------
-----------------------------------------
| rollout/                |             |
|    ep_len_mean          | 262         |
|    ep_rew_mean          | 40.5        |
| time/                   |             |
|    fps                  | 1335        |
|    iterations           | 77          |
|    time_elapsed         | 118         |
|    total_timesteps      | 157696      |
| train/                  |             |
|    approx_kl            | 0.025254635 |
|    clip_fraction        | 0.271       |
|    clip_range           | 0.2         |
|    entropy_loss         | -19.8       |
|    explained_variance   | 0.8888633   |
|    learning_rate        | 0.0003      |
|    loss                 | 0.205       |
|    n_updates            | 760         |
|    policy_gradient_loss | -0.0419     |
|    std                  | 0.905       |
|    value_loss           | 1.4         |
-----------------------------------------
-----------------------------------------
| rollout/                |             |
|    ep_len_mean          | 262         |
|    ep_rew_mean          | 40.7        |
| time/                   |             |
|    fps                  | 1334        |
|    iterations           | 78          |
|    time_elapsed         | 119         |
|    total_timesteps      | 159744      |
| train/                  |             |
|    approx_kl            | 0.024132052 |
|    clip_fraction        | 0.236       |
|    clip_range           | 0.2         |
|    entropy_loss         | -19.7       |
|    explained_variance   | 0.8964449   |
|    learning_rate        | 0.0003      |
|    loss                 | 0.372       |
|    n_updates            | 770         |
|    policy_gradient_loss | -0.0388     |
|    std                  | 0.904       |
|    value_loss           | 2.04        |
-----------------------------------------
-----------------------------------------
| rollout/                |             |
|    ep_len_mean          | 262         |
|    ep_rew_mean          | 41.4        |
| time/                   |             |
|    fps                  | 1336        |
|    iterations           | 79          |
|    time_elapsed         | 121         |
|    total_timesteps      | 161792      |
| train/                  |             |
|    approx_kl            | 0.024514366 |
|    clip_fraction        | 0.249       |
|    clip_range           | 0.2         |
|    entropy_loss         | -19.7       |
|    explained_variance   | 0.92587024  |
|    learning_rate        | 0.0003      |
|    loss                 | 0.619       |
|    n_updates            | 780         |
|    policy_gradient_loss | -0.0389     |
|    std                  | 0.902       |
|    value_loss           | 1.65        |
-----------------------------------------
-----------------------------------------
| rollout/                |             |
|    ep_len_mean          | 267         |
|    ep_rew_mean          | 43.1        |
| time/                   |             |
|    fps                  | 1338        |
|    iterations           | 80          |
|    time_elapsed         | 122         |
|    total_timesteps      | 163840      |
| train/                  |             |
|    approx_kl            | 0.022747323 |
|    clip_fraction        | 0.248       |
|    clip_range           | 0.2         |
|    entropy_loss         | -19.7       |
|    explained_variance   | 0.9496715   |
|    learning_rate        | 0.0003      |
|    loss                 | 0.511       |
|    n_updates            | 790         |
|    policy_gradient_loss | -0.036      |
|    std                  | 0.9         |
|    value_loss           | 1.03        |
-----------------------------------------
----------------------------------------
| rollout/                |            |
|    ep_len_mean          | 274        |
|    ep_rew_mean          | 44.8       |
| time/                   |            |
|    fps                  | 1338       |
|    iterations           | 81         |
|    time_elapsed         | 123        |
|    total_timesteps      | 165888     |
| train/                  |            |
|    approx_kl            | 0.02816151 |
|    clip_fraction        | 0.281      |
|    clip_range           | 0.2        |
|    entropy_loss         | -19.7      |
|    explained_variance   | 0.93609357 |
|    learning_rate        | 0.0003     |
|    loss                 | 0.201      |
|    n_updates            | 800        |
|    policy_gradient_loss | -0.0354    |
|    std                  | 0.898      |
|    value_loss           | 1.07       |
----------------------------------------
-----------------------------------------
| rollout/                |             |
|    ep_len_mean          | 278         |
|    ep_rew_mean          | 46.4        |
| time/                   |             |
|    fps                  | 1339        |
|    iterations           | 82          |
|    time_elapsed         | 125         |
|    total_timesteps      | 167936      |
| train/                  |             |
|    approx_kl            | 0.026294727 |
|    clip_fraction        | 0.277       |
|    clip_range           | 0.2         |
|    entropy_loss         | -19.6       |
|    explained_variance   | 0.9321965   |
|    learning_rate        | 0.0003      |
|    loss                 | 0.39        |
|    n_updates            | 810         |
|    policy_gradient_loss | -0.0378     |
|    std                  | 0.898       |
|    value_loss           | 1.28        |
-----------------------------------------
----------------------------------------
| rollout/                |            |
|    ep_len_mean          | 279        |
|    ep_rew_mean          | 47         |
| time/                   |            |
|    fps                  | 1341       |
|    iterations           | 83         |
|    time_elapsed         | 126        |
|    total_timesteps      | 169984     |
| train/                  |            |
|    approx_kl            | 0.02631224 |
|    clip_fraction        | 0.27       |
|    clip_range           | 0.2        |
|    entropy_loss         | -19.6      |
|    explained_variance   | 0.9662715  |
|    learning_rate        | 0.0003     |
|    loss                 | 0.163      |
|    n_updates            | 820        |
|    policy_gradient_loss | -0.036     |
|    std                  | 0.896      |
|    value_loss           | 0.872      |
----------------------------------------
-----------------------------------------
| rollout/                |             |
|    ep_len_mean          | 289         |
|    ep_rew_mean          | 49.2        |
| time/                   |             |
|    fps                  | 1341        |
|    iterations           | 84          |
|    time_elapsed         | 128         |
|    total_timesteps      | 172032      |
| train/                  |             |
|    approx_kl            | 0.024262153 |
|    clip_fraction        | 0.273       |
|    clip_range           | 0.2         |
|    entropy_loss         | -19.6       |
|    explained_variance   | 0.98395896  |
|    learning_rate        | 0.0003      |
|    loss                 | 0.115       |
|    n_updates            | 830         |
|    policy_gradient_loss | -0.0346     |
|    std                  | 0.892       |
|    value_loss           | 0.629       |
-----------------------------------------
-----------------------------------------
| rollout/                |             |
|    ep_len_mean          | 286         |
|    ep_rew_mean          | 49.3        |
| time/                   |             |
|    fps                  | 1342        |
|    iterations           | 85          |
|    time_elapsed         | 129         |
|    total_timesteps      | 174080      |
| train/                  |             |
|    approx_kl            | 0.025912218 |
|    clip_fraction        | 0.27        |
|    clip_range           | 0.2         |
|    entropy_loss         | -19.5       |
|    explained_variance   | 0.87140965  |
|    learning_rate        | 0.0003      |
|    loss                 | 0.61        |
|    n_updates            | 840         |
|    policy_gradient_loss | -0.0374     |
|    std                  | 0.89        |
|    value_loss           | 1.62        |
-----------------------------------------
-----------------------------------------
| rollout/                |             |
|    ep_len_mean          | 282         |
|    ep_rew_mean          | 48.8        |
| time/                   |             |
|    fps                  | 1343        |
|    iterations           | 86          |
|    time_elapsed         | 131         |
|    total_timesteps      | 176128      |
| train/                  |             |
|    approx_kl            | 0.033078898 |
|    clip_fraction        | 0.313       |
|    clip_range           | 0.2         |
|    entropy_loss         | -19.5       |
|    explained_variance   | 0.9731055   |
|    learning_rate        | 0.0003      |
|    loss                 | 0.391       |
|    n_updates            | 850         |
|    policy_gradient_loss | -0.0355     |
|    std                  | 0.888       |
|    value_loss           | 0.602       |
-----------------------------------------
----------------------------------------
| rollout/                |            |
|    ep_len_mean          | 284        |
|    ep_rew_mean          | 49.4       |
| time/                   |            |
|    fps                  | 1344       |
|    iterations           | 87         |
|    time_elapsed         | 132        |
|    total_timesteps      | 178176     |
| train/                  |            |
|    approx_kl            | 0.02882817 |
|    clip_fraction        | 0.29       |
|    clip_range           | 0.2        |
|    entropy_loss         | -19.5      |
|    explained_variance   | 0.9749296  |
|    learning_rate        | 0.0003     |
|    loss                 | 0.169      |
|    n_updates            | 860        |
|    policy_gradient_loss | -0.0378    |
|    std                  | 0.889      |
|    value_loss           | 0.877      |
----------------------------------------
-----------------------------------------
| rollout/                |             |
|    ep_len_mean          | 283         |
|    ep_rew_mean          | 50.1        |
| time/                   |             |
|    fps                  | 1345        |
|    iterations           | 88          |
|    time_elapsed         | 133         |
|    total_timesteps      | 180224      |
| train/                  |             |
|    approx_kl            | 0.022987947 |
|    clip_fraction        | 0.251       |
|    clip_range           | 0.2         |
|    entropy_loss         | -19.5       |
|    explained_variance   | 0.974006    |
|    learning_rate        | 0.0003      |
|    loss                 | 0.225       |
|    n_updates            | 870         |
|    policy_gradient_loss | -0.0363     |
|    std                  | 0.887       |
|    value_loss           | 0.918       |
-----------------------------------------
-----------------------------------------
| rollout/                |             |
|    ep_len_mean          | 284         |
|    ep_rew_mean          | 50.4        |
| time/                   |             |
|    fps                  | 1346        |
|    iterations           | 89          |
|    time_elapsed         | 135         |
|    total_timesteps      | 182272      |
| train/                  |             |
|    approx_kl            | 0.024635917 |
|    clip_fraction        | 0.284       |
|    clip_range           | 0.2         |
|    entropy_loss         | -19.4       |
|    explained_variance   | 0.9787243   |
|    learning_rate        | 0.0003      |
|    loss                 | 0.172       |
|    n_updates            | 880         |
|    policy_gradient_loss | -0.0362     |
|    std                  | 0.886       |
|    value_loss           | 0.715       |
-----------------------------------------
-----------------------------------------
| rollout/                |             |
|    ep_len_mean          | 282         |
|    ep_rew_mean          | 50.6        |
| time/                   |             |
|    fps                  | 1346        |
|    iterations           | 90          |
|    time_elapsed         | 136         |
|    total_timesteps      | 184320      |
| train/                  |             |
|    approx_kl            | 0.023255697 |
|    clip_fraction        | 0.27        |
|    clip_range           | 0.2         |
|    entropy_loss         | -19.4       |
|    explained_variance   | 0.959223    |
|    learning_rate        | 0.0003      |
|    loss                 | 0.194       |
|    n_updates            | 890         |
|    policy_gradient_loss | -0.0377     |
|    std                  | 0.886       |
|    value_loss           | 1.14        |
-----------------------------------------
-----------------------------------------
| rollout/                |             |
|    ep_len_mean          | 282         |
|    ep_rew_mean          | 50.5        |
| time/                   |             |
|    fps                  | 1345        |
|    iterations           | 91          |
|    time_elapsed         | 138         |
|    total_timesteps      | 186368      |
| train/                  |             |
|    approx_kl            | 0.023924042 |
|    clip_fraction        | 0.25        |
|    clip_range           | 0.2         |
|    entropy_loss         | -19.4       |
|    explained_variance   | 0.9029155   |
|    learning_rate        | 0.0003      |
|    loss                 | 0.509       |
|    n_updates            | 900         |
|    policy_gradient_loss | -0.0411     |
|    std                  | 0.888       |
|    value_loss           | 1.81        |
-----------------------------------------
-----------------------------------------
| rollout/                |             |
|    ep_len_mean          | 283         |
|    ep_rew_mean          | 50.9        |
| time/                   |             |
|    fps                  | 1345        |
|    iterations           | 92          |
|    time_elapsed         | 140         |
|    total_timesteps      | 188416      |
| train/                  |             |
|    approx_kl            | 0.028534297 |
|    clip_fraction        | 0.265       |
|    clip_range           | 0.2         |
|    entropy_loss         | -19.5       |
|    explained_variance   | 0.9232758   |
|    learning_rate        | 0.0003      |
|    loss                 | 0.387       |
|    n_updates            | 910         |
|    policy_gradient_loss | -0.0432     |
|    std                  | 0.891       |
|    value_loss           | 1.64        |
-----------------------------------------
-----------------------------------------
| rollout/                |             |
|    ep_len_mean          | 285         |
|    ep_rew_mean          | 51.3        |
| time/                   |             |
|    fps                  | 1346        |
|    iterations           | 93          |
|    time_elapsed         | 141         |
|    total_timesteps      | 190464      |
| train/                  |             |
|    approx_kl            | 0.030248873 |
|    clip_fraction        | 0.308       |
|    clip_range           | 0.2         |
|    entropy_loss         | -19.5       |
|    explained_variance   | 0.95981824  |
|    learning_rate        | 0.0003      |
|    loss                 | 0.204       |
|    n_updates            | 920         |
|    policy_gradient_loss | -0.0383     |
|    std                  | 0.888       |
|    value_loss           | 0.975       |
-----------------------------------------
-----------------------------------------
| rollout/                |             |
|    ep_len_mean          | 277         |
|    ep_rew_mean          | 49.8        |
| time/                   |             |
|    fps                  | 1347        |
|    iterations           | 94          |
|    time_elapsed         | 142         |
|    total_timesteps      | 192512      |
| train/                  |             |
|    approx_kl            | 0.026120868 |
|    clip_fraction        | 0.267       |
|    clip_range           | 0.2         |
|    entropy_loss         | -19.4       |
|    explained_variance   | 0.937397    |
|    learning_rate        | 0.0003      |
|    loss                 | 0.518       |
|    n_updates            | 930         |
|    policy_gradient_loss | -0.0406     |
|    std                  | 0.886       |
|    value_loss           | 1.47        |
-----------------------------------------
---------------------------------------
| rollout/                |           |
|    ep_len_mean          | 278       |
|    ep_rew_mean          | 50.1      |
| time/                   |           |
|    fps                  | 1348      |
|    iterations           | 95        |
|    time_elapsed         | 144       |
|    total_timesteps      | 194560    |
| train/                  |           |
|    approx_kl            | 0.0287308 |
|    clip_fraction        | 0.304     |
|    clip_range           | 0.2       |
|    entropy_loss         | -19.4     |
|    explained_variance   | 0.9773264 |
|    learning_rate        | 0.0003    |
|    loss                 | 0.0741    |
|    n_updates            | 940       |
|    policy_gradient_loss | -0.0372   |
|    std                  | 0.885     |
|    value_loss           | 0.571     |
---------------------------------------
----------------------------------------
| rollout/                |            |
|    ep_len_mean          | 278        |
|    ep_rew_mean          | 49.6       |
| time/                   |            |
|    fps                  | 1349       |
|    iterations           | 96         |
|    time_elapsed         | 145        |
|    total_timesteps      | 196608     |
| train/                  |            |
|    approx_kl            | 0.02885873 |
|    clip_fraction        | 0.31       |
|    clip_range           | 0.2        |
|    entropy_loss         | -19.4      |
|    explained_variance   | 0.9762738  |
|    learning_rate        | 0.0003     |
|    loss                 | 0.108      |
|    n_updates            | 950        |
|    policy_gradient_loss | -0.0375    |
|    std                  | 0.885      |
|    value_loss           | 0.592      |
----------------------------------------
-----------------------------------------
| rollout/                |             |
|    ep_len_mean          | 272         |
|    ep_rew_mean          | 48.4        |
| time/                   |             |
|    fps                  | 1350        |
|    iterations           | 97          |
|    time_elapsed         | 147         |
|    total_timesteps      | 198656      |
| train/                  |             |
|    approx_kl            | 0.022533132 |
|    clip_fraction        | 0.232       |
|    clip_range           | 0.2         |
|    entropy_loss         | -19.4       |
|    explained_variance   | 0.93278986  |
|    learning_rate        | 0.0003      |
|    loss                 | 0.367       |
|    n_updates            | 960         |
|    policy_gradient_loss | -0.0381     |
|    std                  | 0.889       |
|    value_loss           | 1.41        |
-----------------------------------------
----------------------------------------
| rollout/                |            |
|    ep_len_mean          | 267        |
|    ep_rew_mean          | 47.1       |
| time/                   |            |
|    fps                  | 1351       |
|    iterations           | 98         |
|    time_elapsed         | 148        |
|    total_timesteps      | 200704     |
| train/                  |            |
|    approx_kl            | 0.02735294 |
|    clip_fraction        | 0.297      |
|    clip_range           | 0.2        |
|    entropy_loss         | -19.5      |
|    explained_variance   | 0.9824566  |
|    learning_rate        | 0.0003     |
|    loss                 | 0.142      |
|    n_updates            | 970        |
|    policy_gradient_loss | -0.0391    |
|    std                  | 0.893      |
|    value_loss           | 0.584      |
----------------------------------------
-----------------------------------------
| rollout/                |             |
|    ep_len_mean          | 269         |
|    ep_rew_mean          | 47.5        |
| time/                   |             |
|    fps                  | 1351        |
|    iterations           | 99          |
|    time_elapsed         | 149         |
|    total_timesteps      | 202752      |
| train/                  |             |
|    approx_kl            | 0.023838516 |
|    clip_fraction        | 0.231       |
|    clip_range           | 0.2         |
|    entropy_loss         | -19.5       |
|    explained_variance   | 0.9525888   |
|    learning_rate        | 0.0003      |
|    loss                 | 0.381       |
|    n_updates            | 980         |
|    policy_gradient_loss | -0.0365     |
|    std                  | 0.89        |
|    value_loss           | 1.22        |
-----------------------------------------
-----------------------------------------
| rollout/                |             |
|    ep_len_mean          | 271         |
|    ep_rew_mean          | 48.1        |
| time/                   |             |
|    fps                  | 1352        |
|    iterations           | 100         |
|    time_elapsed         | 151         |
|    total_timesteps      | 204800      |
| train/                  |             |
|    approx_kl            | 0.025379162 |
|    clip_fraction        | 0.274       |
|    clip_range           | 0.2         |
|    entropy_loss         | -19.5       |
|    explained_variance   | 0.96974677  |
|    learning_rate        | 0.0003      |
|    loss                 | 0.246       |
|    n_updates            | 990         |
|    policy_gradient_loss | -0.0354     |
|    std                  | 0.886       |
|    value_loss           | 0.883       |
-----------------------------------------
----------------------------------------
| rollout/                |            |
|    ep_len_mean          | 277        |
|    ep_rew_mean          | 48.9       |
| time/                   |            |
|    fps                  | 1352       |
|    iterations           | 101        |
|    time_elapsed         | 152        |
|    total_timesteps      | 206848     |
| train/                  |            |
|    approx_kl            | 0.02622411 |
|    clip_fraction        | 0.272      |
|    clip_range           | 0.2        |
|    entropy_loss         | -19.4      |
|    explained_variance   | 0.956733   |
|    learning_rate        | 0.0003     |
|    loss                 | 0.0638     |
|    n_updates            | 1000       |
|    policy_gradient_loss | -0.0441    |
|    std                  | 0.885      |
|    value_loss           | 0.876      |
----------------------------------------
----------------------------------------
| rollout/                |            |
|    ep_len_mean          | 278        |
|    ep_rew_mean          | 49.2       |
| time/                   |            |
|    fps                  | 1352       |
|    iterations           | 102        |
|    time_elapsed         | 154        |
|    total_timesteps      | 208896     |
| train/                  |            |
|    approx_kl            | 0.02542822 |
|    clip_fraction        | 0.269      |
|    clip_range           | 0.2        |
|    entropy_loss         | -19.4      |
|    explained_variance   | 0.94969743 |
|    learning_rate        | 0.0003     |
|    loss                 | 0.168      |
|    n_updates            | 1010       |
|    policy_gradient_loss | -0.0403    |
|    std                  | 0.884      |
|    value_loss           | 1.07       |
----------------------------------------
-----------------------------------------
| rollout/                |             |
|    ep_len_mean          | 276         |
|    ep_rew_mean          | 49          |
| time/                   |             |
|    fps                  | 1352        |
|    iterations           | 103         |
|    time_elapsed         | 155         |
|    total_timesteps      | 210944      |
| train/                  |             |
|    approx_kl            | 0.023052122 |
|    clip_fraction        | 0.287       |
|    clip_range           | 0.2         |
|    entropy_loss         | -19.4       |
|    explained_variance   | 0.9727602   |
|    learning_rate        | 0.0003      |
|    loss                 | 0.088       |
|    n_updates            | 1020        |
|    policy_gradient_loss | -0.0378     |
|    std                  | 0.882       |
|    value_loss           | 0.779       |
-----------------------------------------
-----------------------------------------
| rollout/                |             |
|    ep_len_mean          | 274         |
|    ep_rew_mean          | 48.4        |
| time/                   |             |
|    fps                  | 1353        |
|    iterations           | 104         |
|    time_elapsed         | 157         |
|    total_timesteps      | 212992      |
| train/                  |             |
|    approx_kl            | 0.026023693 |
|    clip_fraction        | 0.294       |
|    clip_range           | 0.2         |
|    entropy_loss         | -19.3       |
|    explained_variance   | 0.9767815   |
|    learning_rate        | 0.0003      |
|    loss                 | 0.124       |
|    n_updates            | 1030        |
|    policy_gradient_loss | -0.0406     |
|    std                  | 0.88        |
|    value_loss           | 0.657       |
-----------------------------------------
----------------------------------------
| rollout/                |            |
|    ep_len_mean          | 279        |
|    ep_rew_mean          | 50.7       |
| time/                   |            |
|    fps                  | 1353       |
|    iterations           | 105        |
|    time_elapsed         | 158        |
|    total_timesteps      | 215040     |
| train/                  |            |
|    approx_kl            | 0.02584514 |
|    clip_fraction        | 0.263      |
|    clip_range           | 0.2        |
|    entropy_loss         | -19.3      |
|    explained_variance   | 0.98140854 |
|    learning_rate        | 0.0003     |
|    loss                 | 0.0819     |
|    n_updates            | 1040       |
|    policy_gradient_loss | -0.0325    |
|    std                  | 0.88       |
|    value_loss           | 0.57       |
----------------------------------------
-----------------------------------------
| rollout/                |             |
|    ep_len_mean          | 279         |
|    ep_rew_mean          | 51.1        |
| time/                   |             |
|    fps                  | 1354        |
|    iterations           | 106         |
|    time_elapsed         | 160         |
|    total_timesteps      | 217088      |
| train/                  |             |
|    approx_kl            | 0.026640635 |
|    clip_fraction        | 0.301       |
|    clip_range           | 0.2         |
|    entropy_loss         | -19.3       |
|    explained_variance   | 0.967155    |
|    learning_rate        | 0.0003      |
|    loss                 | 0.12        |
|    n_updates            | 1050        |
|    policy_gradient_loss | -0.0381     |
|    std                  | 0.878       |
|    value_loss           | 0.52        |
-----------------------------------------
-----------------------------------------
| rollout/                |             |
|    ep_len_mean          | 283         |
|    ep_rew_mean          | 52.3        |
| time/                   |             |
|    fps                  | 1354        |
|    iterations           | 107         |
|    time_elapsed         | 161         |
|    total_timesteps      | 219136      |
| train/                  |             |
|    approx_kl            | 0.023371547 |
|    clip_fraction        | 0.262       |
|    clip_range           | 0.2         |
|    entropy_loss         | -19.3       |
|    explained_variance   | 0.9653199   |
|    learning_rate        | 0.0003      |
|    loss                 | 0.18        |
|    n_updates            | 1060        |
|    policy_gradient_loss | -0.0373     |
|    std                  | 0.877       |
|    value_loss           | 0.744       |
-----------------------------------------
-----------------------------------------
| rollout/                |             |
|    ep_len_mean          | 284         |
|    ep_rew_mean          | 52.7        |
| time/                   |             |
|    fps                  | 1355        |
|    iterations           | 108         |
|    time_elapsed         | 163         |
|    total_timesteps      | 221184      |
| train/                  |             |
|    approx_kl            | 0.027627684 |
|    clip_fraction        | 0.313       |
|    clip_range           | 0.2         |
|    entropy_loss         | -19.2       |
|    explained_variance   | 0.9779874   |
|    learning_rate        | 0.0003      |
|    loss                 | 0.0618      |
|    n_updates            | 1070        |
|    policy_gradient_loss | -0.0392     |
|    std                  | 0.873       |
|    value_loss           | 0.594       |
-----------------------------------------
----------------------------------------
| rollout/                |            |
|    ep_len_mean          | 285        |
|    ep_rew_mean          | 52.6       |
| time/                   |            |
|    fps                  | 1356       |
|    iterations           | 109        |
|    time_elapsed         | 164        |
|    total_timesteps      | 223232     |
| train/                  |            |
|    approx_kl            | 0.02648554 |
|    clip_fraction        | 0.282      |
|    clip_range           | 0.2        |
|    entropy_loss         | -19.2      |
|    explained_variance   | 0.9820354  |
|    learning_rate        | 0.0003     |
|    loss                 | 0.177      |
|    n_updates            | 1080       |
|    policy_gradient_loss | -0.0386    |
|    std                  | 0.875      |
|    value_loss           | 0.504      |
----------------------------------------
-----------------------------------------
| rollout/                |             |
|    ep_len_mean          | 287         |
|    ep_rew_mean          | 53.6        |
| time/                   |             |
|    fps                  | 1356        |
|    iterations           | 110         |
|    time_elapsed         | 166         |
|    total_timesteps      | 225280      |
| train/                  |             |
|    approx_kl            | 0.023640372 |
|    clip_fraction        | 0.267       |
|    clip_range           | 0.2         |
|    entropy_loss         | -19.2       |
|    explained_variance   | 0.95722413  |
|    learning_rate        | 0.0003      |
|    loss                 | 0.365       |
|    n_updates            | 1090        |
|    policy_gradient_loss | -0.0328     |
|    std                  | 0.876       |
|    value_loss           | 0.944       |
-----------------------------------------
-----------------------------------------
| rollout/                |             |
|    ep_len_mean          | 291         |
|    ep_rew_mean          | 54.4        |
| time/                   |             |
|    fps                  | 1357        |
|    iterations           | 111         |
|    time_elapsed         | 167         |
|    total_timesteps      | 227328      |
| train/                  |             |
|    approx_kl            | 0.028936436 |
|    clip_fraction        | 0.309       |
|    clip_range           | 0.2         |
|    entropy_loss         | -19.2       |
|    explained_variance   | 0.97211236  |
|    learning_rate        | 0.0003      |
|    loss                 | 0.158       |
|    n_updates            | 1100        |
|    policy_gradient_loss | -0.0412     |
|    std                  | 0.873       |
|    value_loss           | 0.732       |
-----------------------------------------
-----------------------------------------
| rollout/                |             |
|    ep_len_mean          | 295         |
|    ep_rew_mean          | 55.5        |
| time/                   |             |
|    fps                  | 1357        |
|    iterations           | 112         |
|    time_elapsed         | 168         |
|    total_timesteps      | 229376      |
| train/                  |             |
|    approx_kl            | 0.023099478 |
|    clip_fraction        | 0.259       |
|    clip_range           | 0.2         |
|    entropy_loss         | -19.2       |
|    explained_variance   | 0.95422566  |
|    learning_rate        | 0.0003      |
|    loss                 | 0.233       |
|    n_updates            | 1110        |
|    policy_gradient_loss | -0.0384     |
|    std                  | 0.874       |
|    value_loss           | 0.89        |
-----------------------------------------
-----------------------------------------
| rollout/                |             |
|    ep_len_mean          | 296         |
|    ep_rew_mean          | 55.9        |
| time/                   |             |
|    fps                  | 1358        |
|    iterations           | 113         |
|    time_elapsed         | 170         |
|    total_timesteps      | 231424      |
| train/                  |             |
|    approx_kl            | 0.027909975 |
|    clip_fraction        | 0.283       |
|    clip_range           | 0.2         |
|    entropy_loss         | -19.2       |
|    explained_variance   | 0.9623502   |
|    learning_rate        | 0.0003      |
|    loss                 | 0.0646      |
|    n_updates            | 1120        |
|    policy_gradient_loss | -0.0394     |
|    std                  | 0.874       |
|    value_loss           | 1.03        |
-----------------------------------------
-----------------------------------------
| rollout/                |             |
|    ep_len_mean          | 297         |
|    ep_rew_mean          | 56.2        |
| time/                   |             |
|    fps                  | 1359        |
|    iterations           | 114         |
|    time_elapsed         | 171         |
|    total_timesteps      | 233472      |
| train/                  |             |
|    approx_kl            | 0.024697166 |
|    clip_fraction        | 0.264       |
|    clip_range           | 0.2         |
|    entropy_loss         | -19.2       |
|    explained_variance   | 0.9705714   |
|    learning_rate        | 0.0003      |
|    loss                 | 0.153       |
|    n_updates            | 1130        |
|    policy_gradient_loss | -0.0345     |
|    std                  | 0.872       |
|    value_loss           | 0.86        |
-----------------------------------------
-----------------------------------------
| rollout/                |             |
|    ep_len_mean          | 292         |
|    ep_rew_mean          | 55.6        |
| time/                   |             |
|    fps                  | 1360        |
|    iterations           | 115         |
|    time_elapsed         | 173         |
|    total_timesteps      | 235520      |
| train/                  |             |
|    approx_kl            | 0.024545759 |
|    clip_fraction        | 0.267       |
|    clip_range           | 0.2         |
|    entropy_loss         | -19.2       |
|    explained_variance   | 0.9681411   |
|    learning_rate        | 0.0003      |
|    loss                 | 0.159       |
|    n_updates            | 1140        |
|    policy_gradient_loss | -0.0387     |
|    std                  | 0.87        |
|    value_loss           | 1.04        |
-----------------------------------------
----------------------------------------
| rollout/                |            |
|    ep_len_mean          | 296        |
|    ep_rew_mean          | 56.3       |
| time/                   |            |
|    fps                  | 1360       |
|    iterations           | 116        |
|    time_elapsed         | 174        |
|    total_timesteps      | 237568     |
| train/                  |            |
|    approx_kl            | 0.02710393 |
|    clip_fraction        | 0.294      |
|    clip_range           | 0.2        |
|    entropy_loss         | -19.2      |
|    explained_variance   | 0.9775159  |
|    learning_rate        | 0.0003     |
|    loss                 | 0.0521     |
|    n_updates            | 1150       |
|    policy_gradient_loss | -0.0365    |
|    std                  | 0.875      |
|    value_loss           | 0.691      |
----------------------------------------
-----------------------------------------
| rollout/                |             |
|    ep_len_mean          | 295         |
|    ep_rew_mean          | 55.9        |
| time/                   |             |
|    fps                  | 1361        |
|    iterations           | 117         |
|    time_elapsed         | 175         |
|    total_timesteps      | 239616      |
| train/                  |             |
|    approx_kl            | 0.025525304 |
|    clip_fraction        | 0.284       |
|    clip_range           | 0.2         |
|    entropy_loss         | -19.2       |
|    explained_variance   | 0.9726241   |
|    learning_rate        | 0.0003      |
|    loss                 | 0.182       |
|    n_updates            | 1160        |
|    policy_gradient_loss | -0.0423     |
|    std                  | 0.875       |
|    value_loss           | 0.714       |
-----------------------------------------
-----------------------------------------
| rollout/                |             |
|    ep_len_mean          | 299         |
|    ep_rew_mean          | 57.4        |
| time/                   |             |
|    fps                  | 1361        |
|    iterations           | 118         |
|    time_elapsed         | 177         |
|    total_timesteps      | 241664      |
| train/                  |             |
|    approx_kl            | 0.029727649 |
|    clip_fraction        | 0.293       |
|    clip_range           | 0.2         |
|    entropy_loss         | -19.2       |
|    explained_variance   | 0.9803323   |
|    learning_rate        | 0.0003      |
|    loss                 | 0.116       |
|    n_updates            | 1170        |
|    policy_gradient_loss | -0.0436     |
|    std                  | 0.872       |
|    value_loss           | 0.477       |
-----------------------------------------
-----------------------------------------
| rollout/                |             |
|    ep_len_mean          | 296         |
|    ep_rew_mean          | 56.6        |
| time/                   |             |
|    fps                  | 1362        |
|    iterations           | 119         |
|    time_elapsed         | 178         |
|    total_timesteps      | 243712      |
| train/                  |             |
|    approx_kl            | 0.027883876 |
|    clip_fraction        | 0.304       |
|    clip_range           | 0.2         |
|    entropy_loss         | -19.1       |
|    explained_variance   | 0.9848682   |
|    learning_rate        | 0.0003      |
|    loss                 | 0.0769      |
|    n_updates            | 1180        |
|    policy_gradient_loss | -0.0424     |
|    std                  | 0.869       |
|    value_loss           | 0.37        |
-----------------------------------------
-----------------------------------------
| rollout/                |             |
|    ep_len_mean          | 293         |
|    ep_rew_mean          | 55.5        |
| time/                   |             |
|    fps                  | 1362        |
|    iterations           | 120         |
|    time_elapsed         | 180         |
|    total_timesteps      | 245760      |
| train/                  |             |
|    approx_kl            | 0.024720019 |
|    clip_fraction        | 0.277       |
|    clip_range           | 0.2         |
|    entropy_loss         | -19.1       |
|    explained_variance   | 0.9785566   |
|    learning_rate        | 0.0003      |
|    loss                 | 0.0274      |
|    n_updates            | 1190        |
|    policy_gradient_loss | -0.0386     |
|    std                  | 0.869       |
|    value_loss           | 0.545       |
-----------------------------------------
-----------------------------------------
| rollout/                |             |
|    ep_len_mean          | 291         |
|    ep_rew_mean          | 55.2        |
| time/                   |             |
|    fps                  | 1363        |
|    iterations           | 121         |
|    time_elapsed         | 181         |
|    total_timesteps      | 247808      |
| train/                  |             |
|    approx_kl            | 0.026857488 |
|    clip_fraction        | 0.298       |
|    clip_range           | 0.2         |
|    entropy_loss         | -19.1       |
|    explained_variance   | 0.98106194  |
|    learning_rate        | 0.0003      |
|    loss                 | 0.114       |
|    n_updates            | 1200        |
|    policy_gradient_loss | -0.0397     |
|    std                  | 0.866       |
|    value_loss           | 0.628       |
-----------------------------------------
-----------------------------------------
| rollout/                |             |
|    ep_len_mean          | 289         |
|    ep_rew_mean          | 54.7        |
| time/                   |             |
|    fps                  | 1364        |
|    iterations           | 122         |
|    time_elapsed         | 183         |
|    total_timesteps      | 249856      |
| train/                  |             |
|    approx_kl            | 0.025486492 |
|    clip_fraction        | 0.284       |
|    clip_range           | 0.2         |
|    entropy_loss         | -19.1       |
|    explained_variance   | 0.9860597   |
|    learning_rate        | 0.0003      |
|    loss                 | 0.0235      |
|    n_updates            | 1210        |
|    policy_gradient_loss | -0.04       |
|    std                  | 0.866       |
|    value_loss           | 0.396       |
-----------------------------------------
-----------------------------------------
| rollout/                |             |
|    ep_len_mean          | 287         |
|    ep_rew_mean          | 54.6        |
| time/                   |             |
|    fps                  | 1364        |
|    iterations           | 123         |
|    time_elapsed         | 184         |
|    total_timesteps      | 251904      |
| train/                  |             |
|    approx_kl            | 0.029787904 |
|    clip_fraction        | 0.298       |
|    clip_range           | 0.2         |
|    entropy_loss         | -19         |
|    explained_variance   | 0.98375636  |
|    learning_rate        | 0.0003      |
|    loss                 | 0.207       |
|    n_updates            | 1220        |
|    policy_gradient_loss | -0.0437     |
|    std                  | 0.864       |
|    value_loss           | 0.573       |
-----------------------------------------
-----------------------------------------
| rollout/                |             |
|    ep_len_mean          | 286         |
|    ep_rew_mean          | 54.6        |
| time/                   |             |
|    fps                  | 1365        |
|    iterations           | 124         |
|    time_elapsed         | 185         |
|    total_timesteps      | 253952      |
| train/                  |             |
|    approx_kl            | 0.031571284 |
|    clip_fraction        | 0.32        |
|    clip_range           | 0.2         |
|    entropy_loss         | -19         |
|    explained_variance   | 0.98875993  |
|    learning_rate        | 0.0003      |
|    loss                 | 0.112       |
|    n_updates            | 1230        |
|    policy_gradient_loss | -0.0393     |
|    std                  | 0.862       |
|    value_loss           | 0.41        |
-----------------------------------------
-----------------------------------------
| rollout/                |             |
|    ep_len_mean          | 285         |
|    ep_rew_mean          | 54.5        |
| time/                   |             |
|    fps                  | 1366        |
|    iterations           | 125         |
|    time_elapsed         | 187         |
|    total_timesteps      | 256000      |
| train/                  |             |
|    approx_kl            | 0.028289989 |
|    clip_fraction        | 0.315       |
|    clip_range           | 0.2         |
|    entropy_loss         | -19         |
|    explained_variance   | 0.98967296  |
|    learning_rate        | 0.0003      |
|    loss                 | 0.0864      |
|    n_updates            | 1240        |
|    policy_gradient_loss | -0.0429     |
|    std                  | 0.859       |
|    value_loss           | 0.335       |
-----------------------------------------
-----------------------------------------
| rollout/                |             |
|    ep_len_mean          | 284         |
|    ep_rew_mean          | 54.3        |
| time/                   |             |
|    fps                  | 1367        |
|    iterations           | 126         |
|    time_elapsed         | 188         |
|    total_timesteps      | 258048      |
| train/                  |             |
|    approx_kl            | 0.024899397 |
|    clip_fraction        | 0.27        |
|    clip_range           | 0.2         |
|    entropy_loss         | -18.9       |
|    explained_variance   | 0.9779475   |
|    learning_rate        | 0.0003      |
|    loss                 | 0.148       |
|    n_updates            | 1250        |
|    policy_gradient_loss | -0.039      |
|    std                  | 0.859       |
|    value_loss           | 0.513       |
-----------------------------------------
-----------------------------------------
| rollout/                |             |
|    ep_len_mean          | 288         |
|    ep_rew_mean          | 55.2        |
| time/                   |             |
|    fps                  | 1367        |
|    iterations           | 127         |
|    time_elapsed         | 190         |
|    total_timesteps      | 260096      |
| train/                  |             |
|    approx_kl            | 0.026202554 |
|    clip_fraction        | 0.278       |
|    clip_range           | 0.2         |
|    entropy_loss         | -19         |
|    explained_variance   | 0.9765182   |
|    learning_rate        | 0.0003      |
|    loss                 | 0.237       |
|    n_updates            | 1260        |
|    policy_gradient_loss | -0.0339     |
|    std                  | 0.86        |
|    value_loss           | 0.747       |
-----------------------------------------
-----------------------------------------
| rollout/                |             |
|    ep_len_mean          | 295         |
|    ep_rew_mean          | 56.9        |
| time/                   |             |
|    fps                  | 1368        |
|    iterations           | 128         |
|    time_elapsed         | 191         |
|    total_timesteps      | 262144      |
| train/                  |             |
|    approx_kl            | 0.027923316 |
|    clip_fraction        | 0.303       |
|    clip_range           | 0.2         |
|    entropy_loss         | -18.9       |
|    explained_variance   | 0.9714935   |
|    learning_rate        | 0.0003      |
|    loss                 | 0.179       |
|    n_updates            | 1270        |
|    policy_gradient_loss | -0.0395     |
|    std                  | 0.856       |
|    value_loss           | 0.72        |
-----------------------------------------
-----------------------------------------
| rollout/                |             |
|    ep_len_mean          | 294         |
|    ep_rew_mean          | 56.5        |
| time/                   |             |
|    fps                  | 1368        |
|    iterations           | 129         |
|    time_elapsed         | 192         |
|    total_timesteps      | 264192      |
| train/                  |             |
|    approx_kl            | 0.027730584 |
|    clip_fraction        | 0.309       |
|    clip_range           | 0.2         |
|    entropy_loss         | -18.9       |
|    explained_variance   | 0.9547353   |
|    learning_rate        | 0.0003      |
|    loss                 | 0.158       |
|    n_updates            | 1280        |
|    policy_gradient_loss | -0.0357     |
|    std                  | 0.853       |
|    value_loss           | 0.909       |
-----------------------------------------
-----------------------------------------
| rollout/                |             |
|    ep_len_mean          | 305         |
|    ep_rew_mean          | 58.9        |
| time/                   |             |
|    fps                  | 1369        |
|    iterations           | 130         |
|    time_elapsed         | 194         |
|    total_timesteps      | 266240      |
| train/                  |             |
|    approx_kl            | 0.027911995 |
|    clip_fraction        | 0.273       |
|    clip_range           | 0.2         |
|    entropy_loss         | -18.8       |
|    explained_variance   | 0.9786335   |
|    learning_rate        | 0.0003      |
|    loss                 | 0.0795      |
|    n_updates            | 1290        |
|    policy_gradient_loss | -0.0402     |
|    std                  | 0.852       |
|    value_loss           | 0.688       |
-----------------------------------------
-----------------------------------------
| rollout/                |             |
|    ep_len_mean          | 302         |
|    ep_rew_mean          | 58.5        |
| time/                   |             |
|    fps                  | 1369        |
|    iterations           | 131         |
|    time_elapsed         | 195         |
|    total_timesteps      | 268288      |
| train/                  |             |
|    approx_kl            | 0.029872144 |
|    clip_fraction        | 0.32        |
|    clip_range           | 0.2         |
|    entropy_loss         | -18.8       |
|    explained_variance   | 0.96920043  |
|    learning_rate        | 0.0003      |
|    loss                 | 0.157       |
|    n_updates            | 1300        |
|    policy_gradient_loss | -0.0378     |
|    std                  | 0.853       |
|    value_loss           | 0.563       |
-----------------------------------------
-----------------------------------------
| rollout/                |             |
|    ep_len_mean          | 309         |
|    ep_rew_mean          | 60.4        |
| time/                   |             |
|    fps                  | 1369        |
|    iterations           | 132         |
|    time_elapsed         | 197         |
|    total_timesteps      | 270336      |
| train/                  |             |
|    approx_kl            | 0.030262176 |
|    clip_fraction        | 0.323       |
|    clip_range           | 0.2         |
|    entropy_loss         | -18.8       |
|    explained_variance   | 0.9891725   |
|    learning_rate        | 0.0003      |
|    loss                 | 0.0228      |
|    n_updates            | 1310        |
|    policy_gradient_loss | -0.0437     |
|    std                  | 0.852       |
|    value_loss           | 0.373       |
-----------------------------------------
-----------------------------------------
| rollout/                |             |
|    ep_len_mean          | 310         |
|    ep_rew_mean          | 60.4        |
| time/                   |             |
|    fps                  | 1369        |
|    iterations           | 133         |
|    time_elapsed         | 198         |
|    total_timesteps      | 272384      |
| train/                  |             |
|    approx_kl            | 0.032696504 |
|    clip_fraction        | 0.323       |
|    clip_range           | 0.2         |
|    entropy_loss         | -18.8       |
|    explained_variance   | 0.9873622   |
|    learning_rate        | 0.0003      |
|    loss                 | 0.0572      |
|    n_updates            | 1320        |
|    policy_gradient_loss | -0.0412     |
|    std                  | 0.848       |
|    value_loss           | 0.374       |
-----------------------------------------
---------------------------------------
| rollout/                |           |
|    ep_len_mean          | 317       |
|    ep_rew_mean          | 61.9      |
| time/                   |           |
|    fps                  | 1370      |
|    iterations           | 134       |
|    time_elapsed         | 200       |
|    total_timesteps      | 274432    |
| train/                  |           |
|    approx_kl            | 0.0213547 |
|    clip_fraction        | 0.249     |
|    clip_range           | 0.2       |
|    entropy_loss         | -18.7     |
|    explained_variance   | 0.9675534 |
|    learning_rate        | 0.0003    |
|    loss                 | 0.223     |
|    n_updates            | 1330      |
|    policy_gradient_loss | -0.0337   |
|    std                  | 0.847     |
|    value_loss           | 0.893     |
---------------------------------------
-----------------------------------------
| rollout/                |             |
|    ep_len_mean          | 319         |
|    ep_rew_mean          | 62.6        |
| time/                   |             |
|    fps                  | 1371        |
|    iterations           | 135         |
|    time_elapsed         | 201         |
|    total_timesteps      | 276480      |
| train/                  |             |
|    approx_kl            | 0.031607557 |
|    clip_fraction        | 0.313       |
|    clip_range           | 0.2         |
|    entropy_loss         | -18.8       |
|    explained_variance   | 0.9858064   |
|    learning_rate        | 0.0003      |
|    loss                 | 0.0729      |
|    n_updates            | 1340        |
|    policy_gradient_loss | -0.0379     |
|    std                  | 0.849       |
|    value_loss           | 0.429       |
-----------------------------------------
-----------------------------------------
| rollout/                |             |
|    ep_len_mean          | 319         |
|    ep_rew_mean          | 62.6        |
| time/                   |             |
|    fps                  | 1370        |
|    iterations           | 136         |
|    time_elapsed         | 203         |
|    total_timesteps      | 278528      |
| train/                  |             |
|    approx_kl            | 0.026031796 |
|    clip_fraction        | 0.286       |
|    clip_range           | 0.2         |
|    entropy_loss         | -18.8       |
|    explained_variance   | 0.9875606   |
|    learning_rate        | 0.0003      |
|    loss                 | 0.1         |
|    n_updates            | 1350        |
|    policy_gradient_loss | -0.0354     |
|    std                  | 0.848       |
|    value_loss           | 0.398       |
-----------------------------------------
-----------------------------------------
| rollout/                |             |
|    ep_len_mean          | 357         |
|    ep_rew_mean          | 70.3        |
| time/                   |             |
|    fps                  | 1370        |
|    iterations           | 137         |
|    time_elapsed         | 204         |
|    total_timesteps      | 280576      |
| train/                  |             |
|    approx_kl            | 0.027663404 |
|    clip_fraction        | 0.312       |
|    clip_range           | 0.2         |
|    entropy_loss         | -18.8       |
|    explained_variance   | 0.56260884  |
|    learning_rate        | 0.0003      |
|    loss                 | 0.143       |
|    n_updates            | 1360        |
|    policy_gradient_loss | -0.0335     |
|    std                  | 0.85        |
|    value_loss           | 0.61        |
-----------------------------------------
----------------------------------------
| rollout/                |            |
|    ep_len_mean          | 360        |
|    ep_rew_mean          | 71         |
| time/                   |            |
|    fps                  | 1371       |
|    iterations           | 138        |
|    time_elapsed         | 206        |
|    total_timesteps      | 282624     |
| train/                  |            |
|    approx_kl            | 0.03252891 |
|    clip_fraction        | 0.327      |
|    clip_range           | 0.2        |
|    entropy_loss         | -18.7      |
|    explained_variance   | 0.872498   |
|    learning_rate        | 0.0003     |
|    loss                 | 0.104      |
|    n_updates            | 1370       |
|    policy_gradient_loss | -0.0415    |
|    std                  | 0.847      |
|    value_loss           | 0.539      |
----------------------------------------
-----------------------------------------
| rollout/                |             |
|    ep_len_mean          | 365         |
|    ep_rew_mean          | 72.1        |
| time/                   |             |
|    fps                  | 1372        |
|    iterations           | 139         |
|    time_elapsed         | 207         |
|    total_timesteps      | 284672      |
| train/                  |             |
|    approx_kl            | 0.030083021 |
|    clip_fraction        | 0.302       |
|    clip_range           | 0.2         |
|    entropy_loss         | -18.7       |
|    explained_variance   | 0.98165     |
|    learning_rate        | 0.0003      |
|    loss                 | 0.0291      |
|    n_updates            | 1380        |
|    policy_gradient_loss | -0.0375     |
|    std                  | 0.846       |
|    value_loss           | 0.299       |
-----------------------------------------
-----------------------------------------
| rollout/                |             |
|    ep_len_mean          | 366         |
|    ep_rew_mean          | 72.3        |
| time/                   |             |
|    fps                  | 1373        |
|    iterations           | 140         |
|    time_elapsed         | 208         |
|    total_timesteps      | 286720      |
| train/                  |             |
|    approx_kl            | 0.021737982 |
|    clip_fraction        | 0.26        |
|    clip_range           | 0.2         |
|    entropy_loss         | -18.7       |
|    explained_variance   | 0.974927    |
|    learning_rate        | 0.0003      |
|    loss                 | 0.116       |
|    n_updates            | 1390        |
|    policy_gradient_loss | -0.0445     |
|    std                  | 0.842       |
|    value_loss           | 0.615       |
-----------------------------------------
-----------------------------------------
| rollout/                |             |
|    ep_len_mean          | 368         |
|    ep_rew_mean          | 72.7        |
| time/                   |             |
|    fps                  | 1374        |
|    iterations           | 141         |
|    time_elapsed         | 210         |
|    total_timesteps      | 288768      |
| train/                  |             |
|    approx_kl            | 0.029601159 |
|    clip_fraction        | 0.306       |
|    clip_range           | 0.2         |
|    entropy_loss         | -18.6       |
|    explained_variance   | 0.98450726  |
|    learning_rate        | 0.0003      |
|    loss                 | 0.0767      |
|    n_updates            | 1400        |
|    policy_gradient_loss | -0.0404     |
|    std                  | 0.843       |
|    value_loss           | 0.441       |
-----------------------------------------
-----------------------------------------
| rollout/                |             |
|    ep_len_mean          | 367         |
|    ep_rew_mean          | 72.2        |
| time/                   |             |
|    fps                  | 1375        |
|    iterations           | 142         |
|    time_elapsed         | 211         |
|    total_timesteps      | 290816      |
| train/                  |             |
|    approx_kl            | 0.024313865 |
|    clip_fraction        | 0.24        |
|    clip_range           | 0.2         |
|    entropy_loss         | -18.7       |
|    explained_variance   | 0.9784619   |
|    learning_rate        | 0.0003      |
|    loss                 | 0.0853      |
|    n_updates            | 1410        |
|    policy_gradient_loss | -0.0391     |
|    std                  | 0.844       |
|    value_loss           | 0.57        |
-----------------------------------------
-----------------------------------------
| rollout/                |             |
|    ep_len_mean          | 367         |
|    ep_rew_mean          | 72.4        |
| time/                   |             |
|    fps                  | 1376        |
|    iterations           | 143         |
|    time_elapsed         | 212         |
|    total_timesteps      | 292864      |
| train/                  |             |
|    approx_kl            | 0.023009721 |
|    clip_fraction        | 0.256       |
|    clip_range           | 0.2         |
|    entropy_loss         | -18.7       |
|    explained_variance   | 0.97766143  |
|    learning_rate        | 0.0003      |
|    loss                 | 0.137       |
|    n_updates            | 1420        |
|    policy_gradient_loss | -0.0428     |
|    std                  | 0.843       |
|    value_loss           | 0.659       |
-----------------------------------------
-----------------------------------------
| rollout/                |             |
|    ep_len_mean          | 367         |
|    ep_rew_mean          | 72.5        |
| time/                   |             |
|    fps                  | 1377        |
|    iterations           | 144         |
|    time_elapsed         | 214         |
|    total_timesteps      | 294912      |
| train/                  |             |
|    approx_kl            | 0.028113531 |
|    clip_fraction        | 0.304       |
|    clip_range           | 0.2         |
|    entropy_loss         | -18.6       |
|    explained_variance   | 0.9847609   |
|    learning_rate        | 0.0003      |
|    loss                 | 0.0528      |
|    n_updates            | 1430        |
|    policy_gradient_loss | -0.0355     |
|    std                  | 0.842       |
|    value_loss           | 0.425       |
-----------------------------------------
----------------------------------------
| rollout/                |            |
|    ep_len_mean          | 355        |
|    ep_rew_mean          | 69.5       |
| time/                   |            |
|    fps                  | 1378       |
|    iterations           | 145        |
|    time_elapsed         | 215        |
|    total_timesteps      | 296960     |
| train/                  |            |
|    approx_kl            | 0.02432057 |
|    clip_fraction        | 0.259      |
|    clip_range           | 0.2        |
|    entropy_loss         | -18.6      |
|    explained_variance   | 0.97371644 |
|    learning_rate        | 0.0003     |
|    loss                 | 0.291      |
|    n_updates            | 1440       |
|    policy_gradient_loss | -0.0388    |
|    std                  | 0.844      |
|    value_loss           | 0.769      |
----------------------------------------
-----------------------------------------
| rollout/                |             |
|    ep_len_mean          | 353         |
|    ep_rew_mean          | 69.3        |
| time/                   |             |
|    fps                  | 1378        |
|    iterations           | 146         |
|    time_elapsed         | 216         |
|    total_timesteps      | 299008      |
| train/                  |             |
|    approx_kl            | 0.023537876 |
|    clip_fraction        | 0.247       |
|    clip_range           | 0.2         |
|    entropy_loss         | -18.7       |
|    explained_variance   | 0.972252    |
|    learning_rate        | 0.0003      |
|    loss                 | 0.184       |
|    n_updates            | 1450        |
|    policy_gradient_loss | -0.0384     |
|    std                  | 0.844       |
|    value_loss           | 0.823       |
-----------------------------------------
-----------------------------------------
| rollout/                |             |
|    ep_len_mean          | 344         |
|    ep_rew_mean          | 67.4        |
| time/                   |             |
|    fps                  | 1379        |
|    iterations           | 147         |
|    time_elapsed         | 218         |
|    total_timesteps      | 301056      |
| train/                  |             |
|    approx_kl            | 0.030768927 |
|    clip_fraction        | 0.325       |
|    clip_range           | 0.2         |
|    entropy_loss         | -18.6       |
|    explained_variance   | 0.9781365   |
|    learning_rate        | 0.0003      |
|    loss                 | 0.121       |
|    n_updates            | 1460        |
|    policy_gradient_loss | -0.0419     |
|    std                  | 0.843       |
|    value_loss           | 0.614       |
-----------------------------------------
-----------------------------------------
| rollout/                |             |
|    ep_len_mean          | 344         |
|    ep_rew_mean          | 67.2        |
| time/                   |             |
|    fps                  | 1380        |
|    iterations           | 148         |
|    time_elapsed         | 219         |
|    total_timesteps      | 303104      |
| train/                  |             |
|    approx_kl            | 0.028164905 |
|    clip_fraction        | 0.311       |
|    clip_range           | 0.2         |
|    entropy_loss         | -18.7       |
|    explained_variance   | 0.9799942   |
|    learning_rate        | 0.0003      |
|    loss                 | 0.0564      |
|    n_updates            | 1470        |
|    policy_gradient_loss | -0.0411     |
|    std                  | 0.844       |
|    value_loss           | 0.443       |
-----------------------------------------
-----------------------------------------
| rollout/                |             |
|    ep_len_mean          | 341         |
|    ep_rew_mean          | 66.3        |
| time/                   |             |
|    fps                  | 1380        |
|    iterations           | 149         |
|    time_elapsed         | 221         |
|    total_timesteps      | 305152      |
| train/                  |             |
|    approx_kl            | 0.032078832 |
|    clip_fraction        | 0.323       |
|    clip_range           | 0.2         |
|    entropy_loss         | -18.6       |
|    explained_variance   | 0.98030573  |
|    learning_rate        | 0.0003      |
|    loss                 | 0.0984      |
|    n_updates            | 1480        |
|    policy_gradient_loss | -0.0399     |
|    std                  | 0.842       |
|    value_loss           | 0.532       |
-----------------------------------------
-----------------------------------------
| rollout/                |             |
|    ep_len_mean          | 334         |
|    ep_rew_mean          | 64.5        |
| time/                   |             |
|    fps                  | 1381        |
|    iterations           | 150         |
|    time_elapsed         | 222         |
|    total_timesteps      | 307200      |
| train/                  |             |
|    approx_kl            | 0.030255828 |
|    clip_fraction        | 0.3         |
|    clip_range           | 0.2         |
|    entropy_loss         | -18.6       |
|    explained_variance   | 0.98234004  |
|    learning_rate        | 0.0003      |
|    loss                 | 0.084       |
|    n_updates            | 1490        |
|    policy_gradient_loss | -0.0395     |
|    std                  | 0.841       |
|    value_loss           | 0.511       |
-----------------------------------------
----------------------------------------
| rollout/                |            |
|    ep_len_mean          | 333        |
|    ep_rew_mean          | 63.6       |
| time/                   |            |
|    fps                  | 1382       |
|    iterations           | 151        |
|    time_elapsed         | 223        |
|    total_timesteps      | 309248     |
| train/                  |            |
|    approx_kl            | 0.02382154 |
|    clip_fraction        | 0.255      |
|    clip_range           | 0.2        |
|    entropy_loss         | -18.6      |
|    explained_variance   | 0.95958155 |
|    learning_rate        | 0.0003     |
|    loss                 | 0.225      |
|    n_updates            | 1500       |
|    policy_gradient_loss | -0.0383    |
|    std                  | 0.842      |
|    value_loss           | 1.16       |
----------------------------------------
-----------------------------------------
| rollout/                |             |
|    ep_len_mean          | 293         |
|    ep_rew_mean          | 54.9        |
| time/                   |             |
|    fps                  | 1383        |
|    iterations           | 152         |
|    time_elapsed         | 225         |
|    total_timesteps      | 311296      |
| train/                  |             |
|    approx_kl            | 0.026552288 |
|    clip_fraction        | 0.284       |
|    clip_range           | 0.2         |
|    entropy_loss         | -18.6       |
|    explained_variance   | 0.9680728   |
|    learning_rate        | 0.0003      |
|    loss                 | 0.241       |
|    n_updates            | 1510        |
|    policy_gradient_loss | -0.0324     |
|    std                  | 0.838       |
|    value_loss           | 1.14        |
-----------------------------------------
-----------------------------------------
| rollout/                |             |
|    ep_len_mean          | 293         |
|    ep_rew_mean          | 54.4        |
| time/                   |             |
|    fps                  | 1383        |
|    iterations           | 153         |
|    time_elapsed         | 226         |
|    total_timesteps      | 313344      |
| train/                  |             |
|    approx_kl            | 0.027927995 |
|    clip_fraction        | 0.288       |
|    clip_range           | 0.2         |
|    entropy_loss         | -18.5       |
|    explained_variance   | 0.95367503  |
|    learning_rate        | 0.0003      |
|    loss                 | 0.282       |
|    n_updates            | 1520        |
|    policy_gradient_loss | -0.0343     |
|    std                  | 0.838       |
|    value_loss           | 1.19        |
-----------------------------------------
-----------------------------------------
| rollout/                |             |
|    ep_len_mean          | 294         |
|    ep_rew_mean          | 54.5        |
| time/                   |             |
|    fps                  | 1384        |
|    iterations           | 154         |
|    time_elapsed         | 227         |
|    total_timesteps      | 315392      |
| train/                  |             |
|    approx_kl            | 0.025795618 |
|    clip_fraction        | 0.266       |
|    clip_range           | 0.2         |
|    entropy_loss         | -18.5       |
|    explained_variance   | 0.9670563   |
|    learning_rate        | 0.0003      |
|    loss                 | 0.411       |
|    n_updates            | 1530        |
|    policy_gradient_loss | -0.033      |
|    std                  | 0.838       |
|    value_loss           | 1.22        |
-----------------------------------------
----------------------------------------
| rollout/                |            |
|    ep_len_mean          | 294        |
|    ep_rew_mean          | 54.6       |
| time/                   |            |
|    fps                  | 1385       |
|    iterations           | 155        |
|    time_elapsed         | 229        |
|    total_timesteps      | 317440     |
| train/                  |            |
|    approx_kl            | 0.03146348 |
|    clip_fraction        | 0.33       |
|    clip_range           | 0.2        |
|    entropy_loss         | -18.5      |
|    explained_variance   | 0.96895885 |
|    learning_rate        | 0.0003     |
|    loss                 | 0.062      |
|    n_updates            | 1540       |
|    policy_gradient_loss | -0.0354    |
|    std                  | 0.837      |
|    value_loss           | 0.57       |
----------------------------------------
-----------------------------------------
| rollout/                |             |
|    ep_len_mean          | 296         |
|    ep_rew_mean          | 54.7        |
| time/                   |             |
|    fps                  | 1386        |
|    iterations           | 156         |
|    time_elapsed         | 230         |
|    total_timesteps      | 319488      |
| train/                  |             |
|    approx_kl            | 0.030003209 |
|    clip_fraction        | 0.317       |
|    clip_range           | 0.2         |
|    entropy_loss         | -18.5       |
|    explained_variance   | 0.9763071   |
|    learning_rate        | 0.0003      |
|    loss                 | -0.00336    |
|    n_updates            | 1550        |
|    policy_gradient_loss | -0.036      |
|    std                  | 0.834       |
|    value_loss           | 0.488       |
-----------------------------------------
-----------------------------------------
| rollout/                |             |
|    ep_len_mean          | 295         |
|    ep_rew_mean          | 53.8        |
| time/                   |             |
|    fps                  | 1386        |
|    iterations           | 157         |
|    time_elapsed         | 231         |
|    total_timesteps      | 321536      |
| train/                  |             |
|    approx_kl            | 0.025208887 |
|    clip_fraction        | 0.283       |
|    clip_range           | 0.2         |
|    entropy_loss         | -18.5       |
|    explained_variance   | 0.964396    |
|    learning_rate        | 0.0003      |
|    loss                 | 0.178       |
|    n_updates            | 1560        |
|    policy_gradient_loss | -0.037      |
|    std                  | 0.833       |
|    value_loss           | 0.708       |
-----------------------------------------
----------------------------------------
| rollout/                |            |
|    ep_len_mean          | 295        |
|    ep_rew_mean          | 53.7       |
| time/                   |            |
|    fps                  | 1387       |
|    iterations           | 158        |
|    time_elapsed         | 233        |
|    total_timesteps      | 323584     |
| train/                  |            |
|    approx_kl            | 0.02370727 |
|    clip_fraction        | 0.246      |
|    clip_range           | 0.2        |
|    entropy_loss         | -18.4      |
|    explained_variance   | 0.9401243  |
|    learning_rate        | 0.0003     |
|    loss                 | 0.419      |
|    n_updates            | 1570       |
|    policy_gradient_loss | -0.037     |
|    std                  | 0.83       |
|    value_loss           | 1.49       |
----------------------------------------
-----------------------------------------
| rollout/                |             |
|    ep_len_mean          | 301         |
|    ep_rew_mean          | 55.4        |
| time/                   |             |
|    fps                  | 1388        |
|    iterations           | 159         |
|    time_elapsed         | 234         |
|    total_timesteps      | 325632      |
| train/                  |             |
|    approx_kl            | 0.033226132 |
|    clip_fraction        | 0.353       |
|    clip_range           | 0.2         |
|    entropy_loss         | -18.4       |
|    explained_variance   | 0.9860407   |
|    learning_rate        | 0.0003      |
|    loss                 | 0.00646     |
|    n_updates            | 1580        |
|    policy_gradient_loss | -0.0383     |
|    std                  | 0.828       |
|    value_loss           | 0.292       |
-----------------------------------------
-----------------------------------------
| rollout/                |             |
|    ep_len_mean          | 303         |
|    ep_rew_mean          | 55.9        |
| time/                   |             |
|    fps                  | 1389        |
|    iterations           | 160         |
|    time_elapsed         | 235         |
|    total_timesteps      | 327680      |
| train/                  |             |
|    approx_kl            | 0.031032307 |
|    clip_fraction        | 0.338       |
|    clip_range           | 0.2         |
|    entropy_loss         | -18.3       |
|    explained_variance   | 0.9804043   |
|    learning_rate        | 0.0003      |
|    loss                 | -0.0112     |
|    n_updates            | 1590        |
|    policy_gradient_loss | -0.0393     |
|    std                  | 0.825       |
|    value_loss           | 0.336       |
-----------------------------------------
----------------------------------------
| rollout/                |            |
|    ep_len_mean          | 305        |
|    ep_rew_mean          | 56         |
| time/                   |            |
|    fps                  | 1389       |
|    iterations           | 161        |
|    time_elapsed         | 237        |
|    total_timesteps      | 329728     |
| train/                  |            |
|    approx_kl            | 0.02576964 |
|    clip_fraction        | 0.314      |
|    clip_range           | 0.2        |
|    entropy_loss         | -18.3      |
|    explained_variance   | 0.9771255  |
|    learning_rate        | 0.0003     |
|    loss                 | 0.119      |
|    n_updates            | 1600       |
|    policy_gradient_loss | -0.0344    |
|    std                  | 0.824      |
|    value_loss           | 0.663      |
----------------------------------------
----------------------------------------
| rollout/                |            |
|    ep_len_mean          | 305        |
|    ep_rew_mean          | 55.5       |
| time/                   |            |
|    fps                  | 1390       |
|    iterations           | 162        |
|    time_elapsed         | 238        |
|    total_timesteps      | 331776     |
| train/                  |            |
|    approx_kl            | 0.02825532 |
|    clip_fraction        | 0.299      |
|    clip_range           | 0.2        |
|    entropy_loss         | -18.3      |
|    explained_variance   | 0.97740424 |
|    learning_rate        | 0.0003     |
|    loss                 | 0.19       |
|    n_updates            | 1610       |
|    policy_gradient_loss | -0.0338    |
|    std                  | 0.825      |
|    value_loss           | 0.535      |
----------------------------------------
-----------------------------------------
| rollout/                |             |
|    ep_len_mean          | 304         |
|    ep_rew_mean          | 55          |
| time/                   |             |
|    fps                  | 1391        |
|    iterations           | 163         |
|    time_elapsed         | 239         |
|    total_timesteps      | 333824      |
| train/                  |             |
|    approx_kl            | 0.026624931 |
|    clip_fraction        | 0.267       |
|    clip_range           | 0.2         |
|    entropy_loss         | -18.3       |
|    explained_variance   | 0.9572773   |
|    learning_rate        | 0.0003      |
|    loss                 | 0.284       |
|    n_updates            | 1620        |
|    policy_gradient_loss | -0.0347     |
|    std                  | 0.824       |
|    value_loss           | 1.24        |
-----------------------------------------
-----------------------------------------
| rollout/                |             |
|    ep_len_mean          | 307         |
|    ep_rew_mean          | 55.4        |
| time/                   |             |
|    fps                  | 1392        |
|    iterations           | 164         |
|    time_elapsed         | 241         |
|    total_timesteps      | 335872      |
| train/                  |             |
|    approx_kl            | 0.031824872 |
|    clip_fraction        | 0.308       |
|    clip_range           | 0.2         |
|    entropy_loss         | -18.3       |
|    explained_variance   | 0.9722997   |
|    learning_rate        | 0.0003      |
|    loss                 | 0.297       |
|    n_updates            | 1630        |
|    policy_gradient_loss | -0.0347     |
|    std                  | 0.824       |
|    value_loss           | 0.805       |
-----------------------------------------
----------------------------------------
| rollout/                |            |
|    ep_len_mean          | 309        |
|    ep_rew_mean          | 56         |
| time/                   |            |
|    fps                  | 1392       |
|    iterations           | 165        |
|    time_elapsed         | 242        |
|    total_timesteps      | 337920     |
| train/                  |            |
|    approx_kl            | 0.03568495 |
|    clip_fraction        | 0.335      |
|    clip_range           | 0.2        |
|    entropy_loss         | -18.3      |
|    explained_variance   | 0.9681018  |
|    learning_rate        | 0.0003     |
|    loss                 | 0.262      |
|    n_updates            | 1640       |
|    policy_gradient_loss | -0.0372    |
|    std                  | 0.824      |
|    value_loss           | 0.714      |
----------------------------------------
-----------------------------------------
| rollout/                |             |
|    ep_len_mean          | 309         |
|    ep_rew_mean          | 55.8        |
| time/                   |             |
|    fps                  | 1393        |
|    iterations           | 166         |
|    time_elapsed         | 243         |
|    total_timesteps      | 339968      |
| train/                  |             |
|    approx_kl            | 0.030484628 |
|    clip_fraction        | 0.345       |
|    clip_range           | 0.2         |
|    entropy_loss         | -18.3       |
|    explained_variance   | 0.97641313  |
|    learning_rate        | 0.0003      |
|    loss                 | 0.127       |
|    n_updates            | 1650        |
|    policy_gradient_loss | -0.0415     |
|    std                  | 0.824       |
|    value_loss           | 0.649       |
-----------------------------------------
-----------------------------------------
| rollout/                |             |
|    ep_len_mean          | 310         |
|    ep_rew_mean          | 55.8        |
| time/                   |             |
|    fps                  | 1394        |
|    iterations           | 167         |
|    time_elapsed         | 245         |
|    total_timesteps      | 342016      |
| train/                  |             |
|    approx_kl            | 0.025950456 |
|    clip_fraction        | 0.312       |
|    clip_range           | 0.2         |
|    entropy_loss         | -18.3       |
|    explained_variance   | 0.970066    |
|    learning_rate        | 0.0003      |
|    loss                 | 0.198       |
|    n_updates            | 1660        |
|    policy_gradient_loss | -0.0397     |
|    std                  | 0.822       |
|    value_loss           | 0.845       |
-----------------------------------------
----------------------------------------
| rollout/                |            |
|    ep_len_mean          | 308        |
|    ep_rew_mean          | 55.3       |
| time/                   |            |
|    fps                  | 1394       |
|    iterations           | 168        |
|    time_elapsed         | 246        |
|    total_timesteps      | 344064     |
| train/                  |            |
|    approx_kl            | 0.02352367 |
|    clip_fraction        | 0.264      |
|    clip_range           | 0.2        |
|    entropy_loss         | -18.2      |
|    explained_variance   | 0.9555019  |
|    learning_rate        | 0.0003     |
|    loss                 | 0.309      |
|    n_updates            | 1670       |
|    policy_gradient_loss | -0.0327    |
|    std                  | 0.821      |
|    value_loss           | 1.36       |
----------------------------------------
-----------------------------------------
| rollout/                |             |
|    ep_len_mean          | 308         |
|    ep_rew_mean          | 55.1        |
| time/                   |             |
|    fps                  | 1395        |
|    iterations           | 169         |
|    time_elapsed         | 248         |
|    total_timesteps      | 346112      |
| train/                  |             |
|    approx_kl            | 0.032836664 |
|    clip_fraction        | 0.349       |
|    clip_range           | 0.2         |
|    entropy_loss         | -18.2       |
|    explained_variance   | 0.9772513   |
|    learning_rate        | 0.0003      |
|    loss                 | 0.0989      |
|    n_updates            | 1680        |
|    policy_gradient_loss | -0.0409     |
|    std                  | 0.821       |
|    value_loss           | 0.596       |
-----------------------------------------
-----------------------------------------
| rollout/                |             |
|    ep_len_mean          | 307         |
|    ep_rew_mean          | 54.5        |
| time/                   |             |
|    fps                  | 1395        |
|    iterations           | 170         |
|    time_elapsed         | 249         |
|    total_timesteps      | 348160      |
| train/                  |             |
|    approx_kl            | 0.034171283 |
|    clip_fraction        | 0.365       |
|    clip_range           | 0.2         |
|    entropy_loss         | -18.2       |
|    explained_variance   | 0.9670692   |
|    learning_rate        | 0.0003      |
|    loss                 | 0.106       |
|    n_updates            | 1690        |
|    policy_gradient_loss | -0.0354     |
|    std                  | 0.818       |
|    value_loss           | 0.48        |
-----------------------------------------
-----------------------------------------
| rollout/                |             |
|    ep_len_mean          | 308         |
|    ep_rew_mean          | 54.8        |
| time/                   |             |
|    fps                  | 1396        |
|    iterations           | 171         |
|    time_elapsed         | 250         |
|    total_timesteps      | 350208      |
| train/                  |             |
|    approx_kl            | 0.030631086 |
|    clip_fraction        | 0.329       |
|    clip_range           | 0.2         |
|    entropy_loss         | -18.2       |
|    explained_variance   | 0.9717143   |
|    learning_rate        | 0.0003      |
|    loss                 | 0.19        |
|    n_updates            | 1700        |
|    policy_gradient_loss | -0.0398     |
|    std                  | 0.82        |
|    value_loss           | 0.759       |
-----------------------------------------
-----------------------------------------
| rollout/                |             |
|    ep_len_mean          | 309         |
|    ep_rew_mean          | 55.4        |
| time/                   |             |
|    fps                  | 1396        |
|    iterations           | 172         |
|    time_elapsed         | 252         |
|    total_timesteps      | 352256      |
| train/                  |             |
|    approx_kl            | 0.028297504 |
|    clip_fraction        | 0.314       |
|    clip_range           | 0.2         |
|    entropy_loss         | -18.2       |
|    explained_variance   | 0.97268444  |
|    learning_rate        | 0.0003      |
|    loss                 | 0.165       |
|    n_updates            | 1710        |
|    policy_gradient_loss | -0.038      |
|    std                  | 0.819       |
|    value_loss           | 0.876       |
-----------------------------------------
----------------------------------------
| rollout/                |            |
|    ep_len_mean          | 307        |
|    ep_rew_mean          | 54.6       |
| time/                   |            |
|    fps                  | 1396       |
|    iterations           | 173        |
|    time_elapsed         | 253        |
|    total_timesteps      | 354304     |
| train/                  |            |
|    approx_kl            | 0.03298399 |
|    clip_fraction        | 0.32       |
|    clip_range           | 0.2        |
|    entropy_loss         | -18.2      |
|    explained_variance   | 0.9733412  |
|    learning_rate        | 0.0003     |
|    loss                 | 0.235      |
|    n_updates            | 1720       |
|    policy_gradient_loss | -0.0346    |
|    std                  | 0.82       |
|    value_loss           | 0.888      |
----------------------------------------
-----------------------------------------
| rollout/                |             |
|    ep_len_mean          | 303         |
|    ep_rew_mean          | 53.5        |
| time/                   |             |
|    fps                  | 1397        |
|    iterations           | 174         |
|    time_elapsed         | 255         |
|    total_timesteps      | 356352      |
| train/                  |             |
|    approx_kl            | 0.031645738 |
|    clip_fraction        | 0.317       |
|    clip_range           | 0.2         |
|    entropy_loss         | -18.2       |
|    explained_variance   | 0.97183996  |
|    learning_rate        | 0.0003      |
|    loss                 | 0.148       |
|    n_updates            | 1730        |
|    policy_gradient_loss | -0.0367     |
|    std                  | 0.817       |
|    value_loss           | 0.535       |
-----------------------------------------
-----------------------------------------
| rollout/                |             |
|    ep_len_mean          | 305         |
|    ep_rew_mean          | 53.7        |
| time/                   |             |
|    fps                  | 1396        |
|    iterations           | 175         |
|    time_elapsed         | 256         |
|    total_timesteps      | 358400      |
| train/                  |             |
|    approx_kl            | 0.034751467 |
|    clip_fraction        | 0.344       |
|    clip_range           | 0.2         |
|    entropy_loss         | -18.1       |
|    explained_variance   | 0.9803065   |
|    learning_rate        | 0.0003      |
|    loss                 | 0.0874      |
|    n_updates            | 1740        |
|    policy_gradient_loss | -0.0428     |
|    std                  | 0.816       |
|    value_loss           | 0.496       |
-----------------------------------------
-----------------------------------------
| rollout/                |             |
|    ep_len_mean          | 303         |
|    ep_rew_mean          | 53.5        |
| time/                   |             |
|    fps                  | 1397        |
|    iterations           | 176         |
|    time_elapsed         | 257         |
|    total_timesteps      | 360448      |
| train/                  |             |
|    approx_kl            | 0.029311264 |
|    clip_fraction        | 0.326       |
|    clip_range           | 0.2         |
|    entropy_loss         | -18.1       |
|    explained_variance   | 0.97916114  |
|    learning_rate        | 0.0003      |
|    loss                 | 0.107       |
|    n_updates            | 1750        |
|    policy_gradient_loss | -0.0387     |
|    std                  | 0.813       |
|    value_loss           | 0.531       |
-----------------------------------------
-----------------------------------------
| rollout/                |             |
|    ep_len_mean          | 304         |
|    ep_rew_mean          | 53.6        |
| time/                   |             |
|    fps                  | 1397        |
|    iterations           | 177         |
|    time_elapsed         | 259         |
|    total_timesteps      | 362496      |
| train/                  |             |
|    approx_kl            | 0.027982887 |
|    clip_fraction        | 0.295       |
|    clip_range           | 0.2         |
|    entropy_loss         | -18.1       |
|    explained_variance   | 0.9705679   |
|    learning_rate        | 0.0003      |
|    loss                 | 0.144       |
|    n_updates            | 1760        |
|    policy_gradient_loss | -0.0374     |
|    std                  | 0.813       |
|    value_loss           | 0.67        |
-----------------------------------------
-----------------------------------------
| rollout/                |             |
|    ep_len_mean          | 303         |
|    ep_rew_mean          | 53.8        |
| time/                   |             |
|    fps                  | 1398        |
|    iterations           | 178         |
|    time_elapsed         | 260         |
|    total_timesteps      | 364544      |
| train/                  |             |
|    approx_kl            | 0.033296525 |
|    clip_fraction        | 0.356       |
|    clip_range           | 0.2         |
|    entropy_loss         | -18         |
|    explained_variance   | 0.98463374  |
|    learning_rate        | 0.0003      |
|    loss                 | 0.0348      |
|    n_updates            | 1770        |
|    policy_gradient_loss | -0.0384     |
|    std                  | 0.812       |
|    value_loss           | 0.339       |
-----------------------------------------
-----------------------------------------
| rollout/                |             |
|    ep_len_mean          | 299         |
|    ep_rew_mean          | 52.4        |
| time/                   |             |
|    fps                  | 1398        |
|    iterations           | 179         |
|    time_elapsed         | 262         |
|    total_timesteps      | 366592      |
| train/                  |             |
|    approx_kl            | 0.033347152 |
|    clip_fraction        | 0.322       |
|    clip_range           | 0.2         |
|    entropy_loss         | -18         |
|    explained_variance   | 0.98508316  |
|    learning_rate        | 0.0003      |
|    loss                 | 0.0248      |
|    n_updates            | 1780        |
|    policy_gradient_loss | -0.0394     |
|    std                  | 0.81        |
|    value_loss           | 0.312       |
-----------------------------------------
-----------------------------------------
| rollout/                |             |
|    ep_len_mean          | 297         |
|    ep_rew_mean          | 52.2        |
| time/                   |             |
|    fps                  | 1399        |
|    iterations           | 180         |
|    time_elapsed         | 263         |
|    total_timesteps      | 368640      |
| train/                  |             |
|    approx_kl            | 0.027105533 |
|    clip_fraction        | 0.278       |
|    clip_range           | 0.2         |
|    entropy_loss         | -18         |
|    explained_variance   | 0.9525855   |
|    learning_rate        | 0.0003      |
|    loss                 | 0.244       |
|    n_updates            | 1790        |
|    policy_gradient_loss | -0.0383     |
|    std                  | 0.812       |
|    value_loss           | 0.972       |
-----------------------------------------
-----------------------------------------
| rollout/                |             |
|    ep_len_mean          | 295         |
|    ep_rew_mean          | 51.9        |
| time/                   |             |
|    fps                  | 1399        |
|    iterations           | 181         |
|    time_elapsed         | 264         |
|    total_timesteps      | 370688      |
| train/                  |             |
|    approx_kl            | 0.031061463 |
|    clip_fraction        | 0.323       |
|    clip_range           | 0.2         |
|    entropy_loss         | -18         |
|    explained_variance   | 0.979011    |
|    learning_rate        | 0.0003      |
|    loss                 | 0.134       |
|    n_updates            | 1800        |
|    policy_gradient_loss | -0.0403     |
|    std                  | 0.81        |
|    value_loss           | 0.575       |
-----------------------------------------
-----------------------------------------
| rollout/                |             |
|    ep_len_mean          | 296         |
|    ep_rew_mean          | 52.2        |
| time/                   |             |
|    fps                  | 1399        |
|    iterations           | 182         |
|    time_elapsed         | 266         |
|    total_timesteps      | 372736      |
| train/                  |             |
|    approx_kl            | 0.027168427 |
|    clip_fraction        | 0.304       |
|    clip_range           | 0.2         |
|    entropy_loss         | -18         |
|    explained_variance   | 0.98490775  |
|    learning_rate        | 0.0003      |
|    loss                 | 0.0976      |
|    n_updates            | 1810        |
|    policy_gradient_loss | -0.0391     |
|    std                  | 0.811       |
|    value_loss           | 0.472       |
-----------------------------------------
-----------------------------------------
| rollout/                |             |
|    ep_len_mean          | 297         |
|    ep_rew_mean          | 51.9        |
| time/                   |             |
|    fps                  | 1400        |
|    iterations           | 183         |
|    time_elapsed         | 267         |
|    total_timesteps      | 374784      |
| train/                  |             |
|    approx_kl            | 0.031587116 |
|    clip_fraction        | 0.331       |
|    clip_range           | 0.2         |
|    entropy_loss         | -18         |
|    explained_variance   | 0.97944224  |
|    learning_rate        | 0.0003      |
|    loss                 | 0.0931      |
|    n_updates            | 1820        |
|    policy_gradient_loss | -0.0415     |
|    std                  | 0.813       |
|    value_loss           | 0.537       |
-----------------------------------------
----------------------------------------
| rollout/                |            |
|    ep_len_mean          | 295        |
|    ep_rew_mean          | 51.8       |
| time/                   |            |
|    fps                  | 1401       |
|    iterations           | 184        |
|    time_elapsed         | 268        |
|    total_timesteps      | 376832     |
| train/                  |            |
|    approx_kl            | 0.02750048 |
|    clip_fraction        | 0.294      |
|    clip_range           | 0.2        |
|    entropy_loss         | -18.1      |
|    explained_variance   | 0.96558094 |
|    learning_rate        | 0.0003     |
|    loss                 | 0.403      |
|    n_updates            | 1830       |
|    policy_gradient_loss | -0.041     |
|    std                  | 0.813      |
|    value_loss           | 0.869      |
----------------------------------------
-----------------------------------------
| rollout/                |             |
|    ep_len_mean          | 294         |
|    ep_rew_mean          | 51.7        |
| time/                   |             |
|    fps                  | 1401        |
|    iterations           | 185         |
|    time_elapsed         | 270         |
|    total_timesteps      | 378880      |
| train/                  |             |
|    approx_kl            | 0.033000916 |
|    clip_fraction        | 0.317       |
|    clip_range           | 0.2         |
|    entropy_loss         | -18.1       |
|    explained_variance   | 0.9587307   |
|    learning_rate        | 0.0003      |
|    loss                 | 0.135       |
|    n_updates            | 1840        |
|    policy_gradient_loss | -0.0405     |
|    std                  | 0.814       |
|    value_loss           | 0.686       |
-----------------------------------------
----------------------------------------
| rollout/                |            |
|    ep_len_mean          | 293        |
|    ep_rew_mean          | 51.8       |
| time/                   |            |
|    fps                  | 1401       |
|    iterations           | 186        |
|    time_elapsed         | 271        |
|    total_timesteps      | 380928     |
| train/                  |            |
|    approx_kl            | 0.029557   |
|    clip_fraction        | 0.298      |
|    clip_range           | 0.2        |
|    entropy_loss         | -18        |
|    explained_variance   | 0.97091997 |
|    learning_rate        | 0.0003     |
|    loss                 | 0.124      |
|    n_updates            | 1850       |
|    policy_gradient_loss | -0.0375    |
|    std                  | 0.809      |
|    value_loss           | 0.61       |
----------------------------------------
-----------------------------------------
| rollout/                |             |
|    ep_len_mean          | 298         |
|    ep_rew_mean          | 52.9        |
| time/                   |             |
|    fps                  | 1401        |
|    iterations           | 187         |
|    time_elapsed         | 273         |
|    total_timesteps      | 382976      |
| train/                  |             |
|    approx_kl            | 0.032998607 |
|    clip_fraction        | 0.334       |
|    clip_range           | 0.2         |
|    entropy_loss         | -18         |
|    explained_variance   | 0.98344964  |
|    learning_rate        | 0.0003      |
|    loss                 | -0.0105     |
|    n_updates            | 1860        |
|    policy_gradient_loss | -0.0397     |
|    std                  | 0.806       |
|    value_loss           | 0.278       |
-----------------------------------------
-----------------------------------------
| rollout/                |             |
|    ep_len_mean          | 299         |
|    ep_rew_mean          | 53.3        |
| time/                   |             |
|    fps                  | 1401        |
|    iterations           | 188         |
|    time_elapsed         | 274         |
|    total_timesteps      | 385024      |
| train/                  |             |
|    approx_kl            | 0.031399008 |
|    clip_fraction        | 0.337       |
|    clip_range           | 0.2         |
|    entropy_loss         | -17.9       |
|    explained_variance   | 0.97213256  |
|    learning_rate        | 0.0003      |
|    loss                 | 0.0868      |
|    n_updates            | 1870        |
|    policy_gradient_loss | -0.0428     |
|    std                  | 0.805       |
|    value_loss           | 0.529       |
-----------------------------------------
----------------------------------------
| rollout/                |            |
|    ep_len_mean          | 299        |
|    ep_rew_mean          | 52.9       |
| time/                   |            |
|    fps                  | 1401       |
|    iterations           | 189        |
|    time_elapsed         | 276        |
|    total_timesteps      | 387072     |
| train/                  |            |
|    approx_kl            | 0.02985967 |
|    clip_fraction        | 0.327      |
|    clip_range           | 0.2        |
|    entropy_loss         | -17.9      |
|    explained_variance   | 0.97575307 |
|    learning_rate        | 0.0003     |
|    loss                 | 0.116      |
|    n_updates            | 1880       |
|    policy_gradient_loss | -0.0348    |
|    std                  | 0.801      |
|    value_loss           | 0.638      |
----------------------------------------
-----------------------------------------
| rollout/                |             |
|    ep_len_mean          | 299         |
|    ep_rew_mean          | 52.8        |
| time/                   |             |
|    fps                  | 1402        |
|    iterations           | 190         |
|    time_elapsed         | 277         |
|    total_timesteps      | 389120      |
| train/                  |             |
|    approx_kl            | 0.028353292 |
|    clip_fraction        | 0.304       |
|    clip_range           | 0.2         |
|    entropy_loss         | -17.8       |
|    explained_variance   | 0.96902585  |
|    learning_rate        | 0.0003      |
|    loss                 | 0.0226      |
|    n_updates            | 1890        |
|    policy_gradient_loss | -0.0421     |
|    std                  | 0.8         |
|    value_loss           | 0.667       |
-----------------------------------------
-----------------------------------------
| rollout/                |             |
|    ep_len_mean          | 303         |
|    ep_rew_mean          | 54          |
| time/                   |             |
|    fps                  | 1402        |
|    iterations           | 191         |
|    time_elapsed         | 278         |
|    total_timesteps      | 391168      |
| train/                  |             |
|    approx_kl            | 0.022586653 |
|    clip_fraction        | 0.292       |
|    clip_range           | 0.2         |
|    entropy_loss         | -17.8       |
|    explained_variance   | 0.9724267   |
|    learning_rate        | 0.0003      |
|    loss                 | 0.183       |
|    n_updates            | 1900        |
|    policy_gradient_loss | -0.0395     |
|    std                  | 0.798       |
|    value_loss           | 0.691       |
-----------------------------------------
----------------------------------------
| rollout/                |            |
|    ep_len_mean          | 305        |
|    ep_rew_mean          | 54.9       |
| time/                   |            |
|    fps                  | 1402       |
|    iterations           | 192        |
|    time_elapsed         | 280        |
|    total_timesteps      | 393216     |
| train/                  |            |
|    approx_kl            | 0.03504803 |
|    clip_fraction        | 0.364      |
|    clip_range           | 0.2        |
|    entropy_loss         | -17.8      |
|    explained_variance   | 0.98254406 |
|    learning_rate        | 0.0003     |
|    loss                 | -0.00505   |
|    n_updates            | 1910       |
|    policy_gradient_loss | -0.0396    |
|    std                  | 0.796      |
|    value_loss           | 0.27       |
----------------------------------------
-----------------------------------------
| rollout/                |             |
|    ep_len_mean          | 308         |
|    ep_rew_mean          | 55.7        |
| time/                   |             |
|    fps                  | 1402        |
|    iterations           | 193         |
|    time_elapsed         | 281         |
|    total_timesteps      | 395264      |
| train/                  |             |
|    approx_kl            | 0.030465275 |
|    clip_fraction        | 0.312       |
|    clip_range           | 0.2         |
|    entropy_loss         | -17.7       |
|    explained_variance   | 0.98211884  |
|    learning_rate        | 0.0003      |
|    loss                 | -0.00067    |
|    n_updates            | 1920        |
|    policy_gradient_loss | -0.0373     |
|    std                  | 0.793       |
|    value_loss           | 0.256       |
-----------------------------------------
----------------------------------------
| rollout/                |            |
|    ep_len_mean          | 310        |
|    ep_rew_mean          | 56.5       |
| time/                   |            |
|    fps                  | 1402       |
|    iterations           | 194        |
|    time_elapsed         | 283        |
|    total_timesteps      | 397312     |
| train/                  |            |
|    approx_kl            | 0.02979552 |
|    clip_fraction        | 0.343      |
|    clip_range           | 0.2        |
|    entropy_loss         | -17.7      |
|    explained_variance   | 0.9827289  |
|    learning_rate        | 0.0003     |
|    loss                 | 0.00788    |
|    n_updates            | 1930       |
|    policy_gradient_loss | -0.0385    |
|    std                  | 0.791      |
|    value_loss           | 0.296      |
----------------------------------------
----------------------------------------
| rollout/                |            |
|    ep_len_mean          | 315        |
|    ep_rew_mean          | 58.3       |
| time/                   |            |
|    fps                  | 1401       |
|    iterations           | 195        |
|    time_elapsed         | 284        |
|    total_timesteps      | 399360     |
| train/                  |            |
|    approx_kl            | 0.02484128 |
|    clip_fraction        | 0.303      |
|    clip_range           | 0.2        |
|    entropy_loss         | -17.7      |
|    explained_variance   | 0.97612596 |
|    learning_rate        | 0.0003     |
|    loss                 | 0.249      |
|    n_updates            | 1940       |
|    policy_gradient_loss | -0.0358    |
|    std                  | 0.79       |
|    value_loss           | 0.564      |
----------------------------------------
----------------------------------------
| rollout/                |            |
|    ep_len_mean          | 318        |
|    ep_rew_mean          | 59.3       |
| time/                   |            |
|    fps                  | 1401       |
|    iterations           | 196        |
|    time_elapsed         | 286        |
|    total_timesteps      | 401408     |
| train/                  |            |
|    approx_kl            | 0.03201722 |
|    clip_fraction        | 0.311      |
|    clip_range           | 0.2        |
|    entropy_loss         | -17.7      |
|    explained_variance   | 0.9894241  |
|    learning_rate        | 0.0003     |
|    loss                 | 0.00199    |
|    n_updates            | 1950       |
|    policy_gradient_loss | -0.0375    |
|    std                  | 0.791      |
|    value_loss           | 0.259      |
----------------------------------------
-----------------------------------------
| rollout/                |             |
|    ep_len_mean          | 324         |
|    ep_rew_mean          | 61.4        |
| time/                   |             |
|    fps                  | 1401        |
|    iterations           | 197         |
|    time_elapsed         | 287         |
|    total_timesteps      | 403456      |
| train/                  |             |
|    approx_kl            | 0.029847516 |
|    clip_fraction        | 0.302       |
|    clip_range           | 0.2         |
|    entropy_loss         | -17.7       |
|    explained_variance   | 0.9432884   |
|    learning_rate        | 0.0003      |
|    loss                 | 0.125       |
|    n_updates            | 1960        |
|    policy_gradient_loss | -0.0342     |
|    std                  | 0.793       |
|    value_loss           | 0.82        |
-----------------------------------------
-----------------------------------------
| rollout/                |             |
|    ep_len_mean          | 326         |
|    ep_rew_mean          | 62.2        |
| time/                   |             |
|    fps                  | 1401        |
|    iterations           | 198         |
|    time_elapsed         | 289         |
|    total_timesteps      | 405504      |
| train/                  |             |
|    approx_kl            | 0.028448101 |
|    clip_fraction        | 0.289       |
|    clip_range           | 0.2         |
|    entropy_loss         | -17.7       |
|    explained_variance   | 0.9767767   |
|    learning_rate        | 0.0003      |
|    loss                 | 0.108       |
|    n_updates            | 1970        |
|    policy_gradient_loss | -0.0388     |
|    std                  | 0.795       |
|    value_loss           | 0.575       |
-----------------------------------------
-----------------------------------------
| rollout/                |             |
|    ep_len_mean          | 328         |
|    ep_rew_mean          | 63.4        |
| time/                   |             |
|    fps                  | 1401        |
|    iterations           | 199         |
|    time_elapsed         | 290         |
|    total_timesteps      | 407552      |
| train/                  |             |
|    approx_kl            | 0.033575643 |
|    clip_fraction        | 0.326       |
|    clip_range           | 0.2         |
|    entropy_loss         | -17.7       |
|    explained_variance   | 0.98112196  |
|    learning_rate        | 0.0003      |
|    loss                 | 0.067       |
|    n_updates            | 1980        |
|    policy_gradient_loss | -0.0379     |
|    std                  | 0.797       |
|    value_loss           | 0.387       |
-----------------------------------------
-----------------------------------------
| rollout/                |             |
|    ep_len_mean          | 334         |
|    ep_rew_mean          | 64.9        |
| time/                   |             |
|    fps                  | 1401        |
|    iterations           | 200         |
|    time_elapsed         | 292         |
|    total_timesteps      | 409600      |
| train/                  |             |
|    approx_kl            | 0.034236368 |
|    clip_fraction        | 0.317       |
|    clip_range           | 0.2         |
|    entropy_loss         | -17.8       |
|    explained_variance   | 0.982558    |
|    learning_rate        | 0.0003      |
|    loss                 | 0.0622      |
|    n_updates            | 1990        |
|    policy_gradient_loss | -0.045      |
|    std                  | 0.797       |
|    value_loss           | 0.44        |
-----------------------------------------
-----------------------------------------
| rollout/                |             |
|    ep_len_mean          | 339         |
|    ep_rew_mean          | 66.4        |
| time/                   |             |
|    fps                  | 1400        |
|    iterations           | 201         |
|    time_elapsed         | 293         |
|    total_timesteps      | 411648      |
| train/                  |             |
|    approx_kl            | 0.030402582 |
|    clip_fraction        | 0.348       |
|    clip_range           | 0.2         |
|    entropy_loss         | -17.8       |
|    explained_variance   | 0.9893531   |
|    learning_rate        | 0.0003      |
|    loss                 | 0.0143      |
|    n_updates            | 2000        |
|    policy_gradient_loss | -0.0396     |
|    std                  | 0.797       |
|    value_loss           | 0.258       |
-----------------------------------------
-----------------------------------------
| rollout/                |             |
|    ep_len_mean          | 342         |
|    ep_rew_mean          | 67.2        |
| time/                   |             |
|    fps                  | 1400        |
|    iterations           | 202         |
|    time_elapsed         | 295         |
|    total_timesteps      | 413696      |
| train/                  |             |
|    approx_kl            | 0.029484719 |
|    clip_fraction        | 0.342       |
|    clip_range           | 0.2         |
|    entropy_loss         | -17.8       |
|    explained_variance   | 0.9874984   |
|    learning_rate        | 0.0003      |
|    loss                 | 0.0152      |
|    n_updates            | 2010        |
|    policy_gradient_loss | -0.0395     |
|    std                  | 0.797       |
|    value_loss           | 0.377       |
-----------------------------------------
-----------------------------------------
| rollout/                |             |
|    ep_len_mean          | 341         |
|    ep_rew_mean          | 67.3        |
| time/                   |             |
|    fps                  | 1400        |
|    iterations           | 203         |
|    time_elapsed         | 296         |
|    total_timesteps      | 415744      |
| train/                  |             |
|    approx_kl            | 0.029884543 |
|    clip_fraction        | 0.315       |
|    clip_range           | 0.2         |
|    entropy_loss         | -17.8       |
|    explained_variance   | 0.9855269   |
|    learning_rate        | 0.0003      |
|    loss                 | 0.0355      |
|    n_updates            | 2020        |
|    policy_gradient_loss | -0.0383     |
|    std                  | 0.8         |
|    value_loss           | 0.398       |
-----------------------------------------
-----------------------------------------
| rollout/                |             |
|    ep_len_mean          | 342         |
|    ep_rew_mean          | 67.8        |
| time/                   |             |
|    fps                  | 1401        |
|    iterations           | 204         |
|    time_elapsed         | 298         |
|    total_timesteps      | 417792      |
| train/                  |             |
|    approx_kl            | 0.030033853 |
|    clip_fraction        | 0.318       |
|    clip_range           | 0.2         |
|    entropy_loss         | -17.8       |
|    explained_variance   | 0.98927194  |
|    learning_rate        | 0.0003      |
|    loss                 | 0.0325      |
|    n_updates            | 2030        |
|    policy_gradient_loss | -0.0408     |
|    std                  | 0.798       |
|    value_loss           | 0.372       |
-----------------------------------------
-----------------------------------------
| rollout/                |             |
|    ep_len_mean          | 340         |
|    ep_rew_mean          | 66.9        |
| time/                   |             |
|    fps                  | 1401        |
|    iterations           | 205         |
|    time_elapsed         | 299         |
|    total_timesteps      | 419840      |
| train/                  |             |
|    approx_kl            | 0.023577843 |
|    clip_fraction        | 0.296       |
|    clip_range           | 0.2         |
|    entropy_loss         | -17.8       |
|    explained_variance   | 0.9875881   |
|    learning_rate        | 0.0003      |
|    loss                 | 0.0491      |
|    n_updates            | 2040        |
|    policy_gradient_loss | -0.039      |
|    std                  | 0.8         |
|    value_loss           | 0.397       |
-----------------------------------------
-----------------------------------------
| rollout/                |             |
|    ep_len_mean          | 339         |
|    ep_rew_mean          | 67.2        |
| time/                   |             |
|    fps                  | 1402        |
|    iterations           | 206         |
|    time_elapsed         | 300         |
|    total_timesteps      | 421888      |
| train/                  |             |
|    approx_kl            | 0.024009995 |
|    clip_fraction        | 0.236       |
|    clip_range           | 0.2         |
|    entropy_loss         | -17.8       |
|    explained_variance   | 0.96384156  |
|    learning_rate        | 0.0003      |
|    loss                 | 0.342       |
|    n_updates            | 2050        |
|    policy_gradient_loss | -0.0385     |
|    std                  | 0.797       |
|    value_loss           | 1.03        |
-----------------------------------------
-----------------------------------------
| rollout/                |             |
|    ep_len_mean          | 338         |
|    ep_rew_mean          | 66.9        |
| time/                   |             |
|    fps                  | 1402        |
|    iterations           | 207         |
|    time_elapsed         | 302         |
|    total_timesteps      | 423936      |
| train/                  |             |
|    approx_kl            | 0.025417468 |
|    clip_fraction        | 0.29        |
|    clip_range           | 0.2         |
|    entropy_loss         | -17.8       |
|    explained_variance   | 0.97126395  |
|    learning_rate        | 0.0003      |
|    loss                 | 0.0609      |
|    n_updates            | 2060        |
|    policy_gradient_loss | -0.0359     |
|    std                  | 0.797       |
|    value_loss           | 0.601       |
-----------------------------------------
----------------------------------------
| rollout/                |            |
|    ep_len_mean          | 338        |
|    ep_rew_mean          | 66.8       |
| time/                   |            |
|    fps                  | 1402       |
|    iterations           | 208        |
|    time_elapsed         | 303        |
|    total_timesteps      | 425984     |
| train/                  |            |
|    approx_kl            | 0.0278     |
|    clip_fraction        | 0.299      |
|    clip_range           | 0.2        |
|    entropy_loss         | -17.8      |
|    explained_variance   | 0.96488965 |
|    learning_rate        | 0.0003     |
|    loss                 | 0.176      |
|    n_updates            | 2070       |
|    policy_gradient_loss | -0.04      |
|    std                  | 0.798      |
|    value_loss           | 0.975      |
----------------------------------------
-----------------------------------------
| rollout/                |             |
|    ep_len_mean          | 338         |
|    ep_rew_mean          | 66.6        |
| time/                   |             |
|    fps                  | 1402        |
|    iterations           | 209         |
|    time_elapsed         | 305         |
|    total_timesteps      | 428032      |
| train/                  |             |
|    approx_kl            | 0.033646226 |
|    clip_fraction        | 0.368       |
|    clip_range           | 0.2         |
|    entropy_loss         | -17.8       |
|    explained_variance   | 0.98224556  |
|    learning_rate        | 0.0003      |
|    loss                 | 0.161       |
|    n_updates            | 2080        |
|    policy_gradient_loss | -0.0394     |
|    std                  | 0.795       |
|    value_loss           | 0.487       |
-----------------------------------------
-----------------------------------------
| rollout/                |             |
|    ep_len_mean          | 334         |
|    ep_rew_mean          | 65.3        |
| time/                   |             |
|    fps                  | 1403        |
|    iterations           | 210         |
|    time_elapsed         | 306         |
|    total_timesteps      | 430080      |
| train/                  |             |
|    approx_kl            | 0.037490744 |
|    clip_fraction        | 0.362       |
|    clip_range           | 0.2         |
|    entropy_loss         | -17.7       |
|    explained_variance   | 0.98824483  |
|    learning_rate        | 0.0003      |
|    loss                 | 0.0609      |
|    n_updates            | 2090        |
|    policy_gradient_loss | -0.043      |
|    std                  | 0.796       |
|    value_loss           | 0.355       |
-----------------------------------------
-----------------------------------------
| rollout/                |             |
|    ep_len_mean          | 332         |
|    ep_rew_mean          | 64.4        |
| time/                   |             |
|    fps                  | 1403        |
|    iterations           | 211         |
|    time_elapsed         | 307         |
|    total_timesteps      | 432128      |
| train/                  |             |
|    approx_kl            | 0.028228939 |
|    clip_fraction        | 0.275       |
|    clip_range           | 0.2         |
|    entropy_loss         | -17.8       |
|    explained_variance   | 0.96251994  |
|    learning_rate        | 0.0003      |
|    loss                 | 0.237       |
|    n_updates            | 2100        |
|    policy_gradient_loss | -0.0396     |
|    std                  | 0.799       |
|    value_loss           | 1.01        |
-----------------------------------------
----------------------------------------
| rollout/                |            |
|    ep_len_mean          | 324        |
|    ep_rew_mean          | 62.1       |
| time/                   |            |
|    fps                  | 1404       |
|    iterations           | 212        |
|    time_elapsed         | 309        |
|    total_timesteps      | 434176     |
| train/                  |            |
|    approx_kl            | 0.03576886 |
|    clip_fraction        | 0.348      |
|    clip_range           | 0.2        |
|    entropy_loss         | -17.7      |
|    explained_variance   | 0.98453444 |
|    learning_rate        | 0.0003     |
|    loss                 | 0.0974     |
|    n_updates            | 2110       |
|    policy_gradient_loss | -0.0393    |
|    std                  | 0.794      |
|    value_loss           | 0.46       |
----------------------------------------
-----------------------------------------
| rollout/                |             |
|    ep_len_mean          | 323         |
|    ep_rew_mean          | 61.9        |
| time/                   |             |
|    fps                  | 1404        |
|    iterations           | 213         |
|    time_elapsed         | 310         |
|    total_timesteps      | 436224      |
| train/                  |             |
|    approx_kl            | 0.026226796 |
|    clip_fraction        | 0.29        |
|    clip_range           | 0.2         |
|    entropy_loss         | -17.7       |
|    explained_variance   | 0.9785271   |
|    learning_rate        | 0.0003      |
|    loss                 | 0.219       |
|    n_updates            | 2120        |
|    policy_gradient_loss | -0.0362     |
|    std                  | 0.795       |
|    value_loss           | 0.771       |
-----------------------------------------
----------------------------------------
| rollout/                |            |
|    ep_len_mean          | 322        |
|    ep_rew_mean          | 61.3       |
| time/                   |            |
|    fps                  | 1404       |
|    iterations           | 214        |
|    time_elapsed         | 311        |
|    total_timesteps      | 438272     |
| train/                  |            |
|    approx_kl            | 0.03918483 |
|    clip_fraction        | 0.354      |
|    clip_range           | 0.2        |
|    entropy_loss         | -17.7      |
|    explained_variance   | 0.9863089  |
|    learning_rate        | 0.0003     |
|    loss                 | 0.0388     |
|    n_updates            | 2130       |
|    policy_gradient_loss | -0.0409    |
|    std                  | 0.794      |
|    value_loss           | 0.342      |
----------------------------------------
-----------------------------------------
| rollout/                |             |
|    ep_len_mean          | 317         |
|    ep_rew_mean          | 59.9        |
| time/                   |             |
|    fps                  | 1405        |
|    iterations           | 215         |
|    time_elapsed         | 313         |
|    total_timesteps      | 440320      |
| train/                  |             |
|    approx_kl            | 0.030377034 |
|    clip_fraction        | 0.305       |
|    clip_range           | 0.2         |
|    entropy_loss         | -17.7       |
|    explained_variance   | 0.9754118   |
|    learning_rate        | 0.0003      |
|    loss                 | 0.364       |
|    n_updates            | 2140        |
|    policy_gradient_loss | -0.0372     |
|    std                  | 0.792       |
|    value_loss           | 0.931       |
-----------------------------------------
-----------------------------------------
| rollout/                |             |
|    ep_len_mean          | 316         |
|    ep_rew_mean          | 59.8        |
| time/                   |             |
|    fps                  | 1405        |
|    iterations           | 216         |
|    time_elapsed         | 314         |
|    total_timesteps      | 442368      |
| train/                  |             |
|    approx_kl            | 0.033203334 |
|    clip_fraction        | 0.362       |
|    clip_range           | 0.2         |
|    entropy_loss         | -17.6       |
|    explained_variance   | 0.9877093   |
|    learning_rate        | 0.0003      |
|    loss                 | 0.00848     |
|    n_updates            | 2150        |
|    policy_gradient_loss | -0.037      |
|    std                  | 0.789       |
|    value_loss           | 0.286       |
-----------------------------------------
-----------------------------------------
| rollout/                |             |
|    ep_len_mean          | 314         |
|    ep_rew_mean          | 59          |
| time/                   |             |
|    fps                  | 1405        |
|    iterations           | 217         |
|    time_elapsed         | 316         |
|    total_timesteps      | 444416      |
| train/                  |             |
|    approx_kl            | 0.032940224 |
|    clip_fraction        | 0.35        |
|    clip_range           | 0.2         |
|    entropy_loss         | -17.6       |
|    explained_variance   | 0.9898531   |
|    learning_rate        | 0.0003      |
|    loss                 | 0.0596      |
|    n_updates            | 2160        |
|    policy_gradient_loss | -0.039      |
|    std                  | 0.787       |
|    value_loss           | 0.263       |
-----------------------------------------
----------------------------------------
| rollout/                |            |
|    ep_len_mean          | 312        |
|    ep_rew_mean          | 58.4       |
| time/                   |            |
|    fps                  | 1406       |
|    iterations           | 218        |
|    time_elapsed         | 317        |
|    total_timesteps      | 446464     |
| train/                  |            |
|    approx_kl            | 0.03046866 |
|    clip_fraction        | 0.331      |
|    clip_range           | 0.2        |
|    entropy_loss         | -17.5      |
|    explained_variance   | 0.9923999  |
|    learning_rate        | 0.0003     |
|    loss                 | 0.0154     |
|    n_updates            | 2170       |
|    policy_gradient_loss | -0.036     |
|    std                  | 0.784      |
|    value_loss           | 0.228      |
----------------------------------------
-----------------------------------------
| rollout/                |             |
|    ep_len_mean          | 311         |
|    ep_rew_mean          | 58.2        |
| time/                   |             |
|    fps                  | 1406        |
|    iterations           | 219         |
|    time_elapsed         | 318         |
|    total_timesteps      | 448512      |
| train/                  |             |
|    approx_kl            | 0.034099247 |
|    clip_fraction        | 0.31        |
|    clip_range           | 0.2         |
|    entropy_loss         | -17.5       |
|    explained_variance   | 0.9813936   |
|    learning_rate        | 0.0003      |
|    loss                 | 0.0439      |
|    n_updates            | 2180        |
|    policy_gradient_loss | -0.0361     |
|    std                  | 0.782       |
|    value_loss           | 0.512       |
-----------------------------------------
-----------------------------------------
| rollout/                |             |
|    ep_len_mean          | 312         |
|    ep_rew_mean          | 59.1        |
| time/                   |             |
|    fps                  | 1406        |
|    iterations           | 220         |
|    time_elapsed         | 320         |
|    total_timesteps      | 450560      |
| train/                  |             |
|    approx_kl            | 0.033643562 |
|    clip_fraction        | 0.339       |
|    clip_range           | 0.2         |
|    entropy_loss         | -17.5       |
|    explained_variance   | 0.98770314  |
|    learning_rate        | 0.0003      |
|    loss                 | 0.00197     |
|    n_updates            | 2190        |
|    policy_gradient_loss | -0.0361     |
|    std                  | 0.781       |
|    value_loss           | 0.307       |
-----------------------------------------
----------------------------------------
| rollout/                |            |
|    ep_len_mean          | 313        |
|    ep_rew_mean          | 59.3       |
| time/                   |            |
|    fps                  | 1407       |
|    iterations           | 221        |
|    time_elapsed         | 321        |
|    total_timesteps      | 452608     |
| train/                  |            |
|    approx_kl            | 0.03355793 |
|    clip_fraction        | 0.355      |
|    clip_range           | 0.2        |
|    entropy_loss         | -17.4      |
|    explained_variance   | 0.9933673  |
|    learning_rate        | 0.0003     |
|    loss                 | 0.0132     |
|    n_updates            | 2200       |
|    policy_gradient_loss | -0.0446    |
|    std                  | 0.781      |
|    value_loss           | 0.199      |
----------------------------------------
-----------------------------------------
| rollout/                |             |
|    ep_len_mean          | 314         |
|    ep_rew_mean          | 59.8        |
| time/                   |             |
|    fps                  | 1407        |
|    iterations           | 222         |
|    time_elapsed         | 323         |
|    total_timesteps      | 454656      |
| train/                  |             |
|    approx_kl            | 0.030671949 |
|    clip_fraction        | 0.35        |
|    clip_range           | 0.2         |
|    entropy_loss         | -17.5       |
|    explained_variance   | 0.9886715   |
|    learning_rate        | 0.0003      |
|    loss                 | 0.00593     |
|    n_updates            | 2210        |
|    policy_gradient_loss | -0.0359     |
|    std                  | 0.781       |
|    value_loss           | 0.329       |
-----------------------------------------
----------------------------------------
| rollout/                |            |
|    ep_len_mean          | 314        |
|    ep_rew_mean          | 60.1       |
| time/                   |            |
|    fps                  | 1407       |
|    iterations           | 223        |
|    time_elapsed         | 324        |
|    total_timesteps      | 456704     |
| train/                  |            |
|    approx_kl            | 0.03369292 |
|    clip_fraction        | 0.352      |
|    clip_range           | 0.2        |
|    entropy_loss         | -17.4      |
|    explained_variance   | 0.9903627  |
|    learning_rate        | 0.0003     |
|    loss                 | 0.0217     |
|    n_updates            | 2220       |
|    policy_gradient_loss | -0.0403    |
|    std                  | 0.779      |
|    value_loss           | 0.234      |
----------------------------------------
----------------------------------------
| rollout/                |            |
|    ep_len_mean          | 312        |
|    ep_rew_mean          | 59.3       |
| time/                   |            |
|    fps                  | 1408       |
|    iterations           | 224        |
|    time_elapsed         | 325        |
|    total_timesteps      | 458752     |
| train/                  |            |
|    approx_kl            | 0.02987578 |
|    clip_fraction        | 0.331      |
|    clip_range           | 0.2        |
|    entropy_loss         | -17.5      |
|    explained_variance   | 0.979812   |
|    learning_rate        | 0.0003     |
|    loss                 | -0.00555   |
|    n_updates            | 2230       |
|    policy_gradient_loss | -0.0342    |
|    std                  | 0.782      |
|    value_loss           | 0.363      |
----------------------------------------
-----------------------------------------
| rollout/                |             |
|    ep_len_mean          | 312         |
|    ep_rew_mean          | 59.5        |
| time/                   |             |
|    fps                  | 1408        |
|    iterations           | 225         |
|    time_elapsed         | 327         |
|    total_timesteps      | 460800      |
| train/                  |             |
|    approx_kl            | 0.027206823 |
|    clip_fraction        | 0.293       |
|    clip_range           | 0.2         |
|    entropy_loss         | -17.5       |
|    explained_variance   | 0.97718793  |
|    learning_rate        | 0.0003      |
|    loss                 | 0.0117      |
|    n_updates            | 2240        |
|    policy_gradient_loss | -0.0401     |
|    std                  | 0.781       |
|    value_loss           | 0.668       |
-----------------------------------------
-----------------------------------------
| rollout/                |             |
|    ep_len_mean          | 314         |
|    ep_rew_mean          | 60.4        |
| time/                   |             |
|    fps                  | 1408        |
|    iterations           | 226         |
|    time_elapsed         | 328         |
|    total_timesteps      | 462848      |
| train/                  |             |
|    approx_kl            | 0.027830662 |
|    clip_fraction        | 0.287       |
|    clip_range           | 0.2         |
|    entropy_loss         | -17.4       |
|    explained_variance   | 0.9725121   |
|    learning_rate        | 0.0003      |
|    loss                 | 0.242       |
|    n_updates            | 2250        |
|    policy_gradient_loss | -0.0389     |
|    std                  | 0.781       |
|    value_loss           | 0.9         |
-----------------------------------------
-----------------------------------------
| rollout/                |             |
|    ep_len_mean          | 315         |
|    ep_rew_mean          | 60.6        |
| time/                   |             |
|    fps                  | 1409        |
|    iterations           | 227         |
|    time_elapsed         | 329         |
|    total_timesteps      | 464896      |
| train/                  |             |
|    approx_kl            | 0.031495474 |
|    clip_fraction        | 0.345       |
|    clip_range           | 0.2         |
|    entropy_loss         | -17.4       |
|    explained_variance   | 0.99038804  |
|    learning_rate        | 0.0003      |
|    loss                 | 0.038       |
|    n_updates            | 2260        |
|    policy_gradient_loss | -0.0411     |
|    std                  | 0.78        |
|    value_loss           | 0.226       |
-----------------------------------------
-----------------------------------------
| rollout/                |             |
|    ep_len_mean          | 315         |
|    ep_rew_mean          | 60.9        |
| time/                   |             |
|    fps                  | 1409        |
|    iterations           | 228         |
|    time_elapsed         | 331         |
|    total_timesteps      | 466944      |
| train/                  |             |
|    approx_kl            | 0.031760715 |
|    clip_fraction        | 0.336       |
|    clip_range           | 0.2         |
|    entropy_loss         | -17.4       |
|    explained_variance   | 0.9822947   |
|    learning_rate        | 0.0003      |
|    loss                 | 0.07        |
|    n_updates            | 2270        |
|    policy_gradient_loss | -0.0378     |
|    std                  | 0.78        |
|    value_loss           | 0.392       |
-----------------------------------------
-----------------------------------------
| rollout/                |             |
|    ep_len_mean          | 314         |
|    ep_rew_mean          | 61.1        |
| time/                   |             |
|    fps                  | 1409        |
|    iterations           | 229         |
|    time_elapsed         | 332         |
|    total_timesteps      | 468992      |
| train/                  |             |
|    approx_kl            | 0.031586736 |
|    clip_fraction        | 0.32        |
|    clip_range           | 0.2         |
|    entropy_loss         | -17.4       |
|    explained_variance   | 0.98525345  |
|    learning_rate        | 0.0003      |
|    loss                 | -0.00225    |
|    n_updates            | 2280        |
|    policy_gradient_loss | -0.0406     |
|    std                  | 0.778       |
|    value_loss           | 0.362       |
-----------------------------------------
-----------------------------------------
| rollout/                |             |
|    ep_len_mean          | 316         |
|    ep_rew_mean          | 61.6        |
| time/                   |             |
|    fps                  | 1409        |
|    iterations           | 230         |
|    time_elapsed         | 334         |
|    total_timesteps      | 471040      |
| train/                  |             |
|    approx_kl            | 0.031550415 |
|    clip_fraction        | 0.322       |
|    clip_range           | 0.2         |
|    entropy_loss         | -17.4       |
|    explained_variance   | 0.98957217  |
|    learning_rate        | 0.0003      |
|    loss                 | 0.0242      |
|    n_updates            | 2290        |
|    policy_gradient_loss | -0.0383     |
|    std                  | 0.779       |
|    value_loss           | 0.23        |
-----------------------------------------
----------------------------------------
| rollout/                |            |
|    ep_len_mean          | 314        |
|    ep_rew_mean          | 61.1       |
| time/                   |            |
|    fps                  | 1409       |
|    iterations           | 231        |
|    time_elapsed         | 335        |
|    total_timesteps      | 473088     |
| train/                  |            |
|    approx_kl            | 0.0328438  |
|    clip_fraction        | 0.357      |
|    clip_range           | 0.2        |
|    entropy_loss         | -17.4      |
|    explained_variance   | 0.99177974 |
|    learning_rate        | 0.0003     |
|    loss                 | -0.000361  |
|    n_updates            | 2300       |
|    policy_gradient_loss | -0.0434    |
|    std                  | 0.778      |
|    value_loss           | 0.196      |
----------------------------------------
----------------------------------------
| rollout/                |            |
|    ep_len_mean          | 314        |
|    ep_rew_mean          | 60.9       |
| time/                   |            |
|    fps                  | 1409       |
|    iterations           | 232        |
|    time_elapsed         | 337        |
|    total_timesteps      | 475136     |
| train/                  |            |
|    approx_kl            | 0.02909057 |
|    clip_fraction        | 0.313      |
|    clip_range           | 0.2        |
|    entropy_loss         | -17.4      |
|    explained_variance   | 0.98482585 |
|    learning_rate        | 0.0003     |
|    loss                 | 0.0316     |
|    n_updates            | 2310       |
|    policy_gradient_loss | -0.0377    |
|    std                  | 0.778      |
|    value_loss           | 0.436      |
----------------------------------------
---------------------------------------
| rollout/                |           |
|    ep_len_mean          | 314       |
|    ep_rew_mean          | 61.2      |
| time/                   |           |
|    fps                  | 1409      |
|    iterations           | 233       |
|    time_elapsed         | 338       |
|    total_timesteps      | 477184    |
| train/                  |           |
|    approx_kl            | 0.0322388 |
|    clip_fraction        | 0.351     |
|    clip_range           | 0.2       |
|    entropy_loss         | -17.4     |
|    explained_variance   | 0.9934156 |
|    learning_rate        | 0.0003    |
|    loss                 | 0.00304   |
|    n_updates            | 2320      |
|    policy_gradient_loss | -0.041    |
|    std                  | 0.778     |
|    value_loss           | 0.194     |
---------------------------------------
----------------------------------------
| rollout/                |            |
|    ep_len_mean          | 314        |
|    ep_rew_mean          | 61.5       |
| time/                   |            |
|    fps                  | 1409       |
|    iterations           | 234        |
|    time_elapsed         | 340        |
|    total_timesteps      | 479232     |
| train/                  |            |
|    approx_kl            | 0.03514707 |
|    clip_fraction        | 0.351      |
|    clip_range           | 0.2        |
|    entropy_loss         | -17.4      |
|    explained_variance   | 0.9878217  |
|    learning_rate        | 0.0003     |
|    loss                 | -0.0176    |
|    n_updates            | 2330       |
|    policy_gradient_loss | -0.0378    |
|    std                  | 0.778      |
|    value_loss           | 0.235      |
----------------------------------------
-----------------------------------------
| rollout/                |             |
|    ep_len_mean          | 314         |
|    ep_rew_mean          | 61.6        |
| time/                   |             |
|    fps                  | 1409        |
|    iterations           | 235         |
|    time_elapsed         | 341         |
|    total_timesteps      | 481280      |
| train/                  |             |
|    approx_kl            | 0.028909706 |
|    clip_fraction        | 0.31        |
|    clip_range           | 0.2         |
|    entropy_loss         | -17.4       |
|    explained_variance   | 0.98428917  |
|    learning_rate        | 0.0003      |
|    loss                 | 0.108       |
|    n_updates            | 2340        |
|    policy_gradient_loss | -0.0374     |
|    std                  | 0.779       |
|    value_loss           | 0.49        |
-----------------------------------------
----------------------------------------
| rollout/                |            |
|    ep_len_mean          | 310        |
|    ep_rew_mean          | 60.3       |
| time/                   |            |
|    fps                  | 1409       |
|    iterations           | 236        |
|    time_elapsed         | 342        |
|    total_timesteps      | 483328     |
| train/                  |            |
|    approx_kl            | 0.03330093 |
|    clip_fraction        | 0.363      |
|    clip_range           | 0.2        |
|    entropy_loss         | -17.4      |
|    explained_variance   | 0.9889959  |
|    learning_rate        | 0.0003     |
|    loss                 | 0.0804     |
|    n_updates            | 2350       |
|    policy_gradient_loss | -0.0416    |
|    std                  | 0.779      |
|    value_loss           | 0.361      |
----------------------------------------
-----------------------------------------
| rollout/                |             |
|    ep_len_mean          | 308         |
|    ep_rew_mean          | 59.9        |
| time/                   |             |
|    fps                  | 1408        |
|    iterations           | 237         |
|    time_elapsed         | 344         |
|    total_timesteps      | 485376      |
| train/                  |             |
|    approx_kl            | 0.031951074 |
|    clip_fraction        | 0.32        |
|    clip_range           | 0.2         |
|    entropy_loss         | -17.4       |
|    explained_variance   | 0.985707    |
|    learning_rate        | 0.0003      |
|    loss                 | 0.0736      |
|    n_updates            | 2360        |
|    policy_gradient_loss | -0.0396     |
|    std                  | 0.778       |
|    value_loss           | 0.425       |
-----------------------------------------
-----------------------------------------
| rollout/                |             |
|    ep_len_mean          | 307         |
|    ep_rew_mean          | 59.7        |
| time/                   |             |
|    fps                  | 1407        |
|    iterations           | 238         |
|    time_elapsed         | 346         |
|    total_timesteps      | 487424      |
| train/                  |             |
|    approx_kl            | 0.036198016 |
|    clip_fraction        | 0.36        |
|    clip_range           | 0.2         |
|    entropy_loss         | -17.4       |
|    explained_variance   | 0.99104446  |
|    learning_rate        | 0.0003      |
|    loss                 | -0.00265    |
|    n_updates            | 2370        |
|    policy_gradient_loss | -0.0406     |
|    std                  | 0.778       |
|    value_loss           | 0.243       |
-----------------------------------------
-----------------------------------------
| rollout/                |             |
|    ep_len_mean          | 308         |
|    ep_rew_mean          | 60.6        |
| time/                   |             |
|    fps                  | 1407        |
|    iterations           | 239         |
|    time_elapsed         | 347         |
|    total_timesteps      | 489472      |
| train/                  |             |
|    approx_kl            | 0.034460448 |
|    clip_fraction        | 0.325       |
|    clip_range           | 0.2         |
|    entropy_loss         | -17.3       |
|    explained_variance   | 0.9793325   |
|    learning_rate        | 0.0003      |
|    loss                 | 0.0291      |
|    n_updates            | 2380        |
|    policy_gradient_loss | -0.0307     |
|    std                  | 0.775       |
|    value_loss           | 0.563       |
-----------------------------------------
-----------------------------------------
| rollout/                |             |
|    ep_len_mean          | 309         |
|    ep_rew_mean          | 61.3        |
| time/                   |             |
|    fps                  | 1406        |
|    iterations           | 240         |
|    time_elapsed         | 349         |
|    total_timesteps      | 491520      |
| train/                  |             |
|    approx_kl            | 0.036481015 |
|    clip_fraction        | 0.358       |
|    clip_range           | 0.2         |
|    entropy_loss         | -17.3       |
|    explained_variance   | 0.9916643   |
|    learning_rate        | 0.0003      |
|    loss                 | -0.00984    |
|    n_updates            | 2390        |
|    policy_gradient_loss | -0.0412     |
|    std                  | 0.773       |
|    value_loss           | 0.198       |
-----------------------------------------
-----------------------------------------
| rollout/                |             |
|    ep_len_mean          | 305         |
|    ep_rew_mean          | 60.3        |
| time/                   |             |
|    fps                  | 1406        |
|    iterations           | 241         |
|    time_elapsed         | 350         |
|    total_timesteps      | 493568      |
| train/                  |             |
|    approx_kl            | 0.036000736 |
|    clip_fraction        | 0.354       |
|    clip_range           | 0.2         |
|    entropy_loss         | -17.2       |
|    explained_variance   | 0.99270177  |
|    learning_rate        | 0.0003      |
|    loss                 | -0.00811    |
|    n_updates            | 2400        |
|    policy_gradient_loss | -0.0415     |
|    std                  | 0.77        |
|    value_loss           | 0.159       |
-----------------------------------------
-----------------------------------------
| rollout/                |             |
|    ep_len_mean          | 306         |
|    ep_rew_mean          | 60.9        |
| time/                   |             |
|    fps                  | 1406        |
|    iterations           | 242         |
|    time_elapsed         | 352         |
|    total_timesteps      | 495616      |
| train/                  |             |
|    approx_kl            | 0.023686657 |
|    clip_fraction        | 0.282       |
|    clip_range           | 0.2         |
|    entropy_loss         | -17.2       |
|    explained_variance   | 0.9845979   |
|    learning_rate        | 0.0003      |
|    loss                 | 0.236       |
|    n_updates            | 2410        |
|    policy_gradient_loss | -0.0373     |
|    std                  | 0.768       |
|    value_loss           | 0.484       |
-----------------------------------------
-----------------------------------------
| rollout/                |             |
|    ep_len_mean          | 309         |
|    ep_rew_mean          | 62.1        |
| time/                   |             |
|    fps                  | 1405        |
|    iterations           | 243         |
|    time_elapsed         | 354         |
|    total_timesteps      | 497664      |
| train/                  |             |
|    approx_kl            | 0.034587204 |
|    clip_fraction        | 0.363       |
|    clip_range           | 0.2         |
|    entropy_loss         | -17.1       |
|    explained_variance   | 0.99321616  |
|    learning_rate        | 0.0003      |
|    loss                 | -0.0267     |
|    n_updates            | 2420        |
|    policy_gradient_loss | -0.0431     |
|    std                  | 0.765       |
|    value_loss           | 0.181       |
-----------------------------------------
----------------------------------------
| rollout/                |            |
|    ep_len_mean          | 312        |
|    ep_rew_mean          | 63         |
| time/                   |            |
|    fps                  | 1405       |
|    iterations           | 244        |
|    time_elapsed         | 355        |
|    total_timesteps      | 499712     |
| train/                  |            |
|    approx_kl            | 0.03577842 |
|    clip_fraction        | 0.349      |
|    clip_range           | 0.2        |
|    entropy_loss         | -17.1      |
|    explained_variance   | 0.99614847 |
|    learning_rate        | 0.0003     |
|    loss                 | -0.0519    |
|    n_updates            | 2430       |
|    policy_gradient_loss | -0.0402    |
|    std                  | 0.762      |
|    value_loss           | 0.111      |
----------------------------------------
-----------------------------------------
| rollout/                |             |
|    ep_len_mean          | 312         |
|    ep_rew_mean          | 63.2        |
| time/                   |             |
|    fps                  | 1405        |
|    iterations           | 245         |
|    time_elapsed         | 357         |
|    total_timesteps      | 501760      |
| train/                  |             |
|    approx_kl            | 0.035243757 |
|    clip_fraction        | 0.357       |
|    clip_range           | 0.2         |
|    entropy_loss         | -17         |
|    explained_variance   | 0.9940165   |
|    learning_rate        | 0.0003      |
|    loss                 | -0.0351     |
|    n_updates            | 2440        |
|    policy_gradient_loss | -0.0428     |
|    std                  | 0.762       |
|    value_loss           | 0.148       |
-----------------------------------------
----------------------------------------
| rollout/                |            |
|    ep_len_mean          | 314        |
|    ep_rew_mean          | 64         |
| time/                   |            |
|    fps                  | 1404       |
|    iterations           | 246        |
|    time_elapsed         | 358        |
|    total_timesteps      | 503808     |
| train/                  |            |
|    approx_kl            | 0.0385501  |
|    clip_fraction        | 0.367      |
|    clip_range           | 0.2        |
|    entropy_loss         | -17.1      |
|    explained_variance   | 0.99566346 |
|    learning_rate        | 0.0003     |
|    loss                 | -0.0195    |
|    n_updates            | 2450       |
|    policy_gradient_loss | -0.0412    |
|    std                  | 0.762      |
|    value_loss           | 0.107      |
----------------------------------------
----------------------------------------
| rollout/                |            |
|    ep_len_mean          | 318        |
|    ep_rew_mean          | 65.4       |
| time/                   |            |
|    fps                  | 1404       |
|    iterations           | 247        |
|    time_elapsed         | 360        |
|    total_timesteps      | 505856     |
| train/                  |            |
|    approx_kl            | 0.03556373 |
|    clip_fraction        | 0.357      |
|    clip_range           | 0.2        |
|    entropy_loss         | -17        |
|    explained_variance   | 0.99333197 |
|    learning_rate        | 0.0003     |
|    loss                 | 0.0349     |
|    n_updates            | 2460       |
|    policy_gradient_loss | -0.0383    |
|    std                  | 0.759      |
|    value_loss           | 0.142      |
----------------------------------------
-----------------------------------------
| rollout/                |             |
|    ep_len_mean          | 317         |
|    ep_rew_mean          | 65.6        |
| time/                   |             |
|    fps                  | 1404        |
|    iterations           | 248         |
|    time_elapsed         | 361         |
|    total_timesteps      | 507904      |
| train/                  |             |
|    approx_kl            | 0.036791004 |
|    clip_fraction        | 0.352       |
|    clip_range           | 0.2         |
|    entropy_loss         | -17         |
|    explained_variance   | 0.99430746  |
|    learning_rate        | 0.0003      |
|    loss                 | -0.0157     |
|    n_updates            | 2470        |
|    policy_gradient_loss | -0.04       |
|    std                  | 0.761       |
|    value_loss           | 0.153       |
-----------------------------------------
----------------------------------------
| rollout/                |            |
|    ep_len_mean          | 321        |
|    ep_rew_mean          | 66.8       |
| time/                   |            |
|    fps                  | 1404       |
|    iterations           | 249        |
|    time_elapsed         | 363        |
|    total_timesteps      | 509952     |
| train/                  |            |
|    approx_kl            | 0.03101366 |
|    clip_fraction        | 0.322      |
|    clip_range           | 0.2        |
|    entropy_loss         | -17        |
|    explained_variance   | 0.9886023  |
|    learning_rate        | 0.0003     |
|    loss                 | -0.0113    |
|    n_updates            | 2480       |
|    policy_gradient_loss | -0.0374    |
|    std                  | 0.76       |
|    value_loss           | 0.261      |
----------------------------------------
-----------------------------------------
| rollout/                |             |
|    ep_len_mean          | 320         |
|    ep_rew_mean          | 66.8        |
| time/                   |             |
|    fps                  | 1403        |
|    iterations           | 250         |
|    time_elapsed         | 364         |
|    total_timesteps      | 512000      |
| train/                  |             |
|    approx_kl            | 0.036350667 |
|    clip_fraction        | 0.374       |
|    clip_range           | 0.2         |
|    entropy_loss         | -17         |
|    explained_variance   | 0.99576044  |
|    learning_rate        | 0.0003      |
|    loss                 | -0.00173    |
|    n_updates            | 2490        |
|    policy_gradient_loss | -0.0426     |
|    std                  | 0.757       |
|    value_loss           | 0.0887      |
-----------------------------------------
-----------------------------------------
| rollout/                |             |
|    ep_len_mean          | 323         |
|    ep_rew_mean          | 67.6        |
| time/                   |             |
|    fps                  | 1403        |
|    iterations           | 251         |
|    time_elapsed         | 366         |
|    total_timesteps      | 514048      |
| train/                  |             |
|    approx_kl            | 0.031716008 |
|    clip_fraction        | 0.347       |
|    clip_range           | 0.2         |
|    entropy_loss         | -17         |
|    explained_variance   | 0.9920805   |
|    learning_rate        | 0.0003      |
|    loss                 | -0.0333     |
|    n_updates            | 2500        |
|    policy_gradient_loss | -0.0406     |
|    std                  | 0.759       |
|    value_loss           | 0.14        |
-----------------------------------------
----------------------------------------
| rollout/                |            |
|    ep_len_mean          | 327        |
|    ep_rew_mean          | 69.1       |
| time/                   |            |
|    fps                  | 1402       |
|    iterations           | 252        |
|    time_elapsed         | 367        |
|    total_timesteps      | 516096     |
| train/                  |            |
|    approx_kl            | 0.03528501 |
|    clip_fraction        | 0.342      |
|    clip_range           | 0.2        |
|    entropy_loss         | -17        |
|    explained_variance   | 0.9941348  |
|    learning_rate        | 0.0003     |
|    loss                 | -0.0279    |
|    n_updates            | 2510       |
|    policy_gradient_loss | -0.0427    |
|    std                  | 0.759      |
|    value_loss           | 0.14       |
----------------------------------------
----------------------------------------
| rollout/                |            |
|    ep_len_mean          | 331        |
|    ep_rew_mean          | 70.3       |
| time/                   |            |
|    fps                  | 1402       |
|    iterations           | 253        |
|    time_elapsed         | 369        |
|    total_timesteps      | 518144     |
| train/                  |            |
|    approx_kl            | 0.03169545 |
|    clip_fraction        | 0.349      |
|    clip_range           | 0.2        |
|    entropy_loss         | -17        |
|    explained_variance   | 0.9935254  |
|    learning_rate        | 0.0003     |
|    loss                 | 0.00161    |
|    n_updates            | 2520       |
|    policy_gradient_loss | -0.0392    |
|    std                  | 0.758      |
|    value_loss           | 0.176      |
----------------------------------------
-----------------------------------------
| rollout/                |             |
|    ep_len_mean          | 331         |
|    ep_rew_mean          | 70.6        |
| time/                   |             |
|    fps                  | 1401        |
|    iterations           | 254         |
|    time_elapsed         | 371         |
|    total_timesteps      | 520192      |
| train/                  |             |
|    approx_kl            | 0.030052848 |
|    clip_fraction        | 0.35        |
|    clip_range           | 0.2         |
|    entropy_loss         | -17         |
|    explained_variance   | 0.9906456   |
|    learning_rate        | 0.0003      |
|    loss                 | 0.044       |
|    n_updates            | 2530        |
|    policy_gradient_loss | -0.0451     |
|    std                  | 0.761       |
|    value_loss           | 0.303       |
-----------------------------------------
-----------------------------------------
| rollout/                |             |
|    ep_len_mean          | 330         |
|    ep_rew_mean          | 70.5        |
| time/                   |             |
|    fps                  | 1401        |
|    iterations           | 255         |
|    time_elapsed         | 372         |
|    total_timesteps      | 522240      |
| train/                  |             |
|    approx_kl            | 0.029756147 |
|    clip_fraction        | 0.347       |
|    clip_range           | 0.2         |
|    entropy_loss         | -17         |
|    explained_variance   | 0.98953104  |
|    learning_rate        | 0.0003      |
|    loss                 | 0.00248     |
|    n_updates            | 2540        |
|    policy_gradient_loss | -0.0388     |
|    std                  | 0.762       |
|    value_loss           | 0.242       |
-----------------------------------------
-----------------------------------------
| rollout/                |             |
|    ep_len_mean          | 329         |
|    ep_rew_mean          | 70.2        |
| time/                   |             |
|    fps                  | 1401        |
|    iterations           | 256         |
|    time_elapsed         | 374         |
|    total_timesteps      | 524288      |
| train/                  |             |
|    approx_kl            | 0.033122517 |
|    clip_fraction        | 0.355       |
|    clip_range           | 0.2         |
|    entropy_loss         | -17         |
|    explained_variance   | 0.99669516  |
|    learning_rate        | 0.0003      |
|    loss                 | -0.0322     |
|    n_updates            | 2550        |
|    policy_gradient_loss | -0.041      |
|    std                  | 0.761       |
|    value_loss           | 0.1         |
-----------------------------------------
-----------------------------------------
| rollout/                |             |
|    ep_len_mean          | 332         |
|    ep_rew_mean          | 71.1        |
| time/                   |             |
|    fps                  | 1401        |
|    iterations           | 257         |
|    time_elapsed         | 375         |
|    total_timesteps      | 526336      |
| train/                  |             |
|    approx_kl            | 0.032192558 |
|    clip_fraction        | 0.321       |
|    clip_range           | 0.2         |
|    entropy_loss         | -17         |
|    explained_variance   | 0.98924893  |
|    learning_rate        | 0.0003      |
|    loss                 | 0.0299      |
|    n_updates            | 2560        |
|    policy_gradient_loss | -0.0464     |
|    std                  | 0.761       |
|    value_loss           | 0.262       |
-----------------------------------------
-----------------------------------------
| rollout/                |             |
|    ep_len_mean          | 335         |
|    ep_rew_mean          | 71.8        |
| time/                   |             |
|    fps                  | 1401        |
|    iterations           | 258         |
|    time_elapsed         | 377         |
|    total_timesteps      | 528384      |
| train/                  |             |
|    approx_kl            | 0.034219105 |
|    clip_fraction        | 0.331       |
|    clip_range           | 0.2         |
|    entropy_loss         | -17         |
|    explained_variance   | 0.9912362   |
|    learning_rate        | 0.0003      |
|    loss                 | 0.036       |
|    n_updates            | 2570        |
|    policy_gradient_loss | -0.0443     |
|    std                  | 0.761       |
|    value_loss           | 0.239       |
-----------------------------------------
-----------------------------------------
| rollout/                |             |
|    ep_len_mean          | 335         |
|    ep_rew_mean          | 72.1        |
| time/                   |             |
|    fps                  | 1400        |
|    iterations           | 259         |
|    time_elapsed         | 378         |
|    total_timesteps      | 530432      |
| train/                  |             |
|    approx_kl            | 0.035391375 |
|    clip_fraction        | 0.332       |
|    clip_range           | 0.2         |
|    entropy_loss         | -17         |
|    explained_variance   | 0.9942785   |
|    learning_rate        | 0.0003      |
|    loss                 | 0.0143      |
|    n_updates            | 2580        |
|    policy_gradient_loss | -0.038      |
|    std                  | 0.762       |
|    value_loss           | 0.189       |
-----------------------------------------
----------------------------------------
| rollout/                |            |
|    ep_len_mean          | 335        |
|    ep_rew_mean          | 72.1       |
| time/                   |            |
|    fps                  | 1400       |
|    iterations           | 260        |
|    time_elapsed         | 380        |
|    total_timesteps      | 532480     |
| train/                  |            |
|    approx_kl            | 0.0347692  |
|    clip_fraction        | 0.365      |
|    clip_range           | 0.2        |
|    entropy_loss         | -17        |
|    explained_variance   | 0.99250937 |
|    learning_rate        | 0.0003     |
|    loss                 | 0.0189     |
|    n_updates            | 2590       |
|    policy_gradient_loss | -0.0429    |
|    std                  | 0.759      |
|    value_loss           | 0.241      |
----------------------------------------
----------------------------------------
| rollout/                |            |
|    ep_len_mean          | 336        |
|    ep_rew_mean          | 72.3       |
| time/                   |            |
|    fps                  | 1399       |
|    iterations           | 261        |
|    time_elapsed         | 381        |
|    total_timesteps      | 534528     |
| train/                  |            |
|    approx_kl            | 0.03575833 |
|    clip_fraction        | 0.372      |
|    clip_range           | 0.2        |
|    entropy_loss         | -17        |
|    explained_variance   | 0.994133   |
|    learning_rate        | 0.0003     |
|    loss                 | -0.00109   |
|    n_updates            | 2600       |
|    policy_gradient_loss | -0.0428    |
|    std                  | 0.759      |
|    value_loss           | 0.151      |
----------------------------------------
-----------------------------------------
| rollout/                |             |
|    ep_len_mean          | 333         |
|    ep_rew_mean          | 71.6        |
| time/                   |             |
|    fps                  | 1399        |
|    iterations           | 262         |
|    time_elapsed         | 383         |
|    total_timesteps      | 536576      |
| train/                  |             |
|    approx_kl            | 0.035071533 |
|    clip_fraction        | 0.355       |
|    clip_range           | 0.2         |
|    entropy_loss         | -17         |
|    explained_variance   | 0.9965918   |
|    learning_rate        | 0.0003      |
|    loss                 | 0.016       |
|    n_updates            | 2610        |
|    policy_gradient_loss | -0.0397     |
|    std                  | 0.759       |
|    value_loss           | 0.122       |
-----------------------------------------
-----------------------------------------
| rollout/                |             |
|    ep_len_mean          | 333         |
|    ep_rew_mean          | 71.7        |
| time/                   |             |
|    fps                  | 1398        |
|    iterations           | 263         |
|    time_elapsed         | 385         |
|    total_timesteps      | 538624      |
| train/                  |             |
|    approx_kl            | 0.028415922 |
|    clip_fraction        | 0.306       |
|    clip_range           | 0.2         |
|    entropy_loss         | -17         |
|    explained_variance   | 0.99311143  |
|    learning_rate        | 0.0003      |
|    loss                 | -0.0183     |
|    n_updates            | 2620        |
|    policy_gradient_loss | -0.0397     |
|    std                  | 0.758       |
|    value_loss           | 0.185       |
-----------------------------------------
-----------------------------------------
| rollout/                |             |
|    ep_len_mean          | 332         |
|    ep_rew_mean          | 71.4        |
| time/                   |             |
|    fps                  | 1398        |
|    iterations           | 264         |
|    time_elapsed         | 386         |
|    total_timesteps      | 540672      |
| train/                  |             |
|    approx_kl            | 0.039253872 |
|    clip_fraction        | 0.373       |
|    clip_range           | 0.2         |
|    entropy_loss         | -16.9       |
|    explained_variance   | 0.992494    |
|    learning_rate        | 0.0003      |
|    loss                 | 0.0153      |
|    n_updates            | 2630        |
|    policy_gradient_loss | -0.0447     |
|    std                  | 0.755       |
|    value_loss           | 0.232       |
-----------------------------------------
----------------------------------------
| rollout/                |            |
|    ep_len_mean          | 334        |
|    ep_rew_mean          | 71.7       |
| time/                   |            |
|    fps                  | 1398       |
|    iterations           | 265        |
|    time_elapsed         | 388        |
|    total_timesteps      | 542720     |
| train/                  |            |
|    approx_kl            | 0.03217959 |
|    clip_fraction        | 0.341      |
|    clip_range           | 0.2        |
|    entropy_loss         | -16.9      |
|    explained_variance   | 0.9928442  |
|    learning_rate        | 0.0003     |
|    loss                 | 0.00511    |
|    n_updates            | 2640       |
|    policy_gradient_loss | -0.0356    |
|    std                  | 0.754      |
|    value_loss           | 0.167      |
----------------------------------------
-----------------------------------------
| rollout/                |             |
|    ep_len_mean          | 334         |
|    ep_rew_mean          | 71.7        |
| time/                   |             |
|    fps                  | 1397        |
|    iterations           | 266         |
|    time_elapsed         | 389         |
|    total_timesteps      | 544768      |
| train/                  |             |
|    approx_kl            | 0.038981147 |
|    clip_fraction        | 0.354       |
|    clip_range           | 0.2         |
|    entropy_loss         | -16.9       |
|    explained_variance   | 0.99543905  |
|    learning_rate        | 0.0003      |
|    loss                 | 0.00107     |
|    n_updates            | 2650        |
|    policy_gradient_loss | -0.0397     |
|    std                  | 0.754       |
|    value_loss           | 0.132       |
-----------------------------------------
----------------------------------------
| rollout/                |            |
|    ep_len_mean          | 333        |
|    ep_rew_mean          | 71.3       |
| time/                   |            |
|    fps                  | 1397       |
|    iterations           | 267        |
|    time_elapsed         | 391        |
|    total_timesteps      | 546816     |
| train/                  |            |
|    approx_kl            | 0.03196586 |
|    clip_fraction        | 0.325      |
|    clip_range           | 0.2        |
|    entropy_loss         | -16.8      |
|    explained_variance   | 0.99456716 |
|    learning_rate        | 0.0003     |
|    loss                 | -0.0066    |
|    n_updates            | 2660       |
|    policy_gradient_loss | -0.0348    |
|    std                  | 0.751      |
|    value_loss           | 0.137      |
----------------------------------------
----------------------------------------
| rollout/                |            |
|    ep_len_mean          | 325        |
|    ep_rew_mean          | 69.1       |
| time/                   |            |
|    fps                  | 1397       |
|    iterations           | 268        |
|    time_elapsed         | 392        |
|    total_timesteps      | 548864     |
| train/                  |            |
|    approx_kl            | 0.03402501 |
|    clip_fraction        | 0.363      |
|    clip_range           | 0.2        |
|    entropy_loss         | -16.8      |
|    explained_variance   | 0.99441916 |
|    learning_rate        | 0.0003     |
|    loss                 | -0.00889   |
|    n_updates            | 2670       |
|    policy_gradient_loss | -0.0349    |
|    std                  | 0.751      |
|    value_loss           | 0.165      |
----------------------------------------
-----------------------------------------
| rollout/                |             |
|    ep_len_mean          | 321         |
|    ep_rew_mean          | 68.1        |
| time/                   |             |
|    fps                  | 1397        |
|    iterations           | 269         |
|    time_elapsed         | 394         |
|    total_timesteps      | 550912      |
| train/                  |             |
|    approx_kl            | 0.023300827 |
|    clip_fraction        | 0.272       |
|    clip_range           | 0.2         |
|    entropy_loss         | -16.8       |
|    explained_variance   | 0.9854162   |
|    learning_rate        | 0.0003      |
|    loss                 | 0.0468      |
|    n_updates            | 2680        |
|    policy_gradient_loss | -0.0388     |
|    std                  | 0.753       |
|    value_loss           | 0.335       |
-----------------------------------------
----------------------------------------
| rollout/                |            |
|    ep_len_mean          | 322        |
|    ep_rew_mean          | 68.2       |
| time/                   |            |
|    fps                  | 1397       |
|    iterations           | 270        |
|    time_elapsed         | 395        |
|    total_timesteps      | 552960     |
| train/                  |            |
|    approx_kl            | 0.03984779 |
|    clip_fraction        | 0.373      |
|    clip_range           | 0.2        |
|    entropy_loss         | -16.8      |
|    explained_variance   | 0.9939599  |
|    learning_rate        | 0.0003     |
|    loss                 | 0.0101     |
|    n_updates            | 2690       |
|    policy_gradient_loss | -0.0405    |
|    std                  | 0.751      |
|    value_loss           | 0.175      |
----------------------------------------
-----------------------------------------
| rollout/                |             |
|    ep_len_mean          | 320         |
|    ep_rew_mean          | 67.7        |
| time/                   |             |
|    fps                  | 1397        |
|    iterations           | 271         |
|    time_elapsed         | 397         |
|    total_timesteps      | 555008      |
| train/                  |             |
|    approx_kl            | 0.027225474 |
|    clip_fraction        | 0.334       |
|    clip_range           | 0.2         |
|    entropy_loss         | -16.8       |
|    explained_variance   | 0.9941609   |
|    learning_rate        | 0.0003      |
|    loss                 | -0.0057     |
|    n_updates            | 2700        |
|    policy_gradient_loss | -0.0362     |
|    std                  | 0.749       |
|    value_loss           | 0.177       |
-----------------------------------------
----------------------------------------
| rollout/                |            |
|    ep_len_mean          | 320        |
|    ep_rew_mean          | 67.8       |
| time/                   |            |
|    fps                  | 1396       |
|    iterations           | 272        |
|    time_elapsed         | 398        |
|    total_timesteps      | 557056     |
| train/                  |            |
|    approx_kl            | 0.03417527 |
|    clip_fraction        | 0.346      |
|    clip_range           | 0.2        |
|    entropy_loss         | -16.8      |
|    explained_variance   | 0.992576   |
|    learning_rate        | 0.0003     |
|    loss                 | -0.0247    |
|    n_updates            | 2710       |
|    policy_gradient_loss | -0.0414    |
|    std                  | 0.748      |
|    value_loss           | 0.206      |
----------------------------------------
----------------------------------------
| rollout/                |            |
|    ep_len_mean          | 319        |
|    ep_rew_mean          | 67.6       |
| time/                   |            |
|    fps                  | 1396       |
|    iterations           | 273        |
|    time_elapsed         | 400        |
|    total_timesteps      | 559104     |
| train/                  |            |
|    approx_kl            | 0.03876306 |
|    clip_fraction        | 0.369      |
|    clip_range           | 0.2        |
|    entropy_loss         | -16.7      |
|    explained_variance   | 0.99409497 |
|    learning_rate        | 0.0003     |
|    loss                 | -0.0386    |
|    n_updates            | 2720       |
|    policy_gradient_loss | -0.0426    |
|    std                  | 0.746      |
|    value_loss           | 0.114      |
----------------------------------------
-----------------------------------------
| rollout/                |             |
|    ep_len_mean          | 317         |
|    ep_rew_mean          | 67.1        |
| time/                   |             |
|    fps                  | 1396        |
|    iterations           | 274         |
|    time_elapsed         | 401         |
|    total_timesteps      | 561152      |
| train/                  |             |
|    approx_kl            | 0.037030615 |
|    clip_fraction        | 0.381       |
|    clip_range           | 0.2         |
|    entropy_loss         | -16.7       |
|    explained_variance   | 0.99663293  |
|    learning_rate        | 0.0003      |
|    loss                 | -0.048      |
|    n_updates            | 2730        |
|    policy_gradient_loss | -0.0448     |
|    std                  | 0.742       |
|    value_loss           | 0.101       |
-----------------------------------------
----------------------------------------
| rollout/                |            |
|    ep_len_mean          | 314        |
|    ep_rew_mean          | 66.2       |
| time/                   |            |
|    fps                  | 1396       |
|    iterations           | 275        |
|    time_elapsed         | 403        |
|    total_timesteps      | 563200     |
| train/                  |            |
|    approx_kl            | 0.04018662 |
|    clip_fraction        | 0.353      |
|    clip_range           | 0.2        |
|    entropy_loss         | -16.6      |
|    explained_variance   | 0.99331415 |
|    learning_rate        | 0.0003     |
|    loss                 | -0.0365    |
|    n_updates            | 2740       |
|    policy_gradient_loss | -0.0418    |
|    std                  | 0.742      |
|    value_loss           | 0.124      |
----------------------------------------
-----------------------------------------
| rollout/                |             |
|    ep_len_mean          | 313         |
|    ep_rew_mean          | 65.9        |
| time/                   |             |
|    fps                  | 1396        |
|    iterations           | 276         |
|    time_elapsed         | 404         |
|    total_timesteps      | 565248      |
| train/                  |             |
|    approx_kl            | 0.034551896 |
|    clip_fraction        | 0.357       |
|    clip_range           | 0.2         |
|    entropy_loss         | -16.6       |
|    explained_variance   | 0.99562776  |
|    learning_rate        | 0.0003      |
|    loss                 | -0.0153     |
|    n_updates            | 2750        |
|    policy_gradient_loss | -0.0398     |
|    std                  | 0.742       |
|    value_loss           | 0.108       |
-----------------------------------------
----------------------------------------
| rollout/                |            |
|    ep_len_mean          | 313        |
|    ep_rew_mean          | 65.9       |
| time/                   |            |
|    fps                  | 1396       |
|    iterations           | 277        |
|    time_elapsed         | 406        |
|    total_timesteps      | 567296     |
| train/                  |            |
|    approx_kl            | 0.03599532 |
|    clip_fraction        | 0.358      |
|    clip_range           | 0.2        |
|    entropy_loss         | -16.6      |
|    explained_variance   | 0.9934642  |
|    learning_rate        | 0.0003     |
|    loss                 | -0.0331    |
|    n_updates            | 2760       |
|    policy_gradient_loss | -0.0395    |
|    std                  | 0.741      |
|    value_loss           | 0.123      |
----------------------------------------
----------------------------------------
| rollout/                |            |
|    ep_len_mean          | 313        |
|    ep_rew_mean          | 65.9       |
| time/                   |            |
|    fps                  | 1396       |
|    iterations           | 278        |
|    time_elapsed         | 407        |
|    total_timesteps      | 569344     |
| train/                  |            |
|    approx_kl            | 0.04046399 |
|    clip_fraction        | 0.372      |
|    clip_range           | 0.2        |
|    entropy_loss         | -16.6      |
|    explained_variance   | 0.997087   |
|    learning_rate        | 0.0003     |
|    loss                 | -0.021     |
|    n_updates            | 2770       |
|    policy_gradient_loss | -0.0442    |
|    std                  | 0.74       |
|    value_loss           | 0.0911     |
----------------------------------------
---------------------------------------
| rollout/                |           |
|    ep_len_mean          | 305       |
|    ep_rew_mean          | 63.9      |
| time/                   |           |
|    fps                  | 1396      |
|    iterations           | 279       |
|    time_elapsed         | 409       |
|    total_timesteps      | 571392    |
| train/                  |           |
|    approx_kl            | 0.0393906 |
|    clip_fraction        | 0.36      |
|    clip_range           | 0.2       |
|    entropy_loss         | -16.5     |
|    explained_variance   | 0.9934864 |
|    learning_rate        | 0.0003    |
|    loss                 | -0.0252   |
|    n_updates            | 2780      |
|    policy_gradient_loss | -0.0394   |
|    std                  | 0.738     |
|    value_loss           | 0.198     |
---------------------------------------
---------------------------------------
| rollout/                |           |
|    ep_len_mean          | 302       |
|    ep_rew_mean          | 63.2      |
| time/                   |           |
|    fps                  | 1396      |
|    iterations           | 280       |
|    time_elapsed         | 410       |
|    total_timesteps      | 573440    |
| train/                  |           |
|    approx_kl            | 0.0320315 |
|    clip_fraction        | 0.325     |
|    clip_range           | 0.2       |
|    entropy_loss         | -16.5     |
|    explained_variance   | 0.994014  |
|    learning_rate        | 0.0003    |
|    loss                 | 0.0331    |
|    n_updates            | 2790      |
|    policy_gradient_loss | -0.0392   |
|    std                  | 0.74      |
|    value_loss           | 0.165     |
---------------------------------------
-----------------------------------------
| rollout/                |             |
|    ep_len_mean          | 299         |
|    ep_rew_mean          | 62.3        |
| time/                   |             |
|    fps                  | 1396        |
|    iterations           | 281         |
|    time_elapsed         | 412         |
|    total_timesteps      | 575488      |
| train/                  |             |
|    approx_kl            | 0.031315945 |
|    clip_fraction        | 0.344       |
|    clip_range           | 0.2         |
|    entropy_loss         | -16.6       |
|    explained_variance   | 0.9939441   |
|    learning_rate        | 0.0003      |
|    loss                 | 0.00479     |
|    n_updates            | 2800        |
|    policy_gradient_loss | -0.0408     |
|    std                  | 0.741       |
|    value_loss           | 0.194       |
-----------------------------------------
-----------------------------------------
| rollout/                |             |
|    ep_len_mean          | 298         |
|    ep_rew_mean          | 61.7        |
| time/                   |             |
|    fps                  | 1396        |
|    iterations           | 282         |
|    time_elapsed         | 413         |
|    total_timesteps      | 577536      |
| train/                  |             |
|    approx_kl            | 0.035071287 |
|    clip_fraction        | 0.352       |
|    clip_range           | 0.2         |
|    entropy_loss         | -16.6       |
|    explained_variance   | 0.9953495   |
|    learning_rate        | 0.0003      |
|    loss                 | 0.00683     |
|    n_updates            | 2810        |
|    policy_gradient_loss | -0.041      |
|    std                  | 0.739       |
|    value_loss           | 0.126       |
-----------------------------------------
-----------------------------------------
| rollout/                |             |
|    ep_len_mean          | 301         |
|    ep_rew_mean          | 62.8        |
| time/                   |             |
|    fps                  | 1396        |
|    iterations           | 283         |
|    time_elapsed         | 415         |
|    total_timesteps      | 579584      |
| train/                  |             |
|    approx_kl            | 0.036837857 |
|    clip_fraction        | 0.348       |
|    clip_range           | 0.2         |
|    entropy_loss         | -16.5       |
|    explained_variance   | 0.9940012   |
|    learning_rate        | 0.0003      |
|    loss                 | -0.0207     |
|    n_updates            | 2820        |
|    policy_gradient_loss | -0.0454     |
|    std                  | 0.736       |
|    value_loss           | 0.198       |
-----------------------------------------
-----------------------------------------
| rollout/                |             |
|    ep_len_mean          | 301         |
|    ep_rew_mean          | 62.8        |
| time/                   |             |
|    fps                  | 1395        |
|    iterations           | 284         |
|    time_elapsed         | 416         |
|    total_timesteps      | 581632      |
| train/                  |             |
|    approx_kl            | 0.032813847 |
|    clip_fraction        | 0.341       |
|    clip_range           | 0.2         |
|    entropy_loss         | -16.5       |
|    explained_variance   | 0.9949644   |
|    learning_rate        | 0.0003      |
|    loss                 | 0.0318      |
|    n_updates            | 2830        |
|    policy_gradient_loss | -0.039      |
|    std                  | 0.735       |
|    value_loss           | 0.156       |
-----------------------------------------
-----------------------------------------
| rollout/                |             |
|    ep_len_mean          | 302         |
|    ep_rew_mean          | 63.1        |
| time/                   |             |
|    fps                  | 1395        |
|    iterations           | 285         |
|    time_elapsed         | 418         |
|    total_timesteps      | 583680      |
| train/                  |             |
|    approx_kl            | 0.032371752 |
|    clip_fraction        | 0.375       |
|    clip_range           | 0.2         |
|    entropy_loss         | -16.5       |
|    explained_variance   | 0.99491787  |
|    learning_rate        | 0.0003      |
|    loss                 | -0.00356    |
|    n_updates            | 2840        |
|    policy_gradient_loss | -0.0413     |
|    std                  | 0.736       |
|    value_loss           | 0.165       |
-----------------------------------------
-----------------------------------------
| rollout/                |             |
|    ep_len_mean          | 300         |
|    ep_rew_mean          | 62.4        |
| time/                   |             |
|    fps                  | 1395        |
|    iterations           | 286         |
|    time_elapsed         | 419         |
|    total_timesteps      | 585728      |
| train/                  |             |
|    approx_kl            | 0.037926868 |
|    clip_fraction        | 0.342       |
|    clip_range           | 0.2         |
|    entropy_loss         | -16.4       |
|    explained_variance   | 0.9939221   |
|    learning_rate        | 0.0003      |
|    loss                 | -0.0205     |
|    n_updates            | 2850        |
|    policy_gradient_loss | -0.0437     |
|    std                  | 0.733       |
|    value_loss           | 0.181       |
-----------------------------------------
-----------------------------------------
| rollout/                |             |
|    ep_len_mean          | 301         |
|    ep_rew_mean          | 62.8        |
| time/                   |             |
|    fps                  | 1395        |
|    iterations           | 287         |
|    time_elapsed         | 421         |
|    total_timesteps      | 587776      |
| train/                  |             |
|    approx_kl            | 0.031538785 |
|    clip_fraction        | 0.339       |
|    clip_range           | 0.2         |
|    entropy_loss         | -16.4       |
|    explained_variance   | 0.9938235   |
|    learning_rate        | 0.0003      |
|    loss                 | -0.0246     |
|    n_updates            | 2860        |
|    policy_gradient_loss | -0.0355     |
|    std                  | 0.735       |
|    value_loss           | 0.183       |
-----------------------------------------
-----------------------------------------
| rollout/                |             |
|    ep_len_mean          | 300         |
|    ep_rew_mean          | 62.5        |
| time/                   |             |
|    fps                  | 1395        |
|    iterations           | 288         |
|    time_elapsed         | 422         |
|    total_timesteps      | 589824      |
| train/                  |             |
|    approx_kl            | 0.033495884 |
|    clip_fraction        | 0.367       |
|    clip_range           | 0.2         |
|    entropy_loss         | -16.5       |
|    explained_variance   | 0.99225557  |
|    learning_rate        | 0.0003      |
|    loss                 | -0.00871    |
|    n_updates            | 2870        |
|    policy_gradient_loss | -0.0367     |
|    std                  | 0.736       |
|    value_loss           | 0.213       |
-----------------------------------------
----------------------------------------
| rollout/                |            |
|    ep_len_mean          | 301        |
|    ep_rew_mean          | 62.8       |
| time/                   |            |
|    fps                  | 1395       |
|    iterations           | 289        |
|    time_elapsed         | 424        |
|    total_timesteps      | 591872     |
| train/                  |            |
|    approx_kl            | 0.03726253 |
|    clip_fraction        | 0.385      |
|    clip_range           | 0.2        |
|    entropy_loss         | -16.5      |
|    explained_variance   | 0.99534327 |
|    learning_rate        | 0.0003     |
|    loss                 | -0.0226    |
|    n_updates            | 2880       |
|    policy_gradient_loss | -0.0414    |
|    std                  | 0.736      |
|    value_loss           | 0.0954     |
----------------------------------------
-----------------------------------------
| rollout/                |             |
|    ep_len_mean          | 302         |
|    ep_rew_mean          | 63.1        |
| time/                   |             |
|    fps                  | 1395        |
|    iterations           | 290         |
|    time_elapsed         | 425         |
|    total_timesteps      | 593920      |
| train/                  |             |
|    approx_kl            | 0.038973585 |
|    clip_fraction        | 0.357       |
|    clip_range           | 0.2         |
|    entropy_loss         | -16.4       |
|    explained_variance   | 0.9953339   |
|    learning_rate        | 0.0003      |
|    loss                 | -0.0341     |
|    n_updates            | 2890        |
|    policy_gradient_loss | -0.0393     |
|    std                  | 0.733       |
|    value_loss           | 0.121       |
-----------------------------------------
-----------------------------------------
| rollout/                |             |
|    ep_len_mean          | 301         |
|    ep_rew_mean          | 62.7        |
| time/                   |             |
|    fps                  | 1395        |
|    iterations           | 291         |
|    time_elapsed         | 427         |
|    total_timesteps      | 595968      |
| train/                  |             |
|    approx_kl            | 0.035203435 |
|    clip_fraction        | 0.374       |
|    clip_range           | 0.2         |
|    entropy_loss         | -16.4       |
|    explained_variance   | 0.99124974  |
|    learning_rate        | 0.0003      |
|    loss                 | -0.0174     |
|    n_updates            | 2900        |
|    policy_gradient_loss | -0.0377     |
|    std                  | 0.732       |
|    value_loss           | 0.224       |
-----------------------------------------
-----------------------------------------
| rollout/                |             |
|    ep_len_mean          | 301         |
|    ep_rew_mean          | 62.8        |
| time/                   |             |
|    fps                  | 1395        |
|    iterations           | 292         |
|    time_elapsed         | 428         |
|    total_timesteps      | 598016      |
| train/                  |             |
|    approx_kl            | 0.036910277 |
|    clip_fraction        | 0.364       |
|    clip_range           | 0.2         |
|    entropy_loss         | -16.4       |
|    explained_variance   | 0.994754    |
|    learning_rate        | 0.0003      |
|    loss                 | -0.0103     |
|    n_updates            | 2910        |
|    policy_gradient_loss | -0.0409     |
|    std                  | 0.732       |
|    value_loss           | 0.134       |
-----------------------------------------
----------------------------------------
| rollout/                |            |
|    ep_len_mean          | 300        |
|    ep_rew_mean          | 62.6       |
| time/                   |            |
|    fps                  | 1395       |
|    iterations           | 293        |
|    time_elapsed         | 430        |
|    total_timesteps      | 600064     |
| train/                  |            |
|    approx_kl            | 0.0346715  |
|    clip_fraction        | 0.359      |
|    clip_range           | 0.2        |
|    entropy_loss         | -16.4      |
|    explained_variance   | 0.99589217 |
|    learning_rate        | 0.0003     |
|    loss                 | -0.033     |
|    n_updates            | 2920       |
|    policy_gradient_loss | -0.0401    |
|    std                  | 0.732      |
|    value_loss           | 0.0836     |
----------------------------------------
----------------------------------------
| rollout/                |            |
|    ep_len_mean          | 300        |
|    ep_rew_mean          | 62.5       |
| time/                   |            |
|    fps                  | 1395       |
|    iterations           | 294        |
|    time_elapsed         | 431        |
|    total_timesteps      | 602112     |
| train/                  |            |
|    approx_kl            | 0.03427519 |
|    clip_fraction        | 0.353      |
|    clip_range           | 0.2        |
|    entropy_loss         | -16.3      |
|    explained_variance   | 0.99301285 |
|    learning_rate        | 0.0003     |
|    loss                 | 0.0283     |
|    n_updates            | 2930       |
|    policy_gradient_loss | -0.039     |
|    std                  | 0.73       |
|    value_loss           | 0.229      |
----------------------------------------
----------------------------------------
| rollout/                |            |
|    ep_len_mean          | 302        |
|    ep_rew_mean          | 63.2       |
| time/                   |            |
|    fps                  | 1395       |
|    iterations           | 295        |
|    time_elapsed         | 432        |
|    total_timesteps      | 604160     |
| train/                  |            |
|    approx_kl            | 0.03670479 |
|    clip_fraction        | 0.322      |
|    clip_range           | 0.2        |
|    entropy_loss         | -16.3      |
|    explained_variance   | 0.9934617  |
|    learning_rate        | 0.0003     |
|    loss                 | -0.0202    |
|    n_updates            | 2940       |
|    policy_gradient_loss | -0.0395    |
|    std                  | 0.73       |
|    value_loss           | 0.167      |
----------------------------------------
-----------------------------------------
| rollout/                |             |
|    ep_len_mean          | 301         |
|    ep_rew_mean          | 63          |
| time/                   |             |
|    fps                  | 1394        |
|    iterations           | 296         |
|    time_elapsed         | 434         |
|    total_timesteps      | 606208      |
| train/                  |             |
|    approx_kl            | 0.035889182 |
|    clip_fraction        | 0.343       |
|    clip_range           | 0.2         |
|    entropy_loss         | -16.4       |
|    explained_variance   | 0.99657255  |
|    learning_rate        | 0.0003      |
|    loss                 | -0.0591     |
|    n_updates            | 2950        |
|    policy_gradient_loss | -0.0405     |
|    std                  | 0.733       |
|    value_loss           | 0.0784      |
-----------------------------------------
-----------------------------------------
| rollout/                |             |
|    ep_len_mean          | 304         |
|    ep_rew_mean          | 64          |
| time/                   |             |
|    fps                  | 1394        |
|    iterations           | 297         |
|    time_elapsed         | 436         |
|    total_timesteps      | 608256      |
| train/                  |             |
|    approx_kl            | 0.035368457 |
|    clip_fraction        | 0.368       |
|    clip_range           | 0.2         |
|    entropy_loss         | -16.4       |
|    explained_variance   | 0.99755645  |
|    learning_rate        | 0.0003      |
|    loss                 | -0.0555     |
|    n_updates            | 2960        |
|    policy_gradient_loss | -0.0407     |
|    std                  | 0.731       |
|    value_loss           | 0.0512      |
-----------------------------------------
-----------------------------------------
| rollout/                |             |
|    ep_len_mean          | 303         |
|    ep_rew_mean          | 63.5        |
| time/                   |             |
|    fps                  | 1394        |
|    iterations           | 298         |
|    time_elapsed         | 437         |
|    total_timesteps      | 610304      |
| train/                  |             |
|    approx_kl            | 0.038495276 |
|    clip_fraction        | 0.354       |
|    clip_range           | 0.2         |
|    entropy_loss         | -16.3       |
|    explained_variance   | 0.9942438   |
|    learning_rate        | 0.0003      |
|    loss                 | -0.0253     |
|    n_updates            | 2970        |
|    policy_gradient_loss | -0.0431     |
|    std                  | 0.728       |
|    value_loss           | 0.134       |
-----------------------------------------
----------------------------------------
| rollout/                |            |
|    ep_len_mean          | 303        |
|    ep_rew_mean          | 63.7       |
| time/                   |            |
|    fps                  | 1393       |
|    iterations           | 299        |
|    time_elapsed         | 439        |
|    total_timesteps      | 612352     |
| train/                  |            |
|    approx_kl            | 0.03368018 |
|    clip_fraction        | 0.363      |
|    clip_range           | 0.2        |
|    entropy_loss         | -16.3      |
|    explained_variance   | 0.996567   |
|    learning_rate        | 0.0003     |
|    loss                 | -0.0534    |
|    n_updates            | 2980       |
|    policy_gradient_loss | -0.0439    |
|    std                  | 0.726      |
|    value_loss           | 0.111      |
----------------------------------------
----------------------------------------
| rollout/                |            |
|    ep_len_mean          | 302        |
|    ep_rew_mean          | 63.5       |
| time/                   |            |
|    fps                  | 1393       |
|    iterations           | 300        |
|    time_elapsed         | 441        |
|    total_timesteps      | 614400     |
| train/                  |            |
|    approx_kl            | 0.04249955 |
|    clip_fraction        | 0.397      |
|    clip_range           | 0.2        |
|    entropy_loss         | -16.2      |
|    explained_variance   | 0.99674153 |
|    learning_rate        | 0.0003     |
|    loss                 | 0.0122     |
|    n_updates            | 2990       |
|    policy_gradient_loss | -0.0419    |
|    std                  | 0.726      |
|    value_loss           | 0.0696     |
----------------------------------------
-----------------------------------------
| rollout/                |             |
|    ep_len_mean          | 302         |
|    ep_rew_mean          | 63.7        |
| time/                   |             |
|    fps                  | 1392        |
|    iterations           | 301         |
|    time_elapsed         | 442         |
|    total_timesteps      | 616448      |
| train/                  |             |
|    approx_kl            | 0.030726552 |
|    clip_fraction        | 0.339       |
|    clip_range           | 0.2         |
|    entropy_loss         | -16.2       |
|    explained_variance   | 0.99603045  |
|    learning_rate        | 0.0003      |
|    loss                 | -0.056      |
|    n_updates            | 3000        |
|    policy_gradient_loss | -0.0352     |
|    std                  | 0.726       |
|    value_loss           | 0.117       |
-----------------------------------------
-----------------------------------------
| rollout/                |             |
|    ep_len_mean          | 304         |
|    ep_rew_mean          | 64.1        |
| time/                   |             |
|    fps                  | 1391        |
|    iterations           | 302         |
|    time_elapsed         | 444         |
|    total_timesteps      | 618496      |
| train/                  |             |
|    approx_kl            | 0.031393036 |
|    clip_fraction        | 0.347       |
|    clip_range           | 0.2         |
|    entropy_loss         | -16.2       |
|    explained_variance   | 0.99434376  |
|    learning_rate        | 0.0003      |
|    loss                 | -0.041      |
|    n_updates            | 3010        |
|    policy_gradient_loss | -0.0427     |
|    std                  | 0.724       |
|    value_loss           | 0.12        |
-----------------------------------------
-----------------------------------------
| rollout/                |             |
|    ep_len_mean          | 305         |
|    ep_rew_mean          | 64.4        |
| time/                   |             |
|    fps                  | 1389        |
|    iterations           | 303         |
|    time_elapsed         | 446         |
|    total_timesteps      | 620544      |
| train/                  |             |
|    approx_kl            | 0.037532926 |
|    clip_fraction        | 0.355       |
|    clip_range           | 0.2         |
|    entropy_loss         | -16.2       |
|    explained_variance   | 0.99559206  |
|    learning_rate        | 0.0003      |
|    loss                 | -0.00969    |
|    n_updates            | 3020        |
|    policy_gradient_loss | -0.0395     |
|    std                  | 0.723       |
|    value_loss           | 0.129       |
-----------------------------------------
-----------------------------------------
| rollout/                |             |
|    ep_len_mean          | 302         |
|    ep_rew_mean          | 63.8        |
| time/                   |             |
|    fps                  | 1388        |
|    iterations           | 304         |
|    time_elapsed         | 448         |
|    total_timesteps      | 622592      |
| train/                  |             |
|    approx_kl            | 0.033921648 |
|    clip_fraction        | 0.363       |
|    clip_range           | 0.2         |
|    entropy_loss         | -16.1       |
|    explained_variance   | 0.99611425  |
|    learning_rate        | 0.0003      |
|    loss                 | 0.0244      |
|    n_updates            | 3030        |
|    policy_gradient_loss | -0.0392     |
|    std                  | 0.72        |
|    value_loss           | 0.138       |
-----------------------------------------
-----------------------------------------
| rollout/                |             |
|    ep_len_mean          | 303         |
|    ep_rew_mean          | 63.9        |
| time/                   |             |
|    fps                  | 1388        |
|    iterations           | 305         |
|    time_elapsed         | 450         |
|    total_timesteps      | 624640      |
| train/                  |             |
|    approx_kl            | 0.038460284 |
|    clip_fraction        | 0.379       |
|    clip_range           | 0.2         |
|    entropy_loss         | -16.1       |
|    explained_variance   | 0.9961926   |
|    learning_rate        | 0.0003      |
|    loss                 | -0.0187     |
|    n_updates            | 3040        |
|    policy_gradient_loss | -0.0397     |
|    std                  | 0.721       |
|    value_loss           | 0.114       |
-----------------------------------------
----------------------------------------
| rollout/                |            |
|    ep_len_mean          | 304        |
|    ep_rew_mean          | 64.1       |
| time/                   |            |
|    fps                  | 1385       |
|    iterations           | 306        |
|    time_elapsed         | 452        |
|    total_timesteps      | 626688     |
| train/                  |            |
|    approx_kl            | 0.03272015 |
|    clip_fraction        | 0.342      |
|    clip_range           | 0.2        |
|    entropy_loss         | -16.1      |
|    explained_variance   | 0.9963191  |
|    learning_rate        | 0.0003     |
|    loss                 | 0.0159     |
|    n_updates            | 3050       |
|    policy_gradient_loss | -0.0412    |
|    std                  | 0.723      |
|    value_loss           | 0.107      |
----------------------------------------
----------------------------------------
| rollout/                |            |
|    ep_len_mean          | 299        |
|    ep_rew_mean          | 62.9       |
| time/                   |            |
|    fps                  | 1384       |
|    iterations           | 307        |
|    time_elapsed         | 454        |
|    total_timesteps      | 628736     |
| train/                  |            |
|    approx_kl            | 0.03441324 |
|    clip_fraction        | 0.365      |
|    clip_range           | 0.2        |
|    entropy_loss         | -16.1      |
|    explained_variance   | 0.9966903  |
|    learning_rate        | 0.0003     |
|    loss                 | -0.0226    |
|    n_updates            | 3060       |
|    policy_gradient_loss | -0.0404    |
|    std                  | 0.72       |
|    value_loss           | 0.125      |
----------------------------------------
----------------------------------------
| rollout/                |            |
|    ep_len_mean          | 302        |
|    ep_rew_mean          | 63.7       |
| time/                   |            |
|    fps                  | 1382       |
|    iterations           | 308        |
|    time_elapsed         | 456        |
|    total_timesteps      | 630784     |
| train/                  |            |
|    approx_kl            | 0.03987442 |
|    clip_fraction        | 0.366      |
|    clip_range           | 0.2        |
|    entropy_loss         | -16.1      |
|    explained_variance   | 0.9951881  |
|    learning_rate        | 0.0003     |
|    loss                 | -0.0246    |
|    n_updates            | 3070       |
|    policy_gradient_loss | -0.041     |
|    std                  | 0.717      |
|    value_loss           | 0.136      |
----------------------------------------
----------------------------------------
| rollout/                |            |
|    ep_len_mean          | 306        |
|    ep_rew_mean          | 64.8       |
| time/                   |            |
|    fps                  | 1380       |
|    iterations           | 309        |
|    time_elapsed         | 458        |
|    total_timesteps      | 632832     |
| train/                  |            |
|    approx_kl            | 0.03830275 |
|    clip_fraction        | 0.366      |
|    clip_range           | 0.2        |
|    entropy_loss         | -16        |
|    explained_variance   | 0.9947836  |
|    learning_rate        | 0.0003     |
|    loss                 | 0.0005     |
|    n_updates            | 3080       |
|    policy_gradient_loss | -0.0354    |
|    std                  | 0.718      |
|    value_loss           | 0.111      |
----------------------------------------
----------------------------------------
| rollout/                |            |
|    ep_len_mean          | 307        |
|    ep_rew_mean          | 64.6       |
| time/                   |            |
|    fps                  | 1377       |
|    iterations           | 310        |
|    time_elapsed         | 460        |
|    total_timesteps      | 634880     |
| train/                  |            |
|    approx_kl            | 0.03893976 |
|    clip_fraction        | 0.365      |
|    clip_range           | 0.2        |
|    entropy_loss         | -16        |
|    explained_variance   | 0.99590504 |
|    learning_rate        | 0.0003     |
|    loss                 | -0.047     |
|    n_updates            | 3090       |
|    policy_gradient_loss | -0.0435    |
|    std                  | 0.717      |
|    value_loss           | 0.0891     |
----------------------------------------
-----------------------------------------
| rollout/                |             |
|    ep_len_mean          | 309         |
|    ep_rew_mean          | 65.2        |
| time/                   |             |
|    fps                  | 1375        |
|    iterations           | 311         |
|    time_elapsed         | 463         |
|    total_timesteps      | 636928      |
| train/                  |             |
|    approx_kl            | 0.029643409 |
|    clip_fraction        | 0.329       |
|    clip_range           | 0.2         |
|    entropy_loss         | -16         |
|    explained_variance   | 0.9863155   |
|    learning_rate        | 0.0003      |
|    loss                 | 0.0227      |
|    n_updates            | 3100        |
|    policy_gradient_loss | -0.0342     |
|    std                  | 0.715       |
|    value_loss           | 0.309       |
-----------------------------------------
-----------------------------------------
| rollout/                |             |
|    ep_len_mean          | 309         |
|    ep_rew_mean          | 64.7        |
| time/                   |             |
|    fps                  | 1373        |
|    iterations           | 312         |
|    time_elapsed         | 465         |
|    total_timesteps      | 638976      |
| train/                  |             |
|    approx_kl            | 0.039818116 |
|    clip_fraction        | 0.371       |
|    clip_range           | 0.2         |
|    entropy_loss         | -15.9       |
|    explained_variance   | 0.99155384  |
|    learning_rate        | 0.0003      |
|    loss                 | -0.0158     |
|    n_updates            | 3110        |
|    policy_gradient_loss | -0.0405     |
|    std                  | 0.712       |
|    value_loss           | 0.17        |
-----------------------------------------
---------------------------------------
| rollout/                |           |
|    ep_len_mean          | 313       |
|    ep_rew_mean          | 65.7      |
| time/                   |           |
|    fps                  | 1369      |
|    iterations           | 313       |
|    time_elapsed         | 467       |
|    total_timesteps      | 641024    |
| train/                  |           |
|    approx_kl            | 0.0325819 |
|    clip_fraction        | 0.326     |
|    clip_range           | 0.2       |
|    entropy_loss         | -15.9     |
|    explained_variance   | 0.977222  |
|    learning_rate        | 0.0003    |
|    loss                 | 0.0327    |
|    n_updates            | 3120      |
|    policy_gradient_loss | -0.0389   |
|    std                  | 0.713     |
|    value_loss           | 0.372     |
---------------------------------------
-----------------------------------------
| rollout/                |             |
|    ep_len_mean          | 316         |
|    ep_rew_mean          | 66.3        |
| time/                   |             |
|    fps                  | 1367        |
|    iterations           | 314         |
|    time_elapsed         | 470         |
|    total_timesteps      | 643072      |
| train/                  |             |
|    approx_kl            | 0.037034854 |
|    clip_fraction        | 0.382       |
|    clip_range           | 0.2         |
|    entropy_loss         | -15.9       |
|    explained_variance   | 0.9942888   |
|    learning_rate        | 0.0003      |
|    loss                 | -0.015      |
|    n_updates            | 3130        |
|    policy_gradient_loss | -0.0426     |
|    std                  | 0.713       |
|    value_loss           | 0.14        |
-----------------------------------------
-----------------------------------------
| rollout/                |             |
|    ep_len_mean          | 317         |
|    ep_rew_mean          | 66.4        |
| time/                   |             |
|    fps                  | 1365        |
|    iterations           | 315         |
|    time_elapsed         | 472         |
|    total_timesteps      | 645120      |
| train/                  |             |
|    approx_kl            | 0.041899122 |
|    clip_fraction        | 0.379       |
|    clip_range           | 0.2         |
|    entropy_loss         | -15.9       |
|    explained_variance   | 0.9943017   |
|    learning_rate        | 0.0003      |
|    loss                 | -0.016      |
|    n_updates            | 3140        |
|    policy_gradient_loss | -0.0385     |
|    std                  | 0.709       |
|    value_loss           | 0.154       |
-----------------------------------------
-----------------------------------------
| rollout/                |             |
|    ep_len_mean          | 320         |
|    ep_rew_mean          | 66.9        |
| time/                   |             |
|    fps                  | 1363        |
|    iterations           | 316         |
|    time_elapsed         | 474         |
|    total_timesteps      | 647168      |
| train/                  |             |
|    approx_kl            | 0.039947897 |
|    clip_fraction        | 0.359       |
|    clip_range           | 0.2         |
|    entropy_loss         | -15.8       |
|    explained_variance   | 0.9959806   |
|    learning_rate        | 0.0003      |
|    loss                 | -0.0132     |
|    n_updates            | 3150        |
|    policy_gradient_loss | -0.0382     |
|    std                  | 0.707       |
|    value_loss           | 0.0962      |
-----------------------------------------
----------------------------------------
| rollout/                |            |
|    ep_len_mean          | 322        |
|    ep_rew_mean          | 67.2       |
| time/                   |            |
|    fps                  | 1358       |
|    iterations           | 317        |
|    time_elapsed         | 477        |
|    total_timesteps      | 649216     |
| train/                  |            |
|    approx_kl            | 0.03486377 |
|    clip_fraction        | 0.354      |
|    clip_range           | 0.2        |
|    entropy_loss         | -15.8      |
|    explained_variance   | 0.9928722  |
|    learning_rate        | 0.0003     |
|    loss                 | 0.034      |
|    n_updates            | 3160       |
|    policy_gradient_loss | -0.0374    |
|    std                  | 0.707      |
|    value_loss           | 0.229      |
----------------------------------------
-----------------------------------------
| rollout/                |             |
|    ep_len_mean          | 325         |
|    ep_rew_mean          | 67.6        |
| time/                   |             |
|    fps                  | 1357        |
|    iterations           | 318         |
|    time_elapsed         | 479         |
|    total_timesteps      | 651264      |
| train/                  |             |
|    approx_kl            | 0.035172887 |
|    clip_fraction        | 0.37        |
|    clip_range           | 0.2         |
|    entropy_loss         | -15.8       |
|    explained_variance   | 0.9948946   |
|    learning_rate        | 0.0003      |
|    loss                 | -0.0169     |
|    n_updates            | 3170        |
|    policy_gradient_loss | -0.0377     |
|    std                  | 0.706       |
|    value_loss           | 0.104       |
-----------------------------------------
----------------------------------------
| rollout/                |            |
|    ep_len_mean          | 325        |
|    ep_rew_mean          | 67.5       |
| time/                   |            |
|    fps                  | 1355       |
|    iterations           | 319        |
|    time_elapsed         | 481        |
|    total_timesteps      | 653312     |
| train/                  |            |
|    approx_kl            | 0.03819518 |
|    clip_fraction        | 0.385      |
|    clip_range           | 0.2        |
|    entropy_loss         | -15.8      |
|    explained_variance   | 0.992287   |
|    learning_rate        | 0.0003     |
|    loss                 | -0.0295    |
|    n_updates            | 3180       |
|    policy_gradient_loss | -0.0363    |
|    std                  | 0.707      |
|    value_loss           | 0.133      |
----------------------------------------
-----------------------------------------
| rollout/                |             |
|    ep_len_mean          | 330         |
|    ep_rew_mean          | 68.3        |
| time/                   |             |
|    fps                  | 1353        |
|    iterations           | 320         |
|    time_elapsed         | 484         |
|    total_timesteps      | 655360      |
| train/                  |             |
|    approx_kl            | 0.040074088 |
|    clip_fraction        | 0.383       |
|    clip_range           | 0.2         |
|    entropy_loss         | -15.8       |
|    explained_variance   | 0.9960122   |
|    learning_rate        | 0.0003      |
|    loss                 | -0.028      |
|    n_updates            | 3190        |
|    policy_gradient_loss | -0.0445     |
|    std                  | 0.705       |
|    value_loss           | 0.0931      |
-----------------------------------------
-----------------------------------------
| rollout/                |             |
|    ep_len_mean          | 331         |
|    ep_rew_mean          | 68.4        |
| time/                   |             |
|    fps                  | 1350        |
|    iterations           | 321         |
|    time_elapsed         | 486         |
|    total_timesteps      | 657408      |
| train/                  |             |
|    approx_kl            | 0.035581525 |
|    clip_fraction        | 0.364       |
|    clip_range           | 0.2         |
|    entropy_loss         | -15.8       |
|    explained_variance   | 0.9914884   |
|    learning_rate        | 0.0003      |
|    loss                 | 0.00258     |
|    n_updates            | 3200        |
|    policy_gradient_loss | -0.0389     |
|    std                  | 0.704       |
|    value_loss           | 0.214       |
-----------------------------------------
-----------------------------------------
| rollout/                |             |
|    ep_len_mean          | 333         |
|    ep_rew_mean          | 68.4        |
| time/                   |             |
|    fps                  | 1349        |
|    iterations           | 322         |
|    time_elapsed         | 488         |
|    total_timesteps      | 659456      |
| train/                  |             |
|    approx_kl            | 0.032436274 |
|    clip_fraction        | 0.352       |
|    clip_range           | 0.2         |
|    entropy_loss         | -15.7       |
|    explained_variance   | 0.9938363   |
|    learning_rate        | 0.0003      |
|    loss                 | -0.0233     |
|    n_updates            | 3210        |
|    policy_gradient_loss | -0.0392     |
|    std                  | 0.703       |
|    value_loss           | 0.131       |
-----------------------------------------
-----------------------------------------
| rollout/                |             |
|    ep_len_mean          | 337         |
|    ep_rew_mean          | 69.6        |
| time/                   |             |
|    fps                  | 1346        |
|    iterations           | 323         |
|    time_elapsed         | 491         |
|    total_timesteps      | 661504      |
| train/                  |             |
|    approx_kl            | 0.030395113 |
|    clip_fraction        | 0.355       |
|    clip_range           | 0.2         |
|    entropy_loss         | -15.7       |
|    explained_variance   | 0.9830923   |
|    learning_rate        | 0.0003      |
|    loss                 | 0.0415      |
|    n_updates            | 3220        |
|    policy_gradient_loss | -0.0377     |
|    std                  | 0.704       |
|    value_loss           | 0.435       |
-----------------------------------------
-----------------------------------------
| rollout/                |             |
|    ep_len_mean          | 342         |
|    ep_rew_mean          | 70.8        |
| time/                   |             |
|    fps                  | 1345        |
|    iterations           | 324         |
|    time_elapsed         | 493         |
|    total_timesteps      | 663552      |
| train/                  |             |
|    approx_kl            | 0.036970392 |
|    clip_fraction        | 0.366       |
|    clip_range           | 0.2         |
|    entropy_loss         | -15.8       |
|    explained_variance   | 0.98497814  |
|    learning_rate        | 0.0003      |
|    loss                 | -0.02       |
|    n_updates            | 3230        |
|    policy_gradient_loss | -0.0383     |
|    std                  | 0.704       |
|    value_loss           | 0.233       |
-----------------------------------------
----------------------------------------
| rollout/                |            |
|    ep_len_mean          | 342        |
|    ep_rew_mean          | 70.7       |
| time/                   |            |
|    fps                  | 1343       |
|    iterations           | 325        |
|    time_elapsed         | 495        |
|    total_timesteps      | 665600     |
| train/                  |            |
|    approx_kl            | 0.03854275 |
|    clip_fraction        | 0.381      |
|    clip_range           | 0.2        |
|    entropy_loss         | -15.7      |
|    explained_variance   | 0.98787636 |
|    learning_rate        | 0.0003     |
|    loss                 | 0.0101     |
|    n_updates            | 3240       |
|    policy_gradient_loss | -0.0445    |
|    std                  | 0.7        |
|    value_loss           | 0.242      |
----------------------------------------
-----------------------------------------
| rollout/                |             |
|    ep_len_mean          | 340         |
|    ep_rew_mean          | 70.2        |
| time/                   |             |
|    fps                  | 1341        |
|    iterations           | 326         |
|    time_elapsed         | 497         |
|    total_timesteps      | 667648      |
| train/                  |             |
|    approx_kl            | 0.042935885 |
|    clip_fraction        | 0.369       |
|    clip_range           | 0.2         |
|    entropy_loss         | -15.7       |
|    explained_variance   | 0.9928855   |
|    learning_rate        | 0.0003      |
|    loss                 | -0.0225     |
|    n_updates            | 3250        |
|    policy_gradient_loss | -0.0413     |
|    std                  | 0.7         |
|    value_loss           | 0.122       |
-----------------------------------------
----------------------------------------
| rollout/                |            |
|    ep_len_mean          | 343        |
|    ep_rew_mean          | 71.2       |
| time/                   |            |
|    fps                  | 1340       |
|    iterations           | 327        |
|    time_elapsed         | 499        |
|    total_timesteps      | 669696     |
| train/                  |            |
|    approx_kl            | 0.03531327 |
|    clip_fraction        | 0.371      |
|    clip_range           | 0.2        |
|    entropy_loss         | -15.7      |
|    explained_variance   | 0.9918599  |
|    learning_rate        | 0.0003     |
|    loss                 | -0.0108    |
|    n_updates            | 3260       |
|    policy_gradient_loss | -0.0403    |
|    std                  | 0.699      |
|    value_loss           | 0.207      |
----------------------------------------
-----------------------------------------
| rollout/                |             |
|    ep_len_mean          | 345         |
|    ep_rew_mean          | 71.6        |
| time/                   |             |
|    fps                  | 1338        |
|    iterations           | 328         |
|    time_elapsed         | 501         |
|    total_timesteps      | 671744      |
| train/                  |             |
|    approx_kl            | 0.034945436 |
|    clip_fraction        | 0.361       |
|    clip_range           | 0.2         |
|    entropy_loss         | -15.7       |
|    explained_variance   | 0.99435884  |
|    learning_rate        | 0.0003      |
|    loss                 | -0.0437     |
|    n_updates            | 3270        |
|    policy_gradient_loss | -0.0404     |
|    std                  | 0.699       |
|    value_loss           | 0.131       |
-----------------------------------------
-----------------------------------------
| rollout/                |             |
|    ep_len_mean          | 345         |
|    ep_rew_mean          | 72.3        |
| time/                   |             |
|    fps                  | 1336        |
|    iterations           | 329         |
|    time_elapsed         | 504         |
|    total_timesteps      | 673792      |
| train/                  |             |
|    approx_kl            | 0.035348542 |
|    clip_fraction        | 0.361       |
|    clip_range           | 0.2         |
|    entropy_loss         | -15.6       |
|    explained_variance   | 0.99408126  |
|    learning_rate        | 0.0003      |
|    loss                 | -0.0149     |
|    n_updates            | 3280        |
|    policy_gradient_loss | -0.0409     |
|    std                  | 0.694       |
|    value_loss           | 0.112       |
-----------------------------------------
-----------------------------------------
| rollout/                |             |
|    ep_len_mean          | 345         |
|    ep_rew_mean          | 72.3        |
| time/                   |             |
|    fps                  | 1333        |
|    iterations           | 330         |
|    time_elapsed         | 506         |
|    total_timesteps      | 675840      |
| train/                  |             |
|    approx_kl            | 0.034879196 |
|    clip_fraction        | 0.361       |
|    clip_range           | 0.2         |
|    entropy_loss         | -15.6       |
|    explained_variance   | 0.9950559   |
|    learning_rate        | 0.0003      |
|    loss                 | -0.0462     |
|    n_updates            | 3290        |
|    policy_gradient_loss | -0.0423     |
|    std                  | 0.693       |
|    value_loss           | 0.121       |
-----------------------------------------
-----------------------------------------
| rollout/                |             |
|    ep_len_mean          | 344         |
|    ep_rew_mean          | 72.3        |
| time/                   |             |
|    fps                  | 1330        |
|    iterations           | 331         |
|    time_elapsed         | 509         |
|    total_timesteps      | 677888      |
| train/                  |             |
|    approx_kl            | 0.041463315 |
|    clip_fraction        | 0.362       |
|    clip_range           | 0.2         |
|    entropy_loss         | -15.5       |
|    explained_variance   | 0.9919859   |
|    learning_rate        | 0.0003      |
|    loss                 | 0.0546      |
|    n_updates            | 3300        |
|    policy_gradient_loss | -0.0444     |
|    std                  | 0.691       |
|    value_loss           | 0.224       |
-----------------------------------------
----------------------------------------
| rollout/                |            |
|    ep_len_mean          | 348        |
|    ep_rew_mean          | 73.4       |
| time/                   |            |
|    fps                  | 1328       |
|    iterations           | 332        |
|    time_elapsed         | 511        |
|    total_timesteps      | 679936     |
| train/                  |            |
|    approx_kl            | 0.03806539 |
|    clip_fraction        | 0.383      |
|    clip_range           | 0.2        |
|    entropy_loss         | -15.5      |
|    explained_variance   | 0.9963086  |
|    learning_rate        | 0.0003     |
|    loss                 | -0.0158    |
|    n_updates            | 3310       |
|    policy_gradient_loss | -0.0423    |
|    std                  | 0.689      |
|    value_loss           | 0.107      |
----------------------------------------
-----------------------------------------
| rollout/                |             |
|    ep_len_mean          | 349         |
|    ep_rew_mean          | 74.1        |
| time/                   |             |
|    fps                  | 1326        |
|    iterations           | 333         |
|    time_elapsed         | 514         |
|    total_timesteps      | 681984      |
| train/                  |             |
|    approx_kl            | 0.046236105 |
|    clip_fraction        | 0.388       |
|    clip_range           | 0.2         |
|    entropy_loss         | -15.4       |
|    explained_variance   | 0.9914996   |
|    learning_rate        | 0.0003      |
|    loss                 | 0.0205      |
|    n_updates            | 3320        |
|    policy_gradient_loss | -0.0435     |
|    std                  | 0.688       |
|    value_loss           | 0.207       |
-----------------------------------------
-----------------------------------------
| rollout/                |             |
|    ep_len_mean          | 349         |
|    ep_rew_mean          | 74.3        |
| time/                   |             |
|    fps                  | 1324        |
|    iterations           | 334         |
|    time_elapsed         | 516         |
|    total_timesteps      | 684032      |
| train/                  |             |
|    approx_kl            | 0.039561983 |
|    clip_fraction        | 0.381       |
|    clip_range           | 0.2         |
|    entropy_loss         | -15.4       |
|    explained_variance   | 0.9930606   |
|    learning_rate        | 0.0003      |
|    loss                 | -0.0125     |
|    n_updates            | 3330        |
|    policy_gradient_loss | -0.0414     |
|    std                  | 0.687       |
|    value_loss           | 0.183       |
-----------------------------------------
----------------------------------------
| rollout/                |            |
|    ep_len_mean          | 350        |
|    ep_rew_mean          | 74.6       |
| time/                   |            |
|    fps                  | 1322       |
|    iterations           | 335        |
|    time_elapsed         | 518        |
|    total_timesteps      | 686080     |
| train/                  |            |
|    approx_kl            | 0.04146304 |
|    clip_fraction        | 0.364      |
|    clip_range           | 0.2        |
|    entropy_loss         | -15.4      |
|    explained_variance   | 0.99159116 |
|    learning_rate        | 0.0003     |
|    loss                 | -0.0137    |
|    n_updates            | 3340       |
|    policy_gradient_loss | -0.0404    |
|    std                  | 0.685      |
|    value_loss           | 0.223      |
----------------------------------------
-----------------------------------------
| rollout/                |             |
|    ep_len_mean          | 350         |
|    ep_rew_mean          | 74.6        |
| time/                   |             |
|    fps                  | 1320        |
|    iterations           | 336         |
|    time_elapsed         | 521         |
|    total_timesteps      | 688128      |
| train/                  |             |
|    approx_kl            | 0.040088862 |
|    clip_fraction        | 0.345       |
|    clip_range           | 0.2         |
|    entropy_loss         | -15.4       |
|    explained_variance   | 0.96991646  |
|    learning_rate        | 0.0003      |
|    loss                 | 0.0136      |
|    n_updates            | 3350        |
|    policy_gradient_loss | -0.0475     |
|    std                  | 0.687       |
|    value_loss           | 0.406       |
-----------------------------------------
----------------------------------------
| rollout/                |            |
|    ep_len_mean          | 350        |
|    ep_rew_mean          | 74.9       |
| time/                   |            |
|    fps                  | 1318       |
|    iterations           | 337        |
|    time_elapsed         | 523        |
|    total_timesteps      | 690176     |
| train/                  |            |
|    approx_kl            | 0.03947382 |
|    clip_fraction        | 0.372      |
|    clip_range           | 0.2        |
|    entropy_loss         | -15.4      |
|    explained_variance   | 0.99422604 |
|    learning_rate        | 0.0003     |
|    loss                 | -0.0573    |
|    n_updates            | 3360       |
|    policy_gradient_loss | -0.0434    |
|    std                  | 0.686      |
|    value_loss           | 0.153      |
----------------------------------------
----------------------------------------
| rollout/                |            |
|    ep_len_mean          | 350        |
|    ep_rew_mean          | 75.2       |
| time/                   |            |
|    fps                  | 1316       |
|    iterations           | 338        |
|    time_elapsed         | 525        |
|    total_timesteps      | 692224     |
| train/                  |            |
|    approx_kl            | 0.04165694 |
|    clip_fraction        | 0.393      |
|    clip_range           | 0.2        |
|    entropy_loss         | -15.3      |
|    explained_variance   | 0.9931469  |
|    learning_rate        | 0.0003     |
|    loss                 | 0.00235    |
|    n_updates            | 3370       |
|    policy_gradient_loss | -0.0423    |
|    std                  | 0.683      |
|    value_loss           | 0.193      |
----------------------------------------
-----------------------------------------
| rollout/                |             |
|    ep_len_mean          | 347         |
|    ep_rew_mean          | 74.9        |
| time/                   |             |
|    fps                  | 1315        |
|    iterations           | 339         |
|    time_elapsed         | 527         |
|    total_timesteps      | 694272      |
| train/                  |             |
|    approx_kl            | 0.037214674 |
|    clip_fraction        | 0.373       |
|    clip_range           | 0.2         |
|    entropy_loss         | -15.3       |
|    explained_variance   | 0.99445397  |
|    learning_rate        | 0.0003      |
|    loss                 | -0.0105     |
|    n_updates            | 3380        |
|    policy_gradient_loss | -0.0389     |
|    std                  | 0.682       |
|    value_loss           | 0.187       |
-----------------------------------------
----------------------------------------
| rollout/                |            |
|    ep_len_mean          | 345        |
|    ep_rew_mean          | 74.5       |
| time/                   |            |
|    fps                  | 1314       |
|    iterations           | 340        |
|    time_elapsed         | 529        |
|    total_timesteps      | 696320     |
| train/                  |            |
|    approx_kl            | 0.03730767 |
|    clip_fraction        | 0.383      |
|    clip_range           | 0.2        |
|    entropy_loss         | -15.3      |
|    explained_variance   | 0.9914322  |
|    learning_rate        | 0.0003     |
|    loss                 | 0.0595     |
|    n_updates            | 3390       |
|    policy_gradient_loss | -0.0397    |
|    std                  | 0.681      |
|    value_loss           | 0.226      |
----------------------------------------
----------------------------------------
| rollout/                |            |
|    ep_len_mean          | 342        |
|    ep_rew_mean          | 73.9       |
| time/                   |            |
|    fps                  | 1313       |
|    iterations           | 341        |
|    time_elapsed         | 531        |
|    total_timesteps      | 698368     |
| train/                  |            |
|    approx_kl            | 0.04897172 |
|    clip_fraction        | 0.413      |
|    clip_range           | 0.2        |
|    entropy_loss         | -15.2      |
|    explained_variance   | 0.9957863  |
|    learning_rate        | 0.0003     |
|    loss                 | -0.0418    |
|    n_updates            | 3400       |
|    policy_gradient_loss | -0.045     |
|    std                  | 0.678      |
|    value_loss           | 0.0911     |
----------------------------------------
-----------------------------------------
| rollout/                |             |
|    ep_len_mean          | 345         |
|    ep_rew_mean          | 74.8        |
| time/                   |             |
|    fps                  | 1312        |
|    iterations           | 342         |
|    time_elapsed         | 533         |
|    total_timesteps      | 700416      |
| train/                  |             |
|    approx_kl            | 0.039291684 |
|    clip_fraction        | 0.388       |
|    clip_range           | 0.2         |
|    entropy_loss         | -15.2       |
|    explained_variance   | 0.996445    |
|    learning_rate        | 0.0003      |
|    loss                 | -0.0133     |
|    n_updates            | 3410        |
|    policy_gradient_loss | -0.0391     |
|    std                  | 0.68        |
|    value_loss           | 0.09        |
-----------------------------------------
-----------------------------------------
| rollout/                |             |
|    ep_len_mean          | 344         |
|    ep_rew_mean          | 74.6        |
| time/                   |             |
|    fps                  | 1309        |
|    iterations           | 343         |
|    time_elapsed         | 536         |
|    total_timesteps      | 702464      |
| train/                  |             |
|    approx_kl            | 0.040654376 |
|    clip_fraction        | 0.366       |
|    clip_range           | 0.2         |
|    entropy_loss         | -15.2       |
|    explained_variance   | 0.99359983  |
|    learning_rate        | 0.0003      |
|    loss                 | -0.0015     |
|    n_updates            | 3420        |
|    policy_gradient_loss | -0.0413     |
|    std                  | 0.678       |
|    value_loss           | 0.2         |
-----------------------------------------
---------------------------------------
| rollout/                |           |
|    ep_len_mean          | 340       |
|    ep_rew_mean          | 73.8      |
| time/                   |           |
|    fps                  | 1308      |
|    iterations           | 344       |
|    time_elapsed         | 538       |
|    total_timesteps      | 704512    |
| train/                  |           |
|    approx_kl            | 0.0423349 |
|    clip_fraction        | 0.376     |
|    clip_range           | 0.2       |
|    entropy_loss         | -15.2     |
|    explained_variance   | 0.9953707 |
|    learning_rate        | 0.0003    |
|    loss                 | -0.0459   |
|    n_updates            | 3430      |
|    policy_gradient_loss | -0.04     |
|    std                  | 0.682     |
|    value_loss           | 0.133     |
---------------------------------------
-----------------------------------------
| rollout/                |             |
|    ep_len_mean          | 340         |
|    ep_rew_mean          | 73.8        |
| time/                   |             |
|    fps                  | 1308        |
|    iterations           | 345         |
|    time_elapsed         | 539         |
|    total_timesteps      | 706560      |
| train/                  |             |
|    approx_kl            | 0.043736458 |
|    clip_fraction        | 0.378       |
|    clip_range           | 0.2         |
|    entropy_loss         | -15.3       |
|    explained_variance   | 0.99155086  |
|    learning_rate        | 0.0003      |
|    loss                 | 0.0282      |
|    n_updates            | 3440        |
|    policy_gradient_loss | -0.0488     |
|    std                  | 0.682       |
|    value_loss           | 0.279       |
-----------------------------------------
----------------------------------------
| rollout/                |            |
|    ep_len_mean          | 344        |
|    ep_rew_mean          | 74.7       |
| time/                   |            |
|    fps                  | 1307       |
|    iterations           | 346        |
|    time_elapsed         | 541        |
|    total_timesteps      | 708608     |
| train/                  |            |
|    approx_kl            | 0.03662671 |
|    clip_fraction        | 0.393      |
|    clip_range           | 0.2        |
|    entropy_loss         | -15.3      |
|    explained_variance   | 0.99567884 |
|    learning_rate        | 0.0003     |
|    loss                 | -0.0233    |
|    n_updates            | 3450       |
|    policy_gradient_loss | -0.0387    |
|    std                  | 0.681      |
|    value_loss           | 0.142      |
----------------------------------------
-----------------------------------------
| rollout/                |             |
|    ep_len_mean          | 343         |
|    ep_rew_mean          | 74.9        |
| time/                   |             |
|    fps                  | 1307        |
|    iterations           | 347         |
|    time_elapsed         | 543         |
|    total_timesteps      | 710656      |
| train/                  |             |
|    approx_kl            | 0.042365864 |
|    clip_fraction        | 0.397       |
|    clip_range           | 0.2         |
|    entropy_loss         | -15.2       |
|    explained_variance   | 0.9942682   |
|    learning_rate        | 0.0003      |
|    loss                 | -0.0484     |
|    n_updates            | 3460        |
|    policy_gradient_loss | -0.0474     |
|    std                  | 0.679       |
|    value_loss           | 0.131       |
-----------------------------------------
-----------------------------------------
| rollout/                |             |
|    ep_len_mean          | 349         |
|    ep_rew_mean          | 75.9        |
| time/                   |             |
|    fps                  | 1306        |
|    iterations           | 348         |
|    time_elapsed         | 545         |
|    total_timesteps      | 712704      |
| train/                  |             |
|    approx_kl            | 0.042197805 |
|    clip_fraction        | 0.413       |
|    clip_range           | 0.2         |
|    entropy_loss         | -15.2       |
|    explained_variance   | 0.98464483  |
|    learning_rate        | 0.0003      |
|    loss                 | 0.0403      |
|    n_updates            | 3470        |
|    policy_gradient_loss | -0.0521     |
|    std                  | 0.678       |
|    value_loss           | 0.284       |
-----------------------------------------
-----------------------------------------
| rollout/                |             |
|    ep_len_mean          | 352         |
|    ep_rew_mean          | 76.7        |
| time/                   |             |
|    fps                  | 1306        |
|    iterations           | 349         |
|    time_elapsed         | 547         |
|    total_timesteps      | 714752      |
| train/                  |             |
|    approx_kl            | 0.036975585 |
|    clip_fraction        | 0.373       |
|    clip_range           | 0.2         |
|    entropy_loss         | -15.2       |
|    explained_variance   | 0.9901234   |
|    learning_rate        | 0.0003      |
|    loss                 | -0.0406     |
|    n_updates            | 3480        |
|    policy_gradient_loss | -0.0452     |
|    std                  | 0.678       |
|    value_loss           | 0.162       |
-----------------------------------------
---------------------------------------
| rollout/                |           |
|    ep_len_mean          | 355       |
|    ep_rew_mean          | 76.4      |
| time/                   |           |
|    fps                  | 1306      |
|    iterations           | 350       |
|    time_elapsed         | 548       |
|    total_timesteps      | 716800    |
| train/                  |           |
|    approx_kl            | 0.0366586 |
|    clip_fraction        | 0.358     |
|    clip_range           | 0.2       |
|    entropy_loss         | -15.1     |
|    explained_variance   | 0.9728733 |
|    learning_rate        | 0.0003    |
|    loss                 | 0.0286    |
|    n_updates            | 3490      |
|    policy_gradient_loss | -0.0382   |
|    std                  | 0.676     |
|    value_loss           | 0.347     |
---------------------------------------
-----------------------------------------
| rollout/                |             |
|    ep_len_mean          | 357         |
|    ep_rew_mean          | 76.9        |
| time/                   |             |
|    fps                  | 1306        |
|    iterations           | 351         |
|    time_elapsed         | 550         |
|    total_timesteps      | 718848      |
| train/                  |             |
|    approx_kl            | 0.039428685 |
|    clip_fraction        | 0.386       |
|    clip_range           | 0.2         |
|    entropy_loss         | -15.1       |
|    explained_variance   | 0.9856393   |
|    learning_rate        | 0.0003      |
|    loss                 | -0.0411     |
|    n_updates            | 3500        |
|    policy_gradient_loss | -0.0487     |
|    std                  | 0.675       |
|    value_loss           | 0.211       |
-----------------------------------------
-----------------------------------------
| rollout/                |             |
|    ep_len_mean          | 360         |
|    ep_rew_mean          | 77.4        |
| time/                   |             |
|    fps                  | 1305        |
|    iterations           | 352         |
|    time_elapsed         | 552         |
|    total_timesteps      | 720896      |
| train/                  |             |
|    approx_kl            | 0.039755844 |
|    clip_fraction        | 0.383       |
|    clip_range           | 0.2         |
|    entropy_loss         | -15.1       |
|    explained_variance   | 0.9936906   |
|    learning_rate        | 0.0003      |
|    loss                 | -0.057      |
|    n_updates            | 3510        |
|    policy_gradient_loss | -0.0426     |
|    std                  | 0.676       |
|    value_loss           | 0.112       |
-----------------------------------------
-----------------------------------------
| rollout/                |             |
|    ep_len_mean          | 359         |
|    ep_rew_mean          | 78.1        |
| time/                   |             |
|    fps                  | 1305        |
|    iterations           | 353         |
|    time_elapsed         | 553         |
|    total_timesteps      | 722944      |
| train/                  |             |
|    approx_kl            | 0.033717558 |
|    clip_fraction        | 0.366       |
|    clip_range           | 0.2         |
|    entropy_loss         | -15.1       |
|    explained_variance   | 0.9972938   |
|    learning_rate        | 0.0003      |
|    loss                 | -0.0156     |
|    n_updates            | 3520        |
|    policy_gradient_loss | -0.0389     |
|    std                  | 0.677       |
|    value_loss           | 0.0899      |
-----------------------------------------
----------------------------------------
| rollout/                |            |
|    ep_len_mean          | 358        |
|    ep_rew_mean          | 77.9       |
| time/                   |            |
|    fps                  | 1305       |
|    iterations           | 354        |
|    time_elapsed         | 555        |
|    total_timesteps      | 724992     |
| train/                  |            |
|    approx_kl            | 0.03889163 |
|    clip_fraction        | 0.379      |
|    clip_range           | 0.2        |
|    entropy_loss         | -15.2      |
|    explained_variance   | 0.99469835 |
|    learning_rate        | 0.0003     |
|    loss                 | -0.000956  |
|    n_updates            | 3530       |
|    policy_gradient_loss | -0.0396    |
|    std                  | 0.678      |
|    value_loss           | 0.128      |
----------------------------------------
----------------------------------------
| rollout/                |            |
|    ep_len_mean          | 361        |
|    ep_rew_mean          | 78.5       |
| time/                   |            |
|    fps                  | 1304       |
|    iterations           | 355        |
|    time_elapsed         | 557        |
|    total_timesteps      | 727040     |
| train/                  |            |
|    approx_kl            | 0.0403018  |
|    clip_fraction        | 0.375      |
|    clip_range           | 0.2        |
|    entropy_loss         | -15.2      |
|    explained_variance   | 0.99662775 |
|    learning_rate        | 0.0003     |
|    loss                 | -0.0476    |
|    n_updates            | 3540       |
|    policy_gradient_loss | -0.0448    |
|    std                  | 0.678      |
|    value_loss           | 0.0897     |
----------------------------------------
-----------------------------------------
| rollout/                |             |
|    ep_len_mean          | 360         |
|    ep_rew_mean          | 78.6        |
| time/                   |             |
|    fps                  | 1304        |
|    iterations           | 356         |
|    time_elapsed         | 559         |
|    total_timesteps      | 729088      |
| train/                  |             |
|    approx_kl            | 0.039381675 |
|    clip_fraction        | 0.367       |
|    clip_range           | 0.2         |
|    entropy_loss         | -15.2       |
|    explained_variance   | 0.9895704   |
|    learning_rate        | 0.0003      |
|    loss                 | -0.0397     |
|    n_updates            | 3550        |
|    policy_gradient_loss | -0.0476     |
|    std                  | 0.677       |
|    value_loss           | 0.19        |
-----------------------------------------
-----------------------------------------
| rollout/                |             |
|    ep_len_mean          | 362         |
|    ep_rew_mean          | 79.1        |
| time/                   |             |
|    fps                  | 1303        |
|    iterations           | 357         |
|    time_elapsed         | 560         |
|    total_timesteps      | 731136      |
| train/                  |             |
|    approx_kl            | 0.035259284 |
|    clip_fraction        | 0.357       |
|    clip_range           | 0.2         |
|    entropy_loss         | -15.2       |
|    explained_variance   | 0.99242336  |
|    learning_rate        | 0.0003      |
|    loss                 | -0.0293     |
|    n_updates            | 3560        |
|    policy_gradient_loss | -0.0428     |
|    std                  | 0.679       |
|    value_loss           | 0.238       |
-----------------------------------------
----------------------------------------
| rollout/                |            |
|    ep_len_mean          | 360        |
|    ep_rew_mean          | 78.6       |
| time/                   |            |
|    fps                  | 1303       |
|    iterations           | 358        |
|    time_elapsed         | 562        |
|    total_timesteps      | 733184     |
| train/                  |            |
|    approx_kl            | 0.04293291 |
|    clip_fraction        | 0.374      |
|    clip_range           | 0.2        |
|    entropy_loss         | -15.2      |
|    explained_variance   | 0.9949673  |
|    learning_rate        | 0.0003     |
|    loss                 | 0.00185    |
|    n_updates            | 3570       |
|    policy_gradient_loss | -0.0455    |
|    std                  | 0.677      |
|    value_loss           | 0.138      |
----------------------------------------
----------------------------------------
| rollout/                |            |
|    ep_len_mean          | 356        |
|    ep_rew_mean          | 77.6       |
| time/                   |            |
|    fps                  | 1303       |
|    iterations           | 359        |
|    time_elapsed         | 564        |
|    total_timesteps      | 735232     |
| train/                  |            |
|    approx_kl            | 0.04033392 |
|    clip_fraction        | 0.381      |
|    clip_range           | 0.2        |
|    entropy_loss         | -15.2      |
|    explained_variance   | 0.99643946 |
|    learning_rate        | 0.0003     |
|    loss                 | -0.0529    |
|    n_updates            | 3580       |
|    policy_gradient_loss | -0.0378    |
|    std                  | 0.677      |
|    value_loss           | 0.111      |
----------------------------------------
-----------------------------------------
| rollout/                |             |
|    ep_len_mean          | 353         |
|    ep_rew_mean          | 76.9        |
| time/                   |             |
|    fps                  | 1302        |
|    iterations           | 360         |
|    time_elapsed         | 565         |
|    total_timesteps      | 737280      |
| train/                  |             |
|    approx_kl            | 0.040492497 |
|    clip_fraction        | 0.355       |
|    clip_range           | 0.2         |
|    entropy_loss         | -15.1       |
|    explained_variance   | 0.99562025  |
|    learning_rate        | 0.0003      |
|    loss                 | -0.0412     |
|    n_updates            | 3590        |
|    policy_gradient_loss | -0.0446     |
|    std                  | 0.677       |
|    value_loss           | 0.111       |
-----------------------------------------
----------------------------------------
| rollout/                |            |
|    ep_len_mean          | 354        |
|    ep_rew_mean          | 77.2       |
| time/                   |            |
|    fps                  | 1302       |
|    iterations           | 361        |
|    time_elapsed         | 567        |
|    total_timesteps      | 739328     |
| train/                  |            |
|    approx_kl            | 0.04225322 |
|    clip_fraction        | 0.4        |
|    clip_range           | 0.2        |
|    entropy_loss         | -15.1      |
|    explained_variance   | 0.9952375  |
|    learning_rate        | 0.0003     |
|    loss                 | -0.0442    |
|    n_updates            | 3600       |
|    policy_gradient_loss | -0.0428    |
|    std                  | 0.676      |
|    value_loss           | 0.115      |
----------------------------------------
-----------------------------------------
| rollout/                |             |
|    ep_len_mean          | 349         |
|    ep_rew_mean          | 76.1        |
| time/                   |             |
|    fps                  | 1302        |
|    iterations           | 362         |
|    time_elapsed         | 569         |
|    total_timesteps      | 741376      |
| train/                  |             |
|    approx_kl            | 0.039583307 |
|    clip_fraction        | 0.364       |
|    clip_range           | 0.2         |
|    entropy_loss         | -15.1       |
|    explained_variance   | 0.9961868   |
|    learning_rate        | 0.0003      |
|    loss                 | -0.0233     |
|    n_updates            | 3610        |
|    policy_gradient_loss | -0.0421     |
|    std                  | 0.675       |
|    value_loss           | 0.105       |
-----------------------------------------
----------------------------------------
| rollout/                |            |
|    ep_len_mean          | 345        |
|    ep_rew_mean          | 75.2       |
| time/                   |            |
|    fps                  | 1302       |
|    iterations           | 363        |
|    time_elapsed         | 570        |
|    total_timesteps      | 743424     |
| train/                  |            |
|    approx_kl            | 0.04352116 |
|    clip_fraction        | 0.393      |
|    clip_range           | 0.2        |
|    entropy_loss         | -15.1      |
|    explained_variance   | 0.99799    |
|    learning_rate        | 0.0003     |
|    loss                 | -0.0619    |
|    n_updates            | 3620       |
|    policy_gradient_loss | -0.0509    |
|    std                  | 0.674      |
|    value_loss           | 0.0783     |
----------------------------------------
-----------------------------------------
| rollout/                |             |
|    ep_len_mean          | 336         |
|    ep_rew_mean          | 73.4        |
| time/                   |             |
|    fps                  | 1302        |
|    iterations           | 364         |
|    time_elapsed         | 572         |
|    total_timesteps      | 745472      |
| train/                  |             |
|    approx_kl            | 0.036210712 |
|    clip_fraction        | 0.355       |
|    clip_range           | 0.2         |
|    entropy_loss         | -15.1       |
|    explained_variance   | 0.98881423  |
|    learning_rate        | 0.0003      |
|    loss                 | 0.0131      |
|    n_updates            | 3630        |
|    policy_gradient_loss | -0.0409     |
|    std                  | 0.676       |
|    value_loss           | 0.264       |
-----------------------------------------
-----------------------------------------
| rollout/                |             |
|    ep_len_mean          | 319         |
|    ep_rew_mean          | 70.1        |
| time/                   |             |
|    fps                  | 1301        |
|    iterations           | 365         |
|    time_elapsed         | 574         |
|    total_timesteps      | 747520      |
| train/                  |             |
|    approx_kl            | 0.035907388 |
|    clip_fraction        | 0.377       |
|    clip_range           | 0.2         |
|    entropy_loss         | -15.1       |
|    explained_variance   | 0.99601054  |
|    learning_rate        | 0.0003      |
|    loss                 | -0.023      |
|    n_updates            | 3640        |
|    policy_gradient_loss | -0.043      |
|    std                  | 0.674       |
|    value_loss           | 0.129       |
-----------------------------------------
-----------------------------------------
| rollout/                |             |
|    ep_len_mean          | 312         |
|    ep_rew_mean          | 68.3        |
| time/                   |             |
|    fps                  | 1301        |
|    iterations           | 366         |
|    time_elapsed         | 576         |
|    total_timesteps      | 749568      |
| train/                  |             |
|    approx_kl            | 0.042388428 |
|    clip_fraction        | 0.394       |
|    clip_range           | 0.2         |
|    entropy_loss         | -15         |
|    explained_variance   | 0.9920996   |
|    learning_rate        | 0.0003      |
|    loss                 | -0.00064    |
|    n_updates            | 3650        |
|    policy_gradient_loss | -0.0405     |
|    std                  | 0.672       |
|    value_loss           | 0.134       |
-----------------------------------------
-----------------------------------------
| rollout/                |             |
|    ep_len_mean          | 307         |
|    ep_rew_mean          | 66.9        |
| time/                   |             |
|    fps                  | 1301        |
|    iterations           | 367         |
|    time_elapsed         | 577         |
|    total_timesteps      | 751616      |
| train/                  |             |
|    approx_kl            | 0.044888362 |
|    clip_fraction        | 0.402       |
|    clip_range           | 0.2         |
|    entropy_loss         | -15         |
|    explained_variance   | 0.99511224  |
|    learning_rate        | 0.0003      |
|    loss                 | -0.0613     |
|    n_updates            | 3660        |
|    policy_gradient_loss | -0.038      |
|    std                  | 0.671       |
|    value_loss           | 0.0876      |
-----------------------------------------
----------------------------------------
| rollout/                |            |
|    ep_len_mean          | 300        |
|    ep_rew_mean          | 65         |
| time/                   |            |
|    fps                  | 1301       |
|    iterations           | 368        |
|    time_elapsed         | 579        |
|    total_timesteps      | 753664     |
| train/                  |            |
|    approx_kl            | 0.04211934 |
|    clip_fraction        | 0.39       |
|    clip_range           | 0.2        |
|    entropy_loss         | -15        |
|    explained_variance   | 0.9982151  |
|    learning_rate        | 0.0003     |
|    loss                 | -0.0326    |
|    n_updates            | 3670       |
|    policy_gradient_loss | -0.0433    |
|    std                  | 0.672      |
|    value_loss           | 0.0521     |
----------------------------------------
-----------------------------------------
| rollout/                |             |
|    ep_len_mean          | 294         |
|    ep_rew_mean          | 63.3        |
| time/                   |             |
|    fps                  | 1300        |
|    iterations           | 369         |
|    time_elapsed         | 580         |
|    total_timesteps      | 755712      |
| train/                  |             |
|    approx_kl            | 0.041665193 |
|    clip_fraction        | 0.393       |
|    clip_range           | 0.2         |
|    entropy_loss         | -14.9       |
|    explained_variance   | 0.9895119   |
|    learning_rate        | 0.0003      |
|    loss                 | 0.0809      |
|    n_updates            | 3680        |
|    policy_gradient_loss | -0.0411     |
|    std                  | 0.672       |
|    value_loss           | 0.291       |
-----------------------------------------
----------------------------------------
| rollout/                |            |
|    ep_len_mean          | 287        |
|    ep_rew_mean          | 61.6       |
| time/                   |            |
|    fps                  | 1300       |
|    iterations           | 370        |
|    time_elapsed         | 582        |
|    total_timesteps      | 757760     |
| train/                  |            |
|    approx_kl            | 0.04243616 |
|    clip_fraction        | 0.371      |
|    clip_range           | 0.2        |
|    entropy_loss         | -14.9      |
|    explained_variance   | 0.99310064 |
|    learning_rate        | 0.0003     |
|    loss                 | -0.00793   |
|    n_updates            | 3690       |
|    policy_gradient_loss | -0.0445    |
|    std                  | 0.67       |
|    value_loss           | 0.182      |
----------------------------------------
----------------------------------------
| rollout/                |            |
|    ep_len_mean          | 285        |
|    ep_rew_mean          | 60.8       |
| time/                   |            |
|    fps                  | 1300       |
|    iterations           | 371        |
|    time_elapsed         | 584        |
|    total_timesteps      | 759808     |
| train/                  |            |
|    approx_kl            | 0.03808326 |
|    clip_fraction        | 0.387      |
|    clip_range           | 0.2        |
|    entropy_loss         | -14.9      |
|    explained_variance   | 0.9961808  |
|    learning_rate        | 0.0003     |
|    loss                 | 0.0115     |
|    n_updates            | 3700       |
|    policy_gradient_loss | -0.0406    |
|    std                  | 0.669      |
|    value_loss           | 0.13       |
----------------------------------------
-----------------------------------------
| rollout/                |             |
|    ep_len_mean          | 283         |
|    ep_rew_mean          | 60          |
| time/                   |             |
|    fps                  | 1300        |
|    iterations           | 372         |
|    time_elapsed         | 585         |
|    total_timesteps      | 761856      |
| train/                  |             |
|    approx_kl            | 0.043806642 |
|    clip_fraction        | 0.395       |
|    clip_range           | 0.2         |
|    entropy_loss         | -14.9       |
|    explained_variance   | 0.9971467   |
|    learning_rate        | 0.0003      |
|    loss                 | -0.0445     |
|    n_updates            | 3710        |
|    policy_gradient_loss | -0.0461     |
|    std                  | 0.666       |
|    value_loss           | 0.097       |
-----------------------------------------
-----------------------------------------
| rollout/                |             |
|    ep_len_mean          | 283         |
|    ep_rew_mean          | 59.9        |
| time/                   |             |
|    fps                  | 1299        |
|    iterations           | 373         |
|    time_elapsed         | 587         |
|    total_timesteps      | 763904      |
| train/                  |             |
|    approx_kl            | 0.039971113 |
|    clip_fraction        | 0.366       |
|    clip_range           | 0.2         |
|    entropy_loss         | -14.8       |
|    explained_variance   | 0.9962549   |
|    learning_rate        | 0.0003      |
|    loss                 | -0.0389     |
|    n_updates            | 3720        |
|    policy_gradient_loss | -0.045      |
|    std                  | 0.665       |
|    value_loss           | 0.129       |
-----------------------------------------
-----------------------------------------
| rollout/                |             |
|    ep_len_mean          | 283         |
|    ep_rew_mean          | 59.9        |
| time/                   |             |
|    fps                  | 1299        |
|    iterations           | 374         |
|    time_elapsed         | 589         |
|    total_timesteps      | 765952      |
| train/                  |             |
|    approx_kl            | 0.043790683 |
|    clip_fraction        | 0.395       |
|    clip_range           | 0.2         |
|    entropy_loss         | -14.8       |
|    explained_variance   | 0.9955204   |
|    learning_rate        | 0.0003      |
|    loss                 | 0.0111      |
|    n_updates            | 3730        |
|    policy_gradient_loss | -0.0422     |
|    std                  | 0.662       |
|    value_loss           | 0.141       |
-----------------------------------------
----------------------------------------
| rollout/                |            |
|    ep_len_mean          | 282        |
|    ep_rew_mean          | 59.8       |
| time/                   |            |
|    fps                  | 1299       |
|    iterations           | 375        |
|    time_elapsed         | 591        |
|    total_timesteps      | 768000     |
| train/                  |            |
|    approx_kl            | 0.03689817 |
|    clip_fraction        | 0.377      |
|    clip_range           | 0.2        |
|    entropy_loss         | -14.8      |
|    explained_variance   | 0.99476767 |
|    learning_rate        | 0.0003     |
|    loss                 | -0.0107    |
|    n_updates            | 3740       |
|    policy_gradient_loss | -0.0418    |
|    std                  | 0.662      |
|    value_loss           | 0.0786     |
----------------------------------------
----------------------------------------
| rollout/                |            |
|    ep_len_mean          | 283        |
|    ep_rew_mean          | 60.1       |
| time/                   |            |
|    fps                  | 1298       |
|    iterations           | 376        |
|    time_elapsed         | 593        |
|    total_timesteps      | 770048     |
| train/                  |            |
|    approx_kl            | 0.03877014 |
|    clip_fraction        | 0.386      |
|    clip_range           | 0.2        |
|    entropy_loss         | -14.7      |
|    explained_variance   | 0.99639904 |
|    learning_rate        | 0.0003     |
|    loss                 | -0.0386    |
|    n_updates            | 3750       |
|    policy_gradient_loss | -0.0411    |
|    std                  | 0.661      |
|    value_loss           | 0.0816     |
----------------------------------------
-----------------------------------------
| rollout/                |             |
|    ep_len_mean          | 285         |
|    ep_rew_mean          | 60.4        |
| time/                   |             |
|    fps                  | 1296        |
|    iterations           | 377         |
|    time_elapsed         | 595         |
|    total_timesteps      | 772096      |
| train/                  |             |
|    approx_kl            | 0.042020515 |
|    clip_fraction        | 0.399       |
|    clip_range           | 0.2         |
|    entropy_loss         | -14.7       |
|    explained_variance   | 0.9961924   |
|    learning_rate        | 0.0003      |
|    loss                 | -0.0375     |
|    n_updates            | 3760        |
|    policy_gradient_loss | -0.0427     |
|    std                  | 0.659       |
|    value_loss           | 0.0923      |
-----------------------------------------
-----------------------------------------
| rollout/                |             |
|    ep_len_mean          | 284         |
|    ep_rew_mean          | 60.1        |
| time/                   |             |
|    fps                  | 1295        |
|    iterations           | 378         |
|    time_elapsed         | 597         |
|    total_timesteps      | 774144      |
| train/                  |             |
|    approx_kl            | 0.041824628 |
|    clip_fraction        | 0.378       |
|    clip_range           | 0.2         |
|    entropy_loss         | -14.6       |
|    explained_variance   | 0.9930196   |
|    learning_rate        | 0.0003      |
|    loss                 | -0.0123     |
|    n_updates            | 3770        |
|    policy_gradient_loss | -0.0417     |
|    std                  | 0.655       |
|    value_loss           | 0.178       |
-----------------------------------------
----------------------------------------
| rollout/                |            |
|    ep_len_mean          | 287        |
|    ep_rew_mean          | 60.8       |
| time/                   |            |
|    fps                  | 1294       |
|    iterations           | 379        |
|    time_elapsed         | 599        |
|    total_timesteps      | 776192     |
| train/                  |            |
|    approx_kl            | 0.04018356 |
|    clip_fraction        | 0.372      |
|    clip_range           | 0.2        |
|    entropy_loss         | -14.6      |
|    explained_variance   | 0.9982442  |
|    learning_rate        | 0.0003     |
|    loss                 | -0.048     |
|    n_updates            | 3780       |
|    policy_gradient_loss | -0.0439    |
|    std                  | 0.657      |
|    value_loss           | 0.0713     |
----------------------------------------
-----------------------------------------
| rollout/                |             |
|    ep_len_mean          | 288         |
|    ep_rew_mean          | 61.2        |
| time/                   |             |
|    fps                  | 1293        |
|    iterations           | 380         |
|    time_elapsed         | 601         |
|    total_timesteps      | 778240      |
| train/                  |             |
|    approx_kl            | 0.042806476 |
|    clip_fraction        | 0.403       |
|    clip_range           | 0.2         |
|    entropy_loss         | -14.6       |
|    explained_variance   | 0.9971173   |
|    learning_rate        | 0.0003      |
|    loss                 | -0.0195     |
|    n_updates            | 3790        |
|    policy_gradient_loss | -0.0461     |
|    std                  | 0.655       |
|    value_loss           | 0.0903      |
-----------------------------------------
----------------------------------------
| rollout/                |            |
|    ep_len_mean          | 289        |
|    ep_rew_mean          | 61.5       |
| time/                   |            |
|    fps                  | 1293       |
|    iterations           | 381        |
|    time_elapsed         | 603        |
|    total_timesteps      | 780288     |
| train/                  |            |
|    approx_kl            | 0.04205816 |
|    clip_fraction        | 0.389      |
|    clip_range           | 0.2        |
|    entropy_loss         | -14.6      |
|    explained_variance   | 0.9928595  |
|    learning_rate        | 0.0003     |
|    loss                 | -0.039     |
|    n_updates            | 3800       |
|    policy_gradient_loss | -0.0435    |
|    std                  | 0.654      |
|    value_loss           | 0.156      |
----------------------------------------
-----------------------------------------
| rollout/                |             |
|    ep_len_mean          | 290         |
|    ep_rew_mean          | 61.7        |
| time/                   |             |
|    fps                  | 1292        |
|    iterations           | 382         |
|    time_elapsed         | 605         |
|    total_timesteps      | 782336      |
| train/                  |             |
|    approx_kl            | 0.038185507 |
|    clip_fraction        | 0.375       |
|    clip_range           | 0.2         |
|    entropy_loss         | -14.5       |
|    explained_variance   | 0.9968113   |
|    learning_rate        | 0.0003      |
|    loss                 | -0.0207     |
|    n_updates            | 3810        |
|    policy_gradient_loss | -0.0403     |
|    std                  | 0.653       |
|    value_loss           | 0.115       |
-----------------------------------------
-----------------------------------------
| rollout/                |             |
|    ep_len_mean          | 291         |
|    ep_rew_mean          | 62.1        |
| time/                   |             |
|    fps                  | 1291        |
|    iterations           | 383         |
|    time_elapsed         | 607         |
|    total_timesteps      | 784384      |
| train/                  |             |
|    approx_kl            | 0.044973277 |
|    clip_fraction        | 0.373       |
|    clip_range           | 0.2         |
|    entropy_loss         | -14.5       |
|    explained_variance   | 0.9893508   |
|    learning_rate        | 0.0003      |
|    loss                 | 0.0681      |
|    n_updates            | 3820        |
|    policy_gradient_loss | -0.0419     |
|    std                  | 0.65        |
|    value_loss           | 0.245       |
-----------------------------------------
-----------------------------------------
| rollout/                |             |
|    ep_len_mean          | 292         |
|    ep_rew_mean          | 62.3        |
| time/                   |             |
|    fps                  | 1291        |
|    iterations           | 384         |
|    time_elapsed         | 608         |
|    total_timesteps      | 786432      |
| train/                  |             |
|    approx_kl            | 0.050659344 |
|    clip_fraction        | 0.416       |
|    clip_range           | 0.2         |
|    entropy_loss         | -14.4       |
|    explained_variance   | 0.9957889   |
|    learning_rate        | 0.0003      |
|    loss                 | -0.00623    |
|    n_updates            | 3830        |
|    policy_gradient_loss | -0.046      |
|    std                  | 0.649       |
|    value_loss           | 0.147       |
-----------------------------------------
-----------------------------------------
| rollout/                |             |
|    ep_len_mean          | 291         |
|    ep_rew_mean          | 62          |
| time/                   |             |
|    fps                  | 1291        |
|    iterations           | 385         |
|    time_elapsed         | 610         |
|    total_timesteps      | 788480      |
| train/                  |             |
|    approx_kl            | 0.044705946 |
|    clip_fraction        | 0.377       |
|    clip_range           | 0.2         |
|    entropy_loss         | -14.4       |
|    explained_variance   | 0.9929188   |
|    learning_rate        | 0.0003      |
|    loss                 | -0.0409     |
|    n_updates            | 3840        |
|    policy_gradient_loss | -0.043      |
|    std                  | 0.649       |
|    value_loss           | 0.203       |
-----------------------------------------
----------------------------------------
| rollout/                |            |
|    ep_len_mean          | 291        |
|    ep_rew_mean          | 62.2       |
| time/                   |            |
|    fps                  | 1291       |
|    iterations           | 386        |
|    time_elapsed         | 612        |
|    total_timesteps      | 790528     |
| train/                  |            |
|    approx_kl            | 0.03768827 |
|    clip_fraction        | 0.353      |
|    clip_range           | 0.2        |
|    entropy_loss         | -14.4      |
|    explained_variance   | 0.9948423  |
|    learning_rate        | 0.0003     |
|    loss                 | 0.000776   |
|    n_updates            | 3850       |
|    policy_gradient_loss | -0.0452    |
|    std                  | 0.65       |
|    value_loss           | 0.179      |
----------------------------------------
-----------------------------------------
| rollout/                |             |
|    ep_len_mean          | 290         |
|    ep_rew_mean          | 62          |
| time/                   |             |
|    fps                  | 1291        |
|    iterations           | 387         |
|    time_elapsed         | 613         |
|    total_timesteps      | 792576      |
| train/                  |             |
|    approx_kl            | 0.046072513 |
|    clip_fraction        | 0.39        |
|    clip_range           | 0.2         |
|    entropy_loss         | -14.4       |
|    explained_variance   | 0.9960147   |
|    learning_rate        | 0.0003      |
|    loss                 | -0.0382     |
|    n_updates            | 3860        |
|    policy_gradient_loss | -0.0412     |
|    std                  | 0.649       |
|    value_loss           | 0.117       |
-----------------------------------------
----------------------------------------
| rollout/                |            |
|    ep_len_mean          | 289        |
|    ep_rew_mean          | 61.7       |
| time/                   |            |
|    fps                  | 1291       |
|    iterations           | 388        |
|    time_elapsed         | 615        |
|    total_timesteps      | 794624     |
| train/                  |            |
|    approx_kl            | 0.04208363 |
|    clip_fraction        | 0.36       |
|    clip_range           | 0.2        |
|    entropy_loss         | -14.4      |
|    explained_variance   | 0.99253976 |
|    learning_rate        | 0.0003     |
|    loss                 | -0.0131    |
|    n_updates            | 3870       |
|    policy_gradient_loss | -0.0447    |
|    std                  | 0.649      |
|    value_loss           | 0.192      |
----------------------------------------
-----------------------------------------
| rollout/                |             |
|    ep_len_mean          | 288         |
|    ep_rew_mean          | 61.4        |
| time/                   |             |
|    fps                  | 1291        |
|    iterations           | 389         |
|    time_elapsed         | 616         |
|    total_timesteps      | 796672      |
| train/                  |             |
|    approx_kl            | 0.043496788 |
|    clip_fraction        | 0.385       |
|    clip_range           | 0.2         |
|    entropy_loss         | -14.4       |
|    explained_variance   | 0.99403983  |
|    learning_rate        | 0.0003      |
|    loss                 | -0.00878    |
|    n_updates            | 3880        |
|    policy_gradient_loss | -0.0428     |
|    std                  | 0.65        |
|    value_loss           | 0.153       |
-----------------------------------------
-----------------------------------------
| rollout/                |             |
|    ep_len_mean          | 288         |
|    ep_rew_mean          | 61.5        |
| time/                   |             |
|    fps                  | 1291        |
|    iterations           | 390         |
|    time_elapsed         | 618         |
|    total_timesteps      | 798720      |
| train/                  |             |
|    approx_kl            | 0.055069048 |
|    clip_fraction        | 0.418       |
|    clip_range           | 0.2         |
|    entropy_loss         | -14.5       |
|    explained_variance   | 0.9946205   |
|    learning_rate        | 0.0003      |
|    loss                 | -0.027      |
|    n_updates            | 3890        |
|    policy_gradient_loss | -0.0446     |
|    std                  | 0.651       |
|    value_loss           | 0.155       |
-----------------------------------------
----------------------------------------
| rollout/                |            |
|    ep_len_mean          | 284        |
|    ep_rew_mean          | 60.6       |
| time/                   |            |
|    fps                  | 1292       |
|    iterations           | 391        |
|    time_elapsed         | 619        |
|    total_timesteps      | 800768     |
| train/                  |            |
|    approx_kl            | 0.04689986 |
|    clip_fraction        | 0.39       |
|    clip_range           | 0.2        |
|    entropy_loss         | -14.5      |
|    explained_variance   | 0.9956271  |
|    learning_rate        | 0.0003     |
|    loss                 | -0.0307    |
|    n_updates            | 3900       |
|    policy_gradient_loss | -0.0379    |
|    std                  | 0.651      |
|    value_loss           | 0.179      |
----------------------------------------
-----------------------------------------
| rollout/                |             |
|    ep_len_mean          | 286         |
|    ep_rew_mean          | 61.2        |
| time/                   |             |
|    fps                  | 1292        |
|    iterations           | 392         |
|    time_elapsed         | 621         |
|    total_timesteps      | 802816      |
| train/                  |             |
|    approx_kl            | 0.041673567 |
|    clip_fraction        | 0.42        |
|    clip_range           | 0.2         |
|    entropy_loss         | -14.5       |
|    explained_variance   | 0.9948979   |
|    learning_rate        | 0.0003      |
|    loss                 | -0.00713    |
|    n_updates            | 3910        |
|    policy_gradient_loss | -0.0482     |
|    std                  | 0.65        |
|    value_loss           | 0.175       |
-----------------------------------------
-----------------------------------------
| rollout/                |             |
|    ep_len_mean          | 287         |
|    ep_rew_mean          | 61.6        |
| time/                   |             |
|    fps                  | 1292        |
|    iterations           | 393         |
|    time_elapsed         | 622         |
|    total_timesteps      | 804864      |
| train/                  |             |
|    approx_kl            | 0.043458194 |
|    clip_fraction        | 0.377       |
|    clip_range           | 0.2         |
|    entropy_loss         | -14.5       |
|    explained_variance   | 0.9945649   |
|    learning_rate        | 0.0003      |
|    loss                 | -0.0311     |
|    n_updates            | 3920        |
|    policy_gradient_loss | -0.0456     |
|    std                  | 0.652       |
|    value_loss           | 0.182       |
-----------------------------------------
-----------------------------------------
| rollout/                |             |
|    ep_len_mean          | 287         |
|    ep_rew_mean          | 61.7        |
| time/                   |             |
|    fps                  | 1291        |
|    iterations           | 394         |
|    time_elapsed         | 624         |
|    total_timesteps      | 806912      |
| train/                  |             |
|    approx_kl            | 0.046512514 |
|    clip_fraction        | 0.381       |
|    clip_range           | 0.2         |
|    entropy_loss         | -14.5       |
|    explained_variance   | 0.98668176  |
|    learning_rate        | 0.0003      |
|    loss                 | -0.00745    |
|    n_updates            | 3930        |
|    policy_gradient_loss | -0.043      |
|    std                  | 0.65        |
|    value_loss           | 0.308       |
-----------------------------------------
-----------------------------------------
| rollout/                |             |
|    ep_len_mean          | 285         |
|    ep_rew_mean          | 61.2        |
| time/                   |             |
|    fps                  | 1291        |
|    iterations           | 395         |
|    time_elapsed         | 626         |
|    total_timesteps      | 808960      |
| train/                  |             |
|    approx_kl            | 0.038096286 |
|    clip_fraction        | 0.361       |
|    clip_range           | 0.2         |
|    entropy_loss         | -14.5       |
|    explained_variance   | 0.97900426  |
|    learning_rate        | 0.0003      |
|    loss                 | -0.00359    |
|    n_updates            | 3940        |
|    policy_gradient_loss | -0.0443     |
|    std                  | 0.649       |
|    value_loss           | 0.418       |
-----------------------------------------
-----------------------------------------
| rollout/                |             |
|    ep_len_mean          | 284         |
|    ep_rew_mean          | 60.9        |
| time/                   |             |
|    fps                  | 1292        |
|    iterations           | 396         |
|    time_elapsed         | 627         |
|    total_timesteps      | 811008      |
| train/                  |             |
|    approx_kl            | 0.047840755 |
|    clip_fraction        | 0.376       |
|    clip_range           | 0.2         |
|    entropy_loss         | -14.4       |
|    explained_variance   | 0.9941655   |
|    learning_rate        | 0.0003      |
|    loss                 | 0.0125      |
|    n_updates            | 3950        |
|    policy_gradient_loss | -0.0461     |
|    std                  | 0.65        |
|    value_loss           | 0.217       |
-----------------------------------------
----------------------------------------
| rollout/                |            |
|    ep_len_mean          | 284        |
|    ep_rew_mean          | 61.1       |
| time/                   |            |
|    fps                  | 1292       |
|    iterations           | 397        |
|    time_elapsed         | 629        |
|    total_timesteps      | 813056     |
| train/                  |            |
|    approx_kl            | 0.04743459 |
|    clip_fraction        | 0.378      |
|    clip_range           | 0.2        |
|    entropy_loss         | -14.5      |
|    explained_variance   | 0.99388933 |
|    learning_rate        | 0.0003     |
|    loss                 | -0.0275    |
|    n_updates            | 3960       |
|    policy_gradient_loss | -0.0438    |
|    std                  | 0.65       |
|    value_loss           | 0.175      |
----------------------------------------
----------------------------------------
| rollout/                |            |
|    ep_len_mean          | 286        |
|    ep_rew_mean          | 61.6       |
| time/                   |            |
|    fps                  | 1292       |
|    iterations           | 398        |
|    time_elapsed         | 630        |
|    total_timesteps      | 815104     |
| train/                  |            |
|    approx_kl            | 0.04745661 |
|    clip_fraction        | 0.379      |
|    clip_range           | 0.2        |
|    entropy_loss         | -14.4      |
|    explained_variance   | 0.9924521  |
|    learning_rate        | 0.0003     |
|    loss                 | -0.0243    |
|    n_updates            | 3970       |
|    policy_gradient_loss | -0.0519    |
|    std                  | 0.647      |
|    value_loss           | 0.196      |
----------------------------------------
----------------------------------------
| rollout/                |            |
|    ep_len_mean          | 289        |
|    ep_rew_mean          | 62.8       |
| time/                   |            |
|    fps                  | 1291       |
|    iterations           | 399        |
|    time_elapsed         | 632        |
|    total_timesteps      | 817152     |
| train/                  |            |
|    approx_kl            | 0.04226848 |
|    clip_fraction        | 0.391      |
|    clip_range           | 0.2        |
|    entropy_loss         | -14.4      |
|    explained_variance   | 0.9951822  |
|    learning_rate        | 0.0003     |
|    loss                 | -0.0322    |
|    n_updates            | 3980       |
|    policy_gradient_loss | -0.0444    |
|    std                  | 0.644      |
|    value_loss           | 0.184      |
----------------------------------------
----------------------------------------
| rollout/                |            |
|    ep_len_mean          | 292        |
|    ep_rew_mean          | 63.7       |
| time/                   |            |
|    fps                  | 1292       |
|    iterations           | 400        |
|    time_elapsed         | 633        |
|    total_timesteps      | 819200     |
| train/                  |            |
|    approx_kl            | 0.04722523 |
|    clip_fraction        | 0.441      |
|    clip_range           | 0.2        |
|    entropy_loss         | -14.3      |
|    explained_variance   | 0.9948405  |
|    learning_rate        | 0.0003     |
|    loss                 | -0.0614    |
|    n_updates            | 3990       |
|    policy_gradient_loss | -0.05      |
|    std                  | 0.641      |
|    value_loss           | 0.135      |
----------------------------------------
----------------------------------------
| rollout/                |            |
|    ep_len_mean          | 291        |
|    ep_rew_mean          | 63.7       |
| time/                   |            |
|    fps                  | 1292       |
|    iterations           | 401        |
|    time_elapsed         | 635        |
|    total_timesteps      | 821248     |
| train/                  |            |
|    approx_kl            | 0.04541546 |
|    clip_fraction        | 0.396      |
|    clip_range           | 0.2        |
|    entropy_loss         | -14.3      |
|    explained_variance   | 0.9838618  |
|    learning_rate        | 0.0003     |
|    loss                 | 0.00522    |
|    n_updates            | 4000       |
|    policy_gradient_loss | -0.0499    |
|    std                  | 0.642      |
|    value_loss           | 0.285      |
----------------------------------------
-----------------------------------------
| rollout/                |             |
|    ep_len_mean          | 295         |
|    ep_rew_mean          | 65          |
| time/                   |             |
|    fps                  | 1292        |
|    iterations           | 402         |
|    time_elapsed         | 637         |
|    total_timesteps      | 823296      |
| train/                  |             |
|    approx_kl            | 0.039453737 |
|    clip_fraction        | 0.366       |
|    clip_range           | 0.2         |
|    entropy_loss         | -14.2       |
|    explained_variance   | 0.98595923  |
|    learning_rate        | 0.0003      |
|    loss                 | 0.0144      |
|    n_updates            | 4010        |
|    policy_gradient_loss | -0.0475     |
|    std                  | 0.64        |
|    value_loss           | 0.478       |
-----------------------------------------
----------------------------------------
| rollout/                |            |
|    ep_len_mean          | 296        |
|    ep_rew_mean          | 65.3       |
| time/                   |            |
|    fps                  | 1292       |
|    iterations           | 403        |
|    time_elapsed         | 638        |
|    total_timesteps      | 825344     |
| train/                  |            |
|    approx_kl            | 0.04854293 |
|    clip_fraction        | 0.421      |
|    clip_range           | 0.2        |
|    entropy_loss         | -14.2      |
|    explained_variance   | 0.9873076  |
|    learning_rate        | 0.0003     |
|    loss                 | 0.0424     |
|    n_updates            | 4020       |
|    policy_gradient_loss | -0.0509    |
|    std                  | 0.639      |
|    value_loss           | 0.295      |
----------------------------------------
-----------------------------------------
| rollout/                |             |
|    ep_len_mean          | 295         |
|    ep_rew_mean          | 65.1        |
| time/                   |             |
|    fps                  | 1292        |
|    iterations           | 404         |
|    time_elapsed         | 640         |
|    total_timesteps      | 827392      |
| train/                  |             |
|    approx_kl            | 0.039990224 |
|    clip_fraction        | 0.381       |
|    clip_range           | 0.2         |
|    entropy_loss         | -14.2       |
|    explained_variance   | 0.99303126  |
|    learning_rate        | 0.0003      |
|    loss                 | 0.0506      |
|    n_updates            | 4030        |
|    policy_gradient_loss | -0.0449     |
|    std                  | 0.638       |
|    value_loss           | 0.311       |
-----------------------------------------
----------------------------------------
| rollout/                |            |
|    ep_len_mean          | 296        |
|    ep_rew_mean          | 65.4       |
| time/                   |            |
|    fps                  | 1292       |
|    iterations           | 405        |
|    time_elapsed         | 641        |
|    total_timesteps      | 829440     |
| train/                  |            |
|    approx_kl            | 0.04450905 |
|    clip_fraction        | 0.408      |
|    clip_range           | 0.2        |
|    entropy_loss         | -14.2      |
|    explained_variance   | 0.99047655 |
|    learning_rate        | 0.0003     |
|    loss                 | -0.0207    |
|    n_updates            | 4040       |
|    policy_gradient_loss | -0.0458    |
|    std                  | 0.637      |
|    value_loss           | 0.278      |
----------------------------------------
-----------------------------------------
| rollout/                |             |
|    ep_len_mean          | 296         |
|    ep_rew_mean          | 65.6        |
| time/                   |             |
|    fps                  | 1292        |
|    iterations           | 406         |
|    time_elapsed         | 643         |
|    total_timesteps      | 831488      |
| train/                  |             |
|    approx_kl            | 0.049075995 |
|    clip_fraction        | 0.423       |
|    clip_range           | 0.2         |
|    entropy_loss         | -14.1       |
|    explained_variance   | 0.99428076  |
|    learning_rate        | 0.0003      |
|    loss                 | -0.0127     |
|    n_updates            | 4050        |
|    policy_gradient_loss | -0.0475     |
|    std                  | 0.634       |
|    value_loss           | 0.145       |
-----------------------------------------
-----------------------------------------
| rollout/                |             |
|    ep_len_mean          | 296         |
|    ep_rew_mean          | 65.9        |
| time/                   |             |
|    fps                  | 1292        |
|    iterations           | 407         |
|    time_elapsed         | 644         |
|    total_timesteps      | 833536      |
| train/                  |             |
|    approx_kl            | 0.048231814 |
|    clip_fraction        | 0.404       |
|    clip_range           | 0.2         |
|    entropy_loss         | -14.1       |
|    explained_variance   | 0.9908397   |
|    learning_rate        | 0.0003      |
|    loss                 | 0.0112      |
|    n_updates            | 4060        |
|    policy_gradient_loss | -0.0454     |
|    std                  | 0.633       |
|    value_loss           | 0.222       |
-----------------------------------------
----------------------------------------
| rollout/                |            |
|    ep_len_mean          | 295        |
|    ep_rew_mean          | 65.7       |
| time/                   |            |
|    fps                  | 1293       |
|    iterations           | 408        |
|    time_elapsed         | 646        |
|    total_timesteps      | 835584     |
| train/                  |            |
|    approx_kl            | 0.0459175  |
|    clip_fraction        | 0.362      |
|    clip_range           | 0.2        |
|    entropy_loss         | -14        |
|    explained_variance   | 0.97690517 |
|    learning_rate        | 0.0003     |
|    loss                 | 0.0631     |
|    n_updates            | 4070       |
|    policy_gradient_loss | -0.0393    |
|    std                  | 0.631      |
|    value_loss           | 0.419      |
----------------------------------------
-----------------------------------------
| rollout/                |             |
|    ep_len_mean          | 296         |
|    ep_rew_mean          | 66.4        |
| time/                   |             |
|    fps                  | 1293        |
|    iterations           | 409         |
|    time_elapsed         | 647         |
|    total_timesteps      | 837632      |
| train/                  |             |
|    approx_kl            | 0.048851233 |
|    clip_fraction        | 0.422       |
|    clip_range           | 0.2         |
|    entropy_loss         | -14         |
|    explained_variance   | 0.99439824  |
|    learning_rate        | 0.0003      |
|    loss                 | -0.00303    |
|    n_updates            | 4080        |
|    policy_gradient_loss | -0.048      |
|    std                  | 0.632       |
|    value_loss           | 0.155       |
-----------------------------------------
-----------------------------------------
| rollout/                |             |
|    ep_len_mean          | 300         |
|    ep_rew_mean          | 67.7        |
| time/                   |             |
|    fps                  | 1294        |
|    iterations           | 410         |
|    time_elapsed         | 648         |
|    total_timesteps      | 839680      |
| train/                  |             |
|    approx_kl            | 0.048142776 |
|    clip_fraction        | 0.401       |
|    clip_range           | 0.2         |
|    entropy_loss         | -14         |
|    explained_variance   | 0.99245185  |
|    learning_rate        | 0.0003      |
|    loss                 | 0.0437      |
|    n_updates            | 4090        |
|    policy_gradient_loss | -0.0475     |
|    std                  | 0.631       |
|    value_loss           | 0.291       |
-----------------------------------------
----------------------------------------
| rollout/                |            |
|    ep_len_mean          | 301        |
|    ep_rew_mean          | 68.2       |
| time/                   |            |
|    fps                  | 1294       |
|    iterations           | 411        |
|    time_elapsed         | 650        |
|    total_timesteps      | 841728     |
| train/                  |            |
|    approx_kl            | 0.04509096 |
|    clip_fraction        | 0.402      |
|    clip_range           | 0.2        |
|    entropy_loss         | -14        |
|    explained_variance   | 0.9895958  |
|    learning_rate        | 0.0003     |
|    loss                 | 0.0594     |
|    n_updates            | 4100       |
|    policy_gradient_loss | -0.0511    |
|    std                  | 0.631      |
|    value_loss           | 0.366      |
----------------------------------------
-----------------------------------------
| rollout/                |             |
|    ep_len_mean          | 301         |
|    ep_rew_mean          | 68.1        |
| time/                   |             |
|    fps                  | 1294        |
|    iterations           | 412         |
|    time_elapsed         | 651         |
|    total_timesteps      | 843776      |
| train/                  |             |
|    approx_kl            | 0.038117535 |
|    clip_fraction        | 0.346       |
|    clip_range           | 0.2         |
|    entropy_loss         | -14         |
|    explained_variance   | 0.9577429   |
|    learning_rate        | 0.0003      |
|    loss                 | 0.0051      |
|    n_updates            | 4110        |
|    policy_gradient_loss | -0.0384     |
|    std                  | 0.631       |
|    value_loss           | 0.495       |
-----------------------------------------
-----------------------------------------
| rollout/                |             |
|    ep_len_mean          | 299         |
|    ep_rew_mean          | 67.5        |
| time/                   |             |
|    fps                  | 1295        |
|    iterations           | 413         |
|    time_elapsed         | 652         |
|    total_timesteps      | 845824      |
| train/                  |             |
|    approx_kl            | 0.044300143 |
|    clip_fraction        | 0.346       |
|    clip_range           | 0.2         |
|    entropy_loss         | -14         |
|    explained_variance   | 0.9779162   |
|    learning_rate        | 0.0003      |
|    loss                 | 0.0986      |
|    n_updates            | 4120        |
|    policy_gradient_loss | -0.0472     |
|    std                  | 0.631       |
|    value_loss           | 0.688       |
-----------------------------------------
-----------------------------------------
| rollout/                |             |
|    ep_len_mean          | 297         |
|    ep_rew_mean          | 67          |
| time/                   |             |
|    fps                  | 1295        |
|    iterations           | 414         |
|    time_elapsed         | 654         |
|    total_timesteps      | 847872      |
| train/                  |             |
|    approx_kl            | 0.045673955 |
|    clip_fraction        | 0.395       |
|    clip_range           | 0.2         |
|    entropy_loss         | -13.9       |
|    explained_variance   | 0.9847746   |
|    learning_rate        | 0.0003      |
|    loss                 | 0.015       |
|    n_updates            | 4130        |
|    policy_gradient_loss | -0.0462     |
|    std                  | 0.628       |
|    value_loss           | 0.477       |
-----------------------------------------
----------------------------------------
| rollout/                |            |
|    ep_len_mean          | 298        |
|    ep_rew_mean          | 67.5       |
| time/                   |            |
|    fps                  | 1296       |
|    iterations           | 415        |
|    time_elapsed         | 655        |
|    total_timesteps      | 849920     |
| train/                  |            |
|    approx_kl            | 0.0472436  |
|    clip_fraction        | 0.396      |
|    clip_range           | 0.2        |
|    entropy_loss         | -13.9      |
|    explained_variance   | 0.98753715 |
|    learning_rate        | 0.0003     |
|    loss                 | 0.0264     |
|    n_updates            | 4140       |
|    policy_gradient_loss | -0.0536    |
|    std                  | 0.626      |
|    value_loss           | 0.412      |
----------------------------------------
----------------------------------------
| rollout/                |            |
|    ep_len_mean          | 299        |
|    ep_rew_mean          | 67.7       |
| time/                   |            |
|    fps                  | 1296       |
|    iterations           | 416        |
|    time_elapsed         | 657        |
|    total_timesteps      | 851968     |
| train/                  |            |
|    approx_kl            | 0.0504815  |
|    clip_fraction        | 0.396      |
|    clip_range           | 0.2        |
|    entropy_loss         | -13.8      |
|    explained_variance   | 0.98021686 |
|    learning_rate        | 0.0003     |
|    loss                 | 0.0647     |
|    n_updates            | 4150       |
|    policy_gradient_loss | -0.049     |
|    std                  | 0.626      |
|    value_loss           | 0.674      |
----------------------------------------
-----------------------------------------
| rollout/                |             |
|    ep_len_mean          | 300         |
|    ep_rew_mean          | 67.9        |
| time/                   |             |
|    fps                  | 1297        |
|    iterations           | 417         |
|    time_elapsed         | 658         |
|    total_timesteps      | 854016      |
| train/                  |             |
|    approx_kl            | 0.042055942 |
|    clip_fraction        | 0.382       |
|    clip_range           | 0.2         |
|    entropy_loss         | -13.8       |
|    explained_variance   | 0.9788823   |
|    learning_rate        | 0.0003      |
|    loss                 | 0.183       |
|    n_updates            | 4160        |
|    policy_gradient_loss | -0.0473     |
|    std                  | 0.624       |
|    value_loss           | 0.604       |
-----------------------------------------
----------------------------------------
| rollout/                |            |
|    ep_len_mean          | 301        |
|    ep_rew_mean          | 68.3       |
| time/                   |            |
|    fps                  | 1297       |
|    iterations           | 418        |
|    time_elapsed         | 659        |
|    total_timesteps      | 856064     |
| train/                  |            |
|    approx_kl            | 0.04340572 |
|    clip_fraction        | 0.401      |
|    clip_range           | 0.2        |
|    entropy_loss         | -13.8      |
|    explained_variance   | 0.98049384 |
|    learning_rate        | 0.0003     |
|    loss                 | 0.0514     |
|    n_updates            | 4170       |
|    policy_gradient_loss | -0.0485    |
|    std                  | 0.621      |
|    value_loss           | 0.595      |
----------------------------------------
----------------------------------------
| rollout/                |            |
|    ep_len_mean          | 306        |
|    ep_rew_mean          | 69.9       |
| time/                   |            |
|    fps                  | 1297       |
|    iterations           | 419        |
|    time_elapsed         | 661        |
|    total_timesteps      | 858112     |
| train/                  |            |
|    approx_kl            | 0.0547393  |
|    clip_fraction        | 0.447      |
|    clip_range           | 0.2        |
|    entropy_loss         | -13.7      |
|    explained_variance   | 0.98820794 |
|    learning_rate        | 0.0003     |
|    loss                 | 0.0209     |
|    n_updates            | 4180       |
|    policy_gradient_loss | -0.0512    |
|    std                  | 0.622      |
|    value_loss           | 0.407      |
----------------------------------------
-----------------------------------------
| rollout/                |             |
|    ep_len_mean          | 309         |
|    ep_rew_mean          | 71          |
| time/                   |             |
|    fps                  | 1298        |
|    iterations           | 420         |
|    time_elapsed         | 662         |
|    total_timesteps      | 860160      |
| train/                  |             |
|    approx_kl            | 0.047916528 |
|    clip_fraction        | 0.361       |
|    clip_range           | 0.2         |
|    entropy_loss         | -13.7       |
|    explained_variance   | 0.9288468   |
|    learning_rate        | 0.0003      |
|    loss                 | 0.0662      |
|    n_updates            | 4190        |
|    policy_gradient_loss | -0.0476     |
|    std                  | 0.622       |
|    value_loss           | 1.25        |
-----------------------------------------
----------------------------------------
| rollout/                |            |
|    ep_len_mean          | 311        |
|    ep_rew_mean          | 71.6       |
| time/                   |            |
|    fps                  | 1298       |
|    iterations           | 421        |
|    time_elapsed         | 663        |
|    total_timesteps      | 862208     |
| train/                  |            |
|    approx_kl            | 0.05119899 |
|    clip_fraction        | 0.439      |
|    clip_range           | 0.2        |
|    entropy_loss         | -13.7      |
|    explained_variance   | 0.9821904  |
|    learning_rate        | 0.0003     |
|    loss                 | 0.353      |
|    n_updates            | 4200       |
|    policy_gradient_loss | -0.0512    |
|    std                  | 0.621      |
|    value_loss           | 0.78       |
----------------------------------------
----------------------------------------
| rollout/                |            |
|    ep_len_mean          | 313        |
|    ep_rew_mean          | 72         |
| time/                   |            |
|    fps                  | 1299       |
|    iterations           | 422        |
|    time_elapsed         | 665        |
|    total_timesteps      | 864256     |
| train/                  |            |
|    approx_kl            | 0.06142123 |
|    clip_fraction        | 0.462      |
|    clip_range           | 0.2        |
|    entropy_loss         | -13.7      |
|    explained_variance   | 0.9836408  |
|    learning_rate        | 0.0003     |
|    loss                 | 0.0477     |
|    n_updates            | 4210       |
|    policy_gradient_loss | -0.0546    |
|    std                  | 0.621      |
|    value_loss           | 0.521      |
----------------------------------------
---------------------------------------
| rollout/                |           |
|    ep_len_mean          | 313       |
|    ep_rew_mean          | 71.9      |
| time/                   |           |
|    fps                  | 1299      |
|    iterations           | 423       |
|    time_elapsed         | 666       |
|    total_timesteps      | 866304    |
| train/                  |           |
|    approx_kl            | 0.04717   |
|    clip_fraction        | 0.378     |
|    clip_range           | 0.2       |
|    entropy_loss         | -13.7     |
|    explained_variance   | 0.9689569 |
|    learning_rate        | 0.0003    |
|    loss                 | 0.00397   |
|    n_updates            | 4220      |
|    policy_gradient_loss | -0.0474   |
|    std                  | 0.621     |
|    value_loss           | 0.692     |
---------------------------------------
-----------------------------------------
| rollout/                |             |
|    ep_len_mean          | 312         |
|    ep_rew_mean          | 71.3        |
| time/                   |             |
|    fps                  | 1299        |
|    iterations           | 424         |
|    time_elapsed         | 667         |
|    total_timesteps      | 868352      |
| train/                  |             |
|    approx_kl            | 0.044361733 |
|    clip_fraction        | 0.382       |
|    clip_range           | 0.2         |
|    entropy_loss         | -13.7       |
|    explained_variance   | 0.9551596   |
|    learning_rate        | 0.0003      |
|    loss                 | 0.0849      |
|    n_updates            | 4230        |
|    policy_gradient_loss | -0.0498     |
|    std                  | 0.62        |
|    value_loss           | 1.2         |
-----------------------------------------
----------------------------------------
| rollout/                |            |
|    ep_len_mean          | 319        |
|    ep_rew_mean          | 72.1       |
| time/                   |            |
|    fps                  | 1300       |
|    iterations           | 425        |
|    time_elapsed         | 669        |
|    total_timesteps      | 870400     |
| train/                  |            |
|    approx_kl            | 0.04706289 |
|    clip_fraction        | 0.387      |
|    clip_range           | 0.2        |
|    entropy_loss         | -13.7      |
|    explained_variance   | 0.976045   |
|    learning_rate        | 0.0003     |
|    loss                 | 0.264      |
|    n_updates            | 4240       |
|    policy_gradient_loss | -0.0472    |
|    std                  | 0.619      |
|    value_loss           | 0.987      |
----------------------------------------
----------------------------------------
| rollout/                |            |
|    ep_len_mean          | 320        |
|    ep_rew_mean          | 72         |
| time/                   |            |
|    fps                  | 1300       |
|    iterations           | 426        |
|    time_elapsed         | 670        |
|    total_timesteps      | 872448     |
| train/                  |            |
|    approx_kl            | 0.06025586 |
|    clip_fraction        | 0.453      |
|    clip_range           | 0.2        |
|    entropy_loss         | -13.6      |
|    explained_variance   | 0.9527181  |
|    learning_rate        | 0.0003     |
|    loss                 | 0.0754     |
|    n_updates            | 4250       |
|    policy_gradient_loss | -0.0576    |
|    std                  | 0.62       |
|    value_loss           | 0.838      |
----------------------------------------
-----------------------------------------
| rollout/                |             |
|    ep_len_mean          | 321         |
|    ep_rew_mean          | 72.1        |
| time/                   |             |
|    fps                  | 1300        |
|    iterations           | 427         |
|    time_elapsed         | 672         |
|    total_timesteps      | 874496      |
| train/                  |             |
|    approx_kl            | 0.048703656 |
|    clip_fraction        | 0.396       |
|    clip_range           | 0.2         |
|    entropy_loss         | -13.6       |
|    explained_variance   | 0.9756098   |
|    learning_rate        | 0.0003      |
|    loss                 | 0.0582      |
|    n_updates            | 4260        |
|    policy_gradient_loss | -0.0494     |
|    std                  | 0.618       |
|    value_loss           | 0.747       |
-----------------------------------------
-----------------------------------------
| rollout/                |             |
|    ep_len_mean          | 323         |
|    ep_rew_mean          | 73          |
| time/                   |             |
|    fps                  | 1301        |
|    iterations           | 428         |
|    time_elapsed         | 673         |
|    total_timesteps      | 876544      |
| train/                  |             |
|    approx_kl            | 0.057208426 |
|    clip_fraction        | 0.422       |
|    clip_range           | 0.2         |
|    entropy_loss         | -13.6       |
|    explained_variance   | 0.9674442   |
|    learning_rate        | 0.0003      |
|    loss                 | 0.035       |
|    n_updates            | 4270        |
|    policy_gradient_loss | -0.0506     |
|    std                  | 0.616       |
|    value_loss           | 0.871       |
-----------------------------------------
----------------------------------------
| rollout/                |            |
|    ep_len_mean          | 326        |
|    ep_rew_mean          | 73         |
| time/                   |            |
|    fps                  | 1301       |
|    iterations           | 429        |
|    time_elapsed         | 674        |
|    total_timesteps      | 878592     |
| train/                  |            |
|    approx_kl            | 0.05168922 |
|    clip_fraction        | 0.408      |
|    clip_range           | 0.2        |
|    entropy_loss         | -13.5      |
|    explained_variance   | 0.9732156  |
|    learning_rate        | 0.0003     |
|    loss                 | 0.105      |
|    n_updates            | 4280       |
|    policy_gradient_loss | -0.0491    |
|    std                  | 0.616      |
|    value_loss           | 0.844      |
----------------------------------------
----------------------------------------
| rollout/                |            |
|    ep_len_mean          | 332        |
|    ep_rew_mean          | 74.5       |
| time/                   |            |
|    fps                  | 1302       |
|    iterations           | 430        |
|    time_elapsed         | 676        |
|    total_timesteps      | 880640     |
| train/                  |            |
|    approx_kl            | 0.04908263 |
|    clip_fraction        | 0.398      |
|    clip_range           | 0.2        |
|    entropy_loss         | -13.6      |
|    explained_variance   | 0.9425895  |
|    learning_rate        | 0.0003     |
|    loss                 | 0.0737     |
|    n_updates            | 4290       |
|    policy_gradient_loss | -0.0565    |
|    std                  | 0.616      |
|    value_loss           | 1.08       |
----------------------------------------
-----------------------------------------
| rollout/                |             |
|    ep_len_mean          | 329         |
|    ep_rew_mean          | 73.2        |
| time/                   |             |
|    fps                  | 1302        |
|    iterations           | 431         |
|    time_elapsed         | 677         |
|    total_timesteps      | 882688      |
| train/                  |             |
|    approx_kl            | 0.052505814 |
|    clip_fraction        | 0.4         |
|    clip_range           | 0.2         |
|    entropy_loss         | -13.5       |
|    explained_variance   | 0.95404255  |
|    learning_rate        | 0.0003      |
|    loss                 | 0.153       |
|    n_updates            | 4300        |
|    policy_gradient_loss | -0.0523     |
|    std                  | 0.614       |
|    value_loss           | 1.23        |
-----------------------------------------
-----------------------------------------
| rollout/                |             |
|    ep_len_mean          | 329         |
|    ep_rew_mean          | 72.8        |
| time/                   |             |
|    fps                  | 1302        |
|    iterations           | 432         |
|    time_elapsed         | 679         |
|    total_timesteps      | 884736      |
| train/                  |             |
|    approx_kl            | 0.054721974 |
|    clip_fraction        | 0.414       |
|    clip_range           | 0.2         |
|    entropy_loss         | -13.5       |
|    explained_variance   | 0.9845031   |
|    learning_rate        | 0.0003      |
|    loss                 | -0.00632    |
|    n_updates            | 4310        |
|    policy_gradient_loss | -0.0495     |
|    std                  | 0.614       |
|    value_loss           | 0.407       |
-----------------------------------------
-----------------------------------------
| rollout/                |             |
|    ep_len_mean          | 327         |
|    ep_rew_mean          | 72          |
| time/                   |             |
|    fps                  | 1303        |
|    iterations           | 433         |
|    time_elapsed         | 680         |
|    total_timesteps      | 886784      |
| train/                  |             |
|    approx_kl            | 0.057732277 |
|    clip_fraction        | 0.408       |
|    clip_range           | 0.2         |
|    entropy_loss         | -13.5       |
|    explained_variance   | 0.9785946   |
|    learning_rate        | 0.0003      |
|    loss                 | 0.0588      |
|    n_updates            | 4320        |
|    policy_gradient_loss | -0.0512     |
|    std                  | 0.615       |
|    value_loss           | 0.559       |
-----------------------------------------
----------------------------------------
| rollout/                |            |
|    ep_len_mean          | 341        |
|    ep_rew_mean          | 73.3       |
| time/                   |            |
|    fps                  | 1303       |
|    iterations           | 434        |
|    time_elapsed         | 681        |
|    total_timesteps      | 888832     |
| train/                  |            |
|    approx_kl            | 0.04628057 |
|    clip_fraction        | 0.411      |
|    clip_range           | 0.2        |
|    entropy_loss         | -13.5      |
|    explained_variance   | 0.966475   |
|    learning_rate        | 0.0003     |
|    loss                 | 0.415      |
|    n_updates            | 4330       |
|    policy_gradient_loss | -0.0514    |
|    std                  | 0.614      |
|    value_loss           | 1.24       |
----------------------------------------
----------------------------------------
| rollout/                |            |
|    ep_len_mean          | 345        |
|    ep_rew_mean          | 74         |
| time/                   |            |
|    fps                  | 1303       |
|    iterations           | 435        |
|    time_elapsed         | 683        |
|    total_timesteps      | 890880     |
| train/                  |            |
|    approx_kl            | 0.05674247 |
|    clip_fraction        | 0.441      |
|    clip_range           | 0.2        |
|    entropy_loss         | -13.5      |
|    explained_variance   | 0.9603525  |
|    learning_rate        | 0.0003     |
|    loss                 | 0.185      |
|    n_updates            | 4340       |
|    policy_gradient_loss | -0.0546    |
|    std                  | 0.613      |
|    value_loss           | 1.05       |
----------------------------------------
-----------------------------------------
| rollout/                |             |
|    ep_len_mean          | 342         |
|    ep_rew_mean          | 72.8        |
| time/                   |             |
|    fps                  | 1304        |
|    iterations           | 436         |
|    time_elapsed         | 684         |
|    total_timesteps      | 892928      |
| train/                  |             |
|    approx_kl            | 0.047458306 |
|    clip_fraction        | 0.396       |
|    clip_range           | 0.2         |
|    entropy_loss         | -13.5       |
|    explained_variance   | 0.94132054  |
|    learning_rate        | 0.0003      |
|    loss                 | 0.262       |
|    n_updates            | 4350        |
|    policy_gradient_loss | -0.0501     |
|    std                  | 0.613       |
|    value_loss           | 1.26        |
-----------------------------------------
----------------------------------------
| rollout/                |            |
|    ep_len_mean          | 346        |
|    ep_rew_mean          | 72.5       |
| time/                   |            |
|    fps                  | 1304       |
|    iterations           | 437        |
|    time_elapsed         | 686        |
|    total_timesteps      | 894976     |
| train/                  |            |
|    approx_kl            | 0.04612921 |
|    clip_fraction        | 0.375      |
|    clip_range           | 0.2        |
|    entropy_loss         | -13.4      |
|    explained_variance   | 0.95209754 |
|    learning_rate        | 0.0003     |
|    loss                 | 0.143      |
|    n_updates            | 4360       |
|    policy_gradient_loss | -0.0491    |
|    std                  | 0.609      |
|    value_loss           | 1.5        |
----------------------------------------
-----------------------------------------
| rollout/                |             |
|    ep_len_mean          | 344         |
|    ep_rew_mean          | 72.3        |
| time/                   |             |
|    fps                  | 1305        |
|    iterations           | 438         |
|    time_elapsed         | 687         |
|    total_timesteps      | 897024      |
| train/                  |             |
|    approx_kl            | 0.043336123 |
|    clip_fraction        | 0.388       |
|    clip_range           | 0.2         |
|    entropy_loss         | -13.4       |
|    explained_variance   | 0.9549816   |
|    learning_rate        | 0.0003      |
|    loss                 | 0.608       |
|    n_updates            | 4370        |
|    policy_gradient_loss | -0.0529     |
|    std                  | 0.607       |
|    value_loss           | 1.62        |
-----------------------------------------
-----------------------------------------
| rollout/                |             |
|    ep_len_mean          | 346         |
|    ep_rew_mean          | 72.8        |
| time/                   |             |
|    fps                  | 1305        |
|    iterations           | 439         |
|    time_elapsed         | 688         |
|    total_timesteps      | 899072      |
| train/                  |             |
|    approx_kl            | 0.050417647 |
|    clip_fraction        | 0.391       |
|    clip_range           | 0.2         |
|    entropy_loss         | -13.3       |
|    explained_variance   | 0.95156     |
|    learning_rate        | 0.0003      |
|    loss                 | 0.253       |
|    n_updates            | 4380        |
|    policy_gradient_loss | -0.0552     |
|    std                  | 0.604       |
|    value_loss           | 1.46        |
-----------------------------------------
----------------------------------------
| rollout/                |            |
|    ep_len_mean          | 351        |
|    ep_rew_mean          | 74.6       |
| time/                   |            |
|    fps                  | 1305       |
|    iterations           | 440        |
|    time_elapsed         | 690        |
|    total_timesteps      | 901120     |
| train/                  |            |
|    approx_kl            | 0.04601425 |
|    clip_fraction        | 0.385      |
|    clip_range           | 0.2        |
|    entropy_loss         | -13.3      |
|    explained_variance   | 0.9507919  |
|    learning_rate        | 0.0003     |
|    loss                 | 0.268      |
|    n_updates            | 4390       |
|    policy_gradient_loss | -0.0539    |
|    std                  | 0.603      |
|    value_loss           | 1.55       |
----------------------------------------
-----------------------------------------
| rollout/                |             |
|    ep_len_mean          | 357         |
|    ep_rew_mean          | 75.2        |
| time/                   |             |
|    fps                  | 1306        |
|    iterations           | 441         |
|    time_elapsed         | 691         |
|    total_timesteps      | 903168      |
| train/                  |             |
|    approx_kl            | 0.059975352 |
|    clip_fraction        | 0.444       |
|    clip_range           | 0.2         |
|    entropy_loss         | -13.3       |
|    explained_variance   | 0.95360166  |
|    learning_rate        | 0.0003      |
|    loss                 | 0.225       |
|    n_updates            | 4400        |
|    policy_gradient_loss | -0.0546     |
|    std                  | 0.605       |
|    value_loss           | 1.02        |
-----------------------------------------
-----------------------------------------
| rollout/                |             |
|    ep_len_mean          | 362         |
|    ep_rew_mean          | 75.5        |
| time/                   |             |
|    fps                  | 1306        |
|    iterations           | 442         |
|    time_elapsed         | 692         |
|    total_timesteps      | 905216      |
| train/                  |             |
|    approx_kl            | 0.049839437 |
|    clip_fraction        | 0.427       |
|    clip_range           | 0.2         |
|    entropy_loss         | -13.3       |
|    explained_variance   | 0.9149699   |
|    learning_rate        | 0.0003      |
|    loss                 | 0.208       |
|    n_updates            | 4410        |
|    policy_gradient_loss | -0.0529     |
|    std                  | 0.606       |
|    value_loss           | 1.58        |
-----------------------------------------
-----------------------------------------
| rollout/                |             |
|    ep_len_mean          | 356         |
|    ep_rew_mean          | 75.2        |
| time/                   |             |
|    fps                  | 1306        |
|    iterations           | 443         |
|    time_elapsed         | 694         |
|    total_timesteps      | 907264      |
| train/                  |             |
|    approx_kl            | 0.055081747 |
|    clip_fraction        | 0.415       |
|    clip_range           | 0.2         |
|    entropy_loss         | -13.3       |
|    explained_variance   | 0.9258293   |
|    learning_rate        | 0.0003      |
|    loss                 | 0.162       |
|    n_updates            | 4420        |
|    policy_gradient_loss | -0.0512     |
|    std                  | 0.607       |
|    value_loss           | 1.97        |
-----------------------------------------
----------------------------------------
| rollout/                |            |
|    ep_len_mean          | 355        |
|    ep_rew_mean          | 75         |
| time/                   |            |
|    fps                  | 1306       |
|    iterations           | 444        |
|    time_elapsed         | 695        |
|    total_timesteps      | 909312     |
| train/                  |            |
|    approx_kl            | 0.05544312 |
|    clip_fraction        | 0.445      |
|    clip_range           | 0.2        |
|    entropy_loss         | -13.3      |
|    explained_variance   | 0.9547838  |
|    learning_rate        | 0.0003     |
|    loss                 | 0.125      |
|    n_updates            | 4430       |
|    policy_gradient_loss | -0.0484    |
|    std                  | 0.607      |
|    value_loss           | 0.852      |
----------------------------------------
-----------------------------------------
| rollout/                |             |
|    ep_len_mean          | 361         |
|    ep_rew_mean          | 75.9        |
| time/                   |             |
|    fps                  | 1307        |
|    iterations           | 445         |
|    time_elapsed         | 697         |
|    total_timesteps      | 911360      |
| train/                  |             |
|    approx_kl            | 0.051976867 |
|    clip_fraction        | 0.414       |
|    clip_range           | 0.2         |
|    entropy_loss         | -13.3       |
|    explained_variance   | 0.963854    |
|    learning_rate        | 0.0003      |
|    loss                 | 0.17        |
|    n_updates            | 4440        |
|    policy_gradient_loss | -0.0551     |
|    std                  | 0.606       |
|    value_loss           | 0.964       |
-----------------------------------------
----------------------------------------
| rollout/                |            |
|    ep_len_mean          | 364        |
|    ep_rew_mean          | 77.1       |
| time/                   |            |
|    fps                  | 1307       |
|    iterations           | 446        |
|    time_elapsed         | 698        |
|    total_timesteps      | 913408     |
| train/                  |            |
|    approx_kl            | 0.05835726 |
|    clip_fraction        | 0.461      |
|    clip_range           | 0.2        |
|    entropy_loss         | -13.3      |
|    explained_variance   | 0.96536213 |
|    learning_rate        | 0.0003     |
|    loss                 | 0.21       |
|    n_updates            | 4450       |
|    policy_gradient_loss | -0.0574    |
|    std                  | 0.604      |
|    value_loss           | 1.01       |
----------------------------------------
-----------------------------------------
| rollout/                |             |
|    ep_len_mean          | 365         |
|    ep_rew_mean          | 77.7        |
| time/                   |             |
|    fps                  | 1308        |
|    iterations           | 447         |
|    time_elapsed         | 699         |
|    total_timesteps      | 915456      |
| train/                  |             |
|    approx_kl            | 0.055401668 |
|    clip_fraction        | 0.424       |
|    clip_range           | 0.2         |
|    entropy_loss         | -13.2       |
|    explained_variance   | 0.94481456  |
|    learning_rate        | 0.0003      |
|    loss                 | 0.253       |
|    n_updates            | 4460        |
|    policy_gradient_loss | -0.055      |
|    std                  | 0.602       |
|    value_loss           | 1.4         |
-----------------------------------------
-----------------------------------------
| rollout/                |             |
|    ep_len_mean          | 365         |
|    ep_rew_mean          | 77.7        |
| time/                   |             |
|    fps                  | 1308        |
|    iterations           | 448         |
|    time_elapsed         | 701         |
|    total_timesteps      | 917504      |
| train/                  |             |
|    approx_kl            | 0.045661986 |
|    clip_fraction        | 0.403       |
|    clip_range           | 0.2         |
|    entropy_loss         | -13.2       |
|    explained_variance   | 0.969107    |
|    learning_rate        | 0.0003      |
|    loss                 | 0.19        |
|    n_updates            | 4470        |
|    policy_gradient_loss | -0.0553     |
|    std                  | 0.602       |
|    value_loss           | 1.04        |
-----------------------------------------
-----------------------------------------
| rollout/                |             |
|    ep_len_mean          | 370         |
|    ep_rew_mean          | 79.4        |
| time/                   |             |
|    fps                  | 1308        |
|    iterations           | 449         |
|    time_elapsed         | 702         |
|    total_timesteps      | 919552      |
| train/                  |             |
|    approx_kl            | 0.048904598 |
|    clip_fraction        | 0.404       |
|    clip_range           | 0.2         |
|    entropy_loss         | -13.2       |
|    explained_variance   | 0.96294814  |
|    learning_rate        | 0.0003      |
|    loss                 | 0.179       |
|    n_updates            | 4480        |
|    policy_gradient_loss | -0.0537     |
|    std                  | 0.601       |
|    value_loss           | 1.11        |
-----------------------------------------
----------------------------------------
| rollout/                |            |
|    ep_len_mean          | 369        |
|    ep_rew_mean          | 80         |
| time/                   |            |
|    fps                  | 1309       |
|    iterations           | 450        |
|    time_elapsed         | 703        |
|    total_timesteps      | 921600     |
| train/                  |            |
|    approx_kl            | 0.05708902 |
|    clip_fraction        | 0.452      |
|    clip_range           | 0.2        |
|    entropy_loss         | -13.2      |
|    explained_variance   | 0.9765357  |
|    learning_rate        | 0.0003     |
|    loss                 | 0.185      |
|    n_updates            | 4490       |
|    policy_gradient_loss | -0.0541    |
|    std                  | 0.6        |
|    value_loss           | 0.739      |
----------------------------------------
-----------------------------------------
| rollout/                |             |
|    ep_len_mean          | 380         |
|    ep_rew_mean          | 82.1        |
| time/                   |             |
|    fps                  | 1309        |
|    iterations           | 451         |
|    time_elapsed         | 705         |
|    total_timesteps      | 923648      |
| train/                  |             |
|    approx_kl            | 0.043340128 |
|    clip_fraction        | 0.384       |
|    clip_range           | 0.2         |
|    entropy_loss         | -13.2       |
|    explained_variance   | 0.9753078   |
|    learning_rate        | 0.0003      |
|    loss                 | 0.421       |
|    n_updates            | 4500        |
|    policy_gradient_loss | -0.0497     |
|    std                  | 0.6         |
|    value_loss           | 1.28        |
-----------------------------------------
----------------------------------------
| rollout/                |            |
|    ep_len_mean          | 368        |
|    ep_rew_mean          | 81.9       |
| time/                   |            |
|    fps                  | 1309       |
|    iterations           | 452        |
|    time_elapsed         | 706        |
|    total_timesteps      | 925696     |
| train/                  |            |
|    approx_kl            | 0.06700378 |
|    clip_fraction        | 0.445      |
|    clip_range           | 0.2        |
|    entropy_loss         | -13.2      |
|    explained_variance   | 0.9319585  |
|    learning_rate        | 0.0003     |
|    loss                 | 0.0989     |
|    n_updates            | 4510       |
|    policy_gradient_loss | -0.0604    |
|    std                  | 0.599      |
|    value_loss           | 1.09       |
----------------------------------------
----------------------------------------
| rollout/                |            |
|    ep_len_mean          | 366        |
|    ep_rew_mean          | 82         |
| time/                   |            |
|    fps                  | 1310       |
|    iterations           | 453        |
|    time_elapsed         | 708        |
|    total_timesteps      | 927744     |
| train/                  |            |
|    approx_kl            | 0.0449273  |
|    clip_fraction        | 0.372      |
|    clip_range           | 0.2        |
|    entropy_loss         | -13.2      |
|    explained_variance   | 0.95373803 |
|    learning_rate        | 0.0003     |
|    loss                 | 0.159      |
|    n_updates            | 4520       |
|    policy_gradient_loss | -0.0512    |
|    std                  | 0.599      |
|    value_loss           | 1.59       |
----------------------------------------
-----------------------------------------
| rollout/                |             |
|    ep_len_mean          | 371         |
|    ep_rew_mean          | 82.5        |
| time/                   |             |
|    fps                  | 1310        |
|    iterations           | 454         |
|    time_elapsed         | 709         |
|    total_timesteps      | 929792      |
| train/                  |             |
|    approx_kl            | 0.047293942 |
|    clip_fraction        | 0.385       |
|    clip_range           | 0.2         |
|    entropy_loss         | -13.2       |
|    explained_variance   | 0.93633866  |
|    learning_rate        | 0.0003      |
|    loss                 | 0.305       |
|    n_updates            | 4530        |
|    policy_gradient_loss | -0.0494     |
|    std                  | 0.599       |
|    value_loss           | 2.37        |
-----------------------------------------
-----------------------------------------
| rollout/                |             |
|    ep_len_mean          | 369         |
|    ep_rew_mean          | 82.5        |
| time/                   |             |
|    fps                  | 1310        |
|    iterations           | 455         |
|    time_elapsed         | 710         |
|    total_timesteps      | 931840      |
| train/                  |             |
|    approx_kl            | 0.062016696 |
|    clip_fraction        | 0.434       |
|    clip_range           | 0.2         |
|    entropy_loss         | -13.1       |
|    explained_variance   | 0.94673634  |
|    learning_rate        | 0.0003      |
|    loss                 | 0.12        |
|    n_updates            | 4540        |
|    policy_gradient_loss | -0.0586     |
|    std                  | 0.597       |
|    value_loss           | 1.36        |
-----------------------------------------
-----------------------------------------
| rollout/                |             |
|    ep_len_mean          | 371         |
|    ep_rew_mean          | 82.6        |
| time/                   |             |
|    fps                  | 1311        |
|    iterations           | 456         |
|    time_elapsed         | 712         |
|    total_timesteps      | 933888      |
| train/                  |             |
|    approx_kl            | 0.045716316 |
|    clip_fraction        | 0.383       |
|    clip_range           | 0.2         |
|    entropy_loss         | -13.1       |
|    explained_variance   | 0.93023914  |
|    learning_rate        | 0.0003      |
|    loss                 | 0.338       |
|    n_updates            | 4550        |
|    policy_gradient_loss | -0.056      |
|    std                  | 0.595       |
|    value_loss           | 2.25        |
-----------------------------------------
----------------------------------------
| rollout/                |            |
|    ep_len_mean          | 378        |
|    ep_rew_mean          | 83.9       |
| time/                   |            |
|    fps                  | 1311       |
|    iterations           | 457        |
|    time_elapsed         | 713        |
|    total_timesteps      | 935936     |
| train/                  |            |
|    approx_kl            | 0.05324155 |
|    clip_fraction        | 0.415      |
|    clip_range           | 0.2        |
|    entropy_loss         | -13        |
|    explained_variance   | 0.9667119  |
|    learning_rate        | 0.0003     |
|    loss                 | 0.0812     |
|    n_updates            | 4560       |
|    policy_gradient_loss | -0.0559    |
|    std                  | 0.593      |
|    value_loss           | 1.17       |
----------------------------------------
----------------------------------------
| rollout/                |            |
|    ep_len_mean          | 378        |
|    ep_rew_mean          | 84.2       |
| time/                   |            |
|    fps                  | 1311       |
|    iterations           | 458        |
|    time_elapsed         | 715        |
|    total_timesteps      | 937984     |
| train/                  |            |
|    approx_kl            | 0.05200168 |
|    clip_fraction        | 0.391      |
|    clip_range           | 0.2        |
|    entropy_loss         | -13        |
|    explained_variance   | 0.94321555 |
|    learning_rate        | 0.0003     |
|    loss                 | 1.87       |
|    n_updates            | 4570       |
|    policy_gradient_loss | -0.0516    |
|    std                  | 0.593      |
|    value_loss           | 2.38       |
----------------------------------------
-----------------------------------------
| rollout/                |             |
|    ep_len_mean          | 375         |
|    ep_rew_mean          | 83.4        |
| time/                   |             |
|    fps                  | 1311        |
|    iterations           | 459         |
|    time_elapsed         | 716         |
|    total_timesteps      | 940032      |
| train/                  |             |
|    approx_kl            | 0.056237303 |
|    clip_fraction        | 0.442       |
|    clip_range           | 0.2         |
|    entropy_loss         | -13         |
|    explained_variance   | 0.9677133   |
|    learning_rate        | 0.0003      |
|    loss                 | 0.0483      |
|    n_updates            | 4580        |
|    policy_gradient_loss | -0.05       |
|    std                  | 0.592       |
|    value_loss           | 1.18        |
-----------------------------------------
-----------------------------------------
| rollout/                |             |
|    ep_len_mean          | 372         |
|    ep_rew_mean          | 83.5        |
| time/                   |             |
|    fps                  | 1312        |
|    iterations           | 460         |
|    time_elapsed         | 717         |
|    total_timesteps      | 942080      |
| train/                  |             |
|    approx_kl            | 0.056081638 |
|    clip_fraction        | 0.452       |
|    clip_range           | 0.2         |
|    entropy_loss         | -13         |
|    explained_variance   | 0.9604245   |
|    learning_rate        | 0.0003      |
|    loss                 | 0.0979      |
|    n_updates            | 4590        |
|    policy_gradient_loss | -0.0547     |
|    std                  | 0.592       |
|    value_loss           | 1.47        |
-----------------------------------------
----------------------------------------
| rollout/                |            |
|    ep_len_mean          | 374        |
|    ep_rew_mean          | 84.9       |
| time/                   |            |
|    fps                  | 1312       |
|    iterations           | 461        |
|    time_elapsed         | 719        |
|    total_timesteps      | 944128     |
| train/                  |            |
|    approx_kl            | 0.06617402 |
|    clip_fraction        | 0.442      |
|    clip_range           | 0.2        |
|    entropy_loss         | -13        |
|    explained_variance   | 0.9668072  |
|    learning_rate        | 0.0003     |
|    loss                 | 0.216      |
|    n_updates            | 4600       |
|    policy_gradient_loss | -0.0543    |
|    std                  | 0.594      |
|    value_loss           | 1.28       |
----------------------------------------
----------------------------------------
| rollout/                |            |
|    ep_len_mean          | 379        |
|    ep_rew_mean          | 85.8       |
| time/                   |            |
|    fps                  | 1312       |
|    iterations           | 462        |
|    time_elapsed         | 720        |
|    total_timesteps      | 946176     |
| train/                  |            |
|    approx_kl            | 0.06106033 |
|    clip_fraction        | 0.467      |
|    clip_range           | 0.2        |
|    entropy_loss         | -13        |
|    explained_variance   | 0.97460884 |
|    learning_rate        | 0.0003     |
|    loss                 | 0.115      |
|    n_updates            | 4610       |
|    policy_gradient_loss | -0.0564    |
|    std                  | 0.593      |
|    value_loss           | 0.901      |
----------------------------------------
----------------------------------------
| rollout/                |            |
|    ep_len_mean          | 371        |
|    ep_rew_mean          | 84.4       |
| time/                   |            |
|    fps                  | 1313       |
|    iterations           | 463        |
|    time_elapsed         | 722        |
|    total_timesteps      | 948224     |
| train/                  |            |
|    approx_kl            | 0.05033607 |
|    clip_fraction        | 0.418      |
|    clip_range           | 0.2        |
|    entropy_loss         | -12.9      |
|    explained_variance   | 0.95928746 |
|    learning_rate        | 0.0003     |
|    loss                 | 0.322      |
|    n_updates            | 4620       |
|    policy_gradient_loss | -0.0557    |
|    std                  | 0.59       |
|    value_loss           | 1.37       |
----------------------------------------
-----------------------------------------
| rollout/                |             |
|    ep_len_mean          | 374         |
|    ep_rew_mean          | 84.2        |
| time/                   |             |
|    fps                  | 1313        |
|    iterations           | 464         |
|    time_elapsed         | 723         |
|    total_timesteps      | 950272      |
| train/                  |             |
|    approx_kl            | 0.046691112 |
|    clip_fraction        | 0.425       |
|    clip_range           | 0.2         |
|    entropy_loss         | -12.9       |
|    explained_variance   | 0.9711887   |
|    learning_rate        | 0.0003      |
|    loss                 | 0.249       |
|    n_updates            | 4630        |
|    policy_gradient_loss | -0.0541     |
|    std                  | 0.589       |
|    value_loss           | 1.58        |
-----------------------------------------
----------------------------------------
| rollout/                |            |
|    ep_len_mean          | 373        |
|    ep_rew_mean          | 84.3       |
| time/                   |            |
|    fps                  | 1313       |
|    iterations           | 465        |
|    time_elapsed         | 724        |
|    total_timesteps      | 952320     |
| train/                  |            |
|    approx_kl            | 0.05493351 |
|    clip_fraction        | 0.431      |
|    clip_range           | 0.2        |
|    entropy_loss         | -12.9      |
|    explained_variance   | 0.9774145  |
|    learning_rate        | 0.0003     |
|    loss                 | 0.33       |
|    n_updates            | 4640       |
|    policy_gradient_loss | -0.0564    |
|    std                  | 0.59       |
|    value_loss           | 0.977      |
----------------------------------------
----------------------------------------
| rollout/                |            |
|    ep_len_mean          | 373        |
|    ep_rew_mean          | 84.2       |
| time/                   |            |
|    fps                  | 1314       |
|    iterations           | 466        |
|    time_elapsed         | 726        |
|    total_timesteps      | 954368     |
| train/                  |            |
|    approx_kl            | 0.06049773 |
|    clip_fraction        | 0.437      |
|    clip_range           | 0.2        |
|    entropy_loss         | -12.9      |
|    explained_variance   | 0.97792935 |
|    learning_rate        | 0.0003     |
|    loss                 | 0.19       |
|    n_updates            | 4650       |
|    policy_gradient_loss | -0.0593    |
|    std                  | 0.588      |
|    value_loss           | 1.12       |
----------------------------------------
-----------------------------------------
| rollout/                |             |
|    ep_len_mean          | 378         |
|    ep_rew_mean          | 84.9        |
| time/                   |             |
|    fps                  | 1314        |
|    iterations           | 467         |
|    time_elapsed         | 727         |
|    total_timesteps      | 956416      |
| train/                  |             |
|    approx_kl            | 0.057193425 |
|    clip_fraction        | 0.435       |
|    clip_range           | 0.2         |
|    entropy_loss         | -12.8       |
|    explained_variance   | 0.96367705  |
|    learning_rate        | 0.0003      |
|    loss                 | 0.21        |
|    n_updates            | 4660        |
|    policy_gradient_loss | -0.0497     |
|    std                  | 0.587       |
|    value_loss           | 1.29        |
-----------------------------------------
----------------------------------------
| rollout/                |            |
|    ep_len_mean          | 382        |
|    ep_rew_mean          | 86         |
| time/                   |            |
|    fps                  | 1314       |
|    iterations           | 468        |
|    time_elapsed         | 729        |
|    total_timesteps      | 958464     |
| train/                  |            |
|    approx_kl            | 0.06746986 |
|    clip_fraction        | 0.453      |
|    clip_range           | 0.2        |
|    entropy_loss         | -12.8      |
|    explained_variance   | 0.96456754 |
|    learning_rate        | 0.0003     |
|    loss                 | 0.223      |
|    n_updates            | 4670       |
|    policy_gradient_loss | -0.0542    |
|    std                  | 0.586      |
|    value_loss           | 1.24       |
----------------------------------------
-----------------------------------------
| rollout/                |             |
|    ep_len_mean          | 386         |
|    ep_rew_mean          | 86.4        |
| time/                   |             |
|    fps                  | 1314        |
|    iterations           | 469         |
|    time_elapsed         | 730         |
|    total_timesteps      | 960512      |
| train/                  |             |
|    approx_kl            | 0.061619274 |
|    clip_fraction        | 0.447       |
|    clip_range           | 0.2         |
|    entropy_loss         | -12.8       |
|    explained_variance   | 0.9619401   |
|    learning_rate        | 0.0003      |
|    loss                 | 0.195       |
|    n_updates            | 4680        |
|    policy_gradient_loss | -0.0544     |
|    std                  | 0.586       |
|    value_loss           | 1.34        |
-----------------------------------------
-----------------------------------------
| rollout/                |             |
|    ep_len_mean          | 380         |
|    ep_rew_mean          | 85.7        |
| time/                   |             |
|    fps                  | 1315        |
|    iterations           | 470         |
|    time_elapsed         | 731         |
|    total_timesteps      | 962560      |
| train/                  |             |
|    approx_kl            | 0.048870236 |
|    clip_fraction        | 0.409       |
|    clip_range           | 0.2         |
|    entropy_loss         | -12.8       |
|    explained_variance   | 0.9679978   |
|    learning_rate        | 0.0003      |
|    loss                 | 0.617       |
|    n_updates            | 4690        |
|    policy_gradient_loss | -0.0536     |
|    std                  | 0.585       |
|    value_loss           | 1.4         |
-----------------------------------------
-----------------------------------------
| rollout/                |             |
|    ep_len_mean          | 376         |
|    ep_rew_mean          | 83.9        |
| time/                   |             |
|    fps                  | 1315        |
|    iterations           | 471         |
|    time_elapsed         | 733         |
|    total_timesteps      | 964608      |
| train/                  |             |
|    approx_kl            | 0.047608882 |
|    clip_fraction        | 0.406       |
|    clip_range           | 0.2         |
|    entropy_loss         | -12.7       |
|    explained_variance   | 0.96151966  |
|    learning_rate        | 0.0003      |
|    loss                 | 0.263       |
|    n_updates            | 4700        |
|    policy_gradient_loss | -0.0506     |
|    std                  | 0.583       |
|    value_loss           | 1.4         |
-----------------------------------------
----------------------------------------
| rollout/                |            |
|    ep_len_mean          | 367        |
|    ep_rew_mean          | 83.1       |
| time/                   |            |
|    fps                  | 1315       |
|    iterations           | 472        |
|    time_elapsed         | 734        |
|    total_timesteps      | 966656     |
| train/                  |            |
|    approx_kl            | 0.04080056 |
|    clip_fraction        | 0.38       |
|    clip_range           | 0.2        |
|    entropy_loss         | -12.7      |
|    explained_variance   | 0.93589646 |
|    learning_rate        | 0.0003     |
|    loss                 | 0.257      |
|    n_updates            | 4710       |
|    policy_gradient_loss | -0.046     |
|    std                  | 0.583      |
|    value_loss           | 2.39       |
----------------------------------------
---------------------------------------
| rollout/                |           |
|    ep_len_mean          | 364       |
|    ep_rew_mean          | 82.4      |
| time/                   |           |
|    fps                  | 1316      |
|    iterations           | 473       |
|    time_elapsed         | 735       |
|    total_timesteps      | 968704    |
| train/                  |           |
|    approx_kl            | 0.058832  |
|    clip_fraction        | 0.429     |
|    clip_range           | 0.2       |
|    entropy_loss         | -12.7     |
|    explained_variance   | 0.9754629 |
|    learning_rate        | 0.0003    |
|    loss                 | 0.104     |
|    n_updates            | 4720      |
|    policy_gradient_loss | -0.0525   |
|    std                  | 0.58      |
|    value_loss           | 1.05      |
---------------------------------------
----------------------------------------
| rollout/                |            |
|    ep_len_mean          | 353        |
|    ep_rew_mean          | 80.5       |
| time/                   |            |
|    fps                  | 1316       |
|    iterations           | 474        |
|    time_elapsed         | 737        |
|    total_timesteps      | 970752     |
| train/                  |            |
|    approx_kl            | 0.06868296 |
|    clip_fraction        | 0.447      |
|    clip_range           | 0.2        |
|    entropy_loss         | -12.6      |
|    explained_variance   | 0.96995723 |
|    learning_rate        | 0.0003     |
|    loss                 | 0.121      |
|    n_updates            | 4730       |
|    policy_gradient_loss | -0.0554    |
|    std                  | 0.579      |
|    value_loss           | 1.13       |
----------------------------------------
-----------------------------------------
| rollout/                |             |
|    ep_len_mean          | 348         |
|    ep_rew_mean          | 79.5        |
| time/                   |             |
|    fps                  | 1317        |
|    iterations           | 475         |
|    time_elapsed         | 738         |
|    total_timesteps      | 972800      |
| train/                  |             |
|    approx_kl            | 0.054158896 |
|    clip_fraction        | 0.423       |
|    clip_range           | 0.2         |
|    entropy_loss         | -12.6       |
|    explained_variance   | 0.9753763   |
|    learning_rate        | 0.0003      |
|    loss                 | 0.116       |
|    n_updates            | 4740        |
|    policy_gradient_loss | -0.0564     |
|    std                  | 0.579       |
|    value_loss           | 1.26        |
-----------------------------------------
----------------------------------------
| rollout/                |            |
|    ep_len_mean          | 346        |
|    ep_rew_mean          | 79.5       |
| time/                   |            |
|    fps                  | 1317       |
|    iterations           | 476        |
|    time_elapsed         | 740        |
|    total_timesteps      | 974848     |
| train/                  |            |
|    approx_kl            | 0.05240741 |
|    clip_fraction        | 0.418      |
|    clip_range           | 0.2        |
|    entropy_loss         | -12.6      |
|    explained_variance   | 0.96154207 |
|    learning_rate        | 0.0003     |
|    loss                 | 0.308      |
|    n_updates            | 4750       |
|    policy_gradient_loss | -0.0507    |
|    std                  | 0.579      |
|    value_loss           | 1.69       |
----------------------------------------
---------------------------------------
| rollout/                |           |
|    ep_len_mean          | 336       |
|    ep_rew_mean          | 76.9      |
| time/                   |           |
|    fps                  | 1317      |
|    iterations           | 477       |
|    time_elapsed         | 741       |
|    total_timesteps      | 976896    |
| train/                  |           |
|    approx_kl            | 0.0645228 |
|    clip_fraction        | 0.455     |
|    clip_range           | 0.2       |
|    entropy_loss         | -12.6     |
|    explained_variance   | 0.9549053 |
|    learning_rate        | 0.0003    |
|    loss                 | 0.0591    |
|    n_updates            | 4760      |
|    policy_gradient_loss | -0.0528   |
|    std                  | 0.58      |
|    value_loss           | 1.27      |
---------------------------------------
---------------------------------------
| rollout/                |           |
|    ep_len_mean          | 327       |
|    ep_rew_mean          | 74.5      |
| time/                   |           |
|    fps                  | 1318      |
|    iterations           | 478       |
|    time_elapsed         | 742       |
|    total_timesteps      | 978944    |
| train/                  |           |
|    approx_kl            | 0.063906  |
|    clip_fraction        | 0.427     |
|    clip_range           | 0.2       |
|    entropy_loss         | -12.6     |
|    explained_variance   | 0.9545155 |
|    learning_rate        | 0.0003    |
|    loss                 | 0.248     |
|    n_updates            | 4770      |
|    policy_gradient_loss | -0.0463   |
|    std                  | 0.579     |
|    value_loss           | 1.43      |
---------------------------------------
-----------------------------------------
| rollout/                |             |
|    ep_len_mean          | 333         |
|    ep_rew_mean          | 75.1        |
| time/                   |             |
|    fps                  | 1318        |
|    iterations           | 479         |
|    time_elapsed         | 744         |
|    total_timesteps      | 980992      |
| train/                  |             |
|    approx_kl            | 0.052199833 |
|    clip_fraction        | 0.381       |
|    clip_range           | 0.2         |
|    entropy_loss         | -12.6       |
|    explained_variance   | 0.94680226  |
|    learning_rate        | 0.0003      |
|    loss                 | 0.298       |
|    n_updates            | 4780        |
|    policy_gradient_loss | -0.0514     |
|    std                  | 0.578       |
|    value_loss           | 1.89        |
-----------------------------------------
----------------------------------------
| rollout/                |            |
|    ep_len_mean          | 325        |
|    ep_rew_mean          | 73.5       |
| time/                   |            |
|    fps                  | 1318       |
|    iterations           | 480        |
|    time_elapsed         | 745        |
|    total_timesteps      | 983040     |
| train/                  |            |
|    approx_kl            | 0.06961448 |
|    clip_fraction        | 0.463      |
|    clip_range           | 0.2        |
|    entropy_loss         | -12.6      |
|    explained_variance   | 0.95472026 |
|    learning_rate        | 0.0003     |
|    loss                 | 0.212      |
|    n_updates            | 4790       |
|    policy_gradient_loss | -0.059     |
|    std                  | 0.577      |
|    value_loss           | 1.43       |
----------------------------------------
-----------------------------------------
| rollout/                |             |
|    ep_len_mean          | 321         |
|    ep_rew_mean          | 72.6        |
| time/                   |             |
|    fps                  | 1319        |
|    iterations           | 481         |
|    time_elapsed         | 746         |
|    total_timesteps      | 985088      |
| train/                  |             |
|    approx_kl            | 0.061569165 |
|    clip_fraction        | 0.425       |
|    clip_range           | 0.2         |
|    entropy_loss         | -12.5       |
|    explained_variance   | 0.9546956   |
|    learning_rate        | 0.0003      |
|    loss                 | 0.233       |
|    n_updates            | 4800        |
|    policy_gradient_loss | -0.0563     |
|    std                  | 0.575       |
|    value_loss           | 1.41        |
-----------------------------------------
-----------------------------------------
| rollout/                |             |
|    ep_len_mean          | 321         |
|    ep_rew_mean          | 73.7        |
| time/                   |             |
|    fps                  | 1319        |
|    iterations           | 482         |
|    time_elapsed         | 748         |
|    total_timesteps      | 987136      |
| train/                  |             |
|    approx_kl            | 0.042073883 |
|    clip_fraction        | 0.367       |
|    clip_range           | 0.2         |
|    entropy_loss         | -12.5       |
|    explained_variance   | 0.9497879   |
|    learning_rate        | 0.0003      |
|    loss                 | 0.688       |
|    n_updates            | 4810        |
|    policy_gradient_loss | -0.0525     |
|    std                  | 0.575       |
|    value_loss           | 2.01        |
-----------------------------------------
----------------------------------------
| rollout/                |            |
|    ep_len_mean          | 313        |
|    ep_rew_mean          | 71.2       |
| time/                   |            |
|    fps                  | 1319       |
|    iterations           | 483        |
|    time_elapsed         | 749        |
|    total_timesteps      | 989184     |
| train/                  |            |
|    approx_kl            | 0.07466756 |
|    clip_fraction        | 0.473      |
|    clip_range           | 0.2        |
|    entropy_loss         | -12.5      |
|    explained_variance   | 0.94791555 |
|    learning_rate        | 0.0003     |
|    loss                 | 0.214      |
|    n_updates            | 4820       |
|    policy_gradient_loss | -0.0552    |
|    std                  | 0.576      |
|    value_loss           | 1.11       |
----------------------------------------
-----------------------------------------
| rollout/                |             |
|    ep_len_mean          | 305         |
|    ep_rew_mean          | 68.9        |
| time/                   |             |
|    fps                  | 1320        |
|    iterations           | 484         |
|    time_elapsed         | 750         |
|    total_timesteps      | 991232      |
| train/                  |             |
|    approx_kl            | 0.059194762 |
|    clip_fraction        | 0.426       |
|    clip_range           | 0.2         |
|    entropy_loss         | -12.5       |
|    explained_variance   | 0.93592596  |
|    learning_rate        | 0.0003      |
|    loss                 | 0.45        |
|    n_updates            | 4830        |
|    policy_gradient_loss | -0.0523     |
|    std                  | 0.577       |
|    value_loss           | 1.91        |
-----------------------------------------
-----------------------------------------
| rollout/                |             |
|    ep_len_mean          | 301         |
|    ep_rew_mean          | 67.9        |
| time/                   |             |
|    fps                  | 1320        |
|    iterations           | 485         |
|    time_elapsed         | 752         |
|    total_timesteps      | 993280      |
| train/                  |             |
|    approx_kl            | 0.054557394 |
|    clip_fraction        | 0.389       |
|    clip_range           | 0.2         |
|    entropy_loss         | -12.6       |
|    explained_variance   | 0.9477681   |
|    learning_rate        | 0.0003      |
|    loss                 | 0.564       |
|    n_updates            | 4840        |
|    policy_gradient_loss | -0.0465     |
|    std                  | 0.578       |
|    value_loss           | 1.71        |
-----------------------------------------
----------------------------------------
| rollout/                |            |
|    ep_len_mean          | 303        |
|    ep_rew_mean          | 69.3       |
| time/                   |            |
|    fps                  | 1320       |
|    iterations           | 486        |
|    time_elapsed         | 753        |
|    total_timesteps      | 995328     |
| train/                  |            |
|    approx_kl            | 0.0582648  |
|    clip_fraction        | 0.46       |
|    clip_range           | 0.2        |
|    entropy_loss         | -12.6      |
|    explained_variance   | 0.97626555 |
|    learning_rate        | 0.0003     |
|    loss                 | 0.133      |
|    n_updates            | 4850       |
|    policy_gradient_loss | -0.0467    |
|    std                  | 0.578      |
|    value_loss           | 0.923      |
----------------------------------------
-----------------------------------------
| rollout/                |             |
|    ep_len_mean          | 303         |
|    ep_rew_mean          | 69.4        |
| time/                   |             |
|    fps                  | 1321        |
|    iterations           | 487         |
|    time_elapsed         | 754         |
|    total_timesteps      | 997376      |
| train/                  |             |
|    approx_kl            | 0.066135615 |
|    clip_fraction        | 0.439       |
|    clip_range           | 0.2         |
|    entropy_loss         | -12.5       |
|    explained_variance   | 0.9492335   |
|    learning_rate        | 0.0003      |
|    loss                 | 0.374       |
|    n_updates            | 4860        |
|    policy_gradient_loss | -0.0557     |
|    std                  | 0.575       |
|    value_loss           | 1.61        |
-----------------------------------------
----------------------------------------
| rollout/                |            |
|    ep_len_mean          | 297        |
|    ep_rew_mean          | 67.1       |
| time/                   |            |
|    fps                  | 1321       |
|    iterations           | 488        |
|    time_elapsed         | 756        |
|    total_timesteps      | 999424     |
| train/                  |            |
|    approx_kl            | 0.0759294  |
|    clip_fraction        | 0.478      |
|    clip_range           | 0.2        |
|    entropy_loss         | -12.5      |
|    explained_variance   | 0.97429144 |
|    learning_rate        | 0.0003     |
|    loss                 | 0.183      |
|    n_updates            | 4870       |
|    policy_gradient_loss | -0.0536    |
|    std                  | 0.573      |
|    value_loss           | 1.05       |
----------------------------------------
-----------------------------------------
| rollout/                |             |
|    ep_len_mean          | 299         |
|    ep_rew_mean          | 67.7        |
| time/                   |             |
|    fps                  | 1321        |
|    iterations           | 489         |
|    time_elapsed         | 757         |
|    total_timesteps      | 1001472     |
| train/                  |             |
|    approx_kl            | 0.045322873 |
|    clip_fraction        | 0.404       |
|    clip_range           | 0.2         |
|    entropy_loss         | -12.4       |
|    explained_variance   | 0.9726471   |
|    learning_rate        | 0.0003      |
|    loss                 | 0.116       |
|    n_updates            | 4880        |
|    policy_gradient_loss | -0.0493     |
|    std                  | 0.573       |
|    value_loss           | 1.06        |
-----------------------------------------
----------------------------------------
| rollout/                |            |
|    ep_len_mean          | 300        |
|    ep_rew_mean          | 67.5       |
| time/                   |            |
|    fps                  | 1322       |
|    iterations           | 490        |
|    time_elapsed         | 758        |
|    total_timesteps      | 1003520    |
| train/                  |            |
|    approx_kl            | 0.04556156 |
|    clip_fraction        | 0.352      |
|    clip_range           | 0.2        |
|    entropy_loss         | -12.4      |
|    explained_variance   | 0.92112434 |
|    learning_rate        | 0.0003     |
|    loss                 | 0.417      |
|    n_updates            | 4890       |
|    policy_gradient_loss | -0.0505    |
|    std                  | 0.573      |
|    value_loss           | 2.38       |
----------------------------------------
-----------------------------------------
| rollout/                |             |
|    ep_len_mean          | 299         |
|    ep_rew_mean          | 66.9        |
| time/                   |             |
|    fps                  | 1322        |
|    iterations           | 491         |
|    time_elapsed         | 760         |
|    total_timesteps      | 1005568     |
| train/                  |             |
|    approx_kl            | 0.071137935 |
|    clip_fraction        | 0.485       |
|    clip_range           | 0.2         |
|    entropy_loss         | -12.4       |
|    explained_variance   | 0.94942755  |
|    learning_rate        | 0.0003      |
|    loss                 | 0.169       |
|    n_updates            | 4900        |
|    policy_gradient_loss | -0.0565     |
|    std                  | 0.572       |
|    value_loss           | 1.45        |
-----------------------------------------
-----------------------------------------
| rollout/                |             |
|    ep_len_mean          | 298         |
|    ep_rew_mean          | 66.5        |
| time/                   |             |
|    fps                  | 1323        |
|    iterations           | 492         |
|    time_elapsed         | 761         |
|    total_timesteps      | 1007616     |
| train/                  |             |
|    approx_kl            | 0.067275316 |
|    clip_fraction        | 0.459       |
|    clip_range           | 0.2         |
|    entropy_loss         | -12.4       |
|    explained_variance   | 0.9647145   |
|    learning_rate        | 0.0003      |
|    loss                 | 0.243       |
|    n_updates            | 4910        |
|    policy_gradient_loss | -0.0507     |
|    std                  | 0.569       |
|    value_loss           | 1.24        |
-----------------------------------------
----------------------------------------
| rollout/                |            |
|    ep_len_mean          | 292        |
|    ep_rew_mean          | 66.1       |
| time/                   |            |
|    fps                  | 1323       |
|    iterations           | 493        |
|    time_elapsed         | 762        |
|    total_timesteps      | 1009664    |
| train/                  |            |
|    approx_kl            | 0.06124216 |
|    clip_fraction        | 0.416      |
|    clip_range           | 0.2        |
|    entropy_loss         | -12.3      |
|    explained_variance   | 0.964842   |
|    learning_rate        | 0.0003     |
|    loss                 | 0.112      |
|    n_updates            | 4920       |
|    policy_gradient_loss | -0.0485    |
|    std                  | 0.567      |
|    value_loss           | 0.996      |
----------------------------------------
----------------------------------------
| rollout/                |            |
|    ep_len_mean          | 301        |
|    ep_rew_mean          | 67.1       |
| time/                   |            |
|    fps                  | 1323       |
|    iterations           | 494        |
|    time_elapsed         | 764        |
|    total_timesteps      | 1011712    |
| train/                  |            |
|    approx_kl            | 0.07371531 |
|    clip_fraction        | 0.48       |
|    clip_range           | 0.2        |
|    entropy_loss         | -12.3      |
|    explained_variance   | 0.9777349  |
|    learning_rate        | 0.0003     |
|    loss                 | 0.128      |
|    n_updates            | 4930       |
|    policy_gradient_loss | -0.056     |
|    std                  | 0.567      |
|    value_loss           | 0.796      |
----------------------------------------
----------------------------------------
| rollout/                |            |
|    ep_len_mean          | 309        |
|    ep_rew_mean          | 69.2       |
| time/                   |            |
|    fps                  | 1323       |
|    iterations           | 495        |
|    time_elapsed         | 765        |
|    total_timesteps      | 1013760    |
| train/                  |            |
|    approx_kl            | 0.0604171  |
|    clip_fraction        | 0.447      |
|    clip_range           | 0.2        |
|    entropy_loss         | -12.2      |
|    explained_variance   | 0.95235324 |
|    learning_rate        | 0.0003     |
|    loss                 | 0.218      |
|    n_updates            | 4940       |
|    policy_gradient_loss | -0.0542    |
|    std                  | 0.564      |
|    value_loss           | 1.29       |
----------------------------------------
----------------------------------------
| rollout/                |            |
|    ep_len_mean          | 310        |
|    ep_rew_mean          | 69.8       |
| time/                   |            |
|    fps                  | 1324       |
|    iterations           | 496        |
|    time_elapsed         | 767        |
|    total_timesteps      | 1015808    |
| train/                  |            |
|    approx_kl            | 0.07227643 |
|    clip_fraction        | 0.462      |
|    clip_range           | 0.2        |
|    entropy_loss         | -12.3      |
|    explained_variance   | 0.9347721  |
|    learning_rate        | 0.0003     |
|    loss                 | 0.516      |
|    n_updates            | 4950       |
|    policy_gradient_loss | -0.0598    |
|    std                  | 0.567      |
|    value_loss           | 2          |
----------------------------------------
----------------------------------------
| rollout/                |            |
|    ep_len_mean          | 306        |
|    ep_rew_mean          | 68.2       |
| time/                   |            |
|    fps                  | 1324       |
|    iterations           | 497        |
|    time_elapsed         | 768        |
|    total_timesteps      | 1017856    |
| train/                  |            |
|    approx_kl            | 0.07326672 |
|    clip_fraction        | 0.465      |
|    clip_range           | 0.2        |
|    entropy_loss         | -12.3      |
|    explained_variance   | 0.97233623 |
|    learning_rate        | 0.0003     |
|    loss                 | 0.0787     |
|    n_updates            | 4960       |
|    policy_gradient_loss | -0.0551    |
|    std                  | 0.566      |
|    value_loss           | 1.08       |
----------------------------------------
-----------------------------------------
| rollout/                |             |
|    ep_len_mean          | 305         |
|    ep_rew_mean          | 67.5        |
| time/                   |             |
|    fps                  | 1324        |
|    iterations           | 498         |
|    time_elapsed         | 769         |
|    total_timesteps      | 1019904     |
| train/                  |             |
|    approx_kl            | 0.050391868 |
|    clip_fraction        | 0.39        |
|    clip_range           | 0.2         |
|    entropy_loss         | -12.3       |
|    explained_variance   | 0.9397722   |
|    learning_rate        | 0.0003      |
|    loss                 | 0.148       |
|    n_updates            | 4970        |
|    policy_gradient_loss | -0.0501     |
|    std                  | 0.565       |
|    value_loss           | 2           |
-----------------------------------------
----------------------------------------
| rollout/                |            |
|    ep_len_mean          | 315        |
|    ep_rew_mean          | 69         |
| time/                   |            |
|    fps                  | 1325       |
|    iterations           | 499        |
|    time_elapsed         | 771        |
|    total_timesteps      | 1021952    |
| train/                  |            |
|    approx_kl            | 0.04823979 |
|    clip_fraction        | 0.381      |
|    clip_range           | 0.2        |
|    entropy_loss         | -12.2      |
|    explained_variance   | 0.9432397  |
|    learning_rate        | 0.0003     |
|    loss                 | 0.475      |
|    n_updates            | 4980       |
|    policy_gradient_loss | -0.0509    |
|    std                  | 0.563      |
|    value_loss           | 1.84       |
----------------------------------------
----------------------------------------
| rollout/                |            |
|    ep_len_mean          | 322        |
|    ep_rew_mean          | 70.6       |
| time/                   |            |
|    fps                  | 1325       |
|    iterations           | 500        |
|    time_elapsed         | 772        |
|    total_timesteps      | 1024000    |
| train/                  |            |
|    approx_kl            | 0.0691784  |
|    clip_fraction        | 0.462      |
|    clip_range           | 0.2        |
|    entropy_loss         | -12.2      |
|    explained_variance   | 0.95613885 |
|    learning_rate        | 0.0003     |
|    loss                 | 0.187      |
|    n_updates            | 4990       |
|    policy_gradient_loss | -0.0576    |
|    std                  | 0.561      |
|    value_loss           | 1.4        |
----------------------------------------
----------------------------------------
| rollout/                |            |
|    ep_len_mean          | 319        |
|    ep_rew_mean          | 69.2       |
| time/                   |            |
|    fps                  | 1325       |
|    iterations           | 501        |
|    time_elapsed         | 774        |
|    total_timesteps      | 1026048    |
| train/                  |            |
|    approx_kl            | 0.07351531 |
|    clip_fraction        | 0.488      |
|    clip_range           | 0.2        |
|    entropy_loss         | -12.2      |
|    explained_variance   | 0.9705103  |
|    learning_rate        | 0.0003     |
|    loss                 | 0.169      |
|    n_updates            | 5000       |
|    policy_gradient_loss | -0.0562    |
|    std                  | 0.562      |
|    value_loss           | 1.15       |
----------------------------------------
-----------------------------------------
| rollout/                |             |
|    ep_len_mean          | 324         |
|    ep_rew_mean          | 69.5        |
| time/                   |             |
|    fps                  | 1325        |
|    iterations           | 502         |
|    time_elapsed         | 775         |
|    total_timesteps      | 1028096     |
| train/                  |             |
|    approx_kl            | 0.051915675 |
|    clip_fraction        | 0.4         |
|    clip_range           | 0.2         |
|    entropy_loss         | -12.2       |
|    explained_variance   | 0.9635018   |
|    learning_rate        | 0.0003      |
|    loss                 | 0.314       |
|    n_updates            | 5010        |
|    policy_gradient_loss | -0.0534     |
|    std                  | 0.561       |
|    value_loss           | 1.66        |
-----------------------------------------
-----------------------------------------
| rollout/                |             |
|    ep_len_mean          | 331         |
|    ep_rew_mean          | 70.9        |
| time/                   |             |
|    fps                  | 1326        |
|    iterations           | 503         |
|    time_elapsed         | 776         |
|    total_timesteps      | 1030144     |
| train/                  |             |
|    approx_kl            | 0.059123345 |
|    clip_fraction        | 0.43        |
|    clip_range           | 0.2         |
|    entropy_loss         | -12.1       |
|    explained_variance   | 0.9493403   |
|    learning_rate        | 0.0003      |
|    loss                 | 0.36        |
|    n_updates            | 5020        |
|    policy_gradient_loss | -0.058      |
|    std                  | 0.559       |
|    value_loss           | 1.46        |
-----------------------------------------
----------------------------------------
| rollout/                |            |
|    ep_len_mean          | 334        |
|    ep_rew_mean          | 71.9       |
| time/                   |            |
|    fps                  | 1326       |
|    iterations           | 504        |
|    time_elapsed         | 778        |
|    total_timesteps      | 1032192    |
| train/                  |            |
|    approx_kl            | 0.06136729 |
|    clip_fraction        | 0.436      |
|    clip_range           | 0.2        |
|    entropy_loss         | -12        |
|    explained_variance   | 0.9115153  |
|    learning_rate        | 0.0003     |
|    loss                 | 0.202      |
|    n_updates            | 5030       |
|    policy_gradient_loss | -0.0615    |
|    std                  | 0.557      |
|    value_loss           | 2.17       |
----------------------------------------
----------------------------------------
| rollout/                |            |
|    ep_len_mean          | 335        |
|    ep_rew_mean          | 72.5       |
| time/                   |            |
|    fps                  | 1326       |
|    iterations           | 505        |
|    time_elapsed         | 779        |
|    total_timesteps      | 1034240    |
| train/                  |            |
|    approx_kl            | 0.06330192 |
|    clip_fraction        | 0.439      |
|    clip_range           | 0.2        |
|    entropy_loss         | -12.1      |
|    explained_variance   | 0.96567696 |
|    learning_rate        | 0.0003     |
|    loss                 | 0.183      |
|    n_updates            | 5040       |
|    policy_gradient_loss | -0.0556    |
|    std                  | 0.559      |
|    value_loss           | 1.09       |
----------------------------------------
----------------------------------------
| rollout/                |            |
|    ep_len_mean          | 344        |
|    ep_rew_mean          | 73.1       |
| time/                   |            |
|    fps                  | 1326       |
|    iterations           | 506        |
|    time_elapsed         | 780        |
|    total_timesteps      | 1036288    |
| train/                  |            |
|    approx_kl            | 0.07137429 |
|    clip_fraction        | 0.479      |
|    clip_range           | 0.2        |
|    entropy_loss         | -12        |
|    explained_variance   | 0.97020745 |
|    learning_rate        | 0.0003     |
|    loss                 | 0.116      |
|    n_updates            | 5050       |
|    policy_gradient_loss | -0.0567    |
|    std                  | 0.557      |
|    value_loss           | 1.13       |
----------------------------------------
-----------------------------------------
| rollout/                |             |
|    ep_len_mean          | 347         |
|    ep_rew_mean          | 74.5        |
| time/                   |             |
|    fps                  | 1327        |
|    iterations           | 507         |
|    time_elapsed         | 782         |
|    total_timesteps      | 1038336     |
| train/                  |             |
|    approx_kl            | 0.067930184 |
|    clip_fraction        | 0.447       |
|    clip_range           | 0.2         |
|    entropy_loss         | -12         |
|    explained_variance   | 0.9663217   |
|    learning_rate        | 0.0003      |
|    loss                 | 0.157       |
|    n_updates            | 5060        |
|    policy_gradient_loss | -0.0576     |
|    std                  | 0.555       |
|    value_loss           | 1.15        |
-----------------------------------------
----------------------------------------
| rollout/                |            |
|    ep_len_mean          | 348        |
|    ep_rew_mean          | 75.1       |
| time/                   |            |
|    fps                  | 1327       |
|    iterations           | 508        |
|    time_elapsed         | 783        |
|    total_timesteps      | 1040384    |
| train/                  |            |
|    approx_kl            | 0.07705057 |
|    clip_fraction        | 0.491      |
|    clip_range           | 0.2        |
|    entropy_loss         | -11.9      |
|    explained_variance   | 0.948163   |
|    learning_rate        | 0.0003     |
|    loss                 | 0.0892     |
|    n_updates            | 5070       |
|    policy_gradient_loss | -0.0523    |
|    std                  | 0.553      |
|    value_loss           | 1.1        |
----------------------------------------
-----------------------------------------
| rollout/                |             |
|    ep_len_mean          | 354         |
|    ep_rew_mean          | 76.5        |
| time/                   |             |
|    fps                  | 1327        |
|    iterations           | 509         |
|    time_elapsed         | 785         |
|    total_timesteps      | 1042432     |
| train/                  |             |
|    approx_kl            | 0.068009265 |
|    clip_fraction        | 0.435       |
|    clip_range           | 0.2         |
|    entropy_loss         | -11.9       |
|    explained_variance   | 0.9531807   |
|    learning_rate        | 0.0003      |
|    loss                 | 0.142       |
|    n_updates            | 5080        |
|    policy_gradient_loss | -0.0534     |
|    std                  | 0.55        |
|    value_loss           | 1.39        |
-----------------------------------------
----------------------------------------
| rollout/                |            |
|    ep_len_mean          | 357        |
|    ep_rew_mean          | 77.9       |
| time/                   |            |
|    fps                  | 1327       |
|    iterations           | 510        |
|    time_elapsed         | 786        |
|    total_timesteps      | 1044480    |
| train/                  |            |
|    approx_kl            | 0.07233371 |
|    clip_fraction        | 0.497      |
|    clip_range           | 0.2        |
|    entropy_loss         | -11.8      |
|    explained_variance   | 0.9648779  |
|    learning_rate        | 0.0003     |
|    loss                 | 0.21       |
|    n_updates            | 5090       |
|    policy_gradient_loss | -0.0569    |
|    std                  | 0.55       |
|    value_loss           | 1.02       |
----------------------------------------
----------------------------------------
| rollout/                |            |
|    ep_len_mean          | 351        |
|    ep_rew_mean          | 77.7       |
| time/                   |            |
|    fps                  | 1328       |
|    iterations           | 511        |
|    time_elapsed         | 787        |
|    total_timesteps      | 1046528    |
| train/                  |            |
|    approx_kl            | 0.07131602 |
|    clip_fraction        | 0.465      |
|    clip_range           | 0.2        |
|    entropy_loss         | -11.8      |
|    explained_variance   | 0.9803398  |
|    learning_rate        | 0.0003     |
|    loss                 | 0.0661     |
|    n_updates            | 5100       |
|    policy_gradient_loss | -0.0501    |
|    std                  | 0.547      |
|    value_loss           | 0.683      |
----------------------------------------
----------------------------------------
| rollout/                |            |
|    ep_len_mean          | 347        |
|    ep_rew_mean          | 76.8       |
| time/                   |            |
|    fps                  | 1328       |
|    iterations           | 512        |
|    time_elapsed         | 789        |
|    total_timesteps      | 1048576    |
| train/                  |            |
|    approx_kl            | 0.06392828 |
|    clip_fraction        | 0.454      |
|    clip_range           | 0.2        |
|    entropy_loss         | -11.7      |
|    explained_variance   | 0.974064   |
|    learning_rate        | 0.0003     |
|    loss                 | 0.199      |
|    n_updates            | 5110       |
|    policy_gradient_loss | -0.0547    |
|    std                  | 0.545      |
|    value_loss           | 1.03       |
----------------------------------------
-----------------------------------------
| rollout/                |             |
|    ep_len_mean          | 347         |
|    ep_rew_mean          | 76.8        |
| time/                   |             |
|    fps                  | 1328        |
|    iterations           | 513         |
|    time_elapsed         | 790         |
|    total_timesteps      | 1050624     |
| train/                  |             |
|    approx_kl            | 0.058569487 |
|    clip_fraction        | 0.417       |
|    clip_range           | 0.2         |
|    entropy_loss         | -11.7       |
|    explained_variance   | 0.95739573  |
|    learning_rate        | 0.0003      |
|    loss                 | 0.191       |
|    n_updates            | 5120        |
|    policy_gradient_loss | -0.0561     |
|    std                  | 0.544       |
|    value_loss           | 1.25        |
-----------------------------------------
-----------------------------------------
| rollout/                |             |
|    ep_len_mean          | 354         |
|    ep_rew_mean          | 78.3        |
| time/                   |             |
|    fps                  | 1328        |
|    iterations           | 514         |
|    time_elapsed         | 792         |
|    total_timesteps      | 1052672     |
| train/                  |             |
|    approx_kl            | 0.059600808 |
|    clip_fraction        | 0.427       |
|    clip_range           | 0.2         |
|    entropy_loss         | -11.7       |
|    explained_variance   | 0.9517263   |
|    learning_rate        | 0.0003      |
|    loss                 | 0.344       |
|    n_updates            | 5130        |
|    policy_gradient_loss | -0.0551     |
|    std                  | 0.545       |
|    value_loss           | 1.61        |
-----------------------------------------
----------------------------------------
| rollout/                |            |
|    ep_len_mean          | 350        |
|    ep_rew_mean          | 77.7       |
| time/                   |            |
|    fps                  | 1329       |
|    iterations           | 515        |
|    time_elapsed         | 793        |
|    total_timesteps      | 1054720    |
| train/                  |            |
|    approx_kl            | 0.06381709 |
|    clip_fraction        | 0.447      |
|    clip_range           | 0.2        |
|    entropy_loss         | -11.7      |
|    explained_variance   | 0.96965456 |
|    learning_rate        | 0.0003     |
|    loss                 | 0.203      |
|    n_updates            | 5140       |
|    policy_gradient_loss | -0.055     |
|    std                  | 0.544      |
|    value_loss           | 1.06       |
----------------------------------------
----------------------------------------
| rollout/                |            |
|    ep_len_mean          | 344        |
|    ep_rew_mean          | 77.9       |
| time/                   |            |
|    fps                  | 1329       |
|    iterations           | 516        |
|    time_elapsed         | 794        |
|    total_timesteps      | 1056768    |
| train/                  |            |
|    approx_kl            | 0.06474991 |
|    clip_fraction        | 0.454      |
|    clip_range           | 0.2        |
|    entropy_loss         | -11.7      |
|    explained_variance   | 0.9804771  |
|    learning_rate        | 0.0003     |
|    loss                 | 0.189      |
|    n_updates            | 5150       |
|    policy_gradient_loss | -0.0499    |
|    std                  | 0.543      |
|    value_loss           | 0.9        |
----------------------------------------
----------------------------------------
| rollout/                |            |
|    ep_len_mean          | 341        |
|    ep_rew_mean          | 77.6       |
| time/                   |            |
|    fps                  | 1329       |
|    iterations           | 517        |
|    time_elapsed         | 796        |
|    total_timesteps      | 1058816    |
| train/                  |            |
|    approx_kl            | 0.06868647 |
|    clip_fraction        | 0.451      |
|    clip_range           | 0.2        |
|    entropy_loss         | -11.6      |
|    explained_variance   | 0.9756376  |
|    learning_rate        | 0.0003     |
|    loss                 | 0.0445     |
|    n_updates            | 5160       |
|    policy_gradient_loss | -0.0532    |
|    std                  | 0.542      |
|    value_loss           | 0.768      |
----------------------------------------
----------------------------------------
| rollout/                |            |
|    ep_len_mean          | 346        |
|    ep_rew_mean          | 78.7       |
| time/                   |            |
|    fps                  | 1329       |
|    iterations           | 518        |
|    time_elapsed         | 797        |
|    total_timesteps      | 1060864    |
| train/                  |            |
|    approx_kl            | 0.06236541 |
|    clip_fraction        | 0.453      |
|    clip_range           | 0.2        |
|    entropy_loss         | -11.6      |
|    explained_variance   | 0.95041597 |
|    learning_rate        | 0.0003     |
|    loss                 | 0.1        |
|    n_updates            | 5170       |
|    policy_gradient_loss | -0.0518    |
|    std                  | 0.542      |
|    value_loss           | 1.35       |
----------------------------------------
----------------------------------------
| rollout/                |            |
|    ep_len_mean          | 337        |
|    ep_rew_mean          | 77.8       |
| time/                   |            |
|    fps                  | 1330       |
|    iterations           | 519        |
|    time_elapsed         | 799        |
|    total_timesteps      | 1062912    |
| train/                  |            |
|    approx_kl            | 0.06314604 |
|    clip_fraction        | 0.422      |
|    clip_range           | 0.2        |
|    entropy_loss         | -11.6      |
|    explained_variance   | 0.96205986 |
|    learning_rate        | 0.0003     |
|    loss                 | 0.289      |
|    n_updates            | 5180       |
|    policy_gradient_loss | -0.0506    |
|    std                  | 0.542      |
|    value_loss           | 1.28       |
----------------------------------------
-----------------------------------------
| rollout/                |             |
|    ep_len_mean          | 334         |
|    ep_rew_mean          | 76.7        |
| time/                   |             |
|    fps                  | 1330        |
|    iterations           | 520         |
|    time_elapsed         | 800         |
|    total_timesteps      | 1064960     |
| train/                  |             |
|    approx_kl            | 0.058902986 |
|    clip_fraction        | 0.422       |
|    clip_range           | 0.2         |
|    entropy_loss         | -11.6       |
|    explained_variance   | 0.9511028   |
|    learning_rate        | 0.0003      |
|    loss                 | 0.212       |
|    n_updates            | 5190        |
|    policy_gradient_loss | -0.0516     |
|    std                  | 0.54        |
|    value_loss           | 1.83        |
-----------------------------------------
-----------------------------------------
| rollout/                |             |
|    ep_len_mean          | 337         |
|    ep_rew_mean          | 77.6        |
| time/                   |             |
|    fps                  | 1330        |
|    iterations           | 521         |
|    time_elapsed         | 801         |
|    total_timesteps      | 1067008     |
| train/                  |             |
|    approx_kl            | 0.061014675 |
|    clip_fraction        | 0.469       |
|    clip_range           | 0.2         |
|    entropy_loss         | -11.6       |
|    explained_variance   | 0.9568392   |
|    learning_rate        | 0.0003      |
|    loss                 | 0.291       |
|    n_updates            | 5200        |
|    policy_gradient_loss | -0.0469     |
|    std                  | 0.539       |
|    value_loss           | 1.97        |
-----------------------------------------
-----------------------------------------
| rollout/                |             |
|    ep_len_mean          | 330         |
|    ep_rew_mean          | 77.3        |
| time/                   |             |
|    fps                  | 1331        |
|    iterations           | 522         |
|    time_elapsed         | 803         |
|    total_timesteps      | 1069056     |
| train/                  |             |
|    approx_kl            | 0.056586344 |
|    clip_fraction        | 0.41        |
|    clip_range           | 0.2         |
|    entropy_loss         | -11.5       |
|    explained_variance   | 0.90724325  |
|    learning_rate        | 0.0003      |
|    loss                 | 0.337       |
|    n_updates            | 5210        |
|    policy_gradient_loss | -0.0533     |
|    std                  | 0.538       |
|    value_loss           | 2.67        |
-----------------------------------------
-----------------------------------------
| rollout/                |             |
|    ep_len_mean          | 325         |
|    ep_rew_mean          | 75.9        |
| time/                   |             |
|    fps                  | 1331        |
|    iterations           | 523         |
|    time_elapsed         | 804         |
|    total_timesteps      | 1071104     |
| train/                  |             |
|    approx_kl            | 0.076760456 |
|    clip_fraction        | 0.453       |
|    clip_range           | 0.2         |
|    entropy_loss         | -11.5       |
|    explained_variance   | 0.9439194   |
|    learning_rate        | 0.0003      |
|    loss                 | 0.286       |
|    n_updates            | 5220        |
|    policy_gradient_loss | -0.0561     |
|    std                  | 0.54        |
|    value_loss           | 2.07        |
-----------------------------------------
----------------------------------------
| rollout/                |            |
|    ep_len_mean          | 319        |
|    ep_rew_mean          | 74.7       |
| time/                   |            |
|    fps                  | 1331       |
|    iterations           | 524        |
|    time_elapsed         | 805        |
|    total_timesteps      | 1073152    |
| train/                  |            |
|    approx_kl            | 0.07281563 |
|    clip_fraction        | 0.485      |
|    clip_range           | 0.2        |
|    entropy_loss         | -11.5      |
|    explained_variance   | 0.9689266  |
|    learning_rate        | 0.0003     |
|    loss                 | 0.175      |
|    n_updates            | 5230       |
|    policy_gradient_loss | -0.0474    |
|    std                  | 0.539      |
|    value_loss           | 1.41       |
----------------------------------------
-----------------------------------------
| rollout/                |             |
|    ep_len_mean          | 317         |
|    ep_rew_mean          | 73.5        |
| time/                   |             |
|    fps                  | 1331        |
|    iterations           | 525         |
|    time_elapsed         | 807         |
|    total_timesteps      | 1075200     |
| train/                  |             |
|    approx_kl            | 0.058568947 |
|    clip_fraction        | 0.437       |
|    clip_range           | 0.2         |
|    entropy_loss         | -11.5       |
|    explained_variance   | 0.96193075  |
|    learning_rate        | 0.0003      |
|    loss                 | 1.31        |
|    n_updates            | 5240        |
|    policy_gradient_loss | -0.0488     |
|    std                  | 0.538       |
|    value_loss           | 1.68        |
-----------------------------------------
-----------------------------------------
| rollout/                |             |
|    ep_len_mean          | 316         |
|    ep_rew_mean          | 72.5        |
| time/                   |             |
|    fps                  | 1332        |
|    iterations           | 526         |
|    time_elapsed         | 808         |
|    total_timesteps      | 1077248     |
| train/                  |             |
|    approx_kl            | 0.070806295 |
|    clip_fraction        | 0.445       |
|    clip_range           | 0.2         |
|    entropy_loss         | -11.5       |
|    explained_variance   | 0.97475713  |
|    learning_rate        | 0.0003      |
|    loss                 | 0.427       |
|    n_updates            | 5250        |
|    policy_gradient_loss | -0.0565     |
|    std                  | 0.536       |
|    value_loss           | 1.22        |
-----------------------------------------
-----------------------------------------
| rollout/                |             |
|    ep_len_mean          | 315         |
|    ep_rew_mean          | 72.5        |
| time/                   |             |
|    fps                  | 1332        |
|    iterations           | 527         |
|    time_elapsed         | 809         |
|    total_timesteps      | 1079296     |
| train/                  |             |
|    approx_kl            | 0.061627805 |
|    clip_fraction        | 0.471       |
|    clip_range           | 0.2         |
|    entropy_loss         | -11.4       |
|    explained_variance   | 0.9606989   |
|    learning_rate        | 0.0003      |
|    loss                 | 0.267       |
|    n_updates            | 5260        |
|    policy_gradient_loss | -0.0529     |
|    std                  | 0.535       |
|    value_loss           | 1.5         |
-----------------------------------------
----------------------------------------
| rollout/                |            |
|    ep_len_mean          | 317        |
|    ep_rew_mean          | 73         |
| time/                   |            |
|    fps                  | 1332       |
|    iterations           | 528        |
|    time_elapsed         | 811        |
|    total_timesteps      | 1081344    |
| train/                  |            |
|    approx_kl            | 0.06585865 |
|    clip_fraction        | 0.468      |
|    clip_range           | 0.2        |
|    entropy_loss         | -11.4      |
|    explained_variance   | 0.96315765 |
|    learning_rate        | 0.0003     |
|    loss                 | 0.266      |
|    n_updates            | 5270       |
|    policy_gradient_loss | -0.0574    |
|    std                  | 0.534      |
|    value_loss           | 1.36       |
----------------------------------------
----------------------------------------
| rollout/                |            |
|    ep_len_mean          | 315        |
|    ep_rew_mean          | 72.8       |
| time/                   |            |
|    fps                  | 1333       |
|    iterations           | 529        |
|    time_elapsed         | 812        |
|    total_timesteps      | 1083392    |
| train/                  |            |
|    approx_kl            | 0.05907499 |
|    clip_fraction        | 0.429      |
|    clip_range           | 0.2        |
|    entropy_loss         | -11.4      |
|    explained_variance   | 0.94802845 |
|    learning_rate        | 0.0003     |
|    loss                 | 0.484      |
|    n_updates            | 5280       |
|    policy_gradient_loss | -0.0478    |
|    std                  | 0.535      |
|    value_loss           | 2.29       |
----------------------------------------
----------------------------------------
| rollout/                |            |
|    ep_len_mean          | 315        |
|    ep_rew_mean          | 72.7       |
| time/                   |            |
|    fps                  | 1333       |
|    iterations           | 530        |
|    time_elapsed         | 814        |
|    total_timesteps      | 1085440    |
| train/                  |            |
|    approx_kl            | 0.06742987 |
|    clip_fraction        | 0.458      |
|    clip_range           | 0.2        |
|    entropy_loss         | -11.4      |
|    explained_variance   | 0.9228083  |
|    learning_rate        | 0.0003     |
|    loss                 | 0.617      |
|    n_updates            | 5290       |
|    policy_gradient_loss | -0.0573    |
|    std                  | 0.533      |
|    value_loss           | 2.43       |
----------------------------------------
----------------------------------------
| rollout/                |            |
|    ep_len_mean          | 316        |
|    ep_rew_mean          | 73.4       |
| time/                   |            |
|    fps                  | 1333       |
|    iterations           | 531        |
|    time_elapsed         | 815        |
|    total_timesteps      | 1087488    |
| train/                  |            |
|    approx_kl            | 0.07046162 |
|    clip_fraction        | 0.424      |
|    clip_range           | 0.2        |
|    entropy_loss         | -11.3      |
|    explained_variance   | 0.95479095 |
|    learning_rate        | 0.0003     |
|    loss                 | 0.298      |
|    n_updates            | 5300       |
|    policy_gradient_loss | -0.0543    |
|    std                  | 0.532      |
|    value_loss           | 1.71       |
----------------------------------------
----------------------------------------
| rollout/                |            |
|    ep_len_mean          | 314        |
|    ep_rew_mean          | 72.5       |
| time/                   |            |
|    fps                  | 1333       |
|    iterations           | 532        |
|    time_elapsed         | 816        |
|    total_timesteps      | 1089536    |
| train/                  |            |
|    approx_kl            | 0.07586448 |
|    clip_fraction        | 0.466      |
|    clip_range           | 0.2        |
|    entropy_loss         | -11.3      |
|    explained_variance   | 0.96464086 |
|    learning_rate        | 0.0003     |
|    loss                 | 0.276      |
|    n_updates            | 5310       |
|    policy_gradient_loss | -0.0523    |
|    std                  | 0.53       |
|    value_loss           | 1.74       |
----------------------------------------
----------------------------------------
| rollout/                |            |
|    ep_len_mean          | 316        |
|    ep_rew_mean          | 73.4       |
| time/                   |            |
|    fps                  | 1334       |
|    iterations           | 533        |
|    time_elapsed         | 818        |
|    total_timesteps      | 1091584    |
| train/                  |            |
|    approx_kl            | 0.07178053 |
|    clip_fraction        | 0.447      |
|    clip_range           | 0.2        |
|    entropy_loss         | -11.3      |
|    explained_variance   | 0.9417768  |
|    learning_rate        | 0.0003     |
|    loss                 | 0.175      |
|    n_updates            | 5320       |
|    policy_gradient_loss | -0.0516    |
|    std                  | 0.53       |
|    value_loss           | 1.76       |
----------------------------------------
----------------------------------------
| rollout/                |            |
|    ep_len_mean          | 318        |
|    ep_rew_mean          | 74         |
| time/                   |            |
|    fps                  | 1334       |
|    iterations           | 534        |
|    time_elapsed         | 819        |
|    total_timesteps      | 1093632    |
| train/                  |            |
|    approx_kl            | 0.07090151 |
|    clip_fraction        | 0.457      |
|    clip_range           | 0.2        |
|    entropy_loss         | -11.2      |
|    explained_variance   | 0.95554334 |
|    learning_rate        | 0.0003     |
|    loss                 | 0.437      |
|    n_updates            | 5330       |
|    policy_gradient_loss | -0.0519    |
|    std                  | 0.528      |
|    value_loss           | 1.7        |
----------------------------------------
----------------------------------------
| rollout/                |            |
|    ep_len_mean          | 323        |
|    ep_rew_mean          | 75.2       |
| time/                   |            |
|    fps                  | 1334       |
|    iterations           | 535        |
|    time_elapsed         | 820        |
|    total_timesteps      | 1095680    |
| train/                  |            |
|    approx_kl            | 0.07826026 |
|    clip_fraction        | 0.468      |
|    clip_range           | 0.2        |
|    entropy_loss         | -11.2      |
|    explained_variance   | 0.92482245 |
|    learning_rate        | 0.0003     |
|    loss                 | 0.313      |
|    n_updates            | 5340       |
|    policy_gradient_loss | -0.0548    |
|    std                  | 0.526      |
|    value_loss           | 2.08       |
----------------------------------------
----------------------------------------
| rollout/                |            |
|    ep_len_mean          | 324        |
|    ep_rew_mean          | 74.9       |
| time/                   |            |
|    fps                  | 1334       |
|    iterations           | 536        |
|    time_elapsed         | 822        |
|    total_timesteps      | 1097728    |
| train/                  |            |
|    approx_kl            | 0.08884096 |
|    clip_fraction        | 0.511      |
|    clip_range           | 0.2        |
|    entropy_loss         | -11.1      |
|    explained_variance   | 0.9591097  |
|    learning_rate        | 0.0003     |
|    loss                 | 0.4        |
|    n_updates            | 5350       |
|    policy_gradient_loss | -0.0475    |
|    std                  | 0.525      |
|    value_loss           | 1.5        |
----------------------------------------
-----------------------------------------
| rollout/                |             |
|    ep_len_mean          | 323         |
|    ep_rew_mean          | 75          |
| time/                   |             |
|    fps                  | 1335        |
|    iterations           | 537         |
|    time_elapsed         | 823         |
|    total_timesteps      | 1099776     |
| train/                  |             |
|    approx_kl            | 0.061374445 |
|    clip_fraction        | 0.421       |
|    clip_range           | 0.2         |
|    entropy_loss         | -11.1       |
|    explained_variance   | 0.89251727  |
|    learning_rate        | 0.0003      |
|    loss                 | 0.507       |
|    n_updates            | 5360        |
|    policy_gradient_loss | -0.0546     |
|    std                  | 0.524       |
|    value_loss           | 2.28        |
-----------------------------------------
---------------------------------------
| rollout/                |           |
|    ep_len_mean          | 323       |
|    ep_rew_mean          | 74.4      |
| time/                   |           |
|    fps                  | 1335      |
|    iterations           | 538       |
|    time_elapsed         | 825       |
|    total_timesteps      | 1101824   |
| train/                  |           |
|    approx_kl            | 0.0986607 |
|    clip_fraction        | 0.519     |
|    clip_range           | 0.2       |
|    entropy_loss         | -11       |
|    explained_variance   | 0.960969  |
|    learning_rate        | 0.0003    |
|    loss                 | 0.148     |
|    n_updates            | 5370      |
|    policy_gradient_loss | -0.0573   |
|    std                  | 0.522     |
|    value_loss           | 1.12      |
---------------------------------------
----------------------------------------
| rollout/                |            |
|    ep_len_mean          | 323        |
|    ep_rew_mean          | 74         |
| time/                   |            |
|    fps                  | 1335       |
|    iterations           | 539        |
|    time_elapsed         | 826        |
|    total_timesteps      | 1103872    |
| train/                  |            |
|    approx_kl            | 0.07366213 |
|    clip_fraction        | 0.443      |
|    clip_range           | 0.2        |
|    entropy_loss         | -11        |
|    explained_variance   | 0.9437951  |
|    learning_rate        | 0.0003     |
|    loss                 | 0.755      |
|    n_updates            | 5380       |
|    policy_gradient_loss | -0.0524    |
|    std                  | 0.521      |
|    value_loss           | 1.8        |
----------------------------------------
-----------------------------------------
| rollout/                |             |
|    ep_len_mean          | 329         |
|    ep_rew_mean          | 73.8        |
| time/                   |             |
|    fps                  | 1336        |
|    iterations           | 540         |
|    time_elapsed         | 827         |
|    total_timesteps      | 1105920     |
| train/                  |             |
|    approx_kl            | 0.060295817 |
|    clip_fraction        | 0.438       |
|    clip_range           | 0.2         |
|    entropy_loss         | -11         |
|    explained_variance   | 0.95344037  |
|    learning_rate        | 0.0003      |
|    loss                 | 0.409       |
|    n_updates            | 5390        |
|    policy_gradient_loss | -0.0529     |
|    std                  | 0.519       |
|    value_loss           | 1.85        |
-----------------------------------------
-----------------------------------------
| rollout/                |             |
|    ep_len_mean          | 335         |
|    ep_rew_mean          | 75.6        |
| time/                   |             |
|    fps                  | 1336        |
|    iterations           | 541         |
|    time_elapsed         | 829         |
|    total_timesteps      | 1107968     |
| train/                  |             |
|    approx_kl            | 0.057371214 |
|    clip_fraction        | 0.413       |
|    clip_range           | 0.2         |
|    entropy_loss         | -11         |
|    explained_variance   | 0.89113176  |
|    learning_rate        | 0.0003      |
|    loss                 | 1.1         |
|    n_updates            | 5400        |
|    policy_gradient_loss | -0.0564     |
|    std                  | 0.52        |
|    value_loss           | 3.83        |
-----------------------------------------
----------------------------------------
| rollout/                |            |
|    ep_len_mean          | 336        |
|    ep_rew_mean          | 75.8       |
| time/                   |            |
|    fps                  | 1336       |
|    iterations           | 542        |
|    time_elapsed         | 830        |
|    total_timesteps      | 1110016    |
| train/                  |            |
|    approx_kl            | 0.07541276 |
|    clip_fraction        | 0.492      |
|    clip_range           | 0.2        |
|    entropy_loss         | -11        |
|    explained_variance   | 0.93128836 |
|    learning_rate        | 0.0003     |
|    loss                 | 0.602      |
|    n_updates            | 5410       |
|    policy_gradient_loss | -0.0553    |
|    std                  | 0.521      |
|    value_loss           | 1.87       |
----------------------------------------
-----------------------------------------
| rollout/                |             |
|    ep_len_mean          | 339         |
|    ep_rew_mean          | 76          |
| time/                   |             |
|    fps                  | 1336        |
|    iterations           | 543         |
|    time_elapsed         | 831         |
|    total_timesteps      | 1112064     |
| train/                  |             |
|    approx_kl            | 0.064381525 |
|    clip_fraction        | 0.463       |
|    clip_range           | 0.2         |
|    entropy_loss         | -11         |
|    explained_variance   | 0.9160871   |
|    learning_rate        | 0.0003      |
|    loss                 | 0.94        |
|    n_updates            | 5420        |
|    policy_gradient_loss | -0.0532     |
|    std                  | 0.52        |
|    value_loss           | 2.93        |
-----------------------------------------
----------------------------------------
| rollout/                |            |
|    ep_len_mean          | 345        |
|    ep_rew_mean          | 77         |
| time/                   |            |
|    fps                  | 1337       |
|    iterations           | 544        |
|    time_elapsed         | 833        |
|    total_timesteps      | 1114112    |
| train/                  |            |
|    approx_kl            | 0.07081986 |
|    clip_fraction        | 0.47       |
|    clip_range           | 0.2        |
|    entropy_loss         | -11        |
|    explained_variance   | 0.942359   |
|    learning_rate        | 0.0003     |
|    loss                 | 0.529      |
|    n_updates            | 5430       |
|    policy_gradient_loss | -0.0506    |
|    std                  | 0.52       |
|    value_loss           | 2.19       |
----------------------------------------
----------------------------------------
| rollout/                |            |
|    ep_len_mean          | 350        |
|    ep_rew_mean          | 77         |
| time/                   |            |
|    fps                  | 1337       |
|    iterations           | 545        |
|    time_elapsed         | 834        |
|    total_timesteps      | 1116160    |
| train/                  |            |
|    approx_kl            | 0.07509111 |
|    clip_fraction        | 0.474      |
|    clip_range           | 0.2        |
|    entropy_loss         | -11        |
|    explained_variance   | 0.93754137 |
|    learning_rate        | 0.0003     |
|    loss                 | 0.306      |
|    n_updates            | 5440       |
|    policy_gradient_loss | -0.0577    |
|    std                  | 0.519      |
|    value_loss           | 1.79       |
----------------------------------------
----------------------------------------
| rollout/                |            |
|    ep_len_mean          | 346        |
|    ep_rew_mean          | 75.9       |
| time/                   |            |
|    fps                  | 1337       |
|    iterations           | 546        |
|    time_elapsed         | 836        |
|    total_timesteps      | 1118208    |
| train/                  |            |
|    approx_kl            | 0.07523315 |
|    clip_fraction        | 0.493      |
|    clip_range           | 0.2        |
|    entropy_loss         | -10.9      |
|    explained_variance   | 0.9594888  |
|    learning_rate        | 0.0003     |
|    loss                 | 0.622      |
|    n_updates            | 5450       |
|    policy_gradient_loss | -0.0515    |
|    std                  | 0.517      |
|    value_loss           | 1.76       |
----------------------------------------
----------------------------------------
| rollout/                |            |
|    ep_len_mean          | 350        |
|    ep_rew_mean          | 77.2       |
| time/                   |            |
|    fps                  | 1337       |
|    iterations           | 547        |
|    time_elapsed         | 837        |
|    total_timesteps      | 1120256    |
| train/                  |            |
|    approx_kl            | 0.07177003 |
|    clip_fraction        | 0.448      |
|    clip_range           | 0.2        |
|    entropy_loss         | -10.9      |
|    explained_variance   | 0.9201654  |
|    learning_rate        | 0.0003     |
|    loss                 | 0.318      |
|    n_updates            | 5460       |
|    policy_gradient_loss | -0.0546    |
|    std                  | 0.516      |
|    value_loss           | 2.76       |
----------------------------------------
-----------------------------------------
| rollout/                |             |
|    ep_len_mean          | 349         |
|    ep_rew_mean          | 76.6        |
| time/                   |             |
|    fps                  | 1337        |
|    iterations           | 548         |
|    time_elapsed         | 838         |
|    total_timesteps      | 1122304     |
| train/                  |             |
|    approx_kl            | 0.067365974 |
|    clip_fraction        | 0.48        |
|    clip_range           | 0.2         |
|    entropy_loss         | -10.9       |
|    explained_variance   | 0.9078041   |
|    learning_rate        | 0.0003      |
|    loss                 | 0.495       |
|    n_updates            | 5470        |
|    policy_gradient_loss | -0.0531     |
|    std                  | 0.514       |
|    value_loss           | 2.43        |
-----------------------------------------
----------------------------------------
| rollout/                |            |
|    ep_len_mean          | 350        |
|    ep_rew_mean          | 77.4       |
| time/                   |            |
|    fps                  | 1338       |
|    iterations           | 549        |
|    time_elapsed         | 840        |
|    total_timesteps      | 1124352    |
| train/                  |            |
|    approx_kl            | 0.07866551 |
|    clip_fraction        | 0.519      |
|    clip_range           | 0.2        |
|    entropy_loss         | -10.8      |
|    explained_variance   | 0.9332827  |
|    learning_rate        | 0.0003     |
|    loss                 | 0.389      |
|    n_updates            | 5480       |
|    policy_gradient_loss | -0.0439    |
|    std                  | 0.512      |
|    value_loss           | 1.85       |
----------------------------------------
---------------------------------------
| rollout/                |           |
|    ep_len_mean          | 352       |
|    ep_rew_mean          | 77.1      |
| time/                   |           |
|    fps                  | 1338      |
|    iterations           | 550       |
|    time_elapsed         | 841       |
|    total_timesteps      | 1126400   |
| train/                  |           |
|    approx_kl            | 0.0818367 |
|    clip_fraction        | 0.494     |
|    clip_range           | 0.2       |
|    entropy_loss         | -10.8     |
|    explained_variance   | 0.9599906 |
|    learning_rate        | 0.0003    |
|    loss                 | 0.298     |
|    n_updates            | 5490      |
|    policy_gradient_loss | -0.0537   |
|    std                  | 0.512     |
|    value_loss           | 1.4       |
---------------------------------------
----------------------------------------
| rollout/                |            |
|    ep_len_mean          | 346        |
|    ep_rew_mean          | 75.7       |
| time/                   |            |
|    fps                  | 1338       |
|    iterations           | 551        |
|    time_elapsed         | 842        |
|    total_timesteps      | 1128448    |
| train/                  |            |
|    approx_kl            | 0.06547935 |
|    clip_fraction        | 0.453      |
|    clip_range           | 0.2        |
|    entropy_loss         | -10.8      |
|    explained_variance   | 0.92196107 |
|    learning_rate        | 0.0003     |
|    loss                 | 0.425      |
|    n_updates            | 5500       |
|    policy_gradient_loss | -0.059     |
|    std                  | 0.513      |
|    value_loss           | 2.23       |
----------------------------------------
----------------------------------------
| rollout/                |            |
|    ep_len_mean          | 348        |
|    ep_rew_mean          | 76         |
| time/                   |            |
|    fps                  | 1338       |
|    iterations           | 552        |
|    time_elapsed         | 844        |
|    total_timesteps      | 1130496    |
| train/                  |            |
|    approx_kl            | 0.06004627 |
|    clip_fraction        | 0.455      |
|    clip_range           | 0.2        |
|    entropy_loss         | -10.8      |
|    explained_variance   | 0.93498266 |
|    learning_rate        | 0.0003     |
|    loss                 | 0.654      |
|    n_updates            | 5510       |
|    policy_gradient_loss | -0.0536    |
|    std                  | 0.511      |
|    value_loss           | 2.33       |
----------------------------------------
----------------------------------------
| rollout/                |            |
|    ep_len_mean          | 348        |
|    ep_rew_mean          | 76.1       |
| time/                   |            |
|    fps                  | 1339       |
|    iterations           | 553        |
|    time_elapsed         | 845        |
|    total_timesteps      | 1132544    |
| train/                  |            |
|    approx_kl            | 0.09981293 |
|    clip_fraction        | 0.502      |
|    clip_range           | 0.2        |
|    entropy_loss         | -10.7      |
|    explained_variance   | 0.9401995  |
|    learning_rate        | 0.0003     |
|    loss                 | 0.225      |
|    n_updates            | 5520       |
|    policy_gradient_loss | -0.0513    |
|    std                  | 0.51       |
|    value_loss           | 1.79       |
----------------------------------------
-----------------------------------------
| rollout/                |             |
|    ep_len_mean          | 351         |
|    ep_rew_mean          | 76.2        |
| time/                   |             |
|    fps                  | 1339        |
|    iterations           | 554         |
|    time_elapsed         | 847         |
|    total_timesteps      | 1134592     |
| train/                  |             |
|    approx_kl            | 0.079062045 |
|    clip_fraction        | 0.488       |
|    clip_range           | 0.2         |
|    entropy_loss         | -10.7       |
|    explained_variance   | 0.93033665  |
|    learning_rate        | 0.0003      |
|    loss                 | 0.55        |
|    n_updates            | 5530        |
|    policy_gradient_loss | -0.0539     |
|    std                  | 0.511       |
|    value_loss           | 2.34        |
-----------------------------------------
----------------------------------------
| rollout/                |            |
|    ep_len_mean          | 350        |
|    ep_rew_mean          | 76.8       |
| time/                   |            |
|    fps                  | 1339       |
|    iterations           | 555        |
|    time_elapsed         | 848        |
|    total_timesteps      | 1136640    |
| train/                  |            |
|    approx_kl            | 0.08400713 |
|    clip_fraction        | 0.501      |
|    clip_range           | 0.2        |
|    entropy_loss         | -10.7      |
|    explained_variance   | 0.974924   |
|    learning_rate        | 0.0003     |
|    loss                 | 0.4        |
|    n_updates            | 5540       |
|    policy_gradient_loss | -0.0496    |
|    std                  | 0.51       |
|    value_loss           | 1.18       |
----------------------------------------
----------------------------------------
| rollout/                |            |
|    ep_len_mean          | 360        |
|    ep_rew_mean          | 79.3       |
| time/                   |            |
|    fps                  | 1339       |
|    iterations           | 556        |
|    time_elapsed         | 849        |
|    total_timesteps      | 1138688    |
| train/                  |            |
|    approx_kl            | 0.09142096 |
|    clip_fraction        | 0.545      |
|    clip_range           | 0.2        |
|    entropy_loss         | -10.7      |
|    explained_variance   | 0.97529954 |
|    learning_rate        | 0.0003     |
|    loss                 | 0.192      |
|    n_updates            | 5550       |
|    policy_gradient_loss | -0.0485    |
|    std                  | 0.51       |
|    value_loss           | 0.934      |
----------------------------------------
-----------------------------------------
| rollout/                |             |
|    ep_len_mean          | 357         |
|    ep_rew_mean          | 79.7        |
| time/                   |             |
|    fps                  | 1340        |
|    iterations           | 557         |
|    time_elapsed         | 851         |
|    total_timesteps      | 1140736     |
| train/                  |             |
|    approx_kl            | 0.073244885 |
|    clip_fraction        | 0.501       |
|    clip_range           | 0.2         |
|    entropy_loss         | -10.7       |
|    explained_variance   | 0.954367    |
|    learning_rate        | 0.0003      |
|    loss                 | 0.277       |
|    n_updates            | 5560        |
|    policy_gradient_loss | -0.0568     |
|    std                  | 0.509       |
|    value_loss           | 1.38        |
-----------------------------------------
----------------------------------------
| rollout/                |            |
|    ep_len_mean          | 361        |
|    ep_rew_mean          | 80.6       |
| time/                   |            |
|    fps                  | 1340       |
|    iterations           | 558        |
|    time_elapsed         | 852        |
|    total_timesteps      | 1142784    |
| train/                  |            |
|    approx_kl            | 0.06537594 |
|    clip_fraction        | 0.447      |
|    clip_range           | 0.2        |
|    entropy_loss         | -10.7      |
|    explained_variance   | 0.9542019  |
|    learning_rate        | 0.0003     |
|    loss                 | 0.273      |
|    n_updates            | 5570       |
|    policy_gradient_loss | -0.0443    |
|    std                  | 0.507      |
|    value_loss           | 1.44       |
----------------------------------------
----------------------------------------
| rollout/                |            |
|    ep_len_mean          | 357        |
|    ep_rew_mean          | 80         |
| time/                   |            |
|    fps                  | 1340       |
|    iterations           | 559        |
|    time_elapsed         | 854        |
|    total_timesteps      | 1144832    |
| train/                  |            |
|    approx_kl            | 0.07052812 |
|    clip_fraction        | 0.463      |
|    clip_range           | 0.2        |
|    entropy_loss         | -10.6      |
|    explained_variance   | 0.9534341  |
|    learning_rate        | 0.0003     |
|    loss                 | 0.539      |
|    n_updates            | 5580       |
|    policy_gradient_loss | -0.0553    |
|    std                  | 0.504      |
|    value_loss           | 1.92       |
----------------------------------------
-----------------------------------------
| rollout/                |             |
|    ep_len_mean          | 354         |
|    ep_rew_mean          | 79.4        |
| time/                   |             |
|    fps                  | 1340        |
|    iterations           | 560         |
|    time_elapsed         | 855         |
|    total_timesteps      | 1146880     |
| train/                  |             |
|    approx_kl            | 0.070303425 |
|    clip_fraction        | 0.459       |
|    clip_range           | 0.2         |
|    entropy_loss         | -10.6       |
|    explained_variance   | 0.94265115  |
|    learning_rate        | 0.0003      |
|    loss                 | 0.184       |
|    n_updates            | 5590        |
|    policy_gradient_loss | -0.0553     |
|    std                  | 0.504       |
|    value_loss           | 1.9         |
-----------------------------------------
-----------------------------------------
| rollout/                |             |
|    ep_len_mean          | 350         |
|    ep_rew_mean          | 79          |
| time/                   |             |
|    fps                  | 1340        |
|    iterations           | 561         |
|    time_elapsed         | 856         |
|    total_timesteps      | 1148928     |
| train/                  |             |
|    approx_kl            | 0.072419435 |
|    clip_fraction        | 0.448       |
|    clip_range           | 0.2         |
|    entropy_loss         | -10.6       |
|    explained_variance   | 0.961263    |
|    learning_rate        | 0.0003      |
|    loss                 | 0.239       |
|    n_updates            | 5600        |
|    policy_gradient_loss | -0.0531     |
|    std                  | 0.504       |
|    value_loss           | 1.4         |
-----------------------------------------
-----------------------------------------
| rollout/                |             |
|    ep_len_mean          | 347         |
|    ep_rew_mean          | 79.3        |
| time/                   |             |
|    fps                  | 1341        |
|    iterations           | 562         |
|    time_elapsed         | 858         |
|    total_timesteps      | 1150976     |
| train/                  |             |
|    approx_kl            | 0.069120236 |
|    clip_fraction        | 0.451       |
|    clip_range           | 0.2         |
|    entropy_loss         | -10.6       |
|    explained_variance   | 0.94385475  |
|    learning_rate        | 0.0003      |
|    loss                 | 0.237       |
|    n_updates            | 5610        |
|    policy_gradient_loss | -0.0513     |
|    std                  | 0.504       |
|    value_loss           | 1.98        |
-----------------------------------------
----------------------------------------
| rollout/                |            |
|    ep_len_mean          | 354        |
|    ep_rew_mean          | 81.1       |
| time/                   |            |
|    fps                  | 1341       |
|    iterations           | 563        |
|    time_elapsed         | 859        |
|    total_timesteps      | 1153024    |
| train/                  |            |
|    approx_kl            | 0.06418909 |
|    clip_fraction        | 0.446      |
|    clip_range           | 0.2        |
|    entropy_loss         | -10.6      |
|    explained_variance   | 0.9206919  |
|    learning_rate        | 0.0003     |
|    loss                 | 0.475      |
|    n_updates            | 5620       |
|    policy_gradient_loss | -0.0569    |
|    std                  | 0.504      |
|    value_loss           | 2.46       |
----------------------------------------
----------------------------------------
| rollout/                |            |
|    ep_len_mean          | 350        |
|    ep_rew_mean          | 80.1       |
| time/                   |            |
|    fps                  | 1341       |
|    iterations           | 564        |
|    time_elapsed         | 861        |
|    total_timesteps      | 1155072    |
| train/                  |            |
|    approx_kl            | 0.07212387 |
|    clip_fraction        | 0.456      |
|    clip_range           | 0.2        |
|    entropy_loss         | -10.6      |
|    explained_variance   | 0.95279735 |
|    learning_rate        | 0.0003     |
|    loss                 | 0.28       |
|    n_updates            | 5630       |
|    policy_gradient_loss | -0.0505    |
|    std                  | 0.503      |
|    value_loss           | 1.82       |
----------------------------------------
----------------------------------------
| rollout/                |            |
|    ep_len_mean          | 348        |
|    ep_rew_mean          | 79.4       |
| time/                   |            |
|    fps                  | 1341       |
|    iterations           | 565        |
|    time_elapsed         | 862        |
|    total_timesteps      | 1157120    |
| train/                  |            |
|    approx_kl            | 0.07022211 |
|    clip_fraction        | 0.482      |
|    clip_range           | 0.2        |
|    entropy_loss         | -10.5      |
|    explained_variance   | 0.9707811  |
|    learning_rate        | 0.0003     |
|    loss                 | 0.211      |
|    n_updates            | 5640       |
|    policy_gradient_loss | -0.0408    |
|    std                  | 0.502      |
|    value_loss           | 1.33       |
----------------------------------------
-----------------------------------------
| rollout/                |             |
|    ep_len_mean          | 352         |
|    ep_rew_mean          | 79.7        |
| time/                   |             |
|    fps                  | 1341        |
|    iterations           | 566         |
|    time_elapsed         | 863         |
|    total_timesteps      | 1159168     |
| train/                  |             |
|    approx_kl            | 0.064902954 |
|    clip_fraction        | 0.456       |
|    clip_range           | 0.2         |
|    entropy_loss         | -10.5       |
|    explained_variance   | 0.9300806   |
|    learning_rate        | 0.0003      |
|    loss                 | 0.206       |
|    n_updates            | 5650        |
|    policy_gradient_loss | -0.0511     |
|    std                  | 0.501       |
|    value_loss           | 2.38        |
-----------------------------------------
----------------------------------------
| rollout/                |            |
|    ep_len_mean          | 349        |
|    ep_rew_mean          | 80.1       |
| time/                   |            |
|    fps                  | 1342       |
|    iterations           | 567        |
|    time_elapsed         | 865        |
|    total_timesteps      | 1161216    |
| train/                  |            |
|    approx_kl            | 0.07999809 |
|    clip_fraction        | 0.493      |
|    clip_range           | 0.2        |
|    entropy_loss         | -10.5      |
|    explained_variance   | 0.955817   |
|    learning_rate        | 0.0003     |
|    loss                 | 0.352      |
|    n_updates            | 5660       |
|    policy_gradient_loss | -0.0562    |
|    std                  | 0.501      |
|    value_loss           | 1.38       |
----------------------------------------
---------------------------------------
| rollout/                |           |
|    ep_len_mean          | 350       |
|    ep_rew_mean          | 81        |
| time/                   |           |
|    fps                  | 1342      |
|    iterations           | 568       |
|    time_elapsed         | 866       |
|    total_timesteps      | 1163264   |
| train/                  |           |
|    approx_kl            | 0.0875763 |
|    clip_fraction        | 0.508     |
|    clip_range           | 0.2       |
|    entropy_loss         | -10.5     |
|    explained_variance   | 0.9637662 |
|    learning_rate        | 0.0003    |
|    loss                 | 0.625     |
|    n_updates            | 5670      |
|    policy_gradient_loss | -0.0511   |
|    std                  | 0.502     |
|    value_loss           | 1.63      |
---------------------------------------
----------------------------------------
| rollout/                |            |
|    ep_len_mean          | 353        |
|    ep_rew_mean          | 81.9       |
| time/                   |            |
|    fps                  | 1342       |
|    iterations           | 569        |
|    time_elapsed         | 868        |
|    total_timesteps      | 1165312    |
| train/                  |            |
|    approx_kl            | 0.09692149 |
|    clip_fraction        | 0.54       |
|    clip_range           | 0.2        |
|    entropy_loss         | -10.5      |
|    explained_variance   | 0.9772776  |
|    learning_rate        | 0.0003     |
|    loss                 | 0.103      |
|    n_updates            | 5680       |
|    policy_gradient_loss | -0.0445    |
|    std                  | 0.501      |
|    value_loss           | 0.76       |
----------------------------------------
----------------------------------------
| rollout/                |            |
|    ep_len_mean          | 354        |
|    ep_rew_mean          | 82         |
| time/                   |            |
|    fps                  | 1342       |
|    iterations           | 570        |
|    time_elapsed         | 869        |
|    total_timesteps      | 1167360    |
| train/                  |            |
|    approx_kl            | 0.07266813 |
|    clip_fraction        | 0.481      |
|    clip_range           | 0.2        |
|    entropy_loss         | -10.5      |
|    explained_variance   | 0.9255037  |
|    learning_rate        | 0.0003     |
|    loss                 | 0.129      |
|    n_updates            | 5690       |
|    policy_gradient_loss | -0.053     |
|    std                  | 0.5        |
|    value_loss           | 1.7        |
----------------------------------------
----------------------------------------
| rollout/                |            |
|    ep_len_mean          | 350        |
|    ep_rew_mean          | 81.9       |
| time/                   |            |
|    fps                  | 1342       |
|    iterations           | 571        |
|    time_elapsed         | 870        |
|    total_timesteps      | 1169408    |
| train/                  |            |
|    approx_kl            | 0.07269506 |
|    clip_fraction        | 0.484      |
|    clip_range           | 0.2        |
|    entropy_loss         | -10.4      |
|    explained_variance   | 0.972851   |
|    learning_rate        | 0.0003     |
|    loss                 | 0.28       |
|    n_updates            | 5700       |
|    policy_gradient_loss | -0.054     |
|    std                  | 0.5        |
|    value_loss           | 0.993      |
----------------------------------------
----------------------------------------
| rollout/                |            |
|    ep_len_mean          | 354        |
|    ep_rew_mean          | 82.4       |
| time/                   |            |
|    fps                  | 1343       |
|    iterations           | 572        |
|    time_elapsed         | 872        |
|    total_timesteps      | 1171456    |
| train/                  |            |
|    approx_kl            | 0.0867936  |
|    clip_fraction        | 0.494      |
|    clip_range           | 0.2        |
|    entropy_loss         | -10.4      |
|    explained_variance   | 0.97930425 |
|    learning_rate        | 0.0003     |
|    loss                 | 0.109      |
|    n_updates            | 5710       |
|    policy_gradient_loss | -0.0528    |
|    std                  | 0.498      |
|    value_loss           | 0.819      |
----------------------------------------
----------------------------------------
| rollout/                |            |
|    ep_len_mean          | 344        |
|    ep_rew_mean          | 79.8       |
| time/                   |            |
|    fps                  | 1343       |
|    iterations           | 573        |
|    time_elapsed         | 873        |
|    total_timesteps      | 1173504    |
| train/                  |            |
|    approx_kl            | 0.05890832 |
|    clip_fraction        | 0.467      |
|    clip_range           | 0.2        |
|    entropy_loss         | -10.4      |
|    explained_variance   | 0.93588877 |
|    learning_rate        | 0.0003     |
|    loss                 | 0.434      |
|    n_updates            | 5720       |
|    policy_gradient_loss | -0.0506    |
|    std                  | 0.499      |
|    value_loss           | 1.67       |
----------------------------------------
-----------------------------------------
| rollout/                |             |
|    ep_len_mean          | 356         |
|    ep_rew_mean          | 82.4        |
| time/                   |             |
|    fps                  | 1343        |
|    iterations           | 574         |
|    time_elapsed         | 875         |
|    total_timesteps      | 1175552     |
| train/                  |             |
|    approx_kl            | 0.084615454 |
|    clip_fraction        | 0.51        |
|    clip_range           | 0.2         |
|    entropy_loss         | -10.4       |
|    explained_variance   | 0.9764671   |
|    learning_rate        | 0.0003      |
|    loss                 | 0.263       |
|    n_updates            | 5730        |
|    policy_gradient_loss | -0.047      |
|    std                  | 0.498       |
|    value_loss           | 1.24        |
-----------------------------------------
-----------------------------------------
| rollout/                |             |
|    ep_len_mean          | 353         |
|    ep_rew_mean          | 81.6        |
| time/                   |             |
|    fps                  | 1343        |
|    iterations           | 575         |
|    time_elapsed         | 876         |
|    total_timesteps      | 1177600     |
| train/                  |             |
|    approx_kl            | 0.078097835 |
|    clip_fraction        | 0.495       |
|    clip_range           | 0.2         |
|    entropy_loss         | -10.4       |
|    explained_variance   | 0.9531057   |
|    learning_rate        | 0.0003      |
|    loss                 | 0.192       |
|    n_updates            | 5740        |
|    policy_gradient_loss | -0.0489     |
|    std                  | 0.496       |
|    value_loss           | 1.15        |
-----------------------------------------
----------------------------------------
| rollout/                |            |
|    ep_len_mean          | 358        |
|    ep_rew_mean          | 82.9       |
| time/                   |            |
|    fps                  | 1343       |
|    iterations           | 576        |
|    time_elapsed         | 878        |
|    total_timesteps      | 1179648    |
| train/                  |            |
|    approx_kl            | 0.06542804 |
|    clip_fraction        | 0.437      |
|    clip_range           | 0.2        |
|    entropy_loss         | -10.3      |
|    explained_variance   | 0.9291172  |
|    learning_rate        | 0.0003     |
|    loss                 | 0.473      |
|    n_updates            | 5750       |
|    policy_gradient_loss | -0.0559    |
|    std                  | 0.495      |
|    value_loss           | 2.19       |
----------------------------------------
-----------------------------------------
| rollout/                |             |
|    ep_len_mean          | 360         |
|    ep_rew_mean          | 82.8        |
| time/                   |             |
|    fps                  | 1343        |
|    iterations           | 577         |
|    time_elapsed         | 879         |
|    total_timesteps      | 1181696     |
| train/                  |             |
|    approx_kl            | 0.081010714 |
|    clip_fraction        | 0.481       |
|    clip_range           | 0.2         |
|    entropy_loss         | -10.3       |
|    explained_variance   | 0.93780285  |
|    learning_rate        | 0.0003      |
|    loss                 | 0.228       |
|    n_updates            | 5760        |
|    policy_gradient_loss | -0.0464     |
|    std                  | 0.494       |
|    value_loss           | 1.36        |
-----------------------------------------
----------------------------------------
| rollout/                |            |
|    ep_len_mean          | 358        |
|    ep_rew_mean          | 82.2       |
| time/                   |            |
|    fps                  | 1344       |
|    iterations           | 578        |
|    time_elapsed         | 880        |
|    total_timesteps      | 1183744    |
| train/                  |            |
|    approx_kl            | 0.05403161 |
|    clip_fraction        | 0.425      |
|    clip_range           | 0.2        |
|    entropy_loss         | -10.3      |
|    explained_variance   | 0.9318767  |
|    learning_rate        | 0.0003     |
|    loss                 | 0.625      |
|    n_updates            | 5770       |
|    policy_gradient_loss | -0.0521    |
|    std                  | 0.494      |
|    value_loss           | 2.45       |
----------------------------------------
-----------------------------------------
| rollout/                |             |
|    ep_len_mean          | 352         |
|    ep_rew_mean          | 80.7        |
| time/                   |             |
|    fps                  | 1344        |
|    iterations           | 579         |
|    time_elapsed         | 882         |
|    total_timesteps      | 1185792     |
| train/                  |             |
|    approx_kl            | 0.053664975 |
|    clip_fraction        | 0.402       |
|    clip_range           | 0.2         |
|    entropy_loss         | -10.2       |
|    explained_variance   | 0.95068514  |
|    learning_rate        | 0.0003      |
|    loss                 | 0.353       |
|    n_updates            | 5780        |
|    policy_gradient_loss | -0.0534     |
|    std                  | 0.491       |
|    value_loss           | 2.29        |
-----------------------------------------
----------------------------------------
| rollout/                |            |
|    ep_len_mean          | 347        |
|    ep_rew_mean          | 79.8       |
| time/                   |            |
|    fps                  | 1344       |
|    iterations           | 580        |
|    time_elapsed         | 883        |
|    total_timesteps      | 1187840    |
| train/                  |            |
|    approx_kl            | 0.07427564 |
|    clip_fraction        | 0.476      |
|    clip_range           | 0.2        |
|    entropy_loss         | -10.2      |
|    explained_variance   | 0.9667477  |
|    learning_rate        | 0.0003     |
|    loss                 | 0.078      |
|    n_updates            | 5790       |
|    policy_gradient_loss | -0.0546    |
|    std                  | 0.491      |
|    value_loss           | 1.17       |
----------------------------------------
----------------------------------------
| rollout/                |            |
|    ep_len_mean          | 347        |
|    ep_rew_mean          | 80.3       |
| time/                   |            |
|    fps                  | 1344       |
|    iterations           | 581        |
|    time_elapsed         | 884        |
|    total_timesteps      | 1189888    |
| train/                  |            |
|    approx_kl            | 0.09008443 |
|    clip_fraction        | 0.492      |
|    clip_range           | 0.2        |
|    entropy_loss         | -10.2      |
|    explained_variance   | 0.9580159  |
|    learning_rate        | 0.0003     |
|    loss                 | 0.354      |
|    n_updates            | 5800       |
|    policy_gradient_loss | -0.0532    |
|    std                  | 0.491      |
|    value_loss           | 1.43       |
----------------------------------------
-----------------------------------------
| rollout/                |             |
|    ep_len_mean          | 347         |
|    ep_rew_mean          | 80.3        |
| time/                   |             |
|    fps                  | 1344        |
|    iterations           | 582         |
|    time_elapsed         | 886         |
|    total_timesteps      | 1191936     |
| train/                  |             |
|    approx_kl            | 0.098278224 |
|    clip_fraction        | 0.501       |
|    clip_range           | 0.2         |
|    entropy_loss         | -10.2       |
|    explained_variance   | 0.94466555  |
|    learning_rate        | 0.0003      |
|    loss                 | 0.249       |
|    n_updates            | 5810        |
|    policy_gradient_loss | -0.0444     |
|    std                  | 0.49        |
|    value_loss           | 1.33        |
-----------------------------------------
----------------------------------------
| rollout/                |            |
|    ep_len_mean          | 357        |
|    ep_rew_mean          | 82.4       |
| time/                   |            |
|    fps                  | 1344       |
|    iterations           | 583        |
|    time_elapsed         | 887        |
|    total_timesteps      | 1193984    |
| train/                  |            |
|    approx_kl            | 0.06955364 |
|    clip_fraction        | 0.471      |
|    clip_range           | 0.2        |
|    entropy_loss         | -10.1      |
|    explained_variance   | 0.9468669  |
|    learning_rate        | 0.0003     |
|    loss                 | 0.905      |
|    n_updates            | 5820       |
|    policy_gradient_loss | -0.0514    |
|    std                  | 0.488      |
|    value_loss           | 2.13       |
----------------------------------------
----------------------------------------
| rollout/                |            |
|    ep_len_mean          | 356        |
|    ep_rew_mean          | 82.2       |
| time/                   |            |
|    fps                  | 1345       |
|    iterations           | 584        |
|    time_elapsed         | 889        |
|    total_timesteps      | 1196032    |
| train/                  |            |
|    approx_kl            | 0.08288053 |
|    clip_fraction        | 0.501      |
|    clip_range           | 0.2        |
|    entropy_loss         | -10.1      |
|    explained_variance   | 0.9304625  |
|    learning_rate        | 0.0003     |
|    loss                 | 0.301      |
|    n_updates            | 5830       |
|    policy_gradient_loss | -0.0517    |
|    std                  | 0.487      |
|    value_loss           | 1.59       |
----------------------------------------
-----------------------------------------
| rollout/                |             |
|    ep_len_mean          | 362         |
|    ep_rew_mean          | 83.5        |
| time/                   |             |
|    fps                  | 1345        |
|    iterations           | 585         |
|    time_elapsed         | 890         |
|    total_timesteps      | 1198080     |
| train/                  |             |
|    approx_kl            | 0.110711865 |
|    clip_fraction        | 0.536       |
|    clip_range           | 0.2         |
|    entropy_loss         | -10         |
|    explained_variance   | 0.96463585  |
|    learning_rate        | 0.0003      |
|    loss                 | 0.114       |
|    n_updates            | 5840        |
|    policy_gradient_loss | -0.052      |
|    std                  | 0.488       |
|    value_loss           | 0.82        |
-----------------------------------------
----------------------------------------
| rollout/                |            |
|    ep_len_mean          | 364        |
|    ep_rew_mean          | 84.5       |
| time/                   |            |
|    fps                  | 1345       |
|    iterations           | 586        |
|    time_elapsed         | 891        |
|    total_timesteps      | 1200128    |
| train/                  |            |
|    approx_kl            | 0.07473737 |
|    clip_fraction        | 0.483      |
|    clip_range           | 0.2        |
|    entropy_loss         | -10        |
|    explained_variance   | 0.91135854 |
|    learning_rate        | 0.0003     |
|    loss                 | 0.244      |
|    n_updates            | 5850       |
|    policy_gradient_loss | -0.054     |
|    std                  | 0.487      |
|    value_loss           | 1.69       |
----------------------------------------
----------------------------------------
| rollout/                |            |
|    ep_len_mean          | 357        |
|    ep_rew_mean          | 82.8       |
| time/                   |            |
|    fps                  | 1345       |
|    iterations           | 587        |
|    time_elapsed         | 893        |
|    total_timesteps      | 1202176    |
| train/                  |            |
|    approx_kl            | 0.07339154 |
|    clip_fraction        | 0.477      |
|    clip_range           | 0.2        |
|    entropy_loss         | -10        |
|    explained_variance   | 0.9428     |
|    learning_rate        | 0.0003     |
|    loss                 | 0.39       |
|    n_updates            | 5860       |
|    policy_gradient_loss | -0.0519    |
|    std                  | 0.487      |
|    value_loss           | 2.02       |
----------------------------------------
-----------------------------------------
| rollout/                |             |
|    ep_len_mean          | 364         |
|    ep_rew_mean          | 84.2        |
| time/                   |             |
|    fps                  | 1345        |
|    iterations           | 588         |
|    time_elapsed         | 894         |
|    total_timesteps      | 1204224     |
| train/                  |             |
|    approx_kl            | 0.097708136 |
|    clip_fraction        | 0.51        |
|    clip_range           | 0.2         |
|    entropy_loss         | -10         |
|    explained_variance   | 0.9546332   |
|    learning_rate        | 0.0003      |
|    loss                 | 0.344       |
|    n_updates            | 5870        |
|    policy_gradient_loss | -0.0561     |
|    std                  | 0.487       |
|    value_loss           | 1.21        |
-----------------------------------------
----------------------------------------
| rollout/                |            |
|    ep_len_mean          | 372        |
|    ep_rew_mean          | 86.8       |
| time/                   |            |
|    fps                  | 1345       |
|    iterations           | 589        |
|    time_elapsed         | 896        |
|    total_timesteps      | 1206272    |
| train/                  |            |
|    approx_kl            | 0.09857707 |
|    clip_fraction        | 0.513      |
|    clip_range           | 0.2        |
|    entropy_loss         | -9.99      |
|    explained_variance   | 0.93747973 |
|    learning_rate        | 0.0003     |
|    loss                 | 0.121      |
|    n_updates            | 5880       |
|    policy_gradient_loss | -0.0546    |
|    std                  | 0.486      |
|    value_loss           | 1.49       |
----------------------------------------
----------------------------------------
| rollout/                |            |
|    ep_len_mean          | 377        |
|    ep_rew_mean          | 88.8       |
| time/                   |            |
|    fps                  | 1346       |
|    iterations           | 590        |
|    time_elapsed         | 897        |
|    total_timesteps      | 1208320    |
| train/                  |            |
|    approx_kl            | 0.09255428 |
|    clip_fraction        | 0.528      |
|    clip_range           | 0.2        |
|    entropy_loss         | -9.99      |
|    explained_variance   | 0.950246   |
|    learning_rate        | 0.0003     |
|    loss                 | 0.156      |
|    n_updates            | 5890       |
|    policy_gradient_loss | -0.0542    |
|    std                  | 0.486      |
|    value_loss           | 0.932      |
----------------------------------------
-----------------------------------------
| rollout/                |             |
|    ep_len_mean          | 383         |
|    ep_rew_mean          | 90          |
| time/                   |             |
|    fps                  | 1346        |
|    iterations           | 591         |
|    time_elapsed         | 899         |
|    total_timesteps      | 1210368     |
| train/                  |             |
|    approx_kl            | 0.080058485 |
|    clip_fraction        | 0.517       |
|    clip_range           | 0.2         |
|    entropy_loss         | -9.98       |
|    explained_variance   | 0.9545916   |
|    learning_rate        | 0.0003      |
|    loss                 | 0.233       |
|    n_updates            | 5900        |
|    policy_gradient_loss | -0.0535     |
|    std                  | 0.486       |
|    value_loss           | 1.07        |
-----------------------------------------
-----------------------------------------
| rollout/                |             |
|    ep_len_mean          | 404         |
|    ep_rew_mean          | 94.9        |
| time/                   |             |
|    fps                  | 1346        |
|    iterations           | 592         |
|    time_elapsed         | 900         |
|    total_timesteps      | 1212416     |
| train/                  |             |
|    approx_kl            | 0.075821415 |
|    clip_fraction        | 0.504       |
|    clip_range           | 0.2         |
|    entropy_loss         | -9.98       |
|    explained_variance   | 0.9355171   |
|    learning_rate        | 0.0003      |
|    loss                 | 0.181       |
|    n_updates            | 5910        |
|    policy_gradient_loss | -0.0564     |
|    std                  | 0.485       |
|    value_loss           | 1.1         |
-----------------------------------------
-----------------------------------------
| rollout/                |             |
|    ep_len_mean          | 411         |
|    ep_rew_mean          | 95.7        |
| time/                   |             |
|    fps                  | 1346        |
|    iterations           | 593         |
|    time_elapsed         | 902         |
|    total_timesteps      | 1214464     |
| train/                  |             |
|    approx_kl            | 0.055629775 |
|    clip_fraction        | 0.469       |
|    clip_range           | 0.2         |
|    entropy_loss         | -9.97       |
|    explained_variance   | 0.9375236   |
|    learning_rate        | 0.0003      |
|    loss                 | 0.555       |
|    n_updates            | 5920        |
|    policy_gradient_loss | -0.0548     |
|    std                  | 0.485       |
|    value_loss           | 1.78        |
-----------------------------------------
----------------------------------------
| rollout/                |            |
|    ep_len_mean          | 397        |
|    ep_rew_mean          | 92.8       |
| time/                   |            |
|    fps                  | 1346       |
|    iterations           | 594        |
|    time_elapsed         | 903        |
|    total_timesteps      | 1216512    |
| train/                  |            |
|    approx_kl            | 0.05731667 |
|    clip_fraction        | 0.417      |
|    clip_range           | 0.2        |
|    entropy_loss         | -9.96      |
|    explained_variance   | 0.9248246  |
|    learning_rate        | 0.0003     |
|    loss                 | 0.476      |
|    n_updates            | 5930       |
|    policy_gradient_loss | -0.0531    |
|    std                  | 0.485      |
|    value_loss           | 2.2        |
----------------------------------------
----------------------------------------
| rollout/                |            |
|    ep_len_mean          | 409        |
|    ep_rew_mean          | 95.8       |
| time/                   |            |
|    fps                  | 1346       |
|    iterations           | 595        |
|    time_elapsed         | 905        |
|    total_timesteps      | 1218560    |
| train/                  |            |
|    approx_kl            | 0.06740554 |
|    clip_fraction        | 0.421      |
|    clip_range           | 0.2        |
|    entropy_loss         | -9.94      |
|    explained_variance   | 0.9513194  |
|    learning_rate        | 0.0003     |
|    loss                 | 0.477      |
|    n_updates            | 5940       |
|    policy_gradient_loss | -0.0527    |
|    std                  | 0.484      |
|    value_loss           | 1.9        |
----------------------------------------
-----------------------------------------
| rollout/                |             |
|    ep_len_mean          | 403         |
|    ep_rew_mean          | 94.5        |
| time/                   |             |
|    fps                  | 1346        |
|    iterations           | 596         |
|    time_elapsed         | 906         |
|    total_timesteps      | 1220608     |
| train/                  |             |
|    approx_kl            | 0.067933165 |
|    clip_fraction        | 0.467       |
|    clip_range           | 0.2         |
|    entropy_loss         | -9.93       |
|    explained_variance   | 0.8996541   |
|    learning_rate        | 0.0003      |
|    loss                 | 0.391       |
|    n_updates            | 5950        |
|    policy_gradient_loss | -0.0527     |
|    std                  | 0.484       |
|    value_loss           | 2.33        |
-----------------------------------------
-----------------------------------------
| rollout/                |             |
|    ep_len_mean          | 410         |
|    ep_rew_mean          | 97.1        |
| time/                   |             |
|    fps                  | 1346        |
|    iterations           | 597         |
|    time_elapsed         | 907         |
|    total_timesteps      | 1222656     |
| train/                  |             |
|    approx_kl            | 0.075362064 |
|    clip_fraction        | 0.47        |
|    clip_range           | 0.2         |
|    entropy_loss         | -9.94       |
|    explained_variance   | 0.928878    |
|    learning_rate        | 0.0003      |
|    loss                 | 0.637       |
|    n_updates            | 5960        |
|    policy_gradient_loss | -0.0501     |
|    std                  | 0.484       |
|    value_loss           | 2.32        |
-----------------------------------------
-----------------------------------------
| rollout/                |             |
|    ep_len_mean          | 415         |
|    ep_rew_mean          | 98.9        |
| time/                   |             |
|    fps                  | 1346        |
|    iterations           | 598         |
|    time_elapsed         | 909         |
|    total_timesteps      | 1224704     |
| train/                  |             |
|    approx_kl            | 0.089999035 |
|    clip_fraction        | 0.521       |
|    clip_range           | 0.2         |
|    entropy_loss         | -9.91       |
|    explained_variance   | 0.9493021   |
|    learning_rate        | 0.0003      |
|    loss                 | 0.223       |
|    n_updates            | 5970        |
|    policy_gradient_loss | -0.0575     |
|    std                  | 0.483       |
|    value_loss           | 1.46        |
-----------------------------------------
----------------------------------------
| rollout/                |            |
|    ep_len_mean          | 431        |
|    ep_rew_mean          | 104        |
| time/                   |            |
|    fps                  | 1346       |
|    iterations           | 599        |
|    time_elapsed         | 910        |
|    total_timesteps      | 1226752    |
| train/                  |            |
|    approx_kl            | 0.10998757 |
|    clip_fraction        | 0.559      |
|    clip_range           | 0.2        |
|    entropy_loss         | -9.85      |
|    explained_variance   | 0.94669795 |
|    learning_rate        | 0.0003     |
|    loss                 | 0.215      |
|    n_updates            | 5980       |
|    policy_gradient_loss | -0.0583    |
|    std                  | 0.48       |
|    value_loss           | 1.37       |
----------------------------------------
----------------------------------------
| rollout/                |            |
|    ep_len_mean          | 443        |
|    ep_rew_mean          | 106        |
| time/                   |            |
|    fps                  | 1346       |
|    iterations           | 600        |
|    time_elapsed         | 912        |
|    total_timesteps      | 1228800    |
| train/                  |            |
|    approx_kl            | 0.1001419  |
|    clip_fraction        | 0.559      |
|    clip_range           | 0.2        |
|    entropy_loss         | -9.81      |
|    explained_variance   | 0.94784784 |
|    learning_rate        | 0.0003     |
|    loss                 | 0.0872     |
|    n_updates            | 5990       |
|    policy_gradient_loss | -0.0565    |
|    std                  | 0.48       |
|    value_loss           | 0.98       |
----------------------------------------
-----------------------------------------
| rollout/                |             |
|    ep_len_mean          | 449         |
|    ep_rew_mean          | 108         |
| time/                   |             |
|    fps                  | 1347        |
|    iterations           | 601         |
|    time_elapsed         | 913         |
|    total_timesteps      | 1230848     |
| train/                  |             |
|    approx_kl            | 0.064181596 |
|    clip_fraction        | 0.43        |
|    clip_range           | 0.2         |
|    entropy_loss         | -9.77       |
|    explained_variance   | 0.8934998   |
|    learning_rate        | 0.0003      |
|    loss                 | 0.383       |
|    n_updates            | 6000        |
|    policy_gradient_loss | -0.0556     |
|    std                  | 0.478       |
|    value_loss           | 2.45        |
-----------------------------------------
-----------------------------------------
| rollout/                |             |
|    ep_len_mean          | 461         |
|    ep_rew_mean          | 110         |
| time/                   |             |
|    fps                  | 1347        |
|    iterations           | 602         |
|    time_elapsed         | 915         |
|    total_timesteps      | 1232896     |
| train/                  |             |
|    approx_kl            | 0.069965705 |
|    clip_fraction        | 0.473       |
|    clip_range           | 0.2         |
|    entropy_loss         | -9.74       |
|    explained_variance   | 0.94665194  |
|    learning_rate        | 0.0003      |
|    loss                 | 0.308       |
|    n_updates            | 6010        |
|    policy_gradient_loss | -0.0508     |
|    std                  | 0.477       |
|    value_loss           | 1.68        |
-----------------------------------------
----------------------------------------
| rollout/                |            |
|    ep_len_mean          | 474        |
|    ep_rew_mean          | 112        |
| time/                   |            |
|    fps                  | 1347       |
|    iterations           | 603        |
|    time_elapsed         | 916        |
|    total_timesteps      | 1234944    |
| train/                  |            |
|    approx_kl            | 0.06833798 |
|    clip_fraction        | 0.486      |
|    clip_range           | 0.2        |
|    entropy_loss         | -9.72      |
|    explained_variance   | 0.9135542  |
|    learning_rate        | 0.0003     |
|    loss                 | 0.513      |
|    n_updates            | 6020       |
|    policy_gradient_loss | -0.0549    |
|    std                  | 0.477      |
|    value_loss           | 2.31       |
----------------------------------------
----------------------------------------
| rollout/                |            |
|    ep_len_mean          | 482        |
|    ep_rew_mean          | 113        |
| time/                   |            |
|    fps                  | 1347       |
|    iterations           | 604        |
|    time_elapsed         | 918        |
|    total_timesteps      | 1236992    |
| train/                  |            |
|    approx_kl            | 0.0678011  |
|    clip_fraction        | 0.507      |
|    clip_range           | 0.2        |
|    entropy_loss         | -9.73      |
|    explained_variance   | 0.93002737 |
|    learning_rate        | 0.0003     |
|    loss                 | 0.444      |
|    n_updates            | 6030       |
|    policy_gradient_loss | -0.0552    |
|    std                  | 0.477      |
|    value_loss           | 1.81       |
----------------------------------------
-----------------------------------------
| rollout/                |             |
|    ep_len_mean          | 497         |
|    ep_rew_mean          | 116         |
| time/                   |             |
|    fps                  | 1347        |
|    iterations           | 605         |
|    time_elapsed         | 919         |
|    total_timesteps      | 1239040     |
| train/                  |             |
|    approx_kl            | 0.068374895 |
|    clip_fraction        | 0.475       |
|    clip_range           | 0.2         |
|    entropy_loss         | -9.72       |
|    explained_variance   | 0.9310509   |
|    learning_rate        | 0.0003      |
|    loss                 | 0.629       |
|    n_updates            | 6040        |
|    policy_gradient_loss | -0.0522     |
|    std                  | 0.476       |
|    value_loss           | 2.25        |
-----------------------------------------
---------------------------------------
| rollout/                |           |
|    ep_len_mean          | 501       |
|    ep_rew_mean          | 117       |
| time/                   |           |
|    fps                  | 1347      |
|    iterations           | 606       |
|    time_elapsed         | 921       |
|    total_timesteps      | 1241088   |
| train/                  |           |
|    approx_kl            | 0.0952568 |
|    clip_fraction        | 0.539     |
|    clip_range           | 0.2       |
|    entropy_loss         | -9.66     |
|    explained_variance   | 0.9502216 |
|    learning_rate        | 0.0003    |
|    loss                 | 0.386     |
|    n_updates            | 6050      |
|    policy_gradient_loss | -0.0567   |
|    std                  | 0.474     |
|    value_loss           | 1.22      |
---------------------------------------
----------------------------------------
| rollout/                |            |
|    ep_len_mean          | 489        |
|    ep_rew_mean          | 115        |
| time/                   |            |
|    fps                  | 1347       |
|    iterations           | 607        |
|    time_elapsed         | 922        |
|    total_timesteps      | 1243136    |
| train/                  |            |
|    approx_kl            | 0.07239564 |
|    clip_fraction        | 0.484      |
|    clip_range           | 0.2        |
|    entropy_loss         | -9.59      |
|    explained_variance   | 0.9439103  |
|    learning_rate        | 0.0003     |
|    loss                 | 0.46       |
|    n_updates            | 6060       |
|    policy_gradient_loss | -0.0551    |
|    std                  | 0.472      |
|    value_loss           | 2.05       |
----------------------------------------
-----------------------------------------
| rollout/                |             |
|    ep_len_mean          | 491         |
|    ep_rew_mean          | 116         |
| time/                   |             |
|    fps                  | 1347        |
|    iterations           | 608         |
|    time_elapsed         | 923         |
|    total_timesteps      | 1245184     |
| train/                  |             |
|    approx_kl            | 0.109326854 |
|    clip_fraction        | 0.526       |
|    clip_range           | 0.2         |
|    entropy_loss         | -9.56       |
|    explained_variance   | 0.96948165  |
|    learning_rate        | 0.0003      |
|    loss                 | 0.0878      |
|    n_updates            | 6070        |
|    policy_gradient_loss | -0.0548     |
|    std                  | 0.471       |
|    value_loss           | 1.14        |
-----------------------------------------
-----------------------------------------
| rollout/                |             |
|    ep_len_mean          | 483         |
|    ep_rew_mean          | 114         |
| time/                   |             |
|    fps                  | 1347        |
|    iterations           | 609         |
|    time_elapsed         | 925         |
|    total_timesteps      | 1247232     |
| train/                  |             |
|    approx_kl            | 0.095901966 |
|    clip_fraction        | 0.541       |
|    clip_range           | 0.2         |
|    entropy_loss         | -9.55       |
|    explained_variance   | 0.9618678   |
|    learning_rate        | 0.0003      |
|    loss                 | 0.164       |
|    n_updates            | 6080        |
|    policy_gradient_loss | -0.0518     |
|    std                  | 0.471       |
|    value_loss           | 1.23        |
-----------------------------------------
----------------------------------------
| rollout/                |            |
|    ep_len_mean          | 481        |
|    ep_rew_mean          | 113        |
| time/                   |            |
|    fps                  | 1348       |
|    iterations           | 610        |
|    time_elapsed         | 926        |
|    total_timesteps      | 1249280    |
| train/                  |            |
|    approx_kl            | 0.07182221 |
|    clip_fraction        | 0.463      |
|    clip_range           | 0.2        |
|    entropy_loss         | -9.54      |
|    explained_variance   | 0.953446   |
|    learning_rate        | 0.0003     |
|    loss                 | 0.58       |
|    n_updates            | 6090       |
|    policy_gradient_loss | -0.0561    |
|    std                  | 0.47       |
|    value_loss           | 1.57       |
----------------------------------------
-----------------------------------------
| rollout/                |             |
|    ep_len_mean          | 474         |
|    ep_rew_mean          | 112         |
| time/                   |             |
|    fps                  | 1348        |
|    iterations           | 611         |
|    time_elapsed         | 928         |
|    total_timesteps      | 1251328     |
| train/                  |             |
|    approx_kl            | 0.065431505 |
|    clip_fraction        | 0.445       |
|    clip_range           | 0.2         |
|    entropy_loss         | -9.51       |
|    explained_variance   | 0.9509966   |
|    learning_rate        | 0.0003      |
|    loss                 | 0.471       |
|    n_updates            | 6100        |
|    policy_gradient_loss | -0.0488     |
|    std                  | 0.47        |
|    value_loss           | 2.08        |
-----------------------------------------
----------------------------------------
| rollout/                |            |
|    ep_len_mean          | 475        |
|    ep_rew_mean          | 111        |
| time/                   |            |
|    fps                  | 1348       |
|    iterations           | 612        |
|    time_elapsed         | 929        |
|    total_timesteps      | 1253376    |
| train/                  |            |
|    approx_kl            | 0.07402642 |
|    clip_fraction        | 0.487      |
|    clip_range           | 0.2        |
|    entropy_loss         | -9.51      |
|    explained_variance   | 0.9585501  |
|    learning_rate        | 0.0003     |
|    loss                 | 0.339      |
|    n_updates            | 6110       |
|    policy_gradient_loss | -0.0579    |
|    std                  | 0.47       |
|    value_loss           | 1.7        |
----------------------------------------
----------------------------------------
| rollout/                |            |
|    ep_len_mean          | 470        |
|    ep_rew_mean          | 109        |
| time/                   |            |
|    fps                  | 1348       |
|    iterations           | 613        |
|    time_elapsed         | 930        |
|    total_timesteps      | 1255424    |
| train/                  |            |
|    approx_kl            | 0.09309921 |
|    clip_fraction        | 0.532      |
|    clip_range           | 0.2        |
|    entropy_loss         | -9.47      |
|    explained_variance   | 0.94643956 |
|    learning_rate        | 0.0003     |
|    loss                 | 0.391      |
|    n_updates            | 6120       |
|    policy_gradient_loss | -0.0594    |
|    std                  | 0.468      |
|    value_loss           | 1.46       |
----------------------------------------
----------------------------------------
| rollout/                |            |
|    ep_len_mean          | 445        |
|    ep_rew_mean          | 104        |
| time/                   |            |
|    fps                  | 1348       |
|    iterations           | 614        |
|    time_elapsed         | 932        |
|    total_timesteps      | 1257472    |
| train/                  |            |
|    approx_kl            | 0.0831749  |
|    clip_fraction        | 0.522      |
|    clip_range           | 0.2        |
|    entropy_loss         | -9.42      |
|    explained_variance   | 0.95433986 |
|    learning_rate        | 0.0003     |
|    loss                 | 0.0476     |
|    n_updates            | 6130       |
|    policy_gradient_loss | -0.0523    |
|    std                  | 0.466      |
|    value_loss           | 1.12       |
----------------------------------------
-----------------------------------------
| rollout/                |             |
|    ep_len_mean          | 446         |
|    ep_rew_mean          | 104         |
| time/                   |             |
|    fps                  | 1348        |
|    iterations           | 615         |
|    time_elapsed         | 933         |
|    total_timesteps      | 1259520     |
| train/                  |             |
|    approx_kl            | 0.073849425 |
|    clip_fraction        | 0.473       |
|    clip_range           | 0.2         |
|    entropy_loss         | -9.38       |
|    explained_variance   | 0.93934983  |
|    learning_rate        | 0.0003      |
|    loss                 | 0.241       |
|    n_updates            | 6140        |
|    policy_gradient_loss | -0.0481     |
|    std                  | 0.466       |
|    value_loss           | 1.54        |
-----------------------------------------
----------------------------------------
| rollout/                |            |
|    ep_len_mean          | 458        |
|    ep_rew_mean          | 107        |
| time/                   |            |
|    fps                  | 1348       |
|    iterations           | 616        |
|    time_elapsed         | 935        |
|    total_timesteps      | 1261568    |
| train/                  |            |
|    approx_kl            | 0.09915084 |
|    clip_fraction        | 0.555      |
|    clip_range           | 0.2        |
|    entropy_loss         | -9.34      |
|    explained_variance   | 0.9071962  |
|    learning_rate        | 0.0003     |
|    loss                 | 0.325      |
|    n_updates            | 6150       |
|    policy_gradient_loss | -0.0636    |
|    std                  | 0.465      |
|    value_loss           | 1.45       |
----------------------------------------
-----------------------------------------
| rollout/                |             |
|    ep_len_mean          | 458         |
|    ep_rew_mean          | 107         |
| time/                   |             |
|    fps                  | 1348        |
|    iterations           | 617         |
|    time_elapsed         | 936         |
|    total_timesteps      | 1263616     |
| train/                  |             |
|    approx_kl            | 0.075324975 |
|    clip_fraction        | 0.478       |
|    clip_range           | 0.2         |
|    entropy_loss         | -9.29       |
|    explained_variance   | 0.9344075   |
|    learning_rate        | 0.0003      |
|    loss                 | 0.222       |
|    n_updates            | 6160        |
|    policy_gradient_loss | -0.045      |
|    std                  | 0.463       |
|    value_loss           | 1.72        |
-----------------------------------------
-----------------------------------------
| rollout/                |             |
|    ep_len_mean          | 449         |
|    ep_rew_mean          | 105         |
| time/                   |             |
|    fps                  | 1349        |
|    iterations           | 618         |
|    time_elapsed         | 938         |
|    total_timesteps      | 1265664     |
| train/                  |             |
|    approx_kl            | 0.100244775 |
|    clip_fraction        | 0.513       |
|    clip_range           | 0.2         |
|    entropy_loss         | -9.2        |
|    explained_variance   | 0.91978943  |
|    learning_rate        | 0.0003      |
|    loss                 | 0.101       |
|    n_updates            | 6170        |
|    policy_gradient_loss | -0.0503     |
|    std                  | 0.46        |
|    value_loss           | 1.34        |
-----------------------------------------
----------------------------------------
| rollout/                |            |
|    ep_len_mean          | 450        |
|    ep_rew_mean          | 105        |
| time/                   |            |
|    fps                  | 1349       |
|    iterations           | 619        |
|    time_elapsed         | 939        |
|    total_timesteps      | 1267712    |
| train/                  |            |
|    approx_kl            | 0.08428937 |
|    clip_fraction        | 0.511      |
|    clip_range           | 0.2        |
|    entropy_loss         | -9.17      |
|    explained_variance   | 0.9810173  |
|    learning_rate        | 0.0003     |
|    loss                 | 0.124      |
|    n_updates            | 6180       |
|    policy_gradient_loss | -0.0521    |
|    std                  | 0.46       |
|    value_loss           | 0.922      |
----------------------------------------
----------------------------------------
| rollout/                |            |
|    ep_len_mean          | 429        |
|    ep_rew_mean          | 99.1       |
| time/                   |            |
|    fps                  | 1349       |
|    iterations           | 620        |
|    time_elapsed         | 940        |
|    total_timesteps      | 1269760    |
| train/                  |            |
|    approx_kl            | 0.10239502 |
|    clip_fraction        | 0.55       |
|    clip_range           | 0.2        |
|    entropy_loss         | -9.15      |
|    explained_variance   | 0.9636151  |
|    learning_rate        | 0.0003     |
|    loss                 | 0.0657     |
|    n_updates            | 6190       |
|    policy_gradient_loss | -0.054     |
|    std                  | 0.46       |
|    value_loss           | 0.895      |
----------------------------------------
-----------------------------------------
| rollout/                |             |
|    ep_len_mean          | 418         |
|    ep_rew_mean          | 96.7        |
| time/                   |             |
|    fps                  | 1349        |
|    iterations           | 621         |
|    time_elapsed         | 942         |
|    total_timesteps      | 1271808     |
| train/                  |             |
|    approx_kl            | 0.087128416 |
|    clip_fraction        | 0.521       |
|    clip_range           | 0.2         |
|    entropy_loss         | -9.12       |
|    explained_variance   | 0.9631826   |
|    learning_rate        | 0.0003      |
|    loss                 | 0.267       |
|    n_updates            | 6200        |
|    policy_gradient_loss | -0.0492     |
|    std                  | 0.459       |
|    value_loss           | 1.31        |
-----------------------------------------
----------------------------------------
| rollout/                |            |
|    ep_len_mean          | 420        |
|    ep_rew_mean          | 97.7       |
| time/                   |            |
|    fps                  | 1349       |
|    iterations           | 622        |
|    time_elapsed         | 943        |
|    total_timesteps      | 1273856    |
| train/                  |            |
|    approx_kl            | 0.06012176 |
|    clip_fraction        | 0.468      |
|    clip_range           | 0.2        |
|    entropy_loss         | -9.08      |
|    explained_variance   | 0.95665187 |
|    learning_rate        | 0.0003     |
|    loss                 | 0.814      |
|    n_updates            | 6210       |
|    policy_gradient_loss | -0.052     |
|    std                  | 0.458      |
|    value_loss           | 2.12       |
----------------------------------------
----------------------------------------
| rollout/                |            |
|    ep_len_mean          | 389        |
|    ep_rew_mean          | 92.4       |
| time/                   |            |
|    fps                  | 1349       |
|    iterations           | 623        |
|    time_elapsed         | 945        |
|    total_timesteps      | 1275904    |
| train/                  |            |
|    approx_kl            | 0.11470616 |
|    clip_fraction        | 0.542      |
|    clip_range           | 0.2        |
|    entropy_loss         | -9.04      |
|    explained_variance   | 0.9636631  |
|    learning_rate        | 0.0003     |
|    loss                 | 0.221      |
|    n_updates            | 6220       |
|    policy_gradient_loss | -0.0581    |
|    std                  | 0.457      |
|    value_loss           | 1.13       |
----------------------------------------
----------------------------------------
| rollout/                |            |
|    ep_len_mean          | 374        |
|    ep_rew_mean          | 89.2       |
| time/                   |            |
|    fps                  | 1350       |
|    iterations           | 624        |
|    time_elapsed         | 946        |
|    total_timesteps      | 1277952    |
| train/                  |            |
|    approx_kl            | 0.10038106 |
|    clip_fraction        | 0.547      |
|    clip_range           | 0.2        |
|    entropy_loss         | -8.98      |
|    explained_variance   | 0.974438   |
|    learning_rate        | 0.0003     |
|    loss                 | 0.204      |
|    n_updates            | 6230       |
|    policy_gradient_loss | -0.0494    |
|    std                  | 0.455      |
|    value_loss           | 0.87       |
----------------------------------------
-----------------------------------------
| rollout/                |             |
|    ep_len_mean          | 375         |
|    ep_rew_mean          | 89.5        |
| time/                   |             |
|    fps                  | 1350        |
|    iterations           | 625         |
|    time_elapsed         | 948         |
|    total_timesteps      | 1280000     |
| train/                  |             |
|    approx_kl            | 0.096236296 |
|    clip_fraction        | 0.52        |
|    clip_range           | 0.2         |
|    entropy_loss         | -8.95       |
|    explained_variance   | 0.95288754  |
|    learning_rate        | 0.0003      |
|    loss                 | 0.0921      |
|    n_updates            | 6240        |
|    policy_gradient_loss | -0.056      |
|    std                  | 0.455       |
|    value_loss           | 1.32        |
-----------------------------------------
---------------------------------------
| rollout/                |           |
|    ep_len_mean          | 383       |
|    ep_rew_mean          | 91.3      |
| time/                   |           |
|    fps                  | 1350      |
|    iterations           | 626       |
|    time_elapsed         | 949       |
|    total_timesteps      | 1282048   |
| train/                  |           |
|    approx_kl            | 0.0914641 |
|    clip_fraction        | 0.522     |
|    clip_range           | 0.2       |
|    entropy_loss         | -8.97     |
|    explained_variance   | 0.947685  |
|    learning_rate        | 0.0003    |
|    loss                 | 0.367     |
|    n_updates            | 6250      |
|    policy_gradient_loss | -0.0535   |
|    std                  | 0.456     |
|    value_loss           | 1.43      |
---------------------------------------
----------------------------------------
| rollout/                |            |
|    ep_len_mean          | 379        |
|    ep_rew_mean          | 89.8       |
| time/                   |            |
|    fps                  | 1350       |
|    iterations           | 627        |
|    time_elapsed         | 950        |
|    total_timesteps      | 1284096    |
| train/                  |            |
|    approx_kl            | 0.10245764 |
|    clip_fraction        | 0.524      |
|    clip_range           | 0.2        |
|    entropy_loss         | -8.97      |
|    explained_variance   | 0.94401586 |
|    learning_rate        | 0.0003     |
|    loss                 | 0.101      |
|    n_updates            | 6260       |
|    policy_gradient_loss | -0.0563    |
|    std                  | 0.455      |
|    value_loss           | 1.15       |
----------------------------------------
----------------------------------------
| rollout/                |            |
|    ep_len_mean          | 386        |
|    ep_rew_mean          | 92.1       |
| time/                   |            |
|    fps                  | 1350       |
|    iterations           | 628        |
|    time_elapsed         | 952        |
|    total_timesteps      | 1286144    |
| train/                  |            |
|    approx_kl            | 0.08401292 |
|    clip_fraction        | 0.496      |
|    clip_range           | 0.2        |
|    entropy_loss         | -8.94      |
|    explained_variance   | 0.9502688  |
|    learning_rate        | 0.0003     |
|    loss                 | 0.257      |
|    n_updates            | 6270       |
|    policy_gradient_loss | -0.053     |
|    std                  | 0.454      |
|    value_loss           | 1.44       |
----------------------------------------
-----------------------------------------
| rollout/                |             |
|    ep_len_mean          | 389         |
|    ep_rew_mean          | 92.6        |
| time/                   |             |
|    fps                  | 1350        |
|    iterations           | 629         |
|    time_elapsed         | 953         |
|    total_timesteps      | 1288192     |
| train/                  |             |
|    approx_kl            | 0.102850184 |
|    clip_fraction        | 0.547       |
|    clip_range           | 0.2         |
|    entropy_loss         | -8.91       |
|    explained_variance   | 0.9793194   |
|    learning_rate        | 0.0003      |
|    loss                 | 0.0775      |
|    n_updates            | 6280        |
|    policy_gradient_loss | -0.0552     |
|    std                  | 0.452       |
|    value_loss           | 0.695       |
-----------------------------------------
-----------------------------------------
| rollout/                |             |
|    ep_len_mean          | 390         |
|    ep_rew_mean          | 93.2        |
| time/                   |             |
|    fps                  | 1350        |
|    iterations           | 630         |
|    time_elapsed         | 955         |
|    total_timesteps      | 1290240     |
| train/                  |             |
|    approx_kl            | 0.077725634 |
|    clip_fraction        | 0.483       |
|    clip_range           | 0.2         |
|    entropy_loss         | -8.87       |
|    explained_variance   | 0.96339804  |
|    learning_rate        | 0.0003      |
|    loss                 | 0.205       |
|    n_updates            | 6290        |
|    policy_gradient_loss | -0.0555     |
|    std                  | 0.452       |
|    value_loss           | 1.22        |
-----------------------------------------
----------------------------------------
| rollout/                |            |
|    ep_len_mean          | 396        |
|    ep_rew_mean          | 94.8       |
| time/                   |            |
|    fps                  | 1351       |
|    iterations           | 631        |
|    time_elapsed         | 956        |
|    total_timesteps      | 1292288    |
| train/                  |            |
|    approx_kl            | 0.07447676 |
|    clip_fraction        | 0.45       |
|    clip_range           | 0.2        |
|    entropy_loss         | -8.87      |
|    explained_variance   | 0.94845873 |
|    learning_rate        | 0.0003     |
|    loss                 | 0.379      |
|    n_updates            | 6300       |
|    policy_gradient_loss | -0.0467    |
|    std                  | 0.452      |
|    value_loss           | 1.61       |
----------------------------------------
----------------------------------------
| rollout/                |            |
|    ep_len_mean          | 390        |
|    ep_rew_mean          | 93.8       |
| time/                   |            |
|    fps                  | 1351       |
|    iterations           | 632        |
|    time_elapsed         | 957        |
|    total_timesteps      | 1294336    |
| train/                  |            |
|    approx_kl            | 0.09978534 |
|    clip_fraction        | 0.522      |
|    clip_range           | 0.2        |
|    entropy_loss         | -8.88      |
|    explained_variance   | 0.9549074  |
|    learning_rate        | 0.0003     |
|    loss                 | 0.194      |
|    n_updates            | 6310       |
|    policy_gradient_loss | -0.0517    |
|    std                  | 0.452      |
|    value_loss           | 0.938      |
----------------------------------------
---------------------------------------
| rollout/                |           |
|    ep_len_mean          | 382       |
|    ep_rew_mean          | 92.5      |
| time/                   |           |
|    fps                  | 1351      |
|    iterations           | 633       |
|    time_elapsed         | 959       |
|    total_timesteps      | 1296384   |
| train/                  |           |
|    approx_kl            | 0.0826108 |
|    clip_fraction        | 0.489     |
|    clip_range           | 0.2       |
|    entropy_loss         | -8.86     |
|    explained_variance   | 0.9427792 |
|    learning_rate        | 0.0003    |
|    loss                 | 0.516     |
|    n_updates            | 6320      |
|    policy_gradient_loss | -0.0574   |
|    std                  | 0.451     |
|    value_loss           | 1.5       |
---------------------------------------
----------------------------------------
| rollout/                |            |
|    ep_len_mean          | 373        |
|    ep_rew_mean          | 90         |
| time/                   |            |
|    fps                  | 1351       |
|    iterations           | 634        |
|    time_elapsed         | 960        |
|    total_timesteps      | 1298432    |
| train/                  |            |
|    approx_kl            | 0.08895201 |
|    clip_fraction        | 0.487      |
|    clip_range           | 0.2        |
|    entropy_loss         | -8.8       |
|    explained_variance   | 0.9474091  |
|    learning_rate        | 0.0003     |
|    loss                 | 0.0479     |
|    n_updates            | 6330       |
|    policy_gradient_loss | -0.0514    |
|    std                  | 0.449      |
|    value_loss           | 1.04       |
----------------------------------------
----------------------------------------
| rollout/                |            |
|    ep_len_mean          | 369        |
|    ep_rew_mean          | 89.5       |
| time/                   |            |
|    fps                  | 1351       |
|    iterations           | 635        |
|    time_elapsed         | 962        |
|    total_timesteps      | 1300480    |
| train/                  |            |
|    approx_kl            | 0.08070508 |
|    clip_fraction        | 0.485      |
|    clip_range           | 0.2        |
|    entropy_loss         | -8.74      |
|    explained_variance   | 0.93716735 |
|    learning_rate        | 0.0003     |
|    loss                 | 0.201      |
|    n_updates            | 6340       |
|    policy_gradient_loss | -0.0532    |
|    std                  | 0.448      |
|    value_loss           | 1.43       |
----------------------------------------
----------------------------------------
| rollout/                |            |
|    ep_len_mean          | 369        |
|    ep_rew_mean          | 89.9       |
| time/                   |            |
|    fps                  | 1351       |
|    iterations           | 636        |
|    time_elapsed         | 963        |
|    total_timesteps      | 1302528    |
| train/                  |            |
|    approx_kl            | 0.10473974 |
|    clip_fraction        | 0.516      |
|    clip_range           | 0.2        |
|    entropy_loss         | -8.7       |
|    explained_variance   | 0.9620236  |
|    learning_rate        | 0.0003     |
|    loss                 | 0.116      |
|    n_updates            | 6350       |
|    policy_gradient_loss | -0.0514    |
|    std                  | 0.447      |
|    value_loss           | 1.3        |
----------------------------------------
-----------------------------------------
| rollout/                |             |
|    ep_len_mean          | 358         |
|    ep_rew_mean          | 86.5        |
| time/                   |             |
|    fps                  | 1352        |
|    iterations           | 637         |
|    time_elapsed         | 964         |
|    total_timesteps      | 1304576     |
| train/                  |             |
|    approx_kl            | 0.098215334 |
|    clip_fraction        | 0.523       |
|    clip_range           | 0.2         |
|    entropy_loss         | -8.72       |
|    explained_variance   | 0.9716164   |
|    learning_rate        | 0.0003      |
|    loss                 | 0.178       |
|    n_updates            | 6360        |
|    policy_gradient_loss | -0.0539     |
|    std                  | 0.449       |
|    value_loss           | 1.07        |
-----------------------------------------
----------------------------------------
| rollout/                |            |
|    ep_len_mean          | 360        |
|    ep_rew_mean          | 86.7       |
| time/                   |            |
|    fps                  | 1352       |
|    iterations           | 638        |
|    time_elapsed         | 966        |
|    total_timesteps      | 1306624    |
| train/                  |            |
|    approx_kl            | 0.07190439 |
|    clip_fraction        | 0.484      |
|    clip_range           | 0.2        |
|    entropy_loss         | -8.7       |
|    explained_variance   | 0.9612181  |
|    learning_rate        | 0.0003     |
|    loss                 | 0.276      |
|    n_updates            | 6370       |
|    policy_gradient_loss | -0.0475    |
|    std                  | 0.447      |
|    value_loss           | 1.29       |
----------------------------------------
----------------------------------------
| rollout/                |            |
|    ep_len_mean          | 357        |
|    ep_rew_mean          | 86         |
| time/                   |            |
|    fps                  | 1352       |
|    iterations           | 639        |
|    time_elapsed         | 967        |
|    total_timesteps      | 1308672    |
| train/                  |            |
|    approx_kl            | 0.07852783 |
|    clip_fraction        | 0.437      |
|    clip_range           | 0.2        |
|    entropy_loss         | -8.68      |
|    explained_variance   | 0.9418481  |
|    learning_rate        | 0.0003     |
|    loss                 | 0.435      |
|    n_updates            | 6380       |
|    policy_gradient_loss | -0.0511    |
|    std                  | 0.447      |
|    value_loss           | 2.3        |
----------------------------------------
----------------------------------------
| rollout/                |            |
|    ep_len_mean          | 356        |
|    ep_rew_mean          | 85.7       |
| time/                   |            |
|    fps                  | 1352       |
|    iterations           | 640        |
|    time_elapsed         | 969        |
|    total_timesteps      | 1310720    |
| train/                  |            |
|    approx_kl            | 0.09806548 |
|    clip_fraction        | 0.517      |
|    clip_range           | 0.2        |
|    entropy_loss         | -8.67      |
|    explained_variance   | 0.9472962  |
|    learning_rate        | 0.0003     |
|    loss                 | 0.201      |
|    n_updates            | 6390       |
|    policy_gradient_loss | -0.0541    |
|    std                  | 0.446      |
|    value_loss           | 1.48       |
----------------------------------------
----------------------------------------
| rollout/                |            |
|    ep_len_mean          | 361        |
|    ep_rew_mean          | 87.2       |
| time/                   |            |
|    fps                  | 1352       |
|    iterations           | 641        |
|    time_elapsed         | 970        |
|    total_timesteps      | 1312768    |
| train/                  |            |
|    approx_kl            | 0.10182045 |
|    clip_fraction        | 0.501      |
|    clip_range           | 0.2        |
|    entropy_loss         | -8.65      |
|    explained_variance   | 0.92956775 |
|    learning_rate        | 0.0003     |
|    loss                 | 0.181      |
|    n_updates            | 6400       |
|    policy_gradient_loss | -0.0527    |
|    std                  | 0.446      |
|    value_loss           | 1.8        |
----------------------------------------
----------------------------------------
| rollout/                |            |
|    ep_len_mean          | 370        |
|    ep_rew_mean          | 89         |
| time/                   |            |
|    fps                  | 1352       |
|    iterations           | 642        |
|    time_elapsed         | 971        |
|    total_timesteps      | 1314816    |
| train/                  |            |
|    approx_kl            | 0.10878161 |
|    clip_fraction        | 0.516      |
|    clip_range           | 0.2        |
|    entropy_loss         | -8.64      |
|    explained_variance   | 0.94700104 |
|    learning_rate        | 0.0003     |
|    loss                 | 0.318      |
|    n_updates            | 6410       |
|    policy_gradient_loss | -0.0524    |
|    std                  | 0.447      |
|    value_loss           | 1.77       |
----------------------------------------
----------------------------------------
| rollout/                |            |
|    ep_len_mean          | 375        |
|    ep_rew_mean          | 90.4       |
| time/                   |            |
|    fps                  | 1352       |
|    iterations           | 643        |
|    time_elapsed         | 973        |
|    total_timesteps      | 1316864    |
| train/                  |            |
|    approx_kl            | 0.09125158 |
|    clip_fraction        | 0.523      |
|    clip_range           | 0.2        |
|    entropy_loss         | -8.62      |
|    explained_variance   | 0.9229232  |
|    learning_rate        | 0.0003     |
|    loss                 | 0.407      |
|    n_updates            | 6420       |
|    policy_gradient_loss | -0.0584    |
|    std                  | 0.445      |
|    value_loss           | 1.52       |
----------------------------------------
----------------------------------------
| rollout/                |            |
|    ep_len_mean          | 368        |
|    ep_rew_mean          | 89         |
| time/                   |            |
|    fps                  | 1353       |
|    iterations           | 644        |
|    time_elapsed         | 974        |
|    total_timesteps      | 1318912    |
| train/                  |            |
|    approx_kl            | 0.10533159 |
|    clip_fraction        | 0.525      |
|    clip_range           | 0.2        |
|    entropy_loss         | -8.6       |
|    explained_variance   | 0.9443522  |
|    learning_rate        | 0.0003     |
|    loss                 | 0.354      |
|    n_updates            | 6430       |
|    policy_gradient_loss | -0.0618    |
|    std                  | 0.445      |
|    value_loss           | 1.5        |
----------------------------------------
----------------------------------------
| rollout/                |            |
|    ep_len_mean          | 371        |
|    ep_rew_mean          | 90         |
| time/                   |            |
|    fps                  | 1353       |
|    iterations           | 645        |
|    time_elapsed         | 976        |
|    total_timesteps      | 1320960    |
| train/                  |            |
|    approx_kl            | 0.11133088 |
|    clip_fraction        | 0.553      |
|    clip_range           | 0.2        |
|    entropy_loss         | -8.56      |
|    explained_variance   | 0.96900034 |
|    learning_rate        | 0.0003     |
|    loss                 | 0.21       |
|    n_updates            | 6440       |
|    policy_gradient_loss | -0.051     |
|    std                  | 0.443      |
|    value_loss           | 1.04       |
----------------------------------------
----------------------------------------
| rollout/                |            |
|    ep_len_mean          | 370        |
|    ep_rew_mean          | 89.9       |
| time/                   |            |
|    fps                  | 1353       |
|    iterations           | 646        |
|    time_elapsed         | 977        |
|    total_timesteps      | 1323008    |
| train/                  |            |
|    approx_kl            | 0.08871339 |
|    clip_fraction        | 0.533      |
|    clip_range           | 0.2        |
|    entropy_loss         | -8.5       |
|    explained_variance   | 0.9355681  |
|    learning_rate        | 0.0003     |
|    loss                 | 0.42       |
|    n_updates            | 6450       |
|    policy_gradient_loss | -0.0494    |
|    std                  | 0.442      |
|    value_loss           | 1.5        |
----------------------------------------
----------------------------------------
| rollout/                |            |
|    ep_len_mean          | 372        |
|    ep_rew_mean          | 90.4       |
| time/                   |            |
|    fps                  | 1353       |
|    iterations           | 647        |
|    time_elapsed         | 979        |
|    total_timesteps      | 1325056    |
| train/                  |            |
|    approx_kl            | 0.09560849 |
|    clip_fraction        | 0.52       |
|    clip_range           | 0.2        |
|    entropy_loss         | -8.46      |
|    explained_variance   | 0.92498904 |
|    learning_rate        | 0.0003     |
|    loss                 | 0.418      |
|    n_updates            | 6460       |
|    policy_gradient_loss | -0.0522    |
|    std                  | 0.441      |
|    value_loss           | 2.07       |
----------------------------------------
----------------------------------------
| rollout/                |            |
|    ep_len_mean          | 377        |
|    ep_rew_mean          | 90.9       |
| time/                   |            |
|    fps                  | 1353       |
|    iterations           | 648        |
|    time_elapsed         | 980        |
|    total_timesteps      | 1327104    |
| train/                  |            |
|    approx_kl            | 0.08275854 |
|    clip_fraction        | 0.473      |
|    clip_range           | 0.2        |
|    entropy_loss         | -8.41      |
|    explained_variance   | 0.9377505  |
|    learning_rate        | 0.0003     |
|    loss                 | 0.259      |
|    n_updates            | 6470       |
|    policy_gradient_loss | -0.0574    |
|    std                  | 0.44       |
|    value_loss           | 1.48       |
----------------------------------------
----------------------------------------
| rollout/                |            |
|    ep_len_mean          | 374        |
|    ep_rew_mean          | 90.6       |
| time/                   |            |
|    fps                  | 1353       |
|    iterations           | 649        |
|    time_elapsed         | 981        |
|    total_timesteps      | 1329152    |
| train/                  |            |
|    approx_kl            | 0.07203172 |
|    clip_fraction        | 0.473      |
|    clip_range           | 0.2        |
|    entropy_loss         | -8.41      |
|    explained_variance   | 0.9158686  |
|    learning_rate        | 0.0003     |
|    loss                 | 0.654      |
|    n_updates            | 6480       |
|    policy_gradient_loss | -0.0537    |
|    std                  | 0.44       |
|    value_loss           | 2.46       |
----------------------------------------
----------------------------------------
| rollout/                |            |
|    ep_len_mean          | 383        |
|    ep_rew_mean          | 93.1       |
| time/                   |            |
|    fps                  | 1353       |
|    iterations           | 650        |
|    time_elapsed         | 983        |
|    total_timesteps      | 1331200    |
| train/                  |            |
|    approx_kl            | 0.11897026 |
|    clip_fraction        | 0.576      |
|    clip_range           | 0.2        |
|    entropy_loss         | -8.39      |
|    explained_variance   | 0.93252873 |
|    learning_rate        | 0.0003     |
|    loss                 | 0.243      |
|    n_updates            | 6490       |
|    policy_gradient_loss | -0.0488    |
|    std                  | 0.439      |
|    value_loss           | 1.44       |
----------------------------------------
----------------------------------------
| rollout/                |            |
|    ep_len_mean          | 378        |
|    ep_rew_mean          | 91.4       |
| time/                   |            |
|    fps                  | 1354       |
|    iterations           | 651        |
|    time_elapsed         | 984        |
|    total_timesteps      | 1333248    |
| train/                  |            |
|    approx_kl            | 0.08290774 |
|    clip_fraction        | 0.496      |
|    clip_range           | 0.2        |
|    entropy_loss         | -8.37      |
|    explained_variance   | 0.9315537  |
|    learning_rate        | 0.0003     |
|    loss                 | 0.55       |
|    n_updates            | 6500       |
|    policy_gradient_loss | -0.0517    |
|    std                  | 0.44       |
|    value_loss           | 1.92       |
----------------------------------------
----------------------------------------
| rollout/                |            |
|    ep_len_mean          | 388        |
|    ep_rew_mean          | 94.6       |
| time/                   |            |
|    fps                  | 1354       |
|    iterations           | 652        |
|    time_elapsed         | 986        |
|    total_timesteps      | 1335296    |
| train/                  |            |
|    approx_kl            | 0.10838575 |
|    clip_fraction        | 0.515      |
|    clip_range           | 0.2        |
|    entropy_loss         | -8.37      |
|    explained_variance   | 0.9637414  |
|    learning_rate        | 0.0003     |
|    loss                 | 0.263      |
|    n_updates            | 6510       |
|    policy_gradient_loss | -0.0488    |
|    std                  | 0.439      |
|    value_loss           | 1.16       |
----------------------------------------
----------------------------------------
| rollout/                |            |
|    ep_len_mean          | 396        |
|    ep_rew_mean          | 97.4       |
| time/                   |            |
|    fps                  | 1354       |
|    iterations           | 653        |
|    time_elapsed         | 987        |
|    total_timesteps      | 1337344    |
| train/                  |            |
|    approx_kl            | 0.10709664 |
|    clip_fraction        | 0.571      |
|    clip_range           | 0.2        |
|    entropy_loss         | -8.33      |
|    explained_variance   | 0.90378207 |
|    learning_rate        | 0.0003     |
|    loss                 | 0.123      |
|    n_updates            | 6520       |
|    policy_gradient_loss | -0.047     |
|    std                  | 0.438      |
|    value_loss           | 1.26       |
----------------------------------------
----------------------------------------
| rollout/                |            |
|    ep_len_mean          | 390        |
|    ep_rew_mean          | 96.2       |
| time/                   |            |
|    fps                  | 1354       |
|    iterations           | 654        |
|    time_elapsed         | 988        |
|    total_timesteps      | 1339392    |
| train/                  |            |
|    approx_kl            | 0.08695553 |
|    clip_fraction        | 0.524      |
|    clip_range           | 0.2        |
|    entropy_loss         | -8.3       |
|    explained_variance   | 0.9494613  |
|    learning_rate        | 0.0003     |
|    loss                 | 0.218      |
|    n_updates            | 6530       |
|    policy_gradient_loss | -0.0525    |
|    std                  | 0.437      |
|    value_loss           | 1.64       |
----------------------------------------
----------------------------------------
| rollout/                |            |
|    ep_len_mean          | 392        |
|    ep_rew_mean          | 97.1       |
| time/                   |            |
|    fps                  | 1354       |
|    iterations           | 655        |
|    time_elapsed         | 990        |
|    total_timesteps      | 1341440    |
| train/                  |            |
|    approx_kl            | 0.10667889 |
|    clip_fraction        | 0.532      |
|    clip_range           | 0.2        |
|    entropy_loss         | -8.29      |
|    explained_variance   | 0.9811148  |
|    learning_rate        | 0.0003     |
|    loss                 | 0.17       |
|    n_updates            | 6540       |
|    policy_gradient_loss | -0.0515    |
|    std                  | 0.438      |
|    value_loss           | 0.843      |
----------------------------------------
-----------------------------------------
| rollout/                |             |
|    ep_len_mean          | 402         |
|    ep_rew_mean          | 99.8        |
| time/                   |             |
|    fps                  | 1354        |
|    iterations           | 656         |
|    time_elapsed         | 991         |
|    total_timesteps      | 1343488     |
| train/                  |             |
|    approx_kl            | 0.079383396 |
|    clip_fraction        | 0.483       |
|    clip_range           | 0.2         |
|    entropy_loss         | -8.28       |
|    explained_variance   | 0.948151    |
|    learning_rate        | 0.0003      |
|    loss                 | 0.183       |
|    n_updates            | 6550        |
|    policy_gradient_loss | -0.0506     |
|    std                  | 0.437       |
|    value_loss           | 1.8         |
-----------------------------------------
-----------------------------------------
| rollout/                |             |
|    ep_len_mean          | 409         |
|    ep_rew_mean          | 101         |
| time/                   |             |
|    fps                  | 1354        |
|    iterations           | 657         |
|    time_elapsed         | 993         |
|    total_timesteps      | 1345536     |
| train/                  |             |
|    approx_kl            | 0.098784894 |
|    clip_fraction        | 0.549       |
|    clip_range           | 0.2         |
|    entropy_loss         | -8.25       |
|    explained_variance   | 0.96957713  |
|    learning_rate        | 0.0003      |
|    loss                 | 0.131       |
|    n_updates            | 6560        |
|    policy_gradient_loss | -0.0533     |
|    std                  | 0.435       |
|    value_loss           | 0.828       |
-----------------------------------------
----------------------------------------
| rollout/                |            |
|    ep_len_mean          | 410        |
|    ep_rew_mean          | 102        |
| time/                   |            |
|    fps                  | 1354       |
|    iterations           | 658        |
|    time_elapsed         | 994        |
|    total_timesteps      | 1347584    |
| train/                  |            |
|    approx_kl            | 0.08908311 |
|    clip_fraction        | 0.515      |
|    clip_range           | 0.2        |
|    entropy_loss         | -8.2       |
|    explained_variance   | 0.9537718  |
|    learning_rate        | 0.0003     |
|    loss                 | 0.236      |
|    n_updates            | 6570       |
|    policy_gradient_loss | -0.053     |
|    std                  | 0.434      |
|    value_loss           | 1.26       |
----------------------------------------
-----------------------------------------
| rollout/                |             |
|    ep_len_mean          | 416         |
|    ep_rew_mean          | 104         |
| time/                   |             |
|    fps                  | 1354        |
|    iterations           | 659         |
|    time_elapsed         | 996         |
|    total_timesteps      | 1349632     |
| train/                  |             |
|    approx_kl            | 0.078210324 |
|    clip_fraction        | 0.462       |
|    clip_range           | 0.2         |
|    entropy_loss         | -8.18       |
|    explained_variance   | 0.95177275  |
|    learning_rate        | 0.0003      |
|    loss                 | 0.463       |
|    n_updates            | 6580        |
|    policy_gradient_loss | -0.0505     |
|    std                  | 0.434       |
|    value_loss           | 1.76        |
-----------------------------------------
-----------------------------------------
| rollout/                |             |
|    ep_len_mean          | 415         |
|    ep_rew_mean          | 103         |
| time/                   |             |
|    fps                  | 1355        |
|    iterations           | 660         |
|    time_elapsed         | 997         |
|    total_timesteps      | 1351680     |
| train/                  |             |
|    approx_kl            | 0.116239026 |
|    clip_fraction        | 0.551       |
|    clip_range           | 0.2         |
|    entropy_loss         | -8.21       |
|    explained_variance   | 0.972666    |
|    learning_rate        | 0.0003      |
|    loss                 | 0.202       |
|    n_updates            | 6590        |
|    policy_gradient_loss | -0.0573     |
|    std                  | 0.435       |
|    value_loss           | 1.08        |
-----------------------------------------
----------------------------------------
| rollout/                |            |
|    ep_len_mean          | 417        |
|    ep_rew_mean          | 104        |
| time/                   |            |
|    fps                  | 1355       |
|    iterations           | 661        |
|    time_elapsed         | 998        |
|    total_timesteps      | 1353728    |
| train/                  |            |
|    approx_kl            | 0.08833626 |
|    clip_fraction        | 0.5        |
|    clip_range           | 0.2        |
|    entropy_loss         | -8.21      |
|    explained_variance   | 0.9729301  |
|    learning_rate        | 0.0003     |
|    loss                 | 0.095      |
|    n_updates            | 6600       |
|    policy_gradient_loss | -0.0503    |
|    std                  | 0.435      |
|    value_loss           | 1.08       |
----------------------------------------
----------------------------------------
| rollout/                |            |
|    ep_len_mean          | 407        |
|    ep_rew_mean          | 101        |
| time/                   |            |
|    fps                  | 1355       |
|    iterations           | 662        |
|    time_elapsed         | 1000       |
|    total_timesteps      | 1355776    |
| train/                  |            |
|    approx_kl            | 0.08753685 |
|    clip_fraction        | 0.524      |
|    clip_range           | 0.2        |
|    entropy_loss         | -8.19      |
|    explained_variance   | 0.940942   |
|    learning_rate        | 0.0003     |
|    loss                 | 0.308      |
|    n_updates            | 6610       |
|    policy_gradient_loss | -0.0551    |
|    std                  | 0.434      |
|    value_loss           | 1.83       |
----------------------------------------
----------------------------------------
| rollout/                |            |
|    ep_len_mean          | 404        |
|    ep_rew_mean          | 101        |
| time/                   |            |
|    fps                  | 1355       |
|    iterations           | 663        |
|    time_elapsed         | 1001       |
|    total_timesteps      | 1357824    |
| train/                  |            |
|    approx_kl            | 0.09708531 |
|    clip_fraction        | 0.492      |
|    clip_range           | 0.2        |
|    entropy_loss         | -8.16      |
|    explained_variance   | 0.94543976 |
|    learning_rate        | 0.0003     |
|    loss                 | 0.218      |
|    n_updates            | 6620       |
|    policy_gradient_loss | -0.0514    |
|    std                  | 0.433      |
|    value_loss           | 1.62       |
----------------------------------------
-----------------------------------------
| rollout/                |             |
|    ep_len_mean          | 407         |
|    ep_rew_mean          | 101         |
| time/                   |             |
|    fps                  | 1355        |
|    iterations           | 664         |
|    time_elapsed         | 1002        |
|    total_timesteps      | 1359872     |
| train/                  |             |
|    approx_kl            | 0.050314903 |
|    clip_fraction        | 0.402       |
|    clip_range           | 0.2         |
|    entropy_loss         | -8.13       |
|    explained_variance   | 0.8594406   |
|    learning_rate        | 0.0003      |
|    loss                 | 2.67        |
|    n_updates            | 6630        |
|    policy_gradient_loss | -0.0518     |
|    std                  | 0.433       |
|    value_loss           | 6.23        |
-----------------------------------------
-----------------------------------------
| rollout/                |             |
|    ep_len_mean          | 400         |
|    ep_rew_mean          | 98.1        |
| time/                   |             |
|    fps                  | 1356        |
|    iterations           | 665         |
|    time_elapsed         | 1004        |
|    total_timesteps      | 1361920     |
| train/                  |             |
|    approx_kl            | 0.103588484 |
|    clip_fraction        | 0.527       |
|    clip_range           | 0.2         |
|    entropy_loss         | -8.1        |
|    explained_variance   | 0.93046284  |
|    learning_rate        | 0.0003      |
|    loss                 | 0.18        |
|    n_updates            | 6640        |
|    policy_gradient_loss | -0.0501     |
|    std                  | 0.431       |
|    value_loss           | 1.96        |
-----------------------------------------
----------------------------------------
| rollout/                |            |
|    ep_len_mean          | 406        |
|    ep_rew_mean          | 99.5       |
| time/                   |            |
|    fps                  | 1356       |
|    iterations           | 666        |
|    time_elapsed         | 1005       |
|    total_timesteps      | 1363968    |
| train/                  |            |
|    approx_kl            | 0.08256473 |
|    clip_fraction        | 0.479      |
|    clip_range           | 0.2        |
|    entropy_loss         | -8.07      |
|    explained_variance   | 0.89464444 |
|    learning_rate        | 0.0003     |
|    loss                 | 0.549      |
|    n_updates            | 6650       |
|    policy_gradient_loss | -0.0547    |
|    std                  | 0.43       |
|    value_loss           | 4.18       |
----------------------------------------
----------------------------------------
| rollout/                |            |
|    ep_len_mean          | 409        |
|    ep_rew_mean          | 101        |
| time/                   |            |
|    fps                  | 1356       |
|    iterations           | 667        |
|    time_elapsed         | 1007       |
|    total_timesteps      | 1366016    |
| train/                  |            |
|    approx_kl            | 0.0749543  |
|    clip_fraction        | 0.471      |
|    clip_range           | 0.2        |
|    entropy_loss         | -8.03      |
|    explained_variance   | 0.88704467 |
|    learning_rate        | 0.0003     |
|    loss                 | 1.23       |
|    n_updates            | 6660       |
|    policy_gradient_loss | -0.0552    |
|    std                  | 0.429      |
|    value_loss           | 3.76       |
----------------------------------------
----------------------------------------
| rollout/                |            |
|    ep_len_mean          | 412        |
|    ep_rew_mean          | 102        |
| time/                   |            |
|    fps                  | 1356       |
|    iterations           | 668        |
|    time_elapsed         | 1008       |
|    total_timesteps      | 1368064    |
| train/                  |            |
|    approx_kl            | 0.14132164 |
|    clip_fraction        | 0.597      |
|    clip_range           | 0.2        |
|    entropy_loss         | -7.97      |
|    explained_variance   | 0.9637793  |
|    learning_rate        | 0.0003     |
|    loss                 | 0.117      |
|    n_updates            | 6670       |
|    policy_gradient_loss | -0.0548    |
|    std                  | 0.427      |
|    value_loss           | 1.13       |
----------------------------------------
----------------------------------------
| rollout/                |            |
|    ep_len_mean          | 422        |
|    ep_rew_mean          | 105        |
| time/                   |            |
|    fps                  | 1356       |
|    iterations           | 669        |
|    time_elapsed         | 1010       |
|    total_timesteps      | 1370112    |
| train/                  |            |
|    approx_kl            | 0.11161807 |
|    clip_fraction        | 0.553      |
|    clip_range           | 0.2        |
|    entropy_loss         | -7.97      |
|    explained_variance   | 0.9132694  |
|    learning_rate        | 0.0003     |
|    loss                 | 0.359      |
|    n_updates            | 6680       |
|    policy_gradient_loss | -0.0475    |
|    std                  | 0.428      |
|    value_loss           | 1.89       |
----------------------------------------
----------------------------------------
| rollout/                |            |
|    ep_len_mean          | 414        |
|    ep_rew_mean          | 102        |
| time/                   |            |
|    fps                  | 1356       |
|    iterations           | 670        |
|    time_elapsed         | 1011       |
|    total_timesteps      | 1372160    |
| train/                  |            |
|    approx_kl            | 0.12924448 |
|    clip_fraction        | 0.578      |
|    clip_range           | 0.2        |
|    entropy_loss         | -7.98      |
|    explained_variance   | 0.9628105  |
|    learning_rate        | 0.0003     |
|    loss                 | 0.0677     |
|    n_updates            | 6690       |
|    policy_gradient_loss | -0.0538    |
|    std                  | 0.429      |
|    value_loss           | 1.22       |
----------------------------------------
----------------------------------------
| rollout/                |            |
|    ep_len_mean          | 424        |
|    ep_rew_mean          | 104        |
| time/                   |            |
|    fps                  | 1356       |
|    iterations           | 671        |
|    time_elapsed         | 1012       |
|    total_timesteps      | 1374208    |
| train/                  |            |
|    approx_kl            | 0.0869357  |
|    clip_fraction        | 0.482      |
|    clip_range           | 0.2        |
|    entropy_loss         | -7.97      |
|    explained_variance   | 0.91918325 |
|    learning_rate        | 0.0003     |
|    loss                 | 0.462      |
|    n_updates            | 6700       |
|    policy_gradient_loss | -0.0558    |
|    std                  | 0.428      |
|    value_loss           | 2.6        |
----------------------------------------
----------------------------------------
| rollout/                |            |
|    ep_len_mean          | 409        |
|    ep_rew_mean          | 100        |
| time/                   |            |
|    fps                  | 1357       |
|    iterations           | 672        |
|    time_elapsed         | 1014       |
|    total_timesteps      | 1376256    |
| train/                  |            |
|    approx_kl            | 0.07275301 |
|    clip_fraction        | 0.492      |
|    clip_range           | 0.2        |
|    entropy_loss         | -7.94      |
|    explained_variance   | 0.8216292  |
|    learning_rate        | 0.0003     |
|    loss                 | 1.12       |
|    n_updates            | 6710       |
|    policy_gradient_loss | -0.0563    |
|    std                  | 0.427      |
|    value_loss           | 4.34       |
----------------------------------------
----------------------------------------
| rollout/                |            |
|    ep_len_mean          | 407        |
|    ep_rew_mean          | 99.7       |
| time/                   |            |
|    fps                  | 1357       |
|    iterations           | 673        |
|    time_elapsed         | 1015       |
|    total_timesteps      | 1378304    |
| train/                  |            |
|    approx_kl            | 0.08810678 |
|    clip_fraction        | 0.487      |
|    clip_range           | 0.2        |
|    entropy_loss         | -7.9       |
|    explained_variance   | 0.9321536  |
|    learning_rate        | 0.0003     |
|    loss                 | 0.48       |
|    n_updates            | 6720       |
|    policy_gradient_loss | -0.0503    |
|    std                  | 0.426      |
|    value_loss           | 2.35       |
----------------------------------------
----------------------------------------
| rollout/                |            |
|    ep_len_mean          | 404        |
|    ep_rew_mean          | 97.5       |
| time/                   |            |
|    fps                  | 1357       |
|    iterations           | 674        |
|    time_elapsed         | 1016       |
|    total_timesteps      | 1380352    |
| train/                  |            |
|    approx_kl            | 0.12460958 |
|    clip_fraction        | 0.567      |
|    clip_range           | 0.2        |
|    entropy_loss         | -7.88      |
|    explained_variance   | 0.93593913 |
|    learning_rate        | 0.0003     |
|    loss                 | 0.295      |
|    n_updates            | 6730       |
|    policy_gradient_loss | -0.0604    |
|    std                  | 0.425      |
|    value_loss           | 2.19       |
----------------------------------------
----------------------------------------
| rollout/                |            |
|    ep_len_mean          | 390        |
|    ep_rew_mean          | 93.5       |
| time/                   |            |
|    fps                  | 1357       |
|    iterations           | 675        |
|    time_elapsed         | 1018       |
|    total_timesteps      | 1382400    |
| train/                  |            |
|    approx_kl            | 0.09794321 |
|    clip_fraction        | 0.495      |
|    clip_range           | 0.2        |
|    entropy_loss         | -7.85      |
|    explained_variance   | 0.9579353  |
|    learning_rate        | 0.0003     |
|    loss                 | 0.00768    |
|    n_updates            | 6740       |
|    policy_gradient_loss | -0.0511    |
|    std                  | 0.424      |
|    value_loss           | 1.38       |
----------------------------------------
----------------------------------------
| rollout/                |            |
|    ep_len_mean          | 386        |
|    ep_rew_mean          | 93.3       |
| time/                   |            |
|    fps                  | 1357       |
|    iterations           | 676        |
|    time_elapsed         | 1019       |
|    total_timesteps      | 1384448    |
| train/                  |            |
|    approx_kl            | 0.13366745 |
|    clip_fraction        | 0.553      |
|    clip_range           | 0.2        |
|    entropy_loss         | -7.82      |
|    explained_variance   | 0.96995795 |
|    learning_rate        | 0.0003     |
|    loss                 | 0.0758     |
|    n_updates            | 6750       |
|    policy_gradient_loss | -0.0508    |
|    std                  | 0.423      |
|    value_loss           | 0.948      |
----------------------------------------
----------------------------------------
| rollout/                |            |
|    ep_len_mean          | 378        |
|    ep_rew_mean          | 90.5       |
| time/                   |            |
|    fps                  | 1358       |
|    iterations           | 677        |
|    time_elapsed         | 1020       |
|    total_timesteps      | 1386496    |
| train/                  |            |
|    approx_kl            | 0.11115463 |
|    clip_fraction        | 0.548      |
|    clip_range           | 0.2        |
|    entropy_loss         | -7.81      |
|    explained_variance   | 0.946618   |
|    learning_rate        | 0.0003     |
|    loss                 | 0.154      |
|    n_updates            | 6760       |
|    policy_gradient_loss | -0.0455    |
|    std                  | 0.424      |
|    value_loss           | 1.65       |
----------------------------------------
-----------------------------------------
| rollout/                |             |
|    ep_len_mean          | 378         |
|    ep_rew_mean          | 90.7        |
| time/                   |             |
|    fps                  | 1358        |
|    iterations           | 678         |
|    time_elapsed         | 1022        |
|    total_timesteps      | 1388544     |
| train/                  |             |
|    approx_kl            | 0.090632275 |
|    clip_fraction        | 0.49        |
|    clip_range           | 0.2         |
|    entropy_loss         | -7.83       |
|    explained_variance   | 0.9612205   |
|    learning_rate        | 0.0003      |
|    loss                 | 0.381       |
|    n_updates            | 6770        |
|    policy_gradient_loss | -0.0556     |
|    std                  | 0.423       |
|    value_loss           | 1.51        |
-----------------------------------------
----------------------------------------
| rollout/                |            |
|    ep_len_mean          | 377        |
|    ep_rew_mean          | 90.9       |
| time/                   |            |
|    fps                  | 1358       |
|    iterations           | 679        |
|    time_elapsed         | 1023       |
|    total_timesteps      | 1390592    |
| train/                  |            |
|    approx_kl            | 0.12684849 |
|    clip_fraction        | 0.545      |
|    clip_range           | 0.2        |
|    entropy_loss         | -7.79      |
|    explained_variance   | 0.9015007  |
|    learning_rate        | 0.0003     |
|    loss                 | 0.433      |
|    n_updates            | 6780       |
|    policy_gradient_loss | -0.0504    |
|    std                  | 0.422      |
|    value_loss           | 2.31       |
----------------------------------------
----------------------------------------
| rollout/                |            |
|    ep_len_mean          | 374        |
|    ep_rew_mean          | 90.5       |
| time/                   |            |
|    fps                  | 1358       |
|    iterations           | 680        |
|    time_elapsed         | 1025       |
|    total_timesteps      | 1392640    |
| train/                  |            |
|    approx_kl            | 0.15171736 |
|    clip_fraction        | 0.595      |
|    clip_range           | 0.2        |
|    entropy_loss         | -7.78      |
|    explained_variance   | 0.97535473 |
|    learning_rate        | 0.0003     |
|    loss                 | 0.0745     |
|    n_updates            | 6790       |
|    policy_gradient_loss | -0.0507    |
|    std                  | 0.422      |
|    value_loss           | 0.727      |
----------------------------------------
----------------------------------------
| rollout/                |            |
|    ep_len_mean          | 372        |
|    ep_rew_mean          | 90         |
| time/                   |            |
|    fps                  | 1358       |
|    iterations           | 681        |
|    time_elapsed         | 1026       |
|    total_timesteps      | 1394688    |
| train/                  |            |
|    approx_kl            | 0.11563358 |
|    clip_fraction        | 0.565      |
|    clip_range           | 0.2        |
|    entropy_loss         | -7.75      |
|    explained_variance   | 0.97072375 |
|    learning_rate        | 0.0003     |
|    loss                 | 0.212      |
|    n_updates            | 6800       |
|    policy_gradient_loss | -0.0533    |
|    std                  | 0.42       |
|    value_loss           | 0.75       |
----------------------------------------
----------------------------------------
| rollout/                |            |
|    ep_len_mean          | 369        |
|    ep_rew_mean          | 90.2       |
| time/                   |            |
|    fps                  | 1358       |
|    iterations           | 682        |
|    time_elapsed         | 1027       |
|    total_timesteps      | 1396736    |
| train/                  |            |
|    approx_kl            | 0.11451175 |
|    clip_fraction        | 0.553      |
|    clip_range           | 0.2        |
|    entropy_loss         | -7.69      |
|    explained_variance   | 0.96234846 |
|    learning_rate        | 0.0003     |
|    loss                 | 0.133      |
|    n_updates            | 6810       |
|    policy_gradient_loss | -0.0517    |
|    std                  | 0.419      |
|    value_loss           | 0.939      |
----------------------------------------
----------------------------------------
| rollout/                |            |
|    ep_len_mean          | 375        |
|    ep_rew_mean          | 92.3       |
| time/                   |            |
|    fps                  | 1358       |
|    iterations           | 683        |
|    time_elapsed         | 1029       |
|    total_timesteps      | 1398784    |
| train/                  |            |
|    approx_kl            | 0.09425107 |
|    clip_fraction        | 0.515      |
|    clip_range           | 0.2        |
|    entropy_loss         | -7.63      |
|    explained_variance   | 0.94320637 |
|    learning_rate        | 0.0003     |
|    loss                 | 0.324      |
|    n_updates            | 6820       |
|    policy_gradient_loss | -0.0544    |
|    std                  | 0.417      |
|    value_loss           | 1.59       |
----------------------------------------
----------------------------------------
| rollout/                |            |
|    ep_len_mean          | 373        |
|    ep_rew_mean          | 92.3       |
| time/                   |            |
|    fps                  | 1359       |
|    iterations           | 684        |
|    time_elapsed         | 1030       |
|    total_timesteps      | 1400832    |
| train/                  |            |
|    approx_kl            | 0.12732626 |
|    clip_fraction        | 0.582      |
|    clip_range           | 0.2        |
|    entropy_loss         | -7.53      |
|    explained_variance   | 0.95914674 |
|    learning_rate        | 0.0003     |
|    loss                 | 0.184      |
|    n_updates            | 6830       |
|    policy_gradient_loss | -0.0542    |
|    std                  | 0.414      |
|    value_loss           | 1.04       |
----------------------------------------
----------------------------------------
| rollout/                |            |
|    ep_len_mean          | 360        |
|    ep_rew_mean          | 88.6       |
| time/                   |            |
|    fps                  | 1359       |
|    iterations           | 685        |
|    time_elapsed         | 1032       |
|    total_timesteps      | 1402880    |
| train/                  |            |
|    approx_kl            | 0.10119254 |
|    clip_fraction        | 0.527      |
|    clip_range           | 0.2        |
|    entropy_loss         | -7.48      |
|    explained_variance   | 0.94052464 |
|    learning_rate        | 0.0003     |
|    loss                 | 0.188      |
|    n_updates            | 6840       |
|    policy_gradient_loss | -0.0558    |
|    std                  | 0.413      |
|    value_loss           | 1.61       |
----------------------------------------
-----------------------------------------
| rollout/                |             |
|    ep_len_mean          | 347         |
|    ep_rew_mean          | 85          |
| time/                   |             |
|    fps                  | 1359        |
|    iterations           | 686         |
|    time_elapsed         | 1033        |
|    total_timesteps      | 1404928     |
| train/                  |             |
|    approx_kl            | 0.113141775 |
|    clip_fraction        | 0.526       |
|    clip_range           | 0.2         |
|    entropy_loss         | -7.44       |
|    explained_variance   | 0.9737493   |
|    learning_rate        | 0.0003      |
|    loss                 | 0.142       |
|    n_updates            | 6850        |
|    policy_gradient_loss | -0.0488     |
|    std                  | 0.412       |
|    value_loss           | 0.955       |
-----------------------------------------
----------------------------------------
| rollout/                |            |
|    ep_len_mean          | 331        |
|    ep_rew_mean          | 81.2       |
| time/                   |            |
|    fps                  | 1359       |
|    iterations           | 687        |
|    time_elapsed         | 1034       |
|    total_timesteps      | 1406976    |
| train/                  |            |
|    approx_kl            | 0.07674488 |
|    clip_fraction        | 0.44       |
|    clip_range           | 0.2        |
|    entropy_loss         | -7.39      |
|    explained_variance   | 0.9402163  |
|    learning_rate        | 0.0003     |
|    loss                 | 0.423      |
|    n_updates            | 6860       |
|    policy_gradient_loss | -0.0492    |
|    std                  | 0.411      |
|    value_loss           | 2.44       |
----------------------------------------
----------------------------------------
| rollout/                |            |
|    ep_len_mean          | 330        |
|    ep_rew_mean          | 81.1       |
| time/                   |            |
|    fps                  | 1359       |
|    iterations           | 688        |
|    time_elapsed         | 1036       |
|    total_timesteps      | 1409024    |
| train/                  |            |
|    approx_kl            | 0.11641544 |
|    clip_fraction        | 0.533      |
|    clip_range           | 0.2        |
|    entropy_loss         | -7.33      |
|    explained_variance   | 0.9769723  |
|    learning_rate        | 0.0003     |
|    loss                 | 0.146      |
|    n_updates            | 6870       |
|    policy_gradient_loss | -0.0452    |
|    std                  | 0.409      |
|    value_loss           | 1.06       |
----------------------------------------
----------------------------------------
| rollout/                |            |
|    ep_len_mean          | 328        |
|    ep_rew_mean          | 80.3       |
| time/                   |            |
|    fps                  | 1360       |
|    iterations           | 689        |
|    time_elapsed         | 1037       |
|    total_timesteps      | 1411072    |
| train/                  |            |
|    approx_kl            | 0.11347298 |
|    clip_fraction        | 0.529      |
|    clip_range           | 0.2        |
|    entropy_loss         | -7.27      |
|    explained_variance   | 0.9741541  |
|    learning_rate        | 0.0003     |
|    loss                 | 0.271      |
|    n_updates            | 6880       |
|    policy_gradient_loss | -0.0473    |
|    std                  | 0.407      |
|    value_loss           | 1.09       |
----------------------------------------
-----------------------------------------
| rollout/                |             |
|    ep_len_mean          | 332         |
|    ep_rew_mean          | 81.7        |
| time/                   |             |
|    fps                  | 1360        |
|    iterations           | 690         |
|    time_elapsed         | 1038        |
|    total_timesteps      | 1413120     |
| train/                  |             |
|    approx_kl            | 0.099654794 |
|    clip_fraction        | 0.519       |
|    clip_range           | 0.2         |
|    entropy_loss         | -7.22       |
|    explained_variance   | 0.9355247   |
|    learning_rate        | 0.0003      |
|    loss                 | 0.134       |
|    n_updates            | 6890        |
|    policy_gradient_loss | -0.0473     |
|    std                  | 0.406       |
|    value_loss           | 1.65        |
-----------------------------------------
----------------------------------------
| rollout/                |            |
|    ep_len_mean          | 334        |
|    ep_rew_mean          | 82         |
| time/                   |            |
|    fps                  | 1360       |
|    iterations           | 691        |
|    time_elapsed         | 1040       |
|    total_timesteps      | 1415168    |
| train/                  |            |
|    approx_kl            | 0.10433484 |
|    clip_fraction        | 0.529      |
|    clip_range           | 0.2        |
|    entropy_loss         | -7.21      |
|    explained_variance   | 0.9346574  |
|    learning_rate        | 0.0003     |
|    loss                 | 0.214      |
|    n_updates            | 6900       |
|    policy_gradient_loss | -0.0492    |
|    std                  | 0.407      |
|    value_loss           | 1.94       |
----------------------------------------
----------------------------------------
| rollout/                |            |
|    ep_len_mean          | 336        |
|    ep_rew_mean          | 83.3       |
| time/                   |            |
|    fps                  | 1360       |
|    iterations           | 692        |
|    time_elapsed         | 1041       |
|    total_timesteps      | 1417216    |
| train/                  |            |
|    approx_kl            | 0.09788684 |
|    clip_fraction        | 0.516      |
|    clip_range           | 0.2        |
|    entropy_loss         | -7.22      |
|    explained_variance   | 0.95722324 |
|    learning_rate        | 0.0003     |
|    loss                 | 0.59       |
|    n_updates            | 6910       |
|    policy_gradient_loss | -0.0513    |
|    std                  | 0.406      |
|    value_loss           | 1.74       |
----------------------------------------
----------------------------------------
| rollout/                |            |
|    ep_len_mean          | 335        |
|    ep_rew_mean          | 83         |
| time/                   |            |
|    fps                  | 1360       |
|    iterations           | 693        |
|    time_elapsed         | 1042       |
|    total_timesteps      | 1419264    |
| train/                  |            |
|    approx_kl            | 0.15132797 |
|    clip_fraction        | 0.585      |
|    clip_range           | 0.2        |
|    entropy_loss         | -7.17      |
|    explained_variance   | 0.938216   |
|    learning_rate        | 0.0003     |
|    loss                 | 0.0541     |
|    n_updates            | 6920       |
|    policy_gradient_loss | -0.052     |
|    std                  | 0.405      |
|    value_loss           | 1.11       |
----------------------------------------
----------------------------------------
| rollout/                |            |
|    ep_len_mean          | 329        |
|    ep_rew_mean          | 81         |
| time/                   |            |
|    fps                  | 1361       |
|    iterations           | 694        |
|    time_elapsed         | 1044       |
|    total_timesteps      | 1421312    |
| train/                  |            |
|    approx_kl            | 0.13456108 |
|    clip_fraction        | 0.563      |
|    clip_range           | 0.2        |
|    entropy_loss         | -7.12      |
|    explained_variance   | 0.9740803  |
|    learning_rate        | 0.0003     |
|    loss                 | 0.243      |
|    n_updates            | 6930       |
|    policy_gradient_loss | -0.0563    |
|    std                  | 0.404      |
|    value_loss           | 0.989      |
----------------------------------------
-----------------------------------------
| rollout/                |             |
|    ep_len_mean          | 331         |
|    ep_rew_mean          | 81.1        |
| time/                   |             |
|    fps                  | 1361        |
|    iterations           | 695         |
|    time_elapsed         | 1045        |
|    total_timesteps      | 1423360     |
| train/                  |             |
|    approx_kl            | 0.082646675 |
|    clip_fraction        | 0.503       |
|    clip_range           | 0.2         |
|    entropy_loss         | -7.07       |
|    explained_variance   | 0.96745616  |
|    learning_rate        | 0.0003      |
|    loss                 | 0.452       |
|    n_updates            | 6940        |
|    policy_gradient_loss | -0.0365     |
|    std                  | 0.404       |
|    value_loss           | 1.69        |
-----------------------------------------
----------------------------------------
| rollout/                |            |
|    ep_len_mean          | 328        |
|    ep_rew_mean          | 80.6       |
| time/                   |            |
|    fps                  | 1361       |
|    iterations           | 696        |
|    time_elapsed         | 1047       |
|    total_timesteps      | 1425408    |
| train/                  |            |
|    approx_kl            | 0.12951143 |
|    clip_fraction        | 0.578      |
|    clip_range           | 0.2        |
|    entropy_loss         | -7.07      |
|    explained_variance   | 0.9549427  |
|    learning_rate        | 0.0003     |
|    loss                 | 0.12       |
|    n_updates            | 6950       |
|    policy_gradient_loss | -0.0548    |
|    std                  | 0.403      |
|    value_loss           | 1.17       |
----------------------------------------
----------------------------------------
| rollout/                |            |
|    ep_len_mean          | 323        |
|    ep_rew_mean          | 79.3       |
| time/                   |            |
|    fps                  | 1361       |
|    iterations           | 697        |
|    time_elapsed         | 1048       |
|    total_timesteps      | 1427456    |
| train/                  |            |
|    approx_kl            | 0.10445054 |
|    clip_fraction        | 0.526      |
|    clip_range           | 0.2        |
|    entropy_loss         | -7.08      |
|    explained_variance   | 0.9546135  |
|    learning_rate        | 0.0003     |
|    loss                 | 0.314      |
|    n_updates            | 6960       |
|    policy_gradient_loss | -0.0525    |
|    std                  | 0.404      |
|    value_loss           | 1.48       |
----------------------------------------
----------------------------------------
| rollout/                |            |
|    ep_len_mean          | 321        |
|    ep_rew_mean          | 78.4       |
| time/                   |            |
|    fps                  | 1361       |
|    iterations           | 698        |
|    time_elapsed         | 1049       |
|    total_timesteps      | 1429504    |
| train/                  |            |
|    approx_kl            | 0.13094461 |
|    clip_fraction        | 0.581      |
|    clip_range           | 0.2        |
|    entropy_loss         | -7.13      |
|    explained_variance   | 0.9616034  |
|    learning_rate        | 0.0003     |
|    loss                 | 0.29       |
|    n_updates            | 6970       |
|    policy_gradient_loss | -0.0587    |
|    std                  | 0.406      |
|    value_loss           | 1.02       |
----------------------------------------
----------------------------------------
| rollout/                |            |
|    ep_len_mean          | 309        |
|    ep_rew_mean          | 75.4       |
| time/                   |            |
|    fps                  | 1361       |
|    iterations           | 699        |
|    time_elapsed         | 1051       |
|    total_timesteps      | 1431552    |
| train/                  |            |
|    approx_kl            | 0.13751483 |
|    clip_fraction        | 0.587      |
|    clip_range           | 0.2        |
|    entropy_loss         | -7.15      |
|    explained_variance   | 0.97322094 |
|    learning_rate        | 0.0003     |
|    loss                 | 0.0155     |
|    n_updates            | 6980       |
|    policy_gradient_loss | -0.0508    |
|    std                  | 0.405      |
|    value_loss           | 0.913      |
----------------------------------------
----------------------------------------
| rollout/                |            |
|    ep_len_mean          | 312        |
|    ep_rew_mean          | 75.5       |
| time/                   |            |
|    fps                  | 1362       |
|    iterations           | 700        |
|    time_elapsed         | 1052       |
|    total_timesteps      | 1433600    |
| train/                  |            |
|    approx_kl            | 0.09713885 |
|    clip_fraction        | 0.534      |
|    clip_range           | 0.2        |
|    entropy_loss         | -7.13      |
|    explained_variance   | 0.9643162  |
|    learning_rate        | 0.0003     |
|    loss                 | 0.107      |
|    n_updates            | 6990       |
|    policy_gradient_loss | -0.0491    |
|    std                  | 0.405      |
|    value_loss           | 1.34       |
----------------------------------------
----------------------------------------
| rollout/                |            |
|    ep_len_mean          | 310        |
|    ep_rew_mean          | 74.6       |
| time/                   |            |
|    fps                  | 1362       |
|    iterations           | 701        |
|    time_elapsed         | 1053       |
|    total_timesteps      | 1435648    |
| train/                  |            |
|    approx_kl            | 0.10709309 |
|    clip_fraction        | 0.518      |
|    clip_range           | 0.2        |
|    entropy_loss         | -7.1       |
|    explained_variance   | 0.94758314 |
|    learning_rate        | 0.0003     |
|    loss                 | 0.00415    |
|    n_updates            | 7000       |
|    policy_gradient_loss | -0.0522    |
|    std                  | 0.403      |
|    value_loss           | 1.06       |
----------------------------------------
-----------------------------------------
| rollout/                |             |
|    ep_len_mean          | 312         |
|    ep_rew_mean          | 75.5        |
| time/                   |             |
|    fps                  | 1362        |
|    iterations           | 702         |
|    time_elapsed         | 1055        |
|    total_timesteps      | 1437696     |
| train/                  |             |
|    approx_kl            | 0.098034404 |
|    clip_fraction        | 0.519       |
|    clip_range           | 0.2         |
|    entropy_loss         | -7.05       |
|    explained_variance   | 0.96745545  |
|    learning_rate        | 0.0003      |
|    loss                 | 0.353       |
|    n_updates            | 7010        |
|    policy_gradient_loss | -0.0492     |
|    std                  | 0.402       |
|    value_loss           | 1.34        |
-----------------------------------------
-----------------------------------------
| rollout/                |             |
|    ep_len_mean          | 315         |
|    ep_rew_mean          | 76.7        |
| time/                   |             |
|    fps                  | 1362        |
|    iterations           | 703         |
|    time_elapsed         | 1056        |
|    total_timesteps      | 1439744     |
| train/                  |             |
|    approx_kl            | 0.117652036 |
|    clip_fraction        | 0.565       |
|    clip_range           | 0.2         |
|    entropy_loss         | -7          |
|    explained_variance   | 0.97617865  |
|    learning_rate        | 0.0003      |
|    loss                 | 0.242       |
|    n_updates            | 7020        |
|    policy_gradient_loss | -0.0531     |
|    std                  | 0.401       |
|    value_loss           | 0.901       |
-----------------------------------------
----------------------------------------
| rollout/                |            |
|    ep_len_mean          | 314        |
|    ep_rew_mean          | 77.4       |
| time/                   |            |
|    fps                  | 1362       |
|    iterations           | 704        |
|    time_elapsed         | 1057       |
|    total_timesteps      | 1441792    |
| train/                  |            |
|    approx_kl            | 0.11821793 |
|    clip_fraction        | 0.544      |
|    clip_range           | 0.2        |
|    entropy_loss         | -6.98      |
|    explained_variance   | 0.9710616  |
|    learning_rate        | 0.0003     |
|    loss                 | 0.0446     |
|    n_updates            | 7030       |
|    policy_gradient_loss | -0.0528    |
|    std                  | 0.401      |
|    value_loss           | 1.06       |
----------------------------------------
----------------------------------------
| rollout/                |            |
|    ep_len_mean          | 322        |
|    ep_rew_mean          | 79.2       |
| time/                   |            |
|    fps                  | 1362       |
|    iterations           | 705        |
|    time_elapsed         | 1059       |
|    total_timesteps      | 1443840    |
| train/                  |            |
|    approx_kl            | 0.14762923 |
|    clip_fraction        | 0.577      |
|    clip_range           | 0.2        |
|    entropy_loss         | -6.92      |
|    explained_variance   | 0.97286654 |
|    learning_rate        | 0.0003     |
|    loss                 | 0.166      |
|    n_updates            | 7040       |
|    policy_gradient_loss | -0.0524    |
|    std                  | 0.399      |
|    value_loss           | 1.05       |
----------------------------------------
----------------------------------------
| rollout/                |            |
|    ep_len_mean          | 321        |
|    ep_rew_mean          | 79.3       |
| time/                   |            |
|    fps                  | 1363       |
|    iterations           | 706        |
|    time_elapsed         | 1060       |
|    total_timesteps      | 1445888    |
| train/                  |            |
|    approx_kl            | 0.12349613 |
|    clip_fraction        | 0.562      |
|    clip_range           | 0.2        |
|    entropy_loss         | -6.86      |
|    explained_variance   | 0.9151495  |
|    learning_rate        | 0.0003     |
|    loss                 | 0.304      |
|    n_updates            | 7050       |
|    policy_gradient_loss | -0.0583    |
|    std                  | 0.398      |
|    value_loss           | 1.7        |
----------------------------------------
----------------------------------------
| rollout/                |            |
|    ep_len_mean          | 320        |
|    ep_rew_mean          | 79.4       |
| time/                   |            |
|    fps                  | 1363       |
|    iterations           | 707        |
|    time_elapsed         | 1061       |
|    total_timesteps      | 1447936    |
| train/                  |            |
|    approx_kl            | 0.11504489 |
|    clip_fraction        | 0.559      |
|    clip_range           | 0.2        |
|    entropy_loss         | -6.82      |
|    explained_variance   | 0.96667427 |
|    learning_rate        | 0.0003     |
|    loss                 | 0.182      |
|    n_updates            | 7060       |
|    policy_gradient_loss | -0.0473    |
|    std                  | 0.397      |
|    value_loss           | 1.11       |
----------------------------------------
----------------------------------------
| rollout/                |            |
|    ep_len_mean          | 320        |
|    ep_rew_mean          | 79.5       |
| time/                   |            |
|    fps                  | 1363       |
|    iterations           | 708        |
|    time_elapsed         | 1063       |
|    total_timesteps      | 1449984    |
| train/                  |            |
|    approx_kl            | 0.11380969 |
|    clip_fraction        | 0.535      |
|    clip_range           | 0.2        |
|    entropy_loss         | -6.81      |
|    explained_variance   | 0.9688722  |
|    learning_rate        | 0.0003     |
|    loss                 | 0.281      |
|    n_updates            | 7070       |
|    policy_gradient_loss | -0.046     |
|    std                  | 0.397      |
|    value_loss           | 1.14       |
----------------------------------------
----------------------------------------
| rollout/                |            |
|    ep_len_mean          | 328        |
|    ep_rew_mean          | 81.6       |
| time/                   |            |
|    fps                  | 1363       |
|    iterations           | 709        |
|    time_elapsed         | 1064       |
|    total_timesteps      | 1452032    |
| train/                  |            |
|    approx_kl            | 0.12125021 |
|    clip_fraction        | 0.572      |
|    clip_range           | 0.2        |
|    entropy_loss         | -6.76      |
|    explained_variance   | 0.9625523  |
|    learning_rate        | 0.0003     |
|    loss                 | 0.163      |
|    n_updates            | 7080       |
|    policy_gradient_loss | -0.0509    |
|    std                  | 0.395      |
|    value_loss           | 1.1        |
----------------------------------------
----------------------------------------
| rollout/                |            |
|    ep_len_mean          | 331        |
|    ep_rew_mean          | 82.9       |
| time/                   |            |
|    fps                  | 1363       |
|    iterations           | 710        |
|    time_elapsed         | 1066       |
|    total_timesteps      | 1454080    |
| train/                  |            |
|    approx_kl            | 0.13087851 |
|    clip_fraction        | 0.562      |
|    clip_range           | 0.2        |
|    entropy_loss         | -6.7       |
|    explained_variance   | 0.9646837  |
|    learning_rate        | 0.0003     |
|    loss                 | 0.148      |
|    n_updates            | 7090       |
|    policy_gradient_loss | -0.0564    |
|    std                  | 0.394      |
|    value_loss           | 0.959      |
----------------------------------------
----------------------------------------
| rollout/                |            |
|    ep_len_mean          | 329        |
|    ep_rew_mean          | 82.6       |
| time/                   |            |
|    fps                  | 1364       |
|    iterations           | 711        |
|    time_elapsed         | 1067       |
|    total_timesteps      | 1456128    |
| train/                  |            |
|    approx_kl            | 0.12765312 |
|    clip_fraction        | 0.558      |
|    clip_range           | 0.2        |
|    entropy_loss         | -6.71      |
|    explained_variance   | 0.97971076 |
|    learning_rate        | 0.0003     |
|    loss                 | 0.175      |
|    n_updates            | 7100       |
|    policy_gradient_loss | -0.0494    |
|    std                  | 0.395      |
|    value_loss           | 0.826      |
----------------------------------------
----------------------------------------
| rollout/                |            |
|    ep_len_mean          | 331        |
|    ep_rew_mean          | 82.5       |
| time/                   |            |
|    fps                  | 1364       |
|    iterations           | 712        |
|    time_elapsed         | 1068       |
|    total_timesteps      | 1458176    |
| train/                  |            |
|    approx_kl            | 0.12621814 |
|    clip_fraction        | 0.59       |
|    clip_range           | 0.2        |
|    entropy_loss         | -6.71      |
|    explained_variance   | 0.9857337  |
|    learning_rate        | 0.0003     |
|    loss                 | 0.0808     |
|    n_updates            | 7110       |
|    policy_gradient_loss | -0.0518    |
|    std                  | 0.394      |
|    value_loss           | 0.567      |
----------------------------------------
----------------------------------------
| rollout/                |            |
|    ep_len_mean          | 334        |
|    ep_rew_mean          | 83.6       |
| time/                   |            |
|    fps                  | 1364       |
|    iterations           | 713        |
|    time_elapsed         | 1070       |
|    total_timesteps      | 1460224    |
| train/                  |            |
|    approx_kl            | 0.11140224 |
|    clip_fraction        | 0.528      |
|    clip_range           | 0.2        |
|    entropy_loss         | -6.66      |
|    explained_variance   | 0.9534549  |
|    learning_rate        | 0.0003     |
|    loss                 | 0.165      |
|    n_updates            | 7120       |
|    policy_gradient_loss | -0.0548    |
|    std                  | 0.393      |
|    value_loss           | 1.28       |
----------------------------------------
----------------------------------------
| rollout/                |            |
|    ep_len_mean          | 331        |
|    ep_rew_mean          | 82.3       |
| time/                   |            |
|    fps                  | 1364       |
|    iterations           | 714        |
|    time_elapsed         | 1071       |
|    total_timesteps      | 1462272    |
| train/                  |            |
|    approx_kl            | 0.11852931 |
|    clip_fraction        | 0.521      |
|    clip_range           | 0.2        |
|    entropy_loss         | -6.62      |
|    explained_variance   | 0.95139575 |
|    learning_rate        | 0.0003     |
|    loss                 | 0.257      |
|    n_updates            | 7130       |
|    policy_gradient_loss | -0.0532    |
|    std                  | 0.392      |
|    value_loss           | 1.63       |
----------------------------------------
----------------------------------------
| rollout/                |            |
|    ep_len_mean          | 332        |
|    ep_rew_mean          | 82.6       |
| time/                   |            |
|    fps                  | 1364       |
|    iterations           | 715        |
|    time_elapsed         | 1072       |
|    total_timesteps      | 1464320    |
| train/                  |            |
|    approx_kl            | 0.11409797 |
|    clip_fraction        | 0.542      |
|    clip_range           | 0.2        |
|    entropy_loss         | -6.58      |
|    explained_variance   | 0.97952133 |
|    learning_rate        | 0.0003     |
|    loss                 | 0.117      |
|    n_updates            | 7140       |
|    policy_gradient_loss | -0.0549    |
|    std                  | 0.391      |
|    value_loss           | 0.763      |
----------------------------------------
-----------------------------------------
| rollout/                |             |
|    ep_len_mean          | 335         |
|    ep_rew_mean          | 83.4        |
| time/                   |             |
|    fps                  | 1365        |
|    iterations           | 716         |
|    time_elapsed         | 1074        |
|    total_timesteps      | 1466368     |
| train/                  |             |
|    approx_kl            | 0.082493074 |
|    clip_fraction        | 0.489       |
|    clip_range           | 0.2         |
|    entropy_loss         | -6.53       |
|    explained_variance   | 0.94928014  |
|    learning_rate        | 0.0003      |
|    loss                 | 0.165       |
|    n_updates            | 7150        |
|    policy_gradient_loss | -0.0547     |
|    std                  | 0.39        |
|    value_loss           | 1.46        |
-----------------------------------------
----------------------------------------
| rollout/                |            |
|    ep_len_mean          | 333        |
|    ep_rew_mean          | 83.7       |
| time/                   |            |
|    fps                  | 1365       |
|    iterations           | 717        |
|    time_elapsed         | 1075       |
|    total_timesteps      | 1468416    |
| train/                  |            |
|    approx_kl            | 0.13219842 |
|    clip_fraction        | 0.571      |
|    clip_range           | 0.2        |
|    entropy_loss         | -6.51      |
|    explained_variance   | 0.972673   |
|    learning_rate        | 0.0003     |
|    loss                 | 0.132      |
|    n_updates            | 7160       |
|    policy_gradient_loss | -0.0538    |
|    std                  | 0.39       |
|    value_loss           | 1.04       |
----------------------------------------
----------------------------------------
| rollout/                |            |
|    ep_len_mean          | 336        |
|    ep_rew_mean          | 84.7       |
| time/                   |            |
|    fps                  | 1365       |
|    iterations           | 718        |
|    time_elapsed         | 1077       |
|    total_timesteps      | 1470464    |
| train/                  |            |
|    approx_kl            | 0.13057777 |
|    clip_fraction        | 0.546      |
|    clip_range           | 0.2        |
|    entropy_loss         | -6.5       |
|    explained_variance   | 0.9654218  |
|    learning_rate        | 0.0003     |
|    loss                 | 0.107      |
|    n_updates            | 7170       |
|    policy_gradient_loss | -0.0525    |
|    std                  | 0.39       |
|    value_loss           | 1.11       |
----------------------------------------
----------------------------------------
| rollout/                |            |
|    ep_len_mean          | 340        |
|    ep_rew_mean          | 85.9       |
| time/                   |            |
|    fps                  | 1365       |
|    iterations           | 719        |
|    time_elapsed         | 1078       |
|    total_timesteps      | 1472512    |
| train/                  |            |
|    approx_kl            | 0.09770596 |
|    clip_fraction        | 0.529      |
|    clip_range           | 0.2        |
|    entropy_loss         | -6.5       |
|    explained_variance   | 0.95439863 |
|    learning_rate        | 0.0003     |
|    loss                 | 0.0603     |
|    n_updates            | 7180       |
|    policy_gradient_loss | -0.0468    |
|    std                  | 0.39       |
|    value_loss           | 1.12       |
----------------------------------------
----------------------------------------
| rollout/                |            |
|    ep_len_mean          | 341        |
|    ep_rew_mean          | 86.4       |
| time/                   |            |
|    fps                  | 1365       |
|    iterations           | 720        |
|    time_elapsed         | 1079       |
|    total_timesteps      | 1474560    |
| train/                  |            |
|    approx_kl            | 0.13153677 |
|    clip_fraction        | 0.546      |
|    clip_range           | 0.2        |
|    entropy_loss         | -6.47      |
|    explained_variance   | 0.9667939  |
|    learning_rate        | 0.0003     |
|    loss                 | 0.29       |
|    n_updates            | 7190       |
|    policy_gradient_loss | -0.0522    |
|    std                  | 0.389      |
|    value_loss           | 1.19       |
----------------------------------------
----------------------------------------
| rollout/                |            |
|    ep_len_mean          | 332        |
|    ep_rew_mean          | 83.2       |
| time/                   |            |
|    fps                  | 1365       |
|    iterations           | 721        |
|    time_elapsed         | 1081       |
|    total_timesteps      | 1476608    |
| train/                  |            |
|    approx_kl            | 0.10573077 |
|    clip_fraction        | 0.519      |
|    clip_range           | 0.2        |
|    entropy_loss         | -6.43      |
|    explained_variance   | 0.9566173  |
|    learning_rate        | 0.0003     |
|    loss                 | 0.284      |
|    n_updates            | 7200       |
|    policy_gradient_loss | -0.0514    |
|    std                  | 0.388      |
|    value_loss           | 1.63       |
----------------------------------------
----------------------------------------
| rollout/                |            |
|    ep_len_mean          | 331        |
|    ep_rew_mean          | 83.1       |
| time/                   |            |
|    fps                  | 1366       |
|    iterations           | 722        |
|    time_elapsed         | 1082       |
|    total_timesteps      | 1478656    |
| train/                  |            |
|    approx_kl            | 0.13655038 |
|    clip_fraction        | 0.538      |
|    clip_range           | 0.2        |
|    entropy_loss         | -6.39      |
|    explained_variance   | 0.9510078  |
|    learning_rate        | 0.0003     |
|    loss                 | 0.105      |
|    n_updates            | 7210       |
|    policy_gradient_loss | -0.0522    |
|    std                  | 0.388      |
|    value_loss           | 1.38       |
----------------------------------------
----------------------------------------
| rollout/                |            |
|    ep_len_mean          | 331        |
|    ep_rew_mean          | 83         |
| time/                   |            |
|    fps                  | 1366       |
|    iterations           | 723        |
|    time_elapsed         | 1083       |
|    total_timesteps      | 1480704    |
| train/                  |            |
|    approx_kl            | 0.14871044 |
|    clip_fraction        | 0.594      |
|    clip_range           | 0.2        |
|    entropy_loss         | -6.38      |
|    explained_variance   | 0.9781161  |
|    learning_rate        | 0.0003     |
|    loss                 | 0.0994     |
|    n_updates            | 7220       |
|    policy_gradient_loss | -0.0518    |
|    std                  | 0.387      |
|    value_loss           | 0.669      |
----------------------------------------
----------------------------------------
| rollout/                |            |
|    ep_len_mean          | 329        |
|    ep_rew_mean          | 81.7       |
| time/                   |            |
|    fps                  | 1366       |
|    iterations           | 724        |
|    time_elapsed         | 1085       |
|    total_timesteps      | 1482752    |
| train/                  |            |
|    approx_kl            | 0.12902504 |
|    clip_fraction        | 0.541      |
|    clip_range           | 0.2        |
|    entropy_loss         | -6.36      |
|    explained_variance   | 0.9572628  |
|    learning_rate        | 0.0003     |
|    loss                 | 0.0851     |
|    n_updates            | 7230       |
|    policy_gradient_loss | -0.052     |
|    std                  | 0.387      |
|    value_loss           | 1.21       |
----------------------------------------
----------------------------------------
| rollout/                |            |
|    ep_len_mean          | 324        |
|    ep_rew_mean          | 80.2       |
| time/                   |            |
|    fps                  | 1366       |
|    iterations           | 725        |
|    time_elapsed         | 1086       |
|    total_timesteps      | 1484800    |
| train/                  |            |
|    approx_kl            | 0.10197373 |
|    clip_fraction        | 0.512      |
|    clip_range           | 0.2        |
|    entropy_loss         | -6.33      |
|    explained_variance   | 0.9242098  |
|    learning_rate        | 0.0003     |
|    loss                 | 0.317      |
|    n_updates            | 7240       |
|    policy_gradient_loss | -0.0512    |
|    std                  | 0.387      |
|    value_loss           | 2.25       |
----------------------------------------
----------------------------------------
| rollout/                |            |
|    ep_len_mean          | 327        |
|    ep_rew_mean          | 80.8       |
| time/                   |            |
|    fps                  | 1366       |
|    iterations           | 726        |
|    time_elapsed         | 1087       |
|    total_timesteps      | 1486848    |
| train/                  |            |
|    approx_kl            | 0.14740643 |
|    clip_fraction        | 0.598      |
|    clip_range           | 0.2        |
|    entropy_loss         | -6.32      |
|    explained_variance   | 0.9712195  |
|    learning_rate        | 0.0003     |
|    loss                 | 0.185      |
|    n_updates            | 7250       |
|    policy_gradient_loss | -0.0489    |
|    std                  | 0.386      |
|    value_loss           | 0.941      |
----------------------------------------
----------------------------------------
| rollout/                |            |
|    ep_len_mean          | 328        |
|    ep_rew_mean          | 81.3       |
| time/                   |            |
|    fps                  | 1367       |
|    iterations           | 727        |
|    time_elapsed         | 1089       |
|    total_timesteps      | 1488896    |
| train/                  |            |
|    approx_kl            | 0.13430907 |
|    clip_fraction        | 0.574      |
|    clip_range           | 0.2        |
|    entropy_loss         | -6.32      |
|    explained_variance   | 0.95133644 |
|    learning_rate        | 0.0003     |
|    loss                 | 0.167      |
|    n_updates            | 7260       |
|    policy_gradient_loss | -0.053     |
|    std                  | 0.387      |
|    value_loss           | 1.49       |
----------------------------------------
-----------------------------------------
| rollout/                |             |
|    ep_len_mean          | 329         |
|    ep_rew_mean          | 82.3        |
| time/                   |             |
|    fps                  | 1367        |
|    iterations           | 728         |
|    time_elapsed         | 1090        |
|    total_timesteps      | 1490944     |
| train/                  |             |
|    approx_kl            | 0.123628184 |
|    clip_fraction        | 0.561       |
|    clip_range           | 0.2         |
|    entropy_loss         | -6.29       |
|    explained_variance   | 0.9398239   |
|    learning_rate        | 0.0003      |
|    loss                 | 0.124       |
|    n_updates            | 7270        |
|    policy_gradient_loss | -0.0542     |
|    std                  | 0.385       |
|    value_loss           | 1.36        |
-----------------------------------------
----------------------------------------
| rollout/                |            |
|    ep_len_mean          | 324        |
|    ep_rew_mean          | 80         |
| time/                   |            |
|    fps                  | 1367       |
|    iterations           | 729        |
|    time_elapsed         | 1091       |
|    total_timesteps      | 1492992    |
| train/                  |            |
|    approx_kl            | 0.15323323 |
|    clip_fraction        | 0.604      |
|    clip_range           | 0.2        |
|    entropy_loss         | -6.25      |
|    explained_variance   | 0.97822577 |
|    learning_rate        | 0.0003     |
|    loss                 | 0.0915     |
|    n_updates            | 7280       |
|    policy_gradient_loss | -0.0552    |
|    std                  | 0.385      |
|    value_loss           | 0.803      |
----------------------------------------
-----------------------------------------
| rollout/                |             |
|    ep_len_mean          | 328         |
|    ep_rew_mean          | 81.5        |
| time/                   |             |
|    fps                  | 1367        |
|    iterations           | 730         |
|    time_elapsed         | 1093        |
|    total_timesteps      | 1495040     |
| train/                  |             |
|    approx_kl            | 0.095110804 |
|    clip_fraction        | 0.503       |
|    clip_range           | 0.2         |
|    entropy_loss         | -6.21       |
|    explained_variance   | 0.9547802   |
|    learning_rate        | 0.0003      |
|    loss                 | 0.279       |
|    n_updates            | 7290        |
|    policy_gradient_loss | -0.0525     |
|    std                  | 0.384       |
|    value_loss           | 1.65        |
-----------------------------------------
-----------------------------------------
| rollout/                |             |
|    ep_len_mean          | 329         |
|    ep_rew_mean          | 82.2        |
| time/                   |             |
|    fps                  | 1367        |
|    iterations           | 731         |
|    time_elapsed         | 1094        |
|    total_timesteps      | 1497088     |
| train/                  |             |
|    approx_kl            | 0.120093994 |
|    clip_fraction        | 0.562       |
|    clip_range           | 0.2         |
|    entropy_loss         | -6.17       |
|    explained_variance   | 0.9479178   |
|    learning_rate        | 0.0003      |
|    loss                 | 0.301       |
|    n_updates            | 7300        |
|    policy_gradient_loss | -0.0521     |
|    std                  | 0.383       |
|    value_loss           | 1.54        |
-----------------------------------------
----------------------------------------
| rollout/                |            |
|    ep_len_mean          | 328        |
|    ep_rew_mean          | 81.8       |
| time/                   |            |
|    fps                  | 1367       |
|    iterations           | 732        |
|    time_elapsed         | 1095       |
|    total_timesteps      | 1499136    |
| train/                  |            |
|    approx_kl            | 0.11929268 |
|    clip_fraction        | 0.542      |
|    clip_range           | 0.2        |
|    entropy_loss         | -6.15      |
|    explained_variance   | 0.9556008  |
|    learning_rate        | 0.0003     |
|    loss                 | 0.0787     |
|    n_updates            | 7310       |
|    policy_gradient_loss | -0.0446    |
|    std                  | 0.383      |
|    value_loss           | 1.46       |
----------------------------------------
----------------------------------------
| rollout/                |            |
|    ep_len_mean          | 334        |
|    ep_rew_mean          | 83.2       |
| time/                   |            |
|    fps                  | 1368       |
|    iterations           | 733        |
|    time_elapsed         | 1097       |
|    total_timesteps      | 1501184    |
| train/                  |            |
|    approx_kl            | 0.14541821 |
|    clip_fraction        | 0.564      |
|    clip_range           | 0.2        |
|    entropy_loss         | -6.14      |
|    explained_variance   | 0.9570166  |
|    learning_rate        | 0.0003     |
|    loss                 | 0.314      |
|    n_updates            | 7320       |
|    policy_gradient_loss | -0.0501    |
|    std                  | 0.382      |
|    value_loss           | 1.44       |
----------------------------------------
 100% ━━━━━━━━━━━━━━━━━━━ 1,501,184/1,500,000 [ 0:18:16 < 0:00:00 , 1,531 it/s ]
